filename,country,iso,lat,lng,fold
1db0d2ebba654419a77bb8d97b0b7367.jpg,Turkey,TR,39.794864,42.554342,0
6b98f3cd5dfc4b9f88767477de1775e6.jpg,Turkey,TR,39.771982,42.776448,1
dc9f02d61e5b45689968e4bc6368f516.jpg,Turkey,TR,36.996556,30.16285,2
b5ff495de48d472b820f59859be5a1cc.jpg,Turkey,TR,40.384961,39.71299,3
3a44efcab3ad4bfb8971fcdb8ed07f12.jpg,Turkey,TR,40.471631,43.327216,4
964e4567ed49467880dd19f021ecd233.jpg,Turkey,TR,38.236855,35.095871,0
534e3b762fbc4e119b81899799f74650.jpg,Turkey,TR,37.28934,40.712616,1
1678b8ac281543f39d1d60eaf8fb39b9.jpg,Turkey,TR,39.474552,33.536262,2
6d41bd32866c41f28803aae54174549e.jpg,Turkey,TR,40.880918,37.762452,3
e57c5807e6084ce0ac15ee24b3b43381.jpg,Turkey,TR,38.554539,28.061923,4
b74df949dfc8464d92b4bd422905e8ef.jpg,Turkey,TR,36.674129,29.13136,0
d45ec253f39245d18958764f9f43302f.jpg,Turkey,TR,37.571929,41.384092,1
45bb52d6b260450db5f5d48db5194e13.jpg,Turkey,TR,38.528378,35.526618,2
51d6b488912542bc88d3420fad79a5e8.jpg,Turkey,TR,37.058975,35.77008,3
638b570d219d4978bcac659b4ceec6b1.jpg,Turkey,TR,38.951585,37.547606,4
5250d40ddca548f0b496fbabf58ceb42.jpg,Turkey,TR,40.910299,35.638072,0
671d4f92f9df4a99a04461e6cfd30a08.jpg,Turkey,TR,39.872539,40.645649,1
9d6f56c57bed45c2a668fe8a3b25a5b5.jpg,Turkey,TR,38.424074,42.125946,2
3f7be1ca40924325a132f4141fc133ab.jpg,Turkey,TR,40.095731,38.404532,3
882e9df534454c4e88b71939831296af.jpg,Turkey,TR,37.712231,39.280617,4
55e88598998641e0914d59486f6627e6.jpg,Turkey,TR,38.946792,36.044773,0
92936f82c41a47d0b5e5e8cac3ee721c.jpg,Turkey,TR,39.550074,33.220289,1
cfde970c09b44f7ea00fb1827e1d27e7.jpg,Turkey,TR,39.554468,43.90872,2
2a9d1c84e9a7429fa903053ff4fb1a85.jpg,Turkey,TR,38.080832,30.26445,3
bc2cbec2fdf64886a95e00308fb293ac.jpg,Turkey,TR,41.016651,39.201942,4
f88740772b5646249eb73153e0c3bf21.jpg,Turkey,TR,38.199255,30.054815,0
94846ad68a854084921f54f59aac065f.jpg,Turkey,TR,37.307217,30.376006,1
6fb229007756437082764666ba72b18d.jpg,Turkey,TR,39.52427,31.13215,2
613b2401572e4516b7be4a826b3c4cdd.jpg,Turkey,TR,39.208583,33.072174,3
dd461b890e7b43d5833acc6efe774b57.jpg,Turkey,TR,37.212149,40.085185,4
9e4508b519664970b02142a992cc8024.jpg,Turkey,TR,40.989609,38.779097,0
63b4ca099ee846d3935c23de9e003bd3.jpg,Turkey,TR,36.406902,33.810349,1
da074789289b4069a34ecb99875456b7.jpg,Turkey,TR,39.656469,34.536289,2
1de6ad5312124fb8bf743b3d25df4f97.jpg,Turkey,TR,36.81889,35.586553,3
a1e83fd898564579aff9a51abb432459.jpg,Turkey,TR,39.593058,39.871287,4
ecd4accc5e81420fa3b5f32e388a9f17.jpg,Turkey,TR,37.361268,40.852115,0
e4c829e6319d40deafd9855e33da7d68.jpg,Turkey,TR,40.989417,35.711736,1
705316e9c0224198957a18e6f1f0fe9d.jpg,Turkey,TR,40.086548,28.355228,2
ba0a413bca504d989a520d266e60a5f2.jpg,Turkey,TR,37.986476,30.285999,3
abbabb9ba44c4beb967d12d755348afd.jpg,Turkey,TR,39.566686,27.039999,4
6fc87b751570426ab43da4b33e1487ca.jpg,Turkey,TR,36.567351,36.397881,0
85be0f9aa5134568b5161246fca72f7f.jpg,Turkey,TR,39.558199,43.8849,1
6dec57f6e54d46858c9b88bb314a6a8b.jpg,Turkey,TR,40.397497,26.847992,2
daa6b45f058a4b7ab24141dd78bf9c0c.jpg,Turkey,TR,41.133681,27.858903,3
3a72cd7f3fae4d6097b9d205a9af822f.jpg,Turkey,TR,37.947871,32.533801,4
0d3d4026bde849df9389669d216d446e.jpg,Turkey,TR,38.607953,41.150279,0
3c1177c9595048afa8b38ccd614c03d6.jpg,Turkey,TR,38.33261,26.895814,1
42b3869a8b2a48119eea1f9ff46f5799.jpg,Turkey,TR,38.032097,32.642387,2
b77179a473f84f09887b6c457df3407f.jpg,Turkey,TR,40.275004,27.156026,3
09566f71a066472c8a1489874641403f.jpg,Turkey,TR,41.469507,36.106126,4
0dc41582c308419d9c2247fa71e2ffd1.jpg,Turkey,TR,40.993334,37.875734,0
0e64f3c9307c47faa4413faf92ae2953.jpg,Turkey,TR,39.329365,27.62046,1
80937f683ce6477397ce022c72ac0367.jpg,Turkey,TR,37.202773,40.203163,2
8d064d5419fb474b8c853f49ab6cb863.jpg,Turkey,TR,37.046134,27.439955,3
5cbfd05eb5cb4e8babe0aa85b8842dbf.jpg,Turkey,TR,38.485231,42.295997,4
9e41b0d5eb6d42e4abbcfd16da19d3b5.jpg,Turkey,TR,40.242425,37.956072,0
d6e57964e6c541f1a2b910b64a508fad.jpg,Turkey,TR,38.696322,35.115604,1
ee82f1ded2d94fc59fdfd6b61a2a50fe.jpg,Turkey,TR,39.149782,33.291651,2
dce0c41b2052451494965cc1f0a9fd19.jpg,Turkey,TR,40.614187,43.392593,3
7109df9423c14bcaa34ba83978e0ab24.jpg,Turkey,TR,37.867859,32.49473,4
23d8bf2490324c63a822872b53083e7b.jpg,Turkey,TR,39.01191,36.078934,0
f673ac3e428a44659d1dd4669f998294.jpg,Turkey,TR,39.558915,43.879001,1
4ef8d44ac5a045e09717428b5040d61d.jpg,Turkey,TR,39.589818,44.055451,2
56b09a522cb940dd8db866b9e6f148f8.jpg,Turkey,TR,38.706672,35.454631,3
04e582fc17904e848809409115d074a3.jpg,Turkey,TR,38.271251,40.949277,4
ab4e227946a840cebc2300fcf1dc43fe.jpg,Turkey,TR,38.73468,35.57489,0
76699dbdc15d494db18333ae7ad49e92.jpg,Turkey,TR,39.195827,37.280531,1
b566ad01a3a54b7cabf090a83a776c18.jpg,Turkey,TR,40.938057,38.212405,2
d61f1808e1a44a3f99673644685da897.jpg,Turkey,TR,39.45114,31.440788,3
152a13ef249d4efa95c51ed93f026284.jpg,Turkey,TR,41.324741,27.961821,4
afe7515323034c38b589c7ffa4014085.jpg,Turkey,TR,41.310642,42.834028,0
a85e1ae87e9b4a6198ea6661e8e6866e.jpg,Turkey,TR,41.859552,35.079983,1
ee55b9ebde7245fb84f16ed5077b8dd3.jpg,Turkey,TR,37.533725,36.917944,2
7dba9dd2da9c4ceabcf5c1e8aeb58787.jpg,Turkey,TR,38.982479,33.940907,3
0ef78a91f6ff4a1d98f9aa79a631a7e7.jpg,Turkey,TR,40.991257,39.797712,4
097943d29b294cd0bc4dab8afb128c04.jpg,Turkey,TR,39.227694,33.030882,0
9048da90105b4fcca1ca9f31cbaea2a1.jpg,Turkey,TR,37.916352,27.271414,1
27b4b3f8e05649bba7ecd4e73909f559.jpg,Turkey,TR,37.567868,41.379056,2
a8d35b4c2ee54f849718d80b2d736ce0.jpg,Turkey,TR,38.021646,41.777571,3
29b9edd2b3cb487fa88c7adcc2fd0989.jpg,Turkey,TR,38.754117,33.850617,4
9f9f9f2b640643bf9efb7d48c1beaac8.jpg,Turkey,TR,37.045993,30.621952,0
399eaf98f8af4a5798d178eb7056036f.jpg,Turkey,TR,40.613595,31.281982,1
c08c2a72caf0453fab8faaf24a1f70d9.jpg,Turkey,TR,36.853961,30.917662,2
5ee9502387744542bc1dcbcff4795e61.jpg,Turkey,TR,41.343285,27.45257,3
cc7eb6c93844412cbb0cd189464da276.jpg,Turkey,TR,38.260489,40.958394,4
bd472654755d468a988c571d8d0a8c5f.jpg,Turkey,TR,37.207007,33.067103,0
85a2333d2ccc469c8535ed5b5a1c72ed.jpg,Turkey,TR,37.866998,32.491757,1
8d19d443ce834b8fa5e4cfeba6d4fc88.jpg,Turkey,TR,41.279274,27.466914,2
6e1b467e3aec410db464d029bdac0548.jpg,Turkey,TR,38.593885,36.429589,3
d772e3a3c2724058ba090b17431ea559.jpg,Turkey,TR,37.399629,34.859916,4
74eb6065d5d144cd9748b5dff212dd8c.jpg,Turkey,TR,36.972111,28.698142,0
04a564954b384352aadef83c91724d05.jpg,Turkey,TR,38.492373,28.04968,1
6d002a2b6b644445ae9ac0d9bf9447b6.jpg,Turkey,TR,39.556003,40.040502,2
a605b4648d53413f8fad887f8c04acc5.jpg,Turkey,TR,40.144092,26.378509,3
5496a2b8176d49089f78c41a02781261.jpg,Turkey,TR,36.642992,29.310465,4
7248419bcb03431e9f0cdd14ee03df86.jpg,Turkey,TR,39.194277,37.298279,0
9d9817cdf475491cbfc495f8c0f1ac39.jpg,Turkey,TR,41.065789,35.996895,1
7d4835269a224c78a4d6ca247c5f6762.jpg,Turkey,TR,41.01713,34.610662,2
9be6a052bb65412dae25169eda0b3f01.jpg,Turkey,TR,36.940189,33.271048,3
40e6419049c742b1a13ad79ee1708e6d.jpg,Turkey,TR,38.248852,41.02359,4
adcee0b97acd477b99244fb182b133e2.jpg,Turkey,TR,37.232682,30.501363,0
f46fafd5830841398cd678d8aeaa8674.jpg,Turkey,TR,36.911598,31.126239,1
3ca1d39aba1441f58a3273679243c097.jpg,Turkey,TR,39.204046,30.715234,2
09742083ef3840b2915faa812aa7f9cd.jpg,Turkey,TR,37.305121,30.448507,3
b24864735ae74e95964a700d008a9241.jpg,Turkey,TR,38.371668,42.799228,4
e5b86f1b2a774c85a7539ced3f6a8a1b.jpg,Turkey,TR,41.072815,32.549707,0
2a89eaca428c48ec8cd15bc902e67358.jpg,Turkey,TR,36.571673,33.291105,1
5835ee6edb4a4320ab7ec8b36c42f65f.jpg,Turkey,TR,38.839054,27.717747,2
3d9891c13a574c20bd402ef63b332ab0.jpg,Turkey,TR,38.312898,41.114814,3
1c88eb409bd747728f3d5c577e0f3ea0.jpg,Turkey,TR,41.444897,31.81685,4
1a80cc1b924e47bd84923408ee2420a4.jpg,Turkey,TR,36.535977,33.454614,0
938b038921af498dafd8f774a114d369.jpg,Turkey,TR,40.615055,43.200825,1
eda947f7d83c41fd8991144ef26f8efb.jpg,Turkey,TR,36.25154,29.953458,2
e756ac4e0e5b4c909eca8741afa2283f.jpg,Turkey,TR,37.778842,30.522679,3
9787a6eede644cce80bbca2654343f4d.jpg,Turkey,TR,38.844934,30.743631,4
7c3f93a70a984ca38d03605f1111eb42.jpg,Turkey,TR,39.745047,42.870755,0
3721922c2be541ffb258ccb025676784.jpg,Turkey,TR,41.036756,42.860677,1
4c40a21734d54ca6ab74f43db7f39546.jpg,Turkey,TR,38.514323,27.960818,2
f17402f3fefb443383b3b140c6213303.jpg,Turkey,TR,40.989824,31.202115,3
3dbfb79ef83f436cb95c40f89e11abe6.jpg,Turkey,TR,36.380153,33.937964,4
586fb2f83a5a4ef98cbdde17aa49c71a.jpg,Turkey,TR,37.84027,27.245945,0
23c95e454db8478e92b04f3b6790b4a7.jpg,Turkey,TR,38.316743,43.10147,1
a08768f585a54b5cbf06cbccef9ec5b8.jpg,Turkey,TR,42.002338,35.092065,2
17dadfd993004d13b9c3314fbe37ca73.jpg,Turkey,TR,39.740129,42.940702,3
bbaba6e1a2a54d668d20323e5de5769e.jpg,Turkey,TR,39.562467,44.063764,4
ea486062d56946bc81cee4220ab0c543.jpg,Turkey,TR,39.558188,40.035545,0
6b533c56ab034f25b8a8c6d7ee9ae861.jpg,Turkey,TR,39.250585,30.903112,1
b4fcac1158084510a3b939a393a114e3.jpg,Turkey,TR,40.915877,35.640699,2
c147b17e02d14a04a35a7f510d7e2ab3.jpg,Turkey,TR,41.149647,31.948945,3
b277afbd82964010ac43928f67a49165.jpg,Turkey,TR,41.033282,32.078197,4
c225e45622f24723bcee0c8f227a3c15.jpg,Turkey,TR,40.990886,39.798832,0
8e7436b979144cc0888148e1f55cbee1.jpg,Turkey,TR,38.675343,29.249467,1
66018b75d94b4e5fa2a55fbf03db0289.jpg,Turkey,TR,40.851512,35.626371,2
5dfeeaa3ac314868be8495cfc75c2ebf.jpg,Turkey,TR,41.913562,35.070765,3
07f9050f4345415daaca53083a814c1f.jpg,Turkey,TR,38.886565,35.590934,4
3e715bf437174d1b9a42df9b1570a5e9.jpg,Turkey,TR,36.085495,36.152501,0
8c996f871983450eb32b37b6e9077bbe.jpg,Turkey,TR,40.264163,39.476666,1
f0080df6fc404badb6c6c127c6603214.jpg,Turkey,TR,36.970139,28.703006,2
5793be209b24462bbd1277ff3d76fd5a.jpg,Turkey,TR,36.62567,29.1354,3
5ed1bd8039614f7982cf664922efd1f5.jpg,Turkey,TR,39.082056,29.463706,4
abe9c1f9e27a45d6b695499813175b8b.jpg,Turkey,TR,40.896537,30.356028,0
05de913d23c744379ef9346a89a61098.jpg,Turkey,TR,38.95656,29.356569,1
d978f798d54745fa83aac497be818b41.jpg,Turkey,TR,40.982598,27.491377,2
2b50a6d549d14203a2aa77fee34dac7b.jpg,Turkey,TR,40.729999,39.637411,3
b6d3613dfc89478b83abca45b830e422.jpg,Turkey,TR,39.942946,43.991309,4
9812ca576d3c4be0a22a4a0950ca0112.jpg,Turkey,TR,39.707814,30.692361,0
8bb47ccc738e464696bd470f92917e83.jpg,Turkey,TR,39.805486,44.094734,1
0933c7819f8140df8b85fa9ab5c901d9.jpg,Turkey,TR,36.961641,28.726219,2
19d33960009c42f397ecc8d1e486641e.jpg,Turkey,TR,37.088518,33.255519,3
524d029287604d00ad0e3da1d29e7cba.jpg,Turkey,TR,41.09496,42.819787,4
4e028f78b18148beaf09f22aa501c6f8.jpg,Turkey,TR,38.115543,27.348554,0
079d02d4b35347b48b2b254f27831092.jpg,Turkey,TR,41.619874,35.574191,1
36a0233992ef4e59b56b9dda98d8eb57.jpg,Turkey,TR,36.128457,36.160608,2
97da02aea0a54277a27c59b0c2966c8a.jpg,Turkey,TR,37.378828,36.095251,3
976f9965ef2f4fa88a698c3373febf6e.jpg,Turkey,TR,40.230588,34.767729,4
d98d2373563a4597b07d865b8cef208b.jpg,Turkey,TR,40.620326,39.250049,0
45541e0fa5404535b4df7b53b2e35496.jpg,Turkey,TR,36.535044,33.454668,1
f70b912d93f140f7a54a22fc4dbd37e5.jpg,Turkey,TR,38.827752,36.549431,2
2353a1b6ee934471af7c693149538e18.jpg,Turkey,TR,37.582785,33.942038,3
a9c99a7147034b99afe6ff7ce7c01598.jpg,Turkey,TR,40.012662,32.715546,4
e26aaae54da0488b89d3e32a433a0218.jpg,Turkey,TR,41.520366,31.922006,0
064bff5370364aefaadb04070ea67ae9.jpg,Turkey,TR,40.810778,31.652018,1
e7af92487e3d424788f2ffea2d997982.jpg,Turkey,TR,38.277508,41.09839,2
9064eff6332a44f29decf06dbe7b8ab0.jpg,Turkey,TR,37.946239,40.230554,3
91855e0188134adbad5148fb28a4f5a6.jpg,Turkey,TR,36.536438,33.454857,4
17c0673a827143429d381e216f3e6bd6.jpg,Turkey,TR,41.105806,30.533168,0
a047768405aa4c89ab092c54e2571dcd.jpg,Turkey,TR,40.266378,37.88446,1
14d799a23e7a45e383615262f8307cb5.jpg,Turkey,TR,40.324315,37.607316,2
4c904acf4ec140df88d008ead37c3e9a.jpg,Turkey,TR,40.973994,40.314431,3
2066c735483b43ef9dd0db775907effa.jpg,Turkey,TR,38.855913,29.278934,4
6c212a76c42b47b08901f5f1cf1694cc.jpg,Turkey,TR,40.415788,39.548064,0
8fd2fb22db384bdcb1bee464181f9efc.jpg,Turkey,TR,39.523902,31.133649,1
cbd428969cc04786bee07882993df0a0.jpg,Turkey,TR,38.470905,42.49204,2
23f648fae75f489793c6d3f99e1f08f1.jpg,Turkey,TR,40.87746,26.479525,3
76b885c63b654ac78d9013396c6440c0.jpg,Turkey,TR,38.281585,41.098895,4
657816fef51645d2a3de75d11e14ae0f.jpg,Turkey,TR,38.487752,28.059024,0
78c12674e39849779722129560fc9182.jpg,Turkey,TR,38.203519,30.05099,1
413780a22f164cdc90e1fbba35cedcba.jpg,Turkey,TR,39.352844,30.038543,2
5a527330736941518b4a531785c3baa5.jpg,Turkey,TR,38.281309,41.098862,3
cfb4e82153d841aabe4285f27799213c.jpg,Turkey,TR,39.160735,31.809945,4
14a63a05f1704e8090b4466db771a220.jpg,Turkey,TR,38.654627,29.007126,0
3719c572ff4a4d1096b599c72f5280e7.jpg,Turkey,TR,39.204321,30.715118,1
378a25819ac947d59e9632c6bf14c645.jpg,Turkey,TR,38.469104,42.471028,2
f0023aa9a3f34a98af05b676dd71ef2d.jpg,Turkey,TR,41.31439,27.680343,3
246398e261ac4ff89830b2a0fe271c96.jpg,Turkey,TR,40.84288,35.49093,4
692d52b0073842948772250fb276cb8a.jpg,Turkey,TR,40.215919,43.58449,0
b006abc20dfb474f8f260a69d6bb91e1.jpg,Turkey,TR,37.571273,41.382193,1
c58c06b6d5cc4d36a5941303f7f67b7e.jpg,Turkey,TR,38.372008,42.737787,2
ed7193c0e23b4e5b8b2e81a6fa9bc1d5.jpg,Turkey,TR,40.755159,39.620403,3
f83c48a3a4af4a9d978bced74ee693c8.jpg,Turkey,TR,40.241926,36.54699,4
b00e81cc213a4c1380c90fa14fdda894.jpg,Turkey,TR,39.59408,39.868964,0
333288e997044d109e48281d33f26a80.jpg,Turkey,TR,40.927092,40.542772,1
22240319f04b44cbb1b5ff16262bfd23.jpg,Turkey,TR,38.696582,35.114386,2
29385949383446269d7fa528f68c0a08.jpg,Turkey,TR,41.218404,36.664905,3
676be160077c4cf1aa8fbaba79e003da.jpg,Turkey,TR,38.239731,35.098602,4
e957cfe939564393ae97132d6a5e56c3.jpg,Turkey,TR,39.564344,33.326767,0
3b11beb8ff1b43e098ba12ae553f738d.jpg,Turkey,TR,39.861862,38.205294,1
7b0ca52b7c6d4e96ae04b1085ce2a938.jpg,Turkey,TR,38.317439,29.825674,2
007b0d7c6deb41499dfa6e335c370d37.jpg,Turkey,TR,40.741136,30.43627,3
5cf9651b9a4e4efe8b27470d6c34a642.jpg,Turkey,TR,41.198494,27.194293,4
cc4a40188a1f4ce3bdddba97cab4c137.jpg,Turkey,TR,39.614541,30.850101,0
aee584288e8445de874d706ac0ac992e.jpg,Turkey,TR,40.296074,32.472457,1
13394b67c0ef4065bb0b3c6db012fee2.jpg,Turkey,TR,38.931696,36.056218,2
ff322aa6fef14abf97d3968c675e16f5.jpg,Turkey,TR,40.864768,26.758173,3
c06822960ff64cab832b81a32bcc1048.jpg,Turkey,TR,36.281794,33.482903,4
b8b344a9b8f54cb58289d555ca3c9817.jpg,Turkey,TR,38.798155,35.594043,0
af0acf115e1b4e798fd22dd948a2514d.jpg,Turkey,TR,39.212922,37.36006,1
cc30d2d88b8445abbe9c7fdb276c5b20.jpg,Turkey,TR,39.473857,33.535726,2
b7845d69e559472fba4ffe449fc99864.jpg,Turkey,TR,39.533479,31.09653,3
eca668d91c744988971bdc0ad7419626.jpg,Turkey,TR,39.198574,31.315228,4
f4be259322c04f5880d1ec65c12bc5bc.jpg,Turkey,TR,40.230732,36.53245,0
6eb9e0c042e64d50880c7cc218909171.jpg,Turkey,TR,36.923698,31.247381,1
ba2e6896129042248dff98276e82df3b.jpg,Turkey,TR,39.111804,35.682034,2
8fe9e3f2ce7346cf864df2cbf6ede106.jpg,Turkey,TR,38.86398,35.667095,3
89b73b9102dc46508c6ba0be13d169d9.jpg,Turkey,TR,38.578091,30.216227,4
1fd682ff04da4dba81cca31268661f17.jpg,Turkey,TR,37.434354,30.554588,0
55d62afb632a4202b11c12839997a807.jpg,Turkey,TR,38.228252,41.06245,1
177c83e8ac8046f4a2fc913185d3f3b1.jpg,Turkey,TR,41.770849,33.459849,2
a9c43040f5464188b1b73ce5f5029e6b.jpg,Turkey,TR,39.478228,33.875835,3
642e3b76c374463bacf6416577f0df61.jpg,Turkey,TR,39.869157,39.264491,4
366423c73bb2402e9deaa8bfaba0931a.jpg,Turkey,TR,38.54303,36.454291,0
8d43119189c042329721f18d523cf9ef.jpg,Turkey,TR,41.101226,39.443484,1
130f2ab9a6794adea8531e73b84e2af6.jpg,Turkey,TR,39.559268,44.064667,2
957cf2d8544d4ec883b9a2763e8fb69e.jpg,Turkey,TR,36.323521,32.437335,3
4a08c1fa8533450484855060e6b41ee3.jpg,Turkey,TR,37.022185,30.176414,4
5cb9f10f32ad4aebad4a46a6e11b2547.jpg,Turkey,TR,39.985511,29.963758,0
2cdd1a8dae7c4b43891dbe8b47f5e24f.jpg,Turkey,TR,36.467259,34.160102,1
bfa30a99f01644dbbd2323bbef3a4249.jpg,Turkey,TR,40.229892,38.048801,2
b450698da0b6433abdc7298c40eba20b.jpg,Turkey,TR,36.410027,33.808137,3
d6138129569b4df28ac1d88333eebe73.jpg,Turkey,TR,36.707765,33.13097,4
35f0fd4b5f5f4ecb935614b8ad440abe.jpg,Turkey,TR,40.124544,43.629412,0
94c5c6ab0ee84446a432957afb695d9b.jpg,Turkey,TR,36.719055,33.121519,1
a63d6f05c3734decbe47ca56e9e2b824.jpg,Turkey,TR,40.311325,36.542728,2
8fbcc37faf8c471dbc19aca2cc51179c.jpg,Turkey,TR,38.324498,42.923129,3
8589e97d80474ec4b2c33fa57a4b03a5.jpg,Turkey,TR,39.697756,34.394158,4
0933fe88fc53443489a88c553c0a69d7.jpg,Turkey,TR,37.110762,30.616313,0
71f9948ce5de4dcd974c07bbf61f2ebb.jpg,Turkey,TR,39.872546,44.06372,1
af8d77e8530c43cc8433e34db471fcb8.jpg,Turkey,TR,37.026151,37.984238,2
703938a58dab439eaf69e7db9ac06831.jpg,Turkey,TR,38.236333,40.97692,3
671c5e8bf35b425dafa451f589ba1b1a.jpg,Turkey,TR,40.361351,39.887415,4
b258d616631d4eb38255f746355adbda.jpg,Turkey,TR,37.483791,30.564502,0
5c171b664ee04700a77c714e2bb51d60.jpg,Turkey,TR,37.186347,32.232563,1
0b5e72c77d804505ac1a751cb919c9db.jpg,Turkey,TR,39.541529,27.900817,2
ad1006f6f3bc47cab457bc9e3d84858b.jpg,Turkey,TR,39.536942,31.67007,3
ed674b31956241bda5fb5b4e6af3f788.jpg,Turkey,TR,36.336381,33.404975,4
9ac5ad30c7714219961f7079ce3cdad1.jpg,Turkey,TR,39.561484,44.064047,0
b7c3b72928c549fb8a54cb02bd8c211f.jpg,Turkey,TR,40.627886,30.331917,1
1d70baa74afb416c83ec4937a16acc58.jpg,Turkey,TR,41.276852,36.292142,2
387cd485135546c8abfeb1503749cae0.jpg,Turkey,TR,39.958133,41.299912,3
2ac246926c05477baf3d88383d8d2de5.jpg,Turkey,TR,38.20203,41.478458,4
afad62f8dfa04607929757626a606e66.jpg,Turkey,TR,40.395684,26.839398,0
9a525dc86ecc48d28587bde846f4a2ac.jpg,Turkey,TR,36.857938,28.254946,1
3a6457a32fd14cda8d2e808db68c4170.jpg,Turkey,TR,38.271105,40.949906,2
a592fa160a304354921ae9ef9dec9e7b.jpg,Turkey,TR,40.966901,38.617425,3
30ab5842b0e44d59a8a75bb71e9b22fc.jpg,Turkey,TR,41.664153,26.614502,4
5298142342f340d398af5499bef83dfc.jpg,Turkey,TR,40.681634,36.551816,0
acd7514b905f485cac653ed1fa5d206c.jpg,Turkey,TR,40.767287,30.614463,1
312b3a5711f34c858a38c98e5c88a638.jpg,Turkey,TR,38.216006,34.01376,2
c8db80bbb78b4b58812840c1973377b1.jpg,Turkey,TR,36.843423,28.705681,3
0ea8e9702a8c414d9cf2b82759540363.jpg,Turkey,TR,39.894883,44.061837,4
f95cf57d2ece43f8b2c9f5b7006d5c6b.jpg,Turkey,TR,39.010222,35.928438,0
e54c7f2f13424424b6af8f326f164660.jpg,Turkey,TR,39.781665,42.755866,1
54ca6bc07db24c7a879be1a39c33bc34.jpg,Turkey,TR,36.187582,36.192725,2
4931f3db9d0f4216ae3e001e711ae599.jpg,Turkey,TR,36.487461,32.270487,3
6469a99e0e97431c88ad1d2d4e58d4f1.jpg,Turkey,TR,39.090766,29.470921,4
54a3cc1a6cf74ec988cdc4b9b3bae2ac.jpg,Turkey,TR,37.305125,30.44581,0
961e07530f24434da9b58af4486a1034.jpg,Turkey,TR,40.160884,29.371821,1
44d37d86ac664cccba2c84ca42955e74.jpg,Turkey,TR,41.465022,36.109403,2
5c2466da5a8e43df87eaed837fffe323.jpg,Turkey,TR,38.397965,33.513222,3
1910306cdb0d4317b0500e32fc66ab78.jpg,Turkey,TR,38.825602,35.640365,4
51feea5a715948a18559e5a6ff3aadd6.jpg,Turkey,TR,38.671327,41.198874,0
fdfc3accf4a44086a07f5a65a8775546.jpg,Turkey,TR,37.350063,27.508666,1
dc2045fc0f784206b5f70997d7e04438.jpg,Turkey,TR,36.373725,33.941007,2
280c539a3b5f4749bb190f9842a4a49b.jpg,Turkey,TR,38.321575,29.868116,3
2a4d211f3ed7430db75b55b45214d4d1.jpg,Turkey,TR,39.799968,33.491669,4
c16183b47e204476aa75430f950d4525.jpg,Turkey,TR,38.424483,42.126262,0
6486c0c9305c4d66ba88834a24131476.jpg,Turkey,TR,37.059845,30.617627,1
86eaabd5b3194dd3849c47e8abf7531e.jpg,Turkey,TR,39.851612,34.078153,2
738c7485d63b424ba985e8b641fa8a19.jpg,Turkey,TR,39.75942,44.142494,3
eb5eded1498241db9ad141c281db74f2.jpg,Turkey,TR,37.309895,29.78325,4
8520613a904742648ce3801b2f5ddb78.jpg,Turkey,TR,39.552825,40.072827,0
f8cb6ee651094039b121b454fd156029.jpg,Turkey,TR,39.775241,30.180514,1
5a5c53a8a918421fb3ebcdd65de19220.jpg,Turkey,TR,36.498941,32.287623,2
b68169ce8e2140739f3fa51c1fa98d14.jpg,Turkey,TR,40.548719,29.350429,3
abf983a51e2f4ae9ab77123671f7ea5d.jpg,Turkey,TR,36.222032,29.696394,4
9df84ea264c14811a70b5b22a26092d8.jpg,Turkey,TR,37.839923,27.24608,0
0d54066af78141c8a21b03d08354cb6d.jpg,Turkey,TR,40.325496,32.491929,1
54a14e785b184c329496d7aa8d0e34a9.jpg,Turkey,TR,41.199951,36.534337,2
61f249d1ab1240a19a688c03c8b43a2f.jpg,Turkey,TR,39.577224,39.944916,3
fececfb0b98d4e43be4f43767620b8da.jpg,Turkey,TR,36.935248,33.27189,4
7aab24a806a7465a84dd72f2ad9178d3.jpg,Turkey,TR,37.010926,28.340427,0
413380acf92f4ce0913116ee34dff8d3.jpg,Turkey,TR,38.851826,33.813378,1
298f65c91cc7451c83fec1ee86265345.jpg,Turkey,TR,39.551326,43.926909,2
90655083daf743ec8ab096aa9b8e45cf.jpg,Turkey,TR,38.692755,35.472794,3
f3a44d857f4140d98a09a7233c7d758d.jpg,Turkey,TR,40.938243,38.217959,4
06b275171c56453aba2b0f0db055965b.jpg,Turkey,TR,40.101248,31.548031,0
c66281d495d346a1a8bcab87714c0d78.jpg,Turkey,TR,36.998985,28.562815,1
0eb204d6c624425680367d2ab0811084.jpg,Turkey,TR,36.206228,36.198233,2
0f21e4e631de4b1ea0676d632add72a6.jpg,Turkey,TR,36.338993,33.542717,3
e61f387973654bafae445e9a0e365754.jpg,Turkey,TR,38.443244,42.320859,4
f788b23ab61d4a6ba196897077b13080.jpg,Turkey,TR,40.970559,38.751946,0
4f34918abe6f4fbc8c5ffe6ef309011d.jpg,Turkey,TR,40.667486,26.963609,1
96af394415eb42e4be424ab60e14a768.jpg,Turkey,TR,41.823263,33.258729,2
ecdd0de8dd3148dda9878f3c24cc089c.jpg,Turkey,TR,38.668644,33.891603,3
42e1f211711d4fc58ad166c8368081eb.jpg,Turkey,TR,40.990047,39.802249,4
d6381b42cc664583a5fe92be44feb14b.jpg,Turkey,TR,41.060967,42.845395,0
c10734ff848048939f28bf4af674edd9.jpg,Turkey,TR,38.254469,41.003336,1
de25ce0337124c778bdc464324c400af.jpg,Turkey,TR,37.868235,41.148929,2
1785d752c03e4f3d84ca5860349ddfbc.jpg,Turkey,TR,37.305185,27.90911,3
4b23f7ec28cd47eaa896afb5cc39ff93.jpg,Turkey,TR,36.277184,33.474835,4
89e11dc10b34435999f1960d4450f3f6.jpg,Turkey,TR,37.093204,38.102587,0
6eefa1bae4284752823cf82316618c0d.jpg,Turkey,TR,40.421366,30.0416,1
34261b81ed254991951fe177f398bbb2.jpg,Turkey,TR,39.993389,38.644208,2
c21b266b63d249de95aae8092e96dbac.jpg,Turkey,TR,35.967369,36.034759,3
425a9b210a3c40659a4d45a5c28c6929.jpg,Turkey,TR,37.506818,41.44583,4
5aaf972d9f1945fea6f3c754c2e7bf91.jpg,Turkey,TR,37.619433,39.161097,0
01a2d85b99ce4b70b5fa7947c07349a4.jpg,Turkey,TR,40.262079,29.147448,1
b978bfa0f3514ced99f810f40d2f64ab.jpg,Turkey,TR,38.13274,27.378646,2
bf4149c6d2e84ebeaf3910a6c8f6bc6d.jpg,Turkey,TR,40.969784,40.308182,3
3072665078a64deb9262179eff0debad.jpg,Turkey,TR,39.519994,44.241817,4
2d2db86032224b4fa5e741c6fd993d5f.jpg,Turkey,TR,36.986896,34.968208,0
f2db3b2978dd44e8b1979f7a1c9ee9aa.jpg,Turkey,TR,37.977557,30.287003,1
5934e94fa65a4109a16adbcfc2bb8c24.jpg,Turkey,TR,37.228693,39.672141,2
a3c7e82756c24566962dfe9afb4a5a88.jpg,Turkey,TR,40.961745,40.533511,3
b1b1d0eaf839457fbcb139a36cad12aa.jpg,Turkey,TR,41.379008,31.95694,4
3992feb1d0be42748b8560f5e0ef8bdc.jpg,Turkey,TR,39.084027,29.46473,0
5ff9816d9729468aa0e0c775eb502a02.jpg,Turkey,TR,41.396702,31.685663,1
7d8c30c711d64144b0c99764d7b85cac.jpg,Turkey,TR,36.628573,33.233588,2
78e89bde59bc4a3eb47d9baec259edca.jpg,Turkey,TR,38.472824,27.598781,3
56084701128641dd960964f2631e0c07.jpg,Turkey,TR,38.694065,35.576418,4
121f90ce52734780904d2b871e33c6ce.jpg,Turkey,TR,36.716015,30.56104,0
2e136eaaaac9411f994e5c94ea79d0cf.jpg,Turkey,TR,38.020759,33.552473,1
c34e20f2c8334aae9704c913cd9e7b38.jpg,Turkey,TR,38.645923,34.905729,2
20d5af3c1c1a4eed9fcce19a40c0fc03.jpg,Turkey,TR,40.688809,39.115992,3
212270b517504f6e93b7676daee61b11.jpg,Turkey,TR,39.248501,30.901392,4
7b1d2f33c98a41f19485719165678dfe.jpg,Turkey,TR,36.915397,31.133254,0
8f9bcbc64d7b437ba371e113d264ca03.jpg,Turkey,TR,36.327937,33.428249,1
92276749810244359ba783f5839dc6cf.jpg,Turkey,TR,40.956067,40.032044,2
ab2a4b5f569145eabb050eca305409e5.jpg,Turkey,TR,40.029626,32.880176,3
cdf849617dc8467ca0e915e670796dce.jpg,Turkey,TR,41.518424,36.005967,4
79993bc4169048b38e19518750a9da16.jpg,Turkey,TR,36.815814,34.573226,0
fe1cf855a446456faf85fa3c6d905532.jpg,Turkey,TR,38.954789,37.545282,1
e3138b909aba47318b8c6607c513aac7.jpg,Turkey,TR,41.623602,32.338467,2
c922878106784781844fa2640dadcd8a.jpg,Turkey,TR,38.334214,26.897962,3
8a3c95fa18314f26963ebb46b2df5447.jpg,Turkey,TR,37.078024,35.361869,4
e13ec51da47e415a8ed485a354876af3.jpg,Turkey,TR,40.147015,25.932565,0
870884bebb344eacbadfde6c37787408.jpg,Turkey,TR,40.787337,39.983244,1
c8e6820dfd334584a227f3f46fe0be10.jpg,Turkey,TR,41.008878,40.352816,2
b94406d6ad17454da5c921cd6d3555ec.jpg,Turkey,TR,40.8494,35.628693,3
b74d9017fd2e40f5a6cb3e8ff8126401.jpg,Turkey,TR,39.578713,39.939137,4
9e62727071fe4b519511046bc2a8af3a.jpg,Turkey,TR,41.637294,32.325089,0
f2dc589b1f714639af9f346a0d66bc56.jpg,Turkey,TR,38.950926,27.720077,1
4e1ec80cc93a4314aa07ab0b88c0ebed.jpg,Turkey,TR,40.818525,30.443636,2
e47b474cc05343178fb95abefba80c5a.jpg,Turkey,TR,40.111101,38.323745,3
e4b05a6dded74fda9875ddc6e6d5b623.jpg,Turkey,TR,40.399815,29.999134,4
968fa70daca14d9cb65e04796351d024.jpg,Turkey,TR,38.509456,42.278967,0
3268fb6f872c49fab7a7d86bb1cf0e09.jpg,Turkey,TR,36.330829,33.661533,1
056e72f9141a4f52ac338fdfd34d42f5.jpg,Turkey,TR,39.434617,30.677406,2
77c17dc70e76452e98b7a00d4a077e87.jpg,Turkey,TR,38.19485,41.100899,3
757929daf21045288daace15cb7c8426.jpg,Turkey,TR,38.337116,26.895847,4
275b19a7417746ff8a56695f7154d942.jpg,Turkey,TR,36.898373,28.272613,0
1578eb92185a4a6589305848558d102f.jpg,Turkey,TR,38.036642,30.166932,1
98df9d866ece44109f687ba4752a1b31.jpg,Turkey,TR,41.515378,36.021809,2
b5cd0d7360bd485a9ab6ba981546ec75.jpg,Turkey,TR,40.272108,36.544098,3
37f89b4740e5447f9f94abb8892525b5.jpg,Turkey,TR,40.696665,36.360976,4
90bbb9b1036540b88ba14dc788c99b1e.jpg,Turkey,TR,39.615923,43.7202,0
e1c0ece1abbb45d19647fbdf26b08d82.jpg,Turkey,TR,38.185375,30.063727,1
68c8711f640b4baeabc29daed627c86e.jpg,Turkey,TR,38.299143,40.906905,2
b21d4246a19646bfa6169a10e88d1c52.jpg,Turkey,TR,38.647272,33.978291,3
a2e768ebdfae41cdbef1ec191927041c.jpg,Turkey,TR,36.632732,29.152735,4
70e87f9cf1704de4aba2ff22873ca260.jpg,Turkey,TR,38.283809,41.098755,0
b98bbdb2098c4b519bb02bc91257b8cc.jpg,Turkey,TR,40.981471,38.768047,1
d6a02832521440be812c95b1dd5172b3.jpg,Turkey,TR,37.580731,38.952449,2
3ac1973107304b179deece2e98f97f19.jpg,Turkey,TR,36.922274,28.280009,3
e5ca7d0bc0cb4130a5d46fab6b025cd3.jpg,Turkey,TR,40.062761,40.428643,4
d7bd0734008d42958454e80b4c3d39da.jpg,Turkey,TR,39.677753,44.055049,0
3e2744336e8747eab26aa93cea5e0b5b.jpg,Turkey,TR,37.113243,38.283123,1
b89f9ff2638545efb261ca99fe87f18d.jpg,Turkey,TR,38.203997,41.098747,2
d19dc8e5990f4a0d9829f4be2c4152a6.jpg,Turkey,TR,40.746809,36.354833,3
bbb0b81d5f6243059c1807ada45b05fb.jpg,Turkey,TR,41.188229,26.664603,4
0457cf63deb04551bdae61b497339dad.jpg,Turkey,TR,36.901781,28.273484,0
26db7ef3eb764568b137d8298ebc615e.jpg,Turkey,TR,40.70159,43.161113,1
4fa01748c7874a36839c32b15123ab01.jpg,Turkey,TR,36.705251,33.112627,2
d7e05f6f9a5f43a18afd85b8c7020d40.jpg,Turkey,TR,41.244925,36.399143,3
1ef1095d42a84763861b3d4e8fe11535.jpg,Turkey,TR,39.207999,30.701662,4
1e546cd54a884802940d272705e35dae.jpg,Turkey,TR,38.781083,35.457113,0
16f4e6edcbc64163a304f63ac52e5ed3.jpg,Turkey,TR,36.145029,33.322853,1
fbcb2fa2c19745298278dfdac8a0d079.jpg,Turkey,TR,37.420548,40.978068,2
1f44452f85574ba68bc0d9b3669e5db8.jpg,Turkey,TR,38.706093,35.454596,3
5e49be01937a482e81014e89bf913cdc.jpg,Turkey,TR,38.324818,43.189121,4
68fd991ac9a4495e9b7395cd6bc8dd88.jpg,Turkey,TR,36.941184,31.219339,0
156064a5ec414fe6a08419b7aab6886d.jpg,Turkey,TR,36.910706,31.173239,1
b2098a24ac8f457eb44a0cd0d0ecb332.jpg,Turkey,TR,37.028163,35.4501,2
b0e61559165a4551a2f4bcb3109d0755.jpg,Turkey,TR,41.054483,39.231889,3
b20456dc51664fe0b4be901e05a13bb3.jpg,Turkey,TR,40.615791,43.17016,4
c2ef1316d5c345d489b6751d5177ceb2.jpg,Turkey,TR,40.362512,29.047688,0
a544f4ab48fa4a31ae39041d6fe49936.jpg,Turkey,TR,38.82007,34.043699,1
7a09f4d4cdab4423a805cceeb4bb71b1.jpg,Turkey,TR,37.770711,27.277669,2
29335e3d982e46a195f720c5b7e1805a.jpg,Turkey,TR,36.82829,28.785115,3
b887a58c1faf4add949987d464a8e64e.jpg,Turkey,TR,40.9274,38.856106,4
ecbe36d5a5ef46619b6202671f63c752.jpg,Turkey,TR,40.887482,27.095766,0
4999b9b433d248758aaf95c8ddb45dd6.jpg,Turkey,TR,37.399192,40.951235,1
5c3ddcfda9dd4763958de673b0222561.jpg,Turkey,TR,36.355155,32.372795,2
dfd80d639d1c4625a5af1c8d76b51f6b.jpg,Turkey,TR,38.638033,35.869781,3
1d219b5ab2fe4a5f9e5693404e12dc45.jpg,Turkey,TR,41.019947,34.608301,4
9eaed50a3d6a4cc98794da471be027ad.jpg,Turkey,TR,36.836481,28.769788,0
1b0c4e013984430491f533a123f867a6.jpg,Turkey,TR,38.66598,41.203076,1
62783c0c6ea941eabc98f33911a8a614.jpg,Turkey,TR,39.037385,35.732582,2
64ec025bad9f4b94918f172f28a4eede.jpg,Turkey,TR,36.511396,33.721243,3
9d381b0872d641468556e9aa185130ed.jpg,Turkey,TR,37.035784,30.003802,4
394a037d4e8d48c0b46def7e7440574b.jpg,Turkey,TR,38.882632,35.130271,0
40ac0cfc732e49e1be5cb2c6a280ca9f.jpg,Turkey,TR,38.786947,36.467689,1
2083317f932a4b42a8c2b743b2a77b49.jpg,Turkey,TR,41.481949,32.60924,2
7f064896807446ebb1b5906446e2a7de.jpg,Turkey,TR,39.894473,29.859904,3
8e2396450f1f4734839c3e5f2887828f.jpg,Turkey,TR,38.57407,41.121955,4
4c10f418ac90479aa37ddfd9467aec8f.jpg,Turkey,TR,38.632394,27.666155,0
8eb6407801ba4f38a8894615d323639c.jpg,Turkey,TR,37.808183,40.430224,1
209ea871a8504ac899d7f3a9925fc6b7.jpg,Turkey,TR,38.287824,33.987592,2
ea752dbcae55473881138316082bc56c.jpg,Turkey,TR,38.37167,42.742184,3
af3f21f7378a4f8894834450d80535fb.jpg,Turkey,TR,38.73891,35.35651,4
ce68f7e6f21647b392eeab74a5cec2b8.jpg,Turkey,TR,39.175755,27.85073,0
51c59002cbe64dd1b5453af71216d8e1.jpg,Turkey,TR,38.912923,27.825505,1
05620bec498949b1849896dc3ac88f13.jpg,Turkey,TR,37.223707,39.870056,2
a81421125a4647c4a609c8863001073f.jpg,Turkey,TR,36.945082,31.266611,3
2008f5e0a7734ae8b3f3c1e083d1851e.jpg,Turkey,TR,38.132628,33.531928,4
845b9c2359c94ad4b1ace2d4bae72b4c.jpg,Turkey,TR,38.706055,27.029157,0
1541cd0e061f4001a0d4d6516dcbadf8.jpg,Turkey,TR,39.448099,31.570281,1
be62a69c2a944b658d585c3295d84c59.jpg,Turkey,TR,37.193641,30.254571,2
f789616761e74ab99a0e44936d66c503.jpg,Turkey,TR,40.325148,27.058559,3
3db3b91f88794476b7c3e4f4bd88f8c8.jpg,Turkey,TR,39.945716,40.802781,4
e80fce4c25644fd581bb11f0ea884c33.jpg,Turkey,TR,38.299981,29.911377,0
3e9c1608f7124926b7c63a392f8e76a5.jpg,Turkey,TR,36.265123,33.522441,1
8d05e6ec63e042188f0db1c19cfe6561.jpg,Turkey,TR,36.708295,33.129364,2
19bcf4b95b534268be28266f54a3302a.jpg,Turkey,TR,38.454776,27.312721,3
34956e92ea6c4deab6eb78cda1123fe8.jpg,Turkey,TR,41.759981,35.217465,4
005658d1ba634559a38d1c7ebdbf7f21.jpg,Turkey,TR,39.125923,30.16177,0
2b79408d95604b78aa27e8e33fcda9f9.jpg,Turkey,TR,40.223727,25.960006,1
ff370b704eb74415b345ce13a68ecd13.jpg,Turkey,TR,38.753316,34.750635,2
fed364ef19614a4b8df8bc6a19ef57b6.jpg,Turkey,TR,38.120623,27.345683,3
96f761ccdd7c4e979bdd6360964bc848.jpg,Turkey,TR,39.139732,31.219835,4
0b3fbc45dead4f8a9942b65b5929235e.jpg,Turkey,TR,39.113367,35.665832,0
1c2e2333b43e4d6ba8f06bd8a9b80d8e.jpg,Turkey,TR,40.183884,38.079536,1
54029397a3ef4ba3a3a5cab84a77fe1d.jpg,Turkey,TR,36.705779,30.563851,2
3bcd298129b646179010038f9462d081.jpg,Turkey,TR,38.34327,26.863905,3
5c4c2306941a47f9983c931d9a66cdee.jpg,Turkey,TR,40.575924,34.841295,4
4413feee4ae54eadae0308298722134c.jpg,Turkey,TR,38.490793,28.055144,0
bb5443f19861463791c24e97262d6d79.jpg,Turkey,TR,37.057493,34.940148,1
7ff7ee8353ba47818f4b9ae7c60b836e.jpg,Turkey,TR,40.164124,38.080937,2
06e7aa4eafb149a49ad83b003a9c39f4.jpg,Turkey,TR,36.709153,30.560857,3
1b64270937e747e089c43d22d4a46ac4.jpg,Turkey,TR,41.444743,32.712725,4
a0aab6e61fa247cf94214492f73d754c.jpg,Turkey,TR,41.0752,42.828503,0
8ee6293ebe2a4ed4971660e24b3281b3.jpg,Turkey,TR,40.324596,37.605758,1
2d3b56b9ba144a3db7d8f12a49e0b172.jpg,Turkey,TR,39.863514,37.904151,2
c2ccc9137ba849afa4b1a5b4e2d67b11.jpg,Turkey,TR,38.862125,35.668869,3
9610734d71c64634aad24ea6a759c0e9.jpg,Turkey,TR,38.408084,30.227403,4
0676cc142ee94ff4a8fe5e890db0a351.jpg,Turkey,TR,39.904398,42.342804,0
c7431fc92bb941dfa59e1dac12c7e948.jpg,Turkey,TR,40.470279,31.595921,1
13e5682219d44786af4a489c485b4ba1.jpg,Turkey,TR,36.683643,33.411888,2
3b98cfbd1a3f478ba422497e56a781c2.jpg,Turkey,TR,38.756186,33.089389,3
6d00b84e3b914aa6b2a0ec23ea708cbd.jpg,Turkey,TR,40.875985,26.518914,4
f18f5c88b5394ba7962d6455f5ea4c6a.jpg,Turkey,TR,37.088642,34.944621,0
492611fbc4ac4c84b254edd7f6438d38.jpg,Turkey,TR,41.174413,31.929397,1
3fdb7e42c3744e0dbc0024374da84ed7.jpg,Turkey,TR,40.442594,36.11413,2
087ee8c640d24165851560f286210a84.jpg,Turkey,TR,36.882899,30.626014,3
8db23d233ada4f14967df8a31939fcd4.jpg,Turkey,TR,38.564305,33.235199,4
685e1b287bde4ab081efcc35aa959748.jpg,Turkey,TR,38.51122,35.181491,0
939538b49c764308ac2d4356a65bb6c8.jpg,Turkey,TR,38.784368,35.455759,1
fd2d123dd38046d7b216322b18ca1e4c.jpg,Turkey,TR,36.456401,34.128786,2
0e4be5d5098b4f11a29bbb29072df38f.jpg,Turkey,TR,38.455411,30.263784,3
d0781ddea1174606a2571de865c02f93.jpg,Turkey,TR,38.891258,35.59464,4
1fb46dbb61654ab99dc6deb75f180721.jpg,Turkey,TR,40.157735,25.818914,0
b4b3ac64cae94534a4e9acb6d4c3de1e.jpg,Turkey,TR,38.511847,27.599452,1
f87cfc2d8a0e4837a619fa6f50f62da5.jpg,Turkey,TR,39.560536,40.030707,2
f5fcc0ac8e4c44b085411a5120574a0f.jpg,Turkey,TR,40.950058,27.455203,3
6d42a6217aab4a0db86dd5e16ae88083.jpg,Turkey,TR,37.112709,34.91065,4
94bf936aa36e4f2ba22a75f20cc9b1a9.jpg,Turkey,TR,41.443647,31.83006,0
ed3339962b904534bce968f39cf329e7.jpg,Turkey,TR,37.228447,30.503555,1
8a29adcf5886485197a55e44e54cd1dc.jpg,Turkey,TR,38.988194,27.845868,2
8aae3512beb04a158ad9fd4b6ecf4931.jpg,Turkey,TR,38.468928,27.593808,3
890cab81d2e342f9875447a4e10946f4.jpg,Turkey,TR,41.167039,28.391396,4
27ac69a0982249fcaf9fe59c088066c9.jpg,Turkey,TR,40.568607,36.038915,0
8d34a5885af9466e88794caeb869eb8f.jpg,Turkey,TR,37.78384,39.490982,1
b1ae9a9990f442f0b2547ffc28e0ee9b.jpg,Turkey,TR,37.528353,29.791778,2
26f3e40f07bb4450b7dbe5c4a401434a.jpg,Turkey,TR,41.067639,36.050452,3
0c5061c0c3ff469cb158ce89ec82ecf2.jpg,Turkey,TR,40.227757,38.027394,4
3f3f352fb4714748a17179ba4745ab0b.jpg,Turkey,TR,40.504622,29.393939,0
e951482acc92473f9eab669d932d25ed.jpg,Turkey,TR,41.408072,27.822158,1
a3dcf83ace23493097136257dd07aead.jpg,Turkey,TR,40.750908,36.348152,2
566a118bef174b199aca2d4faba7f76f.jpg,Turkey,TR,39.72593,44.131507,3
92244ea846d54f0ba929c51470814bea.jpg,Turkey,TR,36.820451,35.598413,4
bb075d20b329471bb4e183a2ef4226f2.jpg,Turkey,TR,37.473438,30.56402,0
ec6912dfe5924edc8f7f5a13e37afac4.jpg,Turkey,TR,39.446009,32.865233,1
e8214818b8004a3197f1c30b7978a012.jpg,Turkey,TR,39.287131,29.972519,2
85e78c7b0188440c8f8ee61f3d90bbd9.jpg,Turkey,TR,38.95736,29.362761,3
38e715a3d69b48d8814f25c936a7c5f5.jpg,Turkey,TR,36.76281,28.921411,4
d5617f6a90a44fec8356d18aa6632f2e.jpg,Turkey,TR,39.950175,33.190235,0
7ac8d16781e64b498c24a23d90991c79.jpg,Turkey,TR,38.190828,34.047163,1
747e712c7f79496caf66ba4a5a7acd92.jpg,Turkey,TR,38.512692,34.945881,2
a0d4159aa7774a799265280467c1670e.jpg,Turkey,TR,36.204634,36.197183,3
ca2c133382b44113b96235b5fafa9169.jpg,Turkey,TR,37.313592,35.882454,4
aa3513c6499b4834a37ae99a0299fa3d.jpg,Turkey,TR,40.581937,35.651773,0
2a1783054ef64133b8b98735bc826db0.jpg,Turkey,TR,40.493223,32.301374,1
63dcf582f40e46e1829ba8d26337ef54.jpg,Turkey,TR,40.748854,40.244176,2
462882aeafa14de59e4fc589bc1d9499.jpg,Turkey,TR,38.694272,35.611705,3
e9d00fde64d540fbb12a2168ab4a744b.jpg,Turkey,TR,41.465272,36.109177,4
18e0800882064bc698f11858293cf119.jpg,Turkey,TR,40.746184,30.367363,0
2b6c51302b1e4cd2984dc7973c35201e.jpg,Turkey,TR,39.429913,35.115984,1
39f684ca02f54c88a5fdb26c65a741e5.jpg,Turkey,TR,40.929043,35.15657,2
f3ce06913a1b415db1ddae865db46908.jpg,Turkey,TR,37.035856,28.358523,3
c092fd6351084123b848e2a76c40be1e.jpg,Turkey,TR,40.395273,26.886917,4
266541d519f34c0bbe72a1e0993e3f56.jpg,Turkey,TR,37.859038,41.105254,0
bc49ba27cf3848b6aace26eb262053a1.jpg,Turkey,TR,40.877845,37.76063,1
aeab1fd4c4b7483e9d1a8f9dc25b2bd0.jpg,Turkey,TR,38.057772,40.572693,2
4940bc7ca2b34fca819de4fc5bd8921e.jpg,Turkey,TR,38.096833,27.372891,3
dcdd56646e1e43bf9881cd6337238c00.jpg,Turkey,TR,37.274262,37.193566,4
3a459ad6dd264e94935627a6a705529c.jpg,Turkey,TR,41.224597,36.452698,0
817bbfb48dc5459b97b8bbcb28bd4cb0.jpg,Turkey,TR,38.934842,36.035273,1
7dff35d92e0e445584af6653f19ab6da.jpg,Turkey,TR,36.341596,33.402544,2
9c68b84ce24a4d13bee7b1c102b33edb.jpg,Turkey,TR,40.546478,37.234002,3
8d2357072ff94d5c8c699e5af11c9a0f.jpg,Turkey,TR,40.964481,40.534978,4
94e07104fe014baab069191ee058fc89.jpg,Turkey,TR,39.472752,33.604247,0
9b3c6b9a443347f08e53f2967f193a25.jpg,Turkey,TR,38.584397,30.226801,1
36babaffd34940dda7b0af7e5552b8f1.jpg,Turkey,TR,37.064461,30.616619,2
93af5792961b44719e8c643567fc6d5f.jpg,Turkey,TR,36.407945,33.843991,3
ae1f4be409a14240b6b157facae3ae4c.jpg,Turkey,TR,36.429686,36.383425,4
1f4c2f00e4f34d83989ce75320c19bc4.jpg,Turkey,TR,37.832534,39.669233,0
fde8c8d39bfa423e85374e84eab8f496.jpg,Turkey,TR,37.831982,40.279989,1
3e22feff3ed5493c82c23bd0a2d8849a.jpg,Turkey,TR,40.182693,38.079849,2
96b5e8ce551b4612aea6b46aa9c06580.jpg,Turkey,TR,36.984381,35.81847,3
dd4bd7228c1543419094820a59e2f1fe.jpg,Turkey,TR,40.170891,31.300425,4
74df0616e51e452c88773f4b9b9d9acc.jpg,Turkey,TR,41.008015,31.78908,0
60f60a8cedc34436bc97f350a01ad3ab.jpg,Turkey,TR,37.251083,38.703596,1
6ab01b7ca79a4809b0baf9bef06348fc.jpg,Turkey,TR,39.557206,40.037589,2
3e077f33b1aa4731949c9d3fbc97bf53.jpg,Turkey,TR,40.348342,37.858847,3
1fd7bd2201a64100aaacb78e51647b86.jpg,Turkey,TR,41.53471,27.833521,4
b93617aa28864348b68a570591a64d5c.jpg,Turkey,TR,40.392365,43.408347,0
024c686452fb4bf1830effd5d28a8a23.jpg,Turkey,TR,41.855755,32.819442,1
c6d61f8d8fc04fed82e26fe34bb6334d.jpg,Turkey,TR,36.45399,33.670617,2
5e2d280121234ffc92150fa45fd2b4a8.jpg,Turkey,TR,39.368442,33.770666,3
d4b38ca7d4b64afc9f8164b3ee8d9b9d.jpg,Turkey,TR,41.22102,36.521873,4
2df1872e8dff4f6081fed79f022205cb.jpg,Turkey,TR,37.85877,32.508617,0
3dee43125a274df39792d892376d299a.jpg,Turkey,TR,41.084565,27.827458,1
1d8787b368d04ec6a4c03967cc468ea1.jpg,Turkey,TR,41.525445,32.047978,2
2fef4c4b48994794a78823b02975060d.jpg,Turkey,TR,41.032906,39.026845,3
d4dfe42148024d07879d3b081caf66c6.jpg,Turkey,TR,37.907787,30.317161,4
f2f313d9002f41ee9bc64dcb0be0be49.jpg,Turkey,TR,36.226584,36.132054,0
726b56b62ea1465d818b94d556bf330c.jpg,Turkey,TR,39.550605,44.056219,1
97694fe9554645c3a9c1ebaaafc2582d.jpg,Turkey,TR,40.691308,43.164395,2
2039fed113a04d7f89034f4a12c64e61.jpg,Turkey,TR,39.039094,34.550869,3
26ead912f57847b98c7403f478bd24a8.jpg,Turkey,TR,38.144117,27.329551,4
4c64a17894694222bd328d5652b44b46.jpg,Turkey,TR,39.791325,34.196772,0
810b3dbe5fa3420f97f811dd52967b82.jpg,Turkey,TR,38.235157,40.976325,1
b8a8a3899c424c7f91f8df9430d4ec95.jpg,Turkey,TR,37.87322,32.527614,2
bd69a1521cb34b90aff7ab0f316018cd.jpg,Turkey,TR,41.54643,32.24802,3
dbe1df67e5804afd9307b0ce4e6598d7.jpg,Turkey,TR,37.33964,40.79276,4
48dd3c6be81e4b14b0bde9d205cbd9c9.jpg,Turkey,TR,39.175179,27.850352,0
a58cb28572e54fea8cfcc4c2fca562bb.jpg,Turkey,TR,38.152628,33.570097,1
f1adc04c754d40659d7af24d0d4e30f0.jpg,Turkey,TR,41.558776,41.56653,2
4ef8ef556d1340a1a2138a0ac99fee9b.jpg,Turkey,TR,40.785455,35.113952,3
e7d3bbb3af8c4379b84544c6d1be3dd8.jpg,Turkey,TR,38.24018,41.037783,4
e325c0fbbe6448449d31e8fbdf6f6f4a.jpg,Turkey,TR,39.281801,29.963307,0
3b750e70c8cd433ea2c7372a0cdfc9fa.jpg,Turkey,TR,37.939751,41.90283,1
8e1746c160cd41c5a61e9ff79bb7b8ed.jpg,Turkey,TR,37.605583,34.741028,2
a3cb80440a0540aea618db22d846c9cf.jpg,Turkey,TR,41.016711,29.27001,3
aaa502aff0d04743b686518e5973f5e7.jpg,Turkey,TR,39.142632,26.838121,4
bb61b916b9fc4add81db514d490420ac.jpg,Turkey,TR,37.898967,39.839328,0
24562c482eb64392945abb31db5ec7ee.jpg,Turkey,TR,36.831832,34.493747,1
5429e4e0ea0a483c9e4928d11991c58c.jpg,Turkey,TR,37.838862,40.610379,2
f2aef3e6778c4fb1992a8b856650421b.jpg,Turkey,TR,37.186668,34.867857,3
565202c58e7d4a3dbb176556969dfbe2.jpg,Turkey,TR,39.007267,35.563393,4
28c721e4bd4346eba333124555e4956b.jpg,Turkey,TR,41.049121,39.542383,0
f9c5849eb2814f1488baf2618ef18876.jpg,Turkey,TR,37.033084,37.377579,1
243c2a96ec9d42d9b72fad8d37142dfb.jpg,Turkey,TR,38.758216,27.907255,2
52382b62f03846a38b788332e2ec527d.jpg,Turkey,TR,39.445754,27.633439,3
93ff5bc05d01431aa2dc7d93bb48fa64.jpg,Turkey,TR,38.221927,27.253593,4
d11e92233d7c4507b333099a17953787.jpg,Turkey,TR,37.787755,27.275905,0
c3a93e4a8e884341af0abc19edb56b5e.jpg,Turkey,TR,36.857952,30.623418,1
baaed1b9c5334b85bd4283f3dd5efc38.jpg,Turkey,TR,40.626192,37.303927,2
703a70cf15cc4d21a132cad29634e5d5.jpg,Turkey,TR,40.084209,40.424403,3
c9b4cfc22cdd421d81358aeb92f74aa5.jpg,Turkey,TR,39.869188,37.76076,4
bc9154f88eab4159b53c864e41885481.jpg,Turkey,TR,40.012733,41.980479,0
93c3791f203a4350b602793f2f97c11d.jpg,Turkey,TR,38.591998,27.956172,1
9412fe9cbc554fcf9b7ecb6d481f346b.jpg,Turkey,TR,40.169176,26.367686,2
3ac83c01f69144218b5cab204c844f9d.jpg,Turkey,TR,40.239261,32.50932,3
3bd7941aa3414198bd26b7ef5d5c128e.jpg,Turkey,TR,38.953184,35.586203,4
a03c684323614940b986897150697de7.jpg,Turkey,TR,38.690588,35.61452,0
6bb56e4e081641c7bfdcaae1ed46e400.jpg,Turkey,TR,36.380901,34.024324,1
1e462188fc03416282152cac0f54f8e4.jpg,Turkey,TR,38.017554,41.774404,2
b731f469dd7e46c4bf807b03330b81d4.jpg,Turkey,TR,41.263993,36.295249,3
071c748067174ee782744d776c2f12ba.jpg,Turkey,TR,39.89692,33.929452,4
ebe983680aec4465b2356c64c0066fa1.jpg,Turkey,TR,38.509879,42.278809,0
18ddefceb8074bca91f4a0b5e7243f7f.jpg,Turkey,TR,38.288011,41.104586,1
2c043af82542433e8390aa3757b8c4dc.jpg,Turkey,TR,36.850482,30.839899,2
c9631fe71ed240a7bdc64af4c5bbcf97.jpg,Turkey,TR,39.51939,44.242153,3
15d44694639c43b2a187882477716379.jpg,Turkey,TR,38.185242,26.835566,4
413a982877f545e5babf5640d6e49c1c.jpg,Turkey,TR,40.474542,43.326374,0
cb5decc726944d33945fc3eeb71cd9e2.jpg,Turkey,TR,40.868218,30.473355,1
1a7e530e5c814932b36f187b399b54ff.jpg,Turkey,TR,38.304445,29.758373,2
afa4e298c2844d2b88943fde2c0f0bc2.jpg,Turkey,TR,39.554571,40.04455,3
5a17c7bb89f14878ad47e5c14da12d12.jpg,Turkey,TR,38.641537,27.442074,4
c7588eea1d86408da77804be95032651.jpg,Turkey,TR,40.854263,38.866651,0
dbb20abbb9cf41e1b6ea924bfeb2a7a8.jpg,Turkey,TR,40.730784,36.396438,1
befcf29cdf0d4ac295df883d6d5488ae.jpg,Turkey,TR,39.084557,31.129855,2
123f8643cb34457fbb7e122dde3357fa.jpg,Turkey,TR,37.577486,38.946254,3
8849482ec0454036b092664b8e02339d.jpg,Turkey,TR,37.224303,39.85981,4
aa73da2bedea4b4abe0c9e1d7f535958.jpg,Turkey,TR,40.270365,36.544936,0
08d47fde0d3e454aa5e12ce085660924.jpg,Turkey,TR,41.485609,31.834918,1
b36c864ed14c44b0ab42bd7740bd927e.jpg,Turkey,TR,37.39624,35.776859,2
5974510192c044deb4a3c873ebe2fee5.jpg,Turkey,TR,38.637717,35.866037,3
2f683cff9dad4ec1b96ebce31c18a2ef.jpg,Turkey,TR,41.941525,34.317575,4
652f8e8bf8404c83bcd1c7a1d3277f9d.jpg,Turkey,TR,38.946104,36.04104,0
99d3878de78b4fdc8ab39f53879a2b26.jpg,Turkey,TR,37.21591,38.796745,1
a9fbd164b4344c809fd3793e6358dd51.jpg,Turkey,TR,39.523523,44.239145,2
c2b6576b96074f5bb14ae9c8717d316c.jpg,Turkey,TR,37.604919,34.741326,3
4caaf8accba64648b30b5f9c20b119de.jpg,Turkey,TR,40.568817,36.033407,4
fe9e63942a3f48a191e28f11aea5adc8.jpg,Turkey,TR,37.354932,41.349491,0
69440c67ccf8422c82d71e551d8e385f.jpg,Turkey,TR,39.540534,44.001591,1
1b177a2a8b9044d7a9f6830440b5b831.jpg,Turkey,TR,37.816475,27.274587,2
86bf06b603c54715b231d59e47211ebe.jpg,Turkey,TR,39.539955,43.988424,3
0fd50a383e9a4b14ac0c0fb8451b6a39.jpg,Turkey,TR,39.601147,40.184913,4
c29b2ce01d484ffbb03ef1227ca6e42e.jpg,Turkey,TR,41.285975,33.78047,0
8b79e3ef970e4a35a485bf1de1d08f98.jpg,Turkey,TR,39.142017,37.508772,1
5d2df909e758458193a839aaf0c28a63.jpg,Turkey,TR,38.123827,41.68768,2
b9fb41ab067d4e5ca789902872d63eee.jpg,Turkey,TR,39.21845,31.347428,3
2302c40ddb074bfcbde379e0ce86f409.jpg,Turkey,TR,41.19107,29.036466,4
979d4974a0474b32aedecdcdd3b95144.jpg,Turkey,TR,38.95388,35.593001,0
81fa2ee3f75c4878940c269b4429276b.jpg,Turkey,TR,38.290799,41.104076,1
9077d18251a14edab44b5dbd153149fd.jpg,Turkey,TR,36.855031,28.226164,2
eeeec685b83f43cb8af3c3f7beef86f2.jpg,Turkey,TR,41.515127,27.716297,3
4e95ac4518214f6885615830e9790564.jpg,Turkey,TR,40.148921,25.929809,4
e844abc473e2409da237fa460b9f8dbf.jpg,Turkey,TR,38.977039,30.930378,0
e213fcdc013a4672a17d80f60a5af088.jpg,Turkey,TR,39.590036,39.879933,1
c1a123644ef8496da20dfb77e5a5ccba.jpg,Turkey,TR,39.201744,37.242913,2
b437722129f64a689aa5c629780af470.jpg,Turkey,TR,36.135199,33.193346,3
21ee0f70cafa4093904b00d1383c1972.jpg,Turkey,TR,36.639271,29.1682,4
848043c6ff124bfa9e4079466922ea81.jpg,Turkey,TR,39.474433,31.326347,0
c276ae69cc024d37bcc519421f25e608.jpg,Turkey,TR,39.08802,37.578245,1
41037cbc2e1e487a87b64fee6c925353.jpg,Turkey,TR,37.974936,27.391974,2
d37dbb1e53b14a2494a7744588e948b3.jpg,Turkey,TR,37.511398,30.548993,3
b8f1b1c92bb24b7f9783acc4fd6d356d.jpg,Turkey,TR,37.033921,43.763429,4
9c16f9b710104635a7f261edeb0e70a8.jpg,Turkey,TR,37.185685,34.868055,0
aaca9c763359403db44a21df33086f08.jpg,Turkey,TR,36.905317,31.13108,1
761ee3eaf3ee4a2e89d7d716feb74ddd.jpg,Turkey,TR,41.289535,27.606488,2
9a336af8b99e47c281024b178be50375.jpg,Turkey,TR,38.58438,27.35098,3
02f49a8f8a614cc1a870d1d9003ec954.jpg,Turkey,TR,39.524323,44.238627,4
bd0f52a5e285432a936bd92aead5d185.jpg,Turkey,TR,37.521559,36.997576,0
08882d304718491b9009915c13dee917.jpg,Turkey,TR,37.738837,41.291573,1
4cc61e1206c64ab196827dd2e04ab284.jpg,Turkey,TR,41.494109,27.885843,2
b9afbc0d07974e3fabcd2b4da62776fb.jpg,Turkey,TR,37.102339,38.169775,3
fa43e9b5b0a54812aedd38a86d514d28.jpg,Turkey,TR,39.851013,39.31028,4
e2ce9771a8884626bf764174c4765bba.jpg,Turkey,TR,38.927739,30.884634,0
9e219b61391c445baaa19752f34ccc6f.jpg,Turkey,TR,40.747462,31.413431,1
eef431b527b54cb98c77a089ba7cb6ef.jpg,Turkey,TR,36.327722,33.431529,2
1ba2ac638c384a01b3c05aa5263a623f.jpg,Turkey,TR,38.457435,27.32656,3
a22a2ffff72149bd89e22c58c57abf24.jpg,Turkey,TR,39.932911,33.831631,4
40dd1594f4aa4431ade11174347ba3cc.jpg,Turkey,TR,38.669266,29.189341,0
5f0a518d0533434e8e217aa05914d601.jpg,Turkey,TR,40.874086,26.985467,1
0b85e0ac01e54275ae9a23ea5b3bafd0.jpg,Turkey,TR,37.602148,34.742611,2
ef335ef39cdf4c468381f0cd33712328.jpg,Turkey,TR,39.111223,31.173357,3
9de34b96632c499c8bc7d4e6e3fc519d.jpg,Turkey,TR,37.912698,30.488287,4
ba80b796e7b84fcf9b19ca6e6249fd42.jpg,Turkey,TR,40.952462,27.477399,0
d11f61b7948646aca9401c75ef0d02b1.jpg,Turkey,TR,36.495563,33.967135,1
83015a43ad144f47ba26fe5e68ad3e3d.jpg,Turkey,TR,39.936478,32.787185,2
d8be036b89ea4a188ff5b79391c0139a.jpg,Turkey,TR,37.88537,27.271146,3
787c8ad2560f445aa1f85bf0b12f8643.jpg,Turkey,TR,36.633191,34.344399,4
6a1e0156c0634931ab02c6db242581da.jpg,Turkey,TR,39.195469,37.284151,0
aba3271533e745c8ba71e61aaf0935c4.jpg,Turkey,TR,38.135943,33.508943,1
a5521abbb0704f33a196e9dcb5852dfb.jpg,Turkey,TR,36.58481,36.421624,2
8e151cdf8c2241fba35419184751b86c.jpg,Turkey,TR,41.546265,32.23254,3
fc92b6ba23664a30b83b5e72a1f70e54.jpg,Turkey,TR,41.231874,31.975106,4
14e45668207e4eacb9bc5994e213dec8.jpg,Turkey,TR,39.594631,39.867247,0
b165d20435a44270bbf00cffade41d73.jpg,Turkey,TR,41.344256,27.449796,1
9ed3ad6be0634d32b3bcabd483593be4.jpg,Turkey,TR,40.937952,38.202782,2
680af7e03b734a0db2d4b7f5706d7007.jpg,Turkey,TR,40.587531,30.325543,3
4e8ebd2714694ef3a24ecb6cbaa4e788.jpg,Turkey,TR,38.446744,42.342086,4
228071e72f1b4cf38e40c4bec7968eb1.jpg,Turkey,TR,39.568996,43.841361,0
80029498d3284c969ab27cc171b0afcf.jpg,Turkey,TR,41.144326,29.168462,1
2a53c4d0f8284037a6f94cb6e0958312.jpg,Turkey,TR,37.571238,30.034171,2
037ab50be65b4e639db067a24267c0c8.jpg,Turkey,TR,38.476248,30.251048,3
a1d72c6f07174c3cac8630978c1b11a2.jpg,Turkey,TR,40.307029,40.120247,4
2a1dcb7afeca49f5a4830eabda96a11d.jpg,Turkey,TR,40.270893,37.877089,0
9884077494114ca2b66b9395fced3ea3.jpg,Turkey,TR,39.655192,40.184981,1
3f7d05c114de4823bac28c00802c78b4.jpg,Turkey,TR,36.944458,33.271389,2
f6f0b9863fcb44fc907d09cfa564280f.jpg,Turkey,TR,39.99297,38.644729,3
b4cd1277737744e9b04073fb29877b50.jpg,Turkey,TR,37.5436,27.348292,4
726ea475701e4a2aa30079bc950132fb.jpg,Turkey,TR,41.219019,28.466169,0
f5216d4b162d450d839dd7d8fae8b32c.jpg,Turkey,TR,39.06583,27.853095,1
c90e9833f7ce4f35a73557002fa19d77.jpg,Turkey,TR,38.547257,28.078079,2
b4992c58b51a4f51ad905e24290c852c.jpg,Turkey,TR,40.642396,29.398549,3
7cfebcb32cab46558e3bbef9b293880f.jpg,Turkey,TR,39.537159,33.131806,4
10e471a767734de3958f515f679239dd.jpg,Turkey,TR,37.664691,39.233626,0
b53a8e99b4324f559a7885b2fdc7ff13.jpg,Turkey,TR,37.597876,34.744383,1
3c21f673a4974ad09e0c05ab954222cc.jpg,Turkey,TR,41.41228,31.905386,2
61added110a6451ea254e65648256ebe.jpg,Turkey,TR,38.006812,27.430457,3
7f0d6c1f9ddc42d2afb1fd58f6db6a76.jpg,Turkey,TR,37.811449,41.229488,4
38181ac9eb4742a3b255f5f55068940d.jpg,Turkey,TR,39.430894,31.015917,0
dd982601a1784f22ac10e3be828f398d.jpg,Turkey,TR,40.305208,31.356899,1
5e06d03612d14660bde8b0a1dfe68a7d.jpg,Turkey,TR,40.101581,29.473108,2
930d2e19bfce41de9b1c0dd700dba0d6.jpg,Turkey,TR,36.815334,31.767091,3
3cbc96d4b43d48a0ac9612e2805d4b09.jpg,Turkey,TR,38.47864,30.249796,4
7d7cb9db19734430a737d12500608113.jpg,Turkey,TR,40.726396,39.638332,0
f6d3ef34d4454b61ba51044be208f018.jpg,Turkey,TR,37.403292,38.874127,1
facf6c4253ec42a7862972c8d1491e43.jpg,Turkey,TR,37.634792,41.419543,2
c66905a7a286484682641b7dde49c4c4.jpg,Turkey,TR,40.40643,43.364708,3
216c8f89888b4361853ee7ba0b0a6e65.jpg,Turkey,TR,40.013586,32.697056,4
e44b133e006f4e78875ad5f242d7bc38.jpg,Turkey,TR,38.45382,42.395646,0
dbcf74fea9934856947e6253ee1b03eb.jpg,Turkey,TR,40.735334,30.115311,1
34988e1e49fe4ab292b8c193b058c73d.jpg,Turkey,TR,37.352663,41.350078,2
7daea2e8fa4440ecbb77cf9705d35b36.jpg,Turkey,TR,37.226793,39.642362,3
025aebdfbf544dcd8c09491fd660f8a3.jpg,Turkey,TR,38.671617,41.199049,4
477a27cef95f4125bc7e344a133beb98.jpg,Turkey,TR,40.544976,43.201066,0
771bb90af7f747b99abb9f2ad17b4552.jpg,Turkey,TR,38.725691,35.460687,1
fd574e3ad53f4d899d2a63fc60174c3f.jpg,Turkey,TR,37.202984,39.221144,2
97c8812e43c14e379918e1ed4add6fb6.jpg,Turkey,TR,38.325044,41.111602,3
2c00206fb99b41df96648360e3a7e611.jpg,Turkey,TR,40.565718,35.992789,4
540d4c7529ea49e8840fb13840435196.jpg,Turkey,TR,36.817293,34.565584,0
59e41b5d97374481a5cf5d99715041af.jpg,Turkey,TR,38.659035,36.082338,1
e50599ba2d3d425786fc942f15a85d33.jpg,Turkey,TR,39.615259,43.722583,2
4fd17b8b4cdf46929cd34f5d80102f55.jpg,Turkey,TR,37.680505,27.379506,3
14797e264ef7445da08cacc2aedc80ce.jpg,Turkey,TR,40.647636,29.414427,4
211478e6f3634f38b6fd5829cdf88256.jpg,Turkey,TR,38.263719,40.958063,0
86103bc069574d46b678fbf0e6bf9934.jpg,Turkey,TR,36.407378,33.808129,1
cbc200b001bc44d0a919a05722eed2b2.jpg,Turkey,TR,38.817606,33.908362,2
8a4c1e67b7d14ec9bc534d21fd0a424d.jpg,Turkey,TR,36.457739,33.962671,3
970b85d63f6041da8ad37260ef779150.jpg,Turkey,TR,37.528436,36.917013,4
700c381a5ef64db888b3de8a02740cef.jpg,Turkey,TR,38.123976,41.691591,0
9d69a6d8e4804d6085b67c5c386f67b9.jpg,Turkey,TR,36.79093,31.380989,1
6edc2e46af584c239964887a1e175835.jpg,Turkey,TR,35.957035,36.047269,2
95e96fb594784b3492746a6a1267aa6c.jpg,Turkey,TR,41.56696,27.776496,3
b332c24038a0496c9646ef51b4181e5f.jpg,Turkey,TR,40.287944,30.024419,4
dcbedf545b754292992b28e9a0572f4f.jpg,Turkey,TR,36.167091,36.131945,0
e977d35ac3f04d58ad7ac5031928dfaf.jpg,Turkey,TR,37.511912,30.543635,1
7c48b910cfb4414cbdf5370662571618.jpg,Turkey,TR,39.34618,26.780973,2
e617830afb4a458cba96f225c6c3369d.jpg,Turkey,TR,39.56763,39.976372,3
af9ed71ef4504babbbae58e1b3f7b88e.jpg,Turkey,TR,40.245439,38.973363,4
f423cf6b2d1c4b4c9b17e65c90ade089.jpg,Turkey,TR,37.841007,27.246711,0
d1f607296266477a8b9af023b2ffb91c.jpg,Turkey,TR,38.692554,35.577662,1
92124835cd084345907d0b05dbe0a5b0.jpg,Turkey,TR,36.105315,32.969787,2
6431c97afd7d4a7f8eb53df4d7df61f0.jpg,Turkey,TR,38.252436,41.018467,3
bfb2677c6d6f446ab990c75011366224.jpg,Turkey,TR,37.863667,41.154232,4
9463d1e21eee4bc1a6c04208da3f257a.jpg,Turkey,TR,37.702494,27.189776,0
8be84ef907ee4e73aa98fd51f7fc4007.jpg,Turkey,TR,38.672637,41.202072,1
f4c0a744308249a1bcc861bc0165e497.jpg,Turkey,TR,36.599872,33.78626,2
996aa6fb5ca449518d2fbf28443dbfe7.jpg,Turkey,TR,40.126775,38.228155,3
08c8549f87e04e22a880855bab2267d6.jpg,Turkey,TR,40.104911,29.467789,4
fba5f90c8ab04bf4a346521da7d8494d.jpg,Turkey,TR,36.50259,32.080001,0
8cf744ee7efb4839b2ba54d6d549239e.jpg,Turkey,TR,39.797171,44.110018,1
643b4b8791ea4c1db1d1cff9fa1aaddd.jpg,Turkey,TR,40.012655,42.210837,2
5ff34a51157646fa9ff33b3090127a27.jpg,Turkey,TR,40.206379,39.431122,3
8b252b72c04446109dd3cf3af18168f8.jpg,Turkey,TR,39.604715,40.184767,4
73ffbfb212d541fca0dfedffdd6e4808.jpg,Turkey,TR,36.971969,28.698466,0
b1de0ec1714044e59843195c8b82d72a.jpg,Turkey,TR,39.161004,31.254261,1
685d0d57832641d8ae36366ff1d8e9bd.jpg,Turkey,TR,36.532463,33.588648,2
91212d9c015441dd8c9a993ad882f251.jpg,Turkey,TR,38.887744,35.591978,3
4e4f82ecf4404e219eca242ad734a7cd.jpg,Turkey,TR,39.903426,38.796714,4
243e930349ed4c7696cbf47d5fd54d43.jpg,Turkey,TR,38.513018,33.415993,0
2c53ec5d8f174f799e57c353cd15b2e7.jpg,Turkey,TR,39.62666,40.180863,1
385cf2346fda417291a62b976ce26dd8.jpg,Turkey,TR,39.567235,39.977494,2
5aa0c4eba96a47e188da67e09e104edc.jpg,Turkey,TR,38.271186,41.09903,3
39edffa5aea34a87a31358f7edf6dae1.jpg,Turkey,TR,37.138737,44.336239,4
c01888e40f2c47f09c76bc7ebc4c6687.jpg,Turkey,TR,38.468944,42.465505,0
18b30318cfd7473396634c1f2479c8e7.jpg,Turkey,TR,40.718496,30.434179,1
5af8835c524b432b979fa8427abd200a.jpg,Turkey,TR,38.497881,36.454068,2
bb5633b25a3648549562bba3b9f48ff3.jpg,Turkey,TR,38.598072,33.929874,3
c0d045a584f541bfab2f023b06bf15c6.jpg,Turkey,TR,41.348261,32.023204,4
17ad32a9078242e3960f0db6d6a5277c.jpg,Turkey,TR,40.995947,34.647819,0
f4225ea755694ddf82d089f8a1b2bca0.jpg,Turkey,TR,40.674106,36.375058,1
61bc96a0c3d24214883b204f2246ce21.jpg,Turkey,TR,36.507503,33.711889,2
df710be349cb4c54b623d3986b3b40b6.jpg,Turkey,TR,37.918798,29.11447,3
6d9f0c6d73b240febe3680f216c18b86.jpg,Turkey,TR,41.290533,36.218134,4
2db091fe3c0741a5a8032175f1f6cfea.jpg,Turkey,TR,36.288478,33.490106,0
d0d3319ceb414b0b9f904a4d805e45a4.jpg,Turkey,TR,40.073148,38.54619,1
da95342aae044ae38a8e080c29f5dd17.jpg,Turkey,TR,40.347052,39.946394,2
8ada2addcd1e4224a49c6ad4187170f6.jpg,Turkey,TR,36.808265,34.5114,3
5faab3f69cc34477bdecedaa2339eb2a.jpg,Turkey,TR,36.171288,36.126764,4
e841dc6907fd44e4a76c61f6d58f969c.jpg,Turkey,TR,37.273831,40.687948,0
60ca9512ae2d49c69a9c12ae39db8cde.jpg,Turkey,TR,40.031026,32.878117,1
034b1c2a3da14970a76f120adca7c174.jpg,Turkey,TR,38.427501,42.128318,2
c18cd7624613448fa9c55a3a2b9bc11e.jpg,Turkey,TR,39.084139,35.858293,3
4aedd276966d4867be424ca45a2d3b60.jpg,Turkey,TR,41.442866,32.420501,4
8223d70ec9c949558ea1a65f2c58ef75.jpg,Turkey,TR,38.337797,26.863291,0
8943bcd2bd614a3a89f75d2fc6b61788.jpg,Turkey,TR,36.88162,28.636747,1
1fcb4a43864244259b7d8f4a00f1e475.jpg,Turkey,TR,40.11229,38.304629,2
1b7bf7f2f59b4f91ad34fce05b25b6dc.jpg,Turkey,TR,36.81714,34.566285,3
ba0949659017442296ffbe702ee9c7eb.jpg,Turkey,TR,36.647997,29.183829,4
7bda276aa829494e8af682bec72fbb24.jpg,Turkey,TR,36.844217,28.755908,0
63e057eb1a3d44b89abc349ef1862ed9.jpg,Turkey,TR,40.711754,35.970284,1
62c3f2f97a7f43c9835a327e46bfc95d.jpg,Turkey,TR,39.540282,27.900419,2
4c913ce068404bf9a9fbea09cfc1fbd2.jpg,Turkey,TR,40.18315,38.079731,3
d5fd155652bf43f59520db050591a788.jpg,Turkey,TR,36.934741,35.398728,4
8412b488e58a4bcfa2aa9aa278730668.jpg,Turkey,TR,37.828839,41.082187,0
36140f6ed98c44b68ee6a79b6efd8fb6.jpg,Turkey,TR,40.182597,39.434952,1
a066f035137b4cc4adc798e4266c46d4.jpg,Turkey,TR,38.005073,27.428243,2
ac4da04be76142efbf56f74097ad756a.jpg,Turkey,TR,38.745985,35.345609,3
7fcfc6752f7a4546ac032a76345ddb12.jpg,Turkey,TR,38.993816,30.961527,4
9d53713867194cd1bc4868a7b92f3fad.jpg,Turkey,TR,37.692463,30.350293,0
0d2501ae560c4cf59eded9cf0300a11f.jpg,Turkey,TR,37.829231,41.081146,1
9a503c104c884720992d10f20b3ad2c6.jpg,Turkey,TR,40.627396,37.294415,2
1efe36b5d935430abc99e99e5b1f00b6.jpg,Turkey,TR,37.227253,39.796071,3
029c1b07044c4beba4c9a99d3ad87b66.jpg,Turkey,TR,40.929574,40.071086,4
0d9ed343104c4f58be80b1b9c4182c89.jpg,Turkey,TR,39.559239,40.033464,0
84e49f3a8c4647f49d9578538b831dbf.jpg,Turkey,TR,41.062521,40.779305,1
fdfeed4450274ca282157457d2ff5538.jpg,Turkey,TR,40.786514,35.678883,2
09ab623506714b35b0e245b9e463e7ce.jpg,Turkey,TR,38.9507,27.836685,3
aca190e0235c4ab9b001c00e41ad3fde.jpg,Turkey,TR,39.532817,31.099073,4
869964c0e02b4cfca9ac72c9ad8c7ecb.jpg,Turkey,TR,37.40133,34.86127,0
e951608f6a144072a6b0ec98392398b3.jpg,Turkey,TR,41.567105,41.570834,1
5399d4c7c2f34b0c9a043b16f978d11f.jpg,Turkey,TR,36.814053,34.566164,2
f4e0a0c92e314c898ad5fd2311452596.jpg,Turkey,TR,41.092541,36.098883,3
2559637850ef4173b098944f04e01b2a.jpg,Turkey,TR,39.988068,41.520383,4
5485715bdc9a480db0b5ce125255016c.jpg,Turkey,TR,40.391804,29.456193,0
d28b1a0322764a42bbc6a4772977a9e3.jpg,Turkey,TR,38.550772,35.184035,1
965bd037bea7443d872af74e0f2d52d0.jpg,Turkey,TR,37.233542,32.228785,2
0c75a9da43284d178846b4253470452a.jpg,Turkey,TR,40.515468,31.619226,3
d858de9923094758ab3d089abc5f6c02.jpg,Turkey,TR,37.04994,27.38825,4
13c3424698cb4653ae456d4665370a25.jpg,Turkey,TR,37.177751,34.862019,0
c0283bb437ed4dbbb4811bcd9c41ddd6.jpg,Turkey,TR,38.304725,43.145444,1
f4193b37084d4946bec790557b074b57.jpg,Turkey,TR,39.16591,30.142768,2
bdfae917cba24351b3369f5d2c83609f.jpg,Turkey,TR,39.070042,35.843902,3
8e2a2fb6bb0946f8b04d2fa9bf172220.jpg,Turkey,TR,37.715281,30.255341,4
08f81d5b8ef944f0a6fd6b0dd85fde4e.jpg,Turkey,TR,36.838576,35.627548,0
b881bf105f544303b88b4b1e46a76738.jpg,Turkey,TR,40.049282,43.743256,1
1651d68450934e74b7b747e18afd3033.jpg,Turkey,TR,41.167641,31.930209,2
73dafa7903e64f17a41e53fd899527b4.jpg,Turkey,TR,39.797522,44.10919,3
220fdffbe755474ea4eeb42f6c26da78.jpg,Turkey,TR,41.093368,30.55773,4
a8d703a30e8b49efa91d44456fba6fad.jpg,Turkey,TR,36.103111,32.995598,0
ed91f748076341d8866a1e89a3a8ccaf.jpg,Turkey,TR,41.23063,33.298588,1
9e89b01b908c470180760e3a142b4522.jpg,Turkey,TR,39.701748,32.816398,2
fd7d89845e414e449d8f7863425ca63f.jpg,Turkey,TR,38.371648,42.803309,3
1b7ad5d9e67143bab430a73c33ee514f.jpg,Turkey,TR,40.738613,31.696477,4
39360b399e004ffea55fa7b6ab200388.jpg,Turkey,TR,37.344653,41.349896,0
39fe4220fa1049ee8d4a597b6ff6ccbf.jpg,Turkey,TR,37.253162,34.799557,1
66d47a047638482eb4b09f508bd42903.jpg,Turkey,TR,38.324337,43.18817,2
1b0904044b344722bff1e9364a550025.jpg,Turkey,TR,38.443551,42.320676,3
542c9e88ee344371a84aa947787945c1.jpg,Turkey,TR,36.801284,28.817346,4
7ec6b02c37fc46338cb0775eadaad9e4.jpg,Turkey,TR,40.999268,31.992333,0
485aea047db142a5957bb1a1721ba75f.jpg,Turkey,TR,36.437394,32.209415,1
c7ef6a6c8fd34871b764a14be9f8d184.jpg,Turkey,TR,38.376561,41.088999,2
9be2fe48d4e54702994b76c01d97e668.jpg,Turkey,TR,39.846239,33.450381,3
56f8ccc65be7485ba7f17bac9adacc6e.jpg,Turkey,TR,40.423096,29.27184,4
7a65e4b4e48d45a7af123a8f90d0a8b8.jpg,Turkey,TR,40.912506,40.137344,0
133966395a324eed810d4950322969d3.jpg,Turkey,TR,40.00009,36.115564,1
084ab83b221f41af9be65b0e19070d5d.jpg,Turkey,TR,40.511476,36.146334,2
717f4f13bb3449beb2fcada520f72abe.jpg,Turkey,TR,39.811804,44.085104,3
127815462dc8497dba0696d794c01005.jpg,Turkey,TR,40.716686,31.576032,4
376dce1f90994717aa0ae1516ffcc784.jpg,Turkey,TR,40.727107,35.78075,0
72e12382240c4c40910a637b8f8cc9dd.jpg,Turkey,TR,39.196203,37.27616,1
3c6fd1e5d5844233a5d86f562fd3d00d.jpg,Turkey,TR,38.350516,27.149765,2
fba4dac576fa4b9c8e10e3cc6b23eb86.jpg,Turkey,TR,38.81942,30.691664,3
ac435b3a412643bfbd0560f7ede01c54.jpg,Turkey,TR,36.42827,33.722287,4
f75ff49c27ae4b7792f16dfa1ef4f18f.jpg,Turkey,TR,38.732664,34.052067,0
283f9709b4984877956bad861e0ec733.jpg,Turkey,TR,41.62425,27.171025,1
5f3f8ac7e32c4e2594436525ee2175dd.jpg,Turkey,TR,40.197575,35.666437,2
084b891a39f042a4973b96726321cb85.jpg,Turkey,TR,41.634078,35.516713,3
c442f527b19247fea841a6fdedf7a93a.jpg,Turkey,TR,38.202983,41.098718,4
d2e4bbc972504639bf429d2ba5ef75a9.jpg,Turkey,TR,39.709868,39.592382,0
94050e8baef549b397168d11d1ad3f16.jpg,Turkey,TR,37.994249,30.289767,1
f6cbb626bc3b444aa9f6ce39000a775f.jpg,Turkey,TR,38.34582,40.902182,2
1302d6b04d5b4f0ca17fb063b9bcffbb.jpg,Turkey,TR,37.028802,35.442698,3
bede275a07da45de997102c09566ca90.jpg,Turkey,TR,40.848302,39.652283,4
cacc2db4927a4a8bba8a9ad65484991b.jpg,Turkey,TR,41.111887,30.534268,0
266f71458aa445239711e13ed21c6e89.jpg,Turkey,TR,37.050461,34.940723,1
5d0906eeb0134f6c98e4faeb67846fca.jpg,Turkey,TR,36.632633,29.223868,2
d6a0f59cd0784c67bb80ccb874728739.jpg,Turkey,TR,38.018659,41.775604,3
9399d6a3555b4aaca8cc342cdd65b96f.jpg,Turkey,TR,38.754891,33.083116,4
c57c35d067f648789e6a6e375612db63.jpg,Turkey,TR,39.55974,44.064522,0
c8bc1d669d43430d9b66d057ed0a358b.jpg,Turkey,TR,39.87254,39.256192,1
5cb06e44ee964331853675b314ca40e6.jpg,Turkey,TR,41.090784,36.086901,2
8a450fafdfe242f38d73c2babb8647f2.jpg,Turkey,TR,38.446878,36.473134,3
bcfad9ed2fd64201b4eeccf9cdf6a67e.jpg,Turkey,TR,38.20074,41.09863,4
12e92672d8174b269b32e82bf492aee8.jpg,Turkey,TR,40.521518,36.14152,0
7d1dd1a3f8e24f89990177f889ecc86a.jpg,Turkey,TR,37.229629,39.689374,1
abbe97b3ece547eeb7a065db66730ed7.jpg,Turkey,TR,37.248504,32.212408,2
57222b4a493f48a4b844f6accd88c3aa.jpg,Turkey,TR,37.688848,30.348155,3
a9dbeee1c94341e6952ac18a616132f6.jpg,Turkey,TR,36.968532,35.035434,4
4e75769a7cc44e50a856228996bc86a9.jpg,Turkey,TR,39.292443,29.972252,0
d85d293a48834dc4b2b94e8f2e708000.jpg,Turkey,TR,41.879808,27.988952,1
914c231eb9f14f7ca2e40648783e7d93.jpg,Turkey,TR,38.201675,41.479896,2
74c29e90863e40aa849c8d9f7f384168.jpg,Turkey,TR,39.598656,40.185145,3
3104db88d9b94dd1b28a3272e73de5a5.jpg,Turkey,TR,38.16627,26.818858,4
36d9efdaba9f44168b2baed4f94613d5.jpg,Turkey,TR,37.217957,40.618973,0
3ac6ee702b1e41b48dc575a0cce36b8f.jpg,Turkey,TR,37.854023,32.659016,1
f70e273eee2746eebca72ef434aeffdd.jpg,Turkey,TR,39.547119,43.949012,2
0a76da86a214434e80cc23ce7d97a43e.jpg,Turkey,TR,36.712568,30.560808,3
4923a89129d34ec5a34b2f9351e28371.jpg,Turkey,TR,40.100987,31.035593,4
65c19c790a7a4400ac7c1defb847b069.jpg,Turkey,TR,39.553775,43.913275,0
de173982a11f45368192bc8cd5b125a4.jpg,Turkey,TR,38.447395,42.336896,1
2fdd919955204f36b5397de27e55a472.jpg,Turkey,TR,39.713357,27.801312,2
0068ad409c7c423bb620022c5f839e6e.jpg,Turkey,TR,38.270758,40.9521,3
65e22f9b309b4eb6ba4b780fb5c00f24.jpg,Turkey,TR,39.889285,33.672381,4
66b8f17fce6a4cabbe9f58b067e16314.jpg,Turkey,TR,38.732503,34.052343,0
c623703cedfc4b2cb1d87325305a90f1.jpg,Turkey,TR,41.53093,27.837857,1
16614b11995148c691d78649707f16d3.jpg,Turkey,TR,36.932163,34.957152,2
79e5205d47474c6088fa807b38276711.jpg,Turkey,TR,36.164977,36.135129,3
3a2122af5b5b4974846e54de501eb8a9.jpg,Turkey,TR,38.615044,27.668099,4
0a8fc2744333480ba277d7172bd16f03.jpg,Turkey,TR,38.416976,43.233638,0
2d38f25597174a72bec0615d8454ab46.jpg,Turkey,TR,38.621487,36.439849,1
5f390e3280d84418910d9ef118b33fa2.jpg,Turkey,TR,38.240835,35.099689,2
50fd7caee67d49db90f06e7a25ad954d.jpg,Turkey,TR,39.162499,31.773711,3
29bb92e8379846cd91bf9da8190085d6.jpg,Turkey,TR,36.33455,33.65906,4
53fd539294774fb89a8196db140a7b85.jpg,Turkey,TR,39.609539,40.188321,0
98b9c3176ade4d3286f6142a2bf5e547.jpg,Turkey,TR,37.2329,32.228513,1
5aeb3b8f89604de187aa746d2329713d.jpg,Turkey,TR,41.10023,28.331875,2
a5699c980c654ba291d758dca57448a5.jpg,Turkey,TR,39.554776,40.044032,3
0abc3ea7d98a486ebcff13c3ed682c55.jpg,Turkey,TR,36.924922,35.410655,4
60d2eeb197854bbbb65a1fecedf6a17e.jpg,Turkey,TR,37.953586,34.088633,0
c4da6674ff26447c83f9eb397618ba04.jpg,Turkey,TR,37.308875,35.87748,1
31eef712fa134fa6bf70e3c97f95a85a.jpg,Turkey,TR,39.657087,34.545756,2
de727a6ebb2f49bfa017e8da29529503.jpg,Turkey,TR,40.163973,29.367501,3
37d57266425c44efaafa9398b6a8bc74.jpg,Turkey,TR,39.342938,32.918283,4
38421bfe18d24d78b0c4c40df2003a52.jpg,Turkey,TR,38.251625,40.977917,0
eabae36a4d32440c85c85bb05cfe3bb8.jpg,Turkey,TR,40.10249,35.608901,1
f39eba766a2741018ec8debf4adc9eb7.jpg,Turkey,TR,40.6396,43.140839,2
c580520645124118acd2ad859ae10faa.jpg,Turkey,TR,40.883534,43.009098,3
a2efe4f6611e4143bbb6ee2faca37046.jpg,Turkey,TR,41.441869,31.832301,4
9df38e759f96457b869c1b98abc93681.jpg,Turkey,TR,37.138386,44.34417,0
b08b1eca1a70412bbb87003574df7756.jpg,Turkey,TR,35.967913,36.033367,1
1b0672facf714ee7afcc5b58a3d4f20a.jpg,Turkey,TR,41.361898,26.949945,2
446f1b7e3a3e49a6bcfdfd013f85254b.jpg,Turkey,TR,39.713962,39.583409,3
109cda5b1a794ff9b4812dee091bc63b.jpg,Turkey,TR,38.931003,36.056874,4
dc5bb19a64a74b5aba257d5f4926b4f4.jpg,Turkey,TR,39.549945,43.933988,0
563c17f08908445da1a48b882a99b825.jpg,Turkey,TR,36.858162,34.471225,1
140a60b95e404214b9147f6745bcbd39.jpg,Turkey,TR,37.25257,32.211046,2
c15e2f6601224c76a391202ff85da0df.jpg,Turkey,TR,36.912014,31.125777,3
4e4c3c5c64e6449baa097fee75d5643a.jpg,Turkey,TR,40.99108,37.875621,4
9715c934db4a4683ac8551eb0d18f253.jpg,Turkey,TR,37.544872,27.348618,0
1f3d3c13476a48869f6fe16aa0d4e82b.jpg,Turkey,TR,37.506547,37.00308,1
cf4972cd0b8f4753833ee183def4bd8b.jpg,Turkey,TR,37.755613,32.715222,2
a32ea681d20a4f80b4954753a86fbbf7.jpg,Turkey,TR,38.657967,36.077699,3
520272ed8bd84627bb91edb6316aae41.jpg,Turkey,TR,38.552681,28.61241,4
bfb1491be3d8459ab638bc6df3d7e280.jpg,Turkey,TR,41.917706,34.582727,0
ebb4d43be3a24a85b675caf0b5124cb8.jpg,Turkey,TR,41.100488,28.330175,1
68d7118434904f90bf38f4f796e25adc.jpg,Turkey,TR,37.409408,35.782476,2
86156d46ece941a4aed4a5d03c52661d.jpg,Turkey,TR,37.868841,32.534171,3
5a6c1de5fcfd49aa8f340a3fc47e99b0.jpg,Turkey,TR,41.386869,31.681452,4
37a79e0a0f044c52bc71581ebf665c1a.jpg,Turkey,TR,37.403926,34.868201,0
8e2fe2fc172046f7b7fb20858453a0a9.jpg,Turkey,TR,38.788181,30.524962,1
d62c8e86fa85468890eb665fcdf31fae.jpg,Turkey,TR,36.363819,33.949463,2
8db395c0e4414aabb685035da8d903c9.jpg,Turkey,TR,38.335079,26.895946,3
2159cae3728b468bb0711a3499421a4b.jpg,Turkey,TR,40.500473,30.202935,4
91ac382332d146bb86aa513d8dbe056e.jpg,Turkey,TR,37.928251,41.632534,0
f0ca7e171adb4a929eeb5de7d192b52c.jpg,Turkey,TR,40.983443,34.749593,1
9f37e20e90ba4147bccccf6d018097c8.jpg,Turkey,TR,39.560323,40.03117,2
7c64be6ba89348fe864277ea932d7e2b.jpg,Turkey,TR,39.451542,31.437491,3
b415ab09842847b0bdc812361ceca98d.jpg,Turkey,TR,36.878162,28.636278,4
735c82a8ba924fa985aa9ec20ff0834c.jpg,Turkey,TR,38.155943,41.774301,0
ba43b7debb9d407eafd10641d6c65b2b.jpg,Turkey,TR,38.261159,30.186317,1
c7414a8e3d5b4d6785a88b521d909034.jpg,Turkey,TR,39.658942,39.722094,2
78732f84a3c044d186db05bdbf1df65f.jpg,Turkey,TR,36.252412,29.956167,3
69fc8d6663fd474bb9ea6f518a1f3d62.jpg,Turkey,TR,37.753412,27.272156,4
3ed62907ca514fcfb0000f5344006281.jpg,Turkey,TR,41.146768,37.132505,0
12e979d72dd546b09d39a73c0b0dae28.jpg,Turkey,TR,40.017124,38.604448,1
f391e7bdba4a4e2db0a5e27a4ac7cd68.jpg,Turkey,TR,36.145184,36.210803,2
1ddc0b6ec5c94214bd133012104aa5d8.jpg,Turkey,TR,38.890409,35.594218,3
473622b2912c4d3ab2520aa6c8dea222.jpg,Turkey,TR,37.226503,39.637939,4
4a98b99c0367435fafdc78604f99c3b2.jpg,Turkey,TR,37.045075,37.380866,0
4a90364b7c9c4409b922e3ab4d822d71.jpg,Turkey,TR,37.836392,40.637244,1
ac742eddc36f4e2b8d2052d853858e73.jpg,Turkey,TR,38.336769,26.904546,2
65f06c4bea8d4643aaec53e255037022.jpg,Turkey,TR,36.334401,33.659188,3
7b9d310c25c7427695a62de25f4eab06.jpg,Turkey,TR,39.632693,40.178891,4
eaf7f1c4526a41768e5a2aebb045aba3.jpg,Turkey,TR,40.928778,35.15705,0
e6408bfe9d154277ab314687e8cf6737.jpg,Turkey,TR,37.333767,40.772906,1
b9142ab075114a00aa248de42936d84b.jpg,Turkey,TR,38.391233,43.188035,2
ce3bc244648946f8b60d6b46d683b6a9.jpg,Turkey,TR,41.324308,27.485505,3
acf34b209ebd4c3e84e9821274f8dafe.jpg,Turkey,TR,40.005743,42.21293,4
367b57ff3a8240c2ba513919564c2b2f.jpg,Turkey,TR,39.008833,34.753717,0
06e36eb9d45a42bf8ab912d095d46dd9.jpg,Turkey,TR,38.307038,43.01549,1
0f5aa9c6227d49adab97db2bf087e8fc.jpg,Turkey,TR,38.50802,33.952951,2
f48092e150a34847a6630c58f9cae186.jpg,Turkey,TR,40.81573,30.431976,3
57ec9f1f344148ca8e82a47294d5ee3a.jpg,Turkey,TR,38.190585,34.201296,4
180037e5904545158a714dabc833029d.jpg,Turkey,TR,40.191378,29.106164,0
c78eed6832e645c6b19ad675237305e6.jpg,Turkey,TR,41.566274,33.782703,1
1aed7b2c0a874aad8d6352321f19c27c.jpg,Turkey,TR,38.648827,28.980457,2
34fed141bbd34da396742765e24f9a1d.jpg,Turkey,TR,40.738456,36.231569,3
65234fc0bae8405488a5817d7b25d8a0.jpg,Turkey,TR,36.215915,33.532584,4
28554f757259421b96b0844f188a9af7.jpg,Turkey,TR,37.952784,41.808914,0
75ce1f04b9994d2e819744ef07b4297a.jpg,Turkey,TR,41.023815,37.804793,1
9fcb6798c5b04ba5b17de62279d73aeb.jpg,Turkey,TR,37.832155,40.279438,2
d5cdb7d269e6447787531003e4420328.jpg,Turkey,TR,39.083451,33.903759,3
0fbf5296f7264de8b68bfe4e0a08e599.jpg,Turkey,TR,40.833621,26.632051,4
cfe9b91aafae4b079839f7c64239003d.jpg,Turkey,TR,41.642205,26.7513,0
5b6712b1d271400a96a34348b69ca84d.jpg,Turkey,TR,41.773651,32.477228,1
495fc4b0b54a4bf3b38412f7b66059b5.jpg,Turkey,TR,38.93689,35.59719,2
62e537f97eeb422a90f8ec56a7e424d4.jpg,Turkey,TR,37.101373,38.173689,3
bfafeaa4628b4d999629724fffbb34e0.jpg,Turkey,TR,38.7801,33.64036,4
f1a19dea415c41c59769979b2d1ae2f5.jpg,Turkey,TR,40.92845,40.07226,0
1fa397c197bb455da1b4504675b1a64c.jpg,Turkey,TR,36.362004,33.946935,1
8b304d7d96884817ac6afa503352b72e.jpg,Turkey,TR,38.252545,41.016081,2
dede5e43c889411dab1270a8b3ce1477.jpg,Turkey,TR,41.694752,35.355652,3
6f6f7c34fc404980a4f94e2b63e95dc9.jpg,Turkey,TR,38.928137,36.061165,4
6b5a937fbd4c493da8cb5e40a6362135.jpg,Turkey,TR,38.392576,30.222073,0
742162b854794a449639b9cfcfc96edd.jpg,Turkey,TR,39.740085,42.935207,1
51719672d48649db9799b6b7b0a1beae.jpg,Turkey,TR,38.72754,33.746035,2
4cc110ae61114a2c9e03c003c415a198.jpg,Turkey,TR,40.248216,28.791001,3
65f1a2b2b68f4805b4081a759a550fcb.jpg,Turkey,TR,36.215241,29.649751,4
1c4ba0da46654553b30a078691683afc.jpg,Turkey,TR,38.249584,41.022659,0
db043bb520214f8b9b1b70ee4ee2f322.jpg,Turkey,TR,39.561066,40.029479,1
0cdce1ecd08a484a97ee712f1f439bb0.jpg,Turkey,TR,40.394115,26.870243,2
8fac984f86f543aab683617f425922f4.jpg,Turkey,TR,37.124435,30.541094,3
74748e9324854b528b28e10610d6c567.jpg,Turkey,TR,36.254631,29.769181,4
e6b47c9a811f4e27aefa623bcd1026dd.jpg,France,FR,43.783112,1.428261,0
599c9f4e0ae9445b9b86bad03d3f027d.jpg,France,FR,47.969539,2.282805,1
d7e22294f2784532ab1ca2e65e7daa68.jpg,France,FR,47.89032,-1.581947,2
e5c9cabdf6c84e7a8bc06a446a27f950.jpg,France,FR,45.018352,3.149155,3
0c8be74e4bab40b4bffd8f0add31fde5.jpg,France,FR,45.807773,3.319766,4
0cd592f90b2347c7881e892b18d071d0.jpg,France,FR,43.699774,4.537026,0
be25921fbb684456bd8dd7ca3e31b538.jpg,France,FR,48.554249,-4.703108,1
092df7a0e7c445728c4a3a1dc1155675.jpg,France,FR,46.379075,-0.868508,2
60b6fd0a0e7a44bd8b8f43ca49bc4db7.jpg,France,FR,43.730084,4.062347,3
8483a9fed25b4fc49503f4cff9d08276.jpg,France,FR,49.13933,-1.336914,4
2abe55272f8b4a229dda5886834bb1e1.jpg,France,FR,44.521995,1.29165,0
527cc97356f747b8b321aab5ca6b26e6.jpg,France,FR,45.109586,1.851809,1
b9fcf041977e4f63a5be54db876be38e.jpg,France,FR,49.512464,4.762281,2
c91d1ac25ae44f52b9adb17c98b3eaa8.jpg,France,FR,48.562012,2.196442,3
567b0aee47ba4788b7181c6e3f74bb16.jpg,France,FR,45.151862,-0.805173,4
c0d693614952436ea74d3c2b26e91f95.jpg,France,FR,46.312042,4.961355,0
e87f1a3b641449b89804f973a2f05647.jpg,France,FR,47.327247,-0.709276,1
cc45e30b3d0f4cd29abe20f1e72ed9da.jpg,France,FR,43.380781,6.503368,2
83a19507d52d492bbe84a7a3c55ec0a7.jpg,France,FR,44.419577,2.317002,3
de2e2f7016fa43b2a31921bd25964ad1.jpg,France,FR,48.504377,1.974034,4
2c4bb779391d471ea196c230d81e5c3c.jpg,France,FR,46.612769,0.600643,0
223ad69404974cf995bc5ad82bbb077e.jpg,France,FR,45.191673,4.876267,1
85470a823bf54b6ea17c94a2fa6743b8.jpg,France,FR,47.135668,5.59369,2
426bd2f23e424b968565efaaf561564f.jpg,France,FR,46.465732,-1.299564,3
742f45b0211c44ffb19ad84931ea519c.jpg,France,FR,48.094103,-1.994316,4
92da5af2d43c4ffc9d416efc2f113d15.jpg,France,FR,48.50272,3.771698,0
0b948ec1224a40828702fc9bd63743b5.jpg,France,FR,48.340432,5.404579,1
ef78a27b0c6c49c985164d2daa64b85a.jpg,France,FR,49.338508,1.518027,2
99d00c411f954a97a41a4aa489f7e8cd.jpg,France,FR,43.465404,1.181204,3
bdea466ecc144c3fbb7e73f9d44d7bea.jpg,France,FR,48.509744,-4.765075,4
d763d96e10384cbf95c81b639764bac1.jpg,France,FR,48.610277,-4.533113,0
aa08dfe6a2d24d0d8677e166334aac01.jpg,France,FR,47.220166,-1.833826,1
74b030748835443db95f8617cc88ac21.jpg,France,FR,45.883507,5.989569,2
98cfdb2aa208434098f8212adf0c3def.jpg,France,FR,43.528238,6.927551,3
a50c3e7ec2ee445ba9b3435fc293e083.jpg,France,FR,47.334217,1.992622,4
5c1c7782ce754751965e4147126831b4.jpg,France,FR,47.909911,2.734171,0
4e22f6543150482bac0d9a4ace1e9844.jpg,France,FR,44.048219,-1.009445,1
996060e4403d4681b0e9785c4a16a4e1.jpg,France,FR,42.962556,9.403071,2
afafdfac861941fe8ef351f41deddfa6.jpg,France,FR,48.563927,-2.574114,3
463f96bd224b45d1847d986b3d2e6c94.jpg,France,FR,50.599382,2.158705,4
ce526ae1f9694498b74677760fd87aac.jpg,France,FR,48.36631,7.41699,0
fc6543df8b784598810e2f0d7db9beb2.jpg,France,FR,41.819108,9.402401,1
892b5d598fab44dd8b2c7e4e16a55913.jpg,France,FR,49.111249,5.115409,2
60265652cade4605909ae49d6c02e0a3.jpg,France,FR,46.568469,5.993139,3
df530303e7cf4b1983c889c11de01eaf.jpg,France,FR,48.01381,4.36943,4
6744c32f29444076b8bb2808b1766e4a.jpg,France,FR,47.388925,6.193236,0
937faab21e294ad69009c85dcc58209c.jpg,France,FR,48.1022,0.166088,1
ae66df2ba76746f6a61e2be4cdb4f90d.jpg,France,FR,46.478379,5.688193,2
9d138c3a577146e1ab906d27e2bf916d.jpg,France,FR,48.628972,-4.510165,3
9aca7a456c354b3f80c871c899ab8639.jpg,France,FR,48.530172,-4.620303,4
c06ae66a655c41aa960d916507b21590.jpg,France,FR,45.007202,1.533217,0
283a79a98e8d4b968669495b7df61747.jpg,France,FR,45.845665,-1.156624,1
7e6072eebcf345afb9bffadd467b1a99.jpg,France,FR,49.584025,0.246717,2
2e261e5f2a734464b8e0dfaf200c4b01.jpg,France,FR,44.187302,6.042735,3
37607e5fbc4140d1b5f2323f203df4ef.jpg,France,FR,48.408696,-4.371644,4
fc93fe942cc247969334c3d0ceefcc51.jpg,France,FR,48.3861,-4.761849,0
6358fb0883a0451db289f215e8d8ce54.jpg,France,FR,44.267301,-0.897674,1
f496baf4309f4f4d96accbd82c17bfe3.jpg,France,FR,49.657042,-1.258728,2
7b6a2d3a233e45eca333ee693fc46183.jpg,France,FR,43.877962,7.451246,3
e5be7994848c4059852f9cec1dd443b4.jpg,France,FR,46.117055,4.948186,4
328ec09561bb49d1ac73966ab4fe3564.jpg,France,FR,44.504556,1.04975,0
fa2781d14ec444a39508fca3578100b8.jpg,France,FR,48.1162,-1.969941,1
e13cbfb55de94b0ba825be52225a0c4f.jpg,France,FR,47.890379,3.239056,2
03941a5d67624d7aa8a32f9a1f7fd670.jpg,France,FR,46.190241,2.080769,3
038bf801b12c483c8bbe81ccc36020cc.jpg,France,FR,49.514203,3.765998,4
18259e2d52c640a5af5bd03847d31d70.jpg,France,FR,47.135262,-1.581232,0
035cd460f00e49df849bde4103f3831a.jpg,France,FR,43.463479,1.027612,1
90d7863a04a14f4e86a1fe9d2d3ee6ae.jpg,France,FR,45.223192,2.17973,2
db3e92b434f04a4ea08ce1e11d7c684c.jpg,France,FR,48.625259,7.725444,3
dac2876e989c43a088b06b6f0f2aed77.jpg,France,FR,43.821977,6.897407,4
6a870e5ba8994ac7b7b1d8a4333b8737.jpg,France,FR,47.899736,3.636365,0
764eafc98b77491b8701e5bafcd15bd7.jpg,France,FR,45.976683,5.407342,1
00cdd5e5637641948ccfa56664dddce7.jpg,France,FR,46.297168,3.43746,2
05c49f8abdd745cbad341673486cd0b3.jpg,France,FR,48.341266,-1.720121,3
2288688b3aa94d00a7487dccbe34b2d6.jpg,France,FR,48.378409,6.14214,4
1b1f46f7d36f44ccb6c3f58f93903975.jpg,France,FR,48.570357,6.70657,0
f5502109d8e04eaaaa4506101cf1578f.jpg,France,FR,49.414637,1.04436,1
8b6e8efb7aa647d49896904e62f42637.jpg,France,FR,47.197124,3.979852,2
dd87808f7de9406a809949a835835987.jpg,France,FR,49.71856,0.328706,3
6b5550e8a6e443f7abbb4069e373142b.jpg,France,FR,45.602265,2.727763,4
9fb44ec17dd04116bf242c4b543ab88e.jpg,France,FR,49.523653,-1.872275,0
1c1cdc5c56124a55b494b695cf9a0742.jpg,France,FR,48.476178,-4.58356,1
93ea97e4cd8b4363bb74f29874feb00c.jpg,France,FR,44.204107,-1.214225,2
cd2fd4010abb45e89e30cd53fdfaf604.jpg,France,FR,48.062061,-1.977106,3
1d7febd628364cc09edfadbcfef326a8.jpg,France,FR,43.666115,-0.964898,4
ab27273934414b7ca0bb4b3fda369fa1.jpg,France,FR,47.544324,-0.607768,0
5ff6ce99335c40b5bcf59703c4685f4e.jpg,France,FR,45.946213,0.439878,1
bd810c760f6e4bfba13233aa5c8b23e7.jpg,France,FR,45.697205,3.748992,2
5b0d51b0ce874772b10305c5f5808841.jpg,France,FR,46.172395,5.288663,3
083559d1008249b1b9e874df157b3342.jpg,France,FR,42.285407,9.121775,4
12300aa85851487ab61580acf2aff771.jpg,France,FR,44.483317,-1.075284,0
88c68f5e6ba14604a94fbdbe69a21d84.jpg,France,FR,43.707494,-1.020366,1
97936f3ec24f40d09434544b941e9c31.jpg,France,FR,46.622256,2.556343,2
394b5c075deb436da61911ff8d69e334.jpg,France,FR,46.607638,0.604418,3
b3ba11f561164d42bcfa0efe2a62f076.jpg,France,FR,49.1336,2.53424,4
cc5ba81578c74f6d81883334be939568.jpg,France,FR,42.518416,9.397703,0
bed8c29f30bc4399a43c0fb5c7bc322e.jpg,France,FR,49.29135,2.453289,1
a0c28c311bea41db857778ec0d7580bb.jpg,France,FR,47.950927,4.152887,2
9c33f359a5c2499b997d947248a03255.jpg,France,FR,43.442281,6.078668,3
898be4c2ea314797a20881c849417516.jpg,France,FR,48.342153,-4.576636,4
3bab09815fab45c5b42c95216a7d4f21.jpg,France,FR,47.852602,3.597091,0
cf1763cb5b244a0ba9ff89d86963989b.jpg,France,FR,44.63269,-1.160036,1
dac5111c6291408896efa1a31755b55f.jpg,France,FR,49.468833,-1.789601,2
c7e80631aff64214adac0c944cf05ba2.jpg,France,FR,44.10611,-0.284358,3
b96f8daf530243dc875b3af5813e4793.jpg,France,FR,42.172352,9.528403,4
56024755a6e54192b5a4f604fc11d38e.jpg,France,FR,42.954593,0.377998,0
fc9dec5428e34346ad8a5223b24684f1.jpg,France,FR,49.688398,0.545141,1
3164a981332644cba01457a90ec3f99a.jpg,France,FR,49.115878,1.867653,2
a641b93d23574405ae2dc7e20d8d9657.jpg,France,FR,43.402961,6.281749,3
c063b290cf8f479e9753733f1a9a6255.jpg,France,FR,44.410575,-1.074512,4
b21efdeba37d49c2a239f9ecf27f997c.jpg,France,FR,44.638568,-0.840848,0
54bbbd38b4f94245a4063e2160861e0b.jpg,France,FR,41.824636,9.402043,1
d9f30b8a022a45efa4ffe33fa2aec1c5.jpg,France,FR,46.185313,-0.979341,2
2153389cb20c4fed93d65793e73c0634.jpg,France,FR,41.906117,8.67474,3
71161654ea7347f7ae3c29e8d2b9fdd7.jpg,France,FR,48.99436,6.454724,4
635770ffb73c4e369a11221eb39012d5.jpg,France,FR,46.849925,5.914687,0
b3a73f630e7644b7bebf873ec8d6267e.jpg,France,FR,43.490688,5.662337,1
480a6a8fe6ed4b87a608c55d8af48f2c.jpg,France,FR,48.740637,5.942791,2
8a36dd7cdf6e4ed58dca0f67556942b2.jpg,France,FR,43.398501,3.354541,3
f6b263cb722e47998e76bd8613e9597e.jpg,France,FR,47.279471,3.86013,4
5f7f46d6eb534026870aed501fc48923.jpg,France,FR,44.133625,6.13159,0
0113aa74ccb4409fb4788ddb41c60d6a.jpg,France,FR,43.1632,-0.109384,1
f1f1a71ba41349a49503dfda4d4698df.jpg,France,FR,46.087008,4.087836,2
cc72ee919f1d4a949e246c91ebe0b049.jpg,France,FR,48.546943,-4.505528,3
cfc552076f0c449798c317fe5c58651d.jpg,France,FR,45.14525,0.056276,4
2f1d670716c246e79e2806c7689e0946.jpg,France,FR,46.827573,6.091404,0
988b58f2e4ca4fc4abd06c10fa1a9d39.jpg,France,FR,44.239722,0.59674,1
229c46e271b84571a1fb9af42e33e5f7.jpg,France,FR,48.132692,5.197337,2
a500be2f72214120b09f478b0b64cd74.jpg,France,FR,49.211842,2.369643,3
d7b9370f2dba42de9df9c0a4083320a3.jpg,France,FR,45.144669,-0.479978,4
624f4a5b61f04e2db9e2958c8efa9fdf.jpg,France,FR,43.665106,0.566328,0
7333223877424f71a5bf5d0f2367d95f.jpg,France,FR,43.513348,-1.090258,1
9e23789201d8447bbbae906c16e7061b.jpg,France,FR,44.227046,4.80048,2
69a888cb3c934cbba3d699469f51e5fa.jpg,France,FR,43.582194,6.635795,3
ed42862a86db468f8b25f92bed305fc7.jpg,France,FR,47.654714,-3.025495,4
ef57497d73ef421387fcaf3a0abc1d00.jpg,France,FR,44.530403,-1.014092,0
1a2d4d75af034f8fbd4d5bee0c247d56.jpg,France,FR,44.511916,-1.235432,1
12d00d3d760544a8851aa838de407b45.jpg,France,FR,49.655349,-1.416967,2
f1b03314b6214160bc89cbbea75f35f9.jpg,France,FR,42.198207,8.63871,3
089c554c5cdb4639a09c077054540de9.jpg,France,FR,48.735921,2.986122,4
52b003f372a94a718d5c76e42de0c230.jpg,France,FR,47.254909,1.935427,0
9e5f3c45a8a148458c60cc43aa210743.jpg,France,FR,49.141765,0.213753,1
9d70865a071b4bbab988d5345f98f1ae.jpg,France,FR,46.234088,-1.018614,2
6c4ef433cc144fc2972f280ccc759944.jpg,France,FR,50.116599,1.865785,3
ff62d6c676af45bd945c67654f99b9b9.jpg,France,FR,46.404639,3.311373,4
78a41041092143dba884d4dd7ed374f0.jpg,France,FR,43.397685,6.311381,0
b9555b3ebcbd4ef98eb64a2d70ebfbea.jpg,France,FR,43.994231,1.124698,1
5465a6ea8db84d328214645a7784c1d9.jpg,France,FR,48.585429,6.44637,2
eeed583d81f04ddfb8d3e61d41077dc9.jpg,France,FR,48.21973,-3.990445,3
1545e62f0ba14e3495e31a2d1d7975d7.jpg,France,FR,45.661635,4.85752,4
c4d84d2520714c3fa5669617b24b0559.jpg,France,FR,41.634377,9.231767,0
b28e3bb7678343489730baf28a773735.jpg,France,FR,44.053625,0.200031,1
f3803cce03464517b7c2c6534e549bf4.jpg,France,FR,48.524769,6.227074,2
70109bbfc52b49dba44652a7be5becef.jpg,France,FR,43.262292,0.504415,3
4ff89b0525524252a0a9ee236d70b641.jpg,France,FR,43.755638,6.219259,4
e128093b74e3458f87193df182897ef4.jpg,France,FR,43.985798,5.928253,0
368788d50299444f911814b27bd52c05.jpg,France,FR,43.467876,3.342624,1
f4437b6c06d545fe877f4ee4cbb639ee.jpg,France,FR,49.28419,0.087559,2
12a6c57904834e9d89674b74d52abbd4.jpg,France,FR,49.241383,0.099733,3
ecc1bccb8bb9414880747b39cf339578.jpg,France,FR,44.154292,-1.011627,4
a9ca233b654248ce8700d14917c28ec0.jpg,France,FR,48.630405,-4.518757,0
acef0f908662468bbda90a638538a55e.jpg,France,FR,43.342539,6.697776,1
c15ed40732fe4832a425b5dfd485ea6b.jpg,France,FR,49.029692,7.915394,2
5e1a285c7650486da470b4a7f40461e6.jpg,France,FR,49.378158,3.368019,3
c3fd2f6c067b4e17bb529d9dad998185.jpg,France,FR,46.120697,3.522057,4
e533c1825f7d44be99bdfbfded44ea5c.jpg,France,FR,50.152868,2.486335,0
81bd9a992eca4060bfb76d37b87cdf2b.jpg,France,FR,48.14346,0.972931,1
07d8124eb0724df0aad37210bfaffdb1.jpg,France,FR,42.108165,8.659787,2
6a8981dc9a8641c5b9bf70cacb03b945.jpg,France,FR,47.776098,1.75054,3
21217e8321eb47fbace4c5edce87956a.jpg,France,FR,42.466604,9.208585,4
575fc48001e3420b9035e6bd2745e707.jpg,France,FR,43.597519,6.857185,0
b53e0b4eeae546f5a7db6856cd8476bd.jpg,France,FR,41.980368,8.720721,1
cd45dae97a62460ebfb80c62b66a6dfb.jpg,France,FR,46.196292,1.788028,2
9450923063724607b9e63e6b12c6d5dc.jpg,France,FR,43.752959,-1.380459,3
22d92b62491146ef9f6a7add2d1b0d69.jpg,France,FR,49.364641,-1.187889,4
2b4b56a6392e45b38031f72b6d0961e5.jpg,France,FR,48.62322,-4.54218,0
e92d7e67020f46e7bd1b3218091f745f.jpg,France,FR,46.504489,3.818491,1
c80f65ac207d4748a66287a06635bfeb.jpg,France,FR,47.107156,0.313831,2
32b8a6c154f2409eb197eeed5b78a85c.jpg,France,FR,50.156859,1.739208,3
0742eee3051f4845a6bf8724b9d87ca2.jpg,France,FR,49.303198,-1.458641,4
f1dacb1de0f74cbd9898b6e45a84bdbb.jpg,France,FR,46.829666,-0.247771,0
aea72eb765b6413ca755daf9dfa660b2.jpg,France,FR,47.525681,3.684241,1
5f2bccba885c4203ae84b284015fe6b4.jpg,France,FR,48.180685,-2.23578,2
115a47a1e3f84de8bed84e5fbeff504a.jpg,France,FR,48.792682,1.194648,3
dd96254a382f42ffbad18fe733478f20.jpg,France,FR,48.062521,7.038664,4
855deee512564501b269ddd347c850fd.jpg,France,FR,50.198954,3.252086,0
5db52c01edb0470b8e77d4a9de7a6d30.jpg,France,FR,48.498506,-4.538353,1
6820d0b38f434d939259406a51c5dd69.jpg,France,FR,46.267917,4.072018,2
c1707e471abc4e8aaa7d32836fa53097.jpg,France,FR,45.993767,4.370182,3
e31c4de57f544851b48b376d3eda0a4e.jpg,France,FR,43.142729,0.424442,4
572d922c07f546bcab3f6903752c930c.jpg,France,FR,41.587986,9.304393,0
e9d5fe63ea854cbdbbb2211c8b51aa22.jpg,France,FR,47.548604,-2.07733,1
4c9a76f251bf4e6189816caa683fe080.jpg,France,FR,49.422375,1.05173,2
1a066a1e75b845faa4da86c89327b1de.jpg,France,FR,43.137602,-0.085371,3
1f60d168012146609615a55c035f07e4.jpg,France,FR,47.033685,5.825506,4
86237b3ba1e94b32a501914e1e6df196.jpg,France,FR,46.921401,4.192012,0
5961168b52474abe9b7745398d27c78f.jpg,France,FR,42.496652,9.470414,1
8ff3b5ffe99d48a78fd91af3afa21650.jpg,France,FR,44.486302,-1.072024,2
c3f74d2cc2184f7895e6433ea69e230c.jpg,France,FR,45.197348,0.158143,3
7d361abeb07c4c85b55751e9a56ace74.jpg,France,FR,50.284515,3.662148,4
915a592ca6734faab8c7cc5fcc67b79a.jpg,France,FR,46.128702,1.434443,0
c0a932d776d343dab249ea95682eab48.jpg,France,FR,45.520643,-0.861232,1
f376399f3e0c43329dbc62cd310be014.jpg,France,FR,45.658693,5.615884,2
71f6aa266fce40219033c5fb15186272.jpg,France,FR,44.807269,3.680699,3
807dcb258ca04609988d53bea6e4e178.jpg,France,FR,50.90448,1.80958,4
c23e6b05dc474cebb4b21294bf7d8bdb.jpg,France,FR,43.758281,-1.394736,0
0052dcb578f74ec9b8915d16979c8ae3.jpg,France,FR,47.520819,4.324779,1
32dff61c4fd64aa3a80024730ad5a669.jpg,France,FR,48.029955,-4.612747,2
96f2b35248784c69bf54c584af9e7de7.jpg,France,FR,48.191396,3.449985,3
c16f83ba3fa44021844d7aec069b42e0.jpg,France,FR,50.247775,2.997336,4
705767761e4a4146a5e91569fa85f9a2.jpg,France,FR,45.964968,0.809058,0
767ecddb4c1447f699a2810ae005bd92.jpg,France,FR,47.212777,0.071246,1
84ef7cdd77cf4a12b2584c45101e4989.jpg,France,FR,43.769003,5.406966,2
42b70fce68a84a7cb4ff84324302e97c.jpg,France,FR,45.003431,2.555257,3
6bcc2ee6758e4882af9d30be50269f5d.jpg,France,FR,48.79919,7.819093,4
e39062e6555345ba8bd2c517126fe251.jpg,France,FR,43.682663,5.095597,0
66af189368cb4dd09a131f7d084458e3.jpg,France,FR,47.33744,1.702782,1
6995a507f22e4fa48f6ec689ab6fca70.jpg,France,FR,44.606244,1.960639,2
ef60e63afaee4f8e918194c68a22329d.jpg,France,FR,43.36477,3.17846,3
e71cd9e988c94079bd799c22229bd627.jpg,France,FR,42.506531,2.651461,4
9b0c3014fd5e450a9b7ddf442492681d.jpg,France,FR,45.374621,-1.08086,0
be059905e0e04f269a270ffc0ffcad52.jpg,France,FR,49.029153,-1.435479,1
328863523e434191b8bc9d2dba9e86d5.jpg,France,FR,45.332094,-0.249805,2
aa16155c3e7c4cb7a43978467bec4bae.jpg,France,FR,47.030354,5.550213,3
93b5b1fedc084d48b91e1b21babeeea1.jpg,France,FR,44.649895,6.62544,4
d66cae0cdfd44aae8683ad77ae793033.jpg,France,FR,44.448475,-1.244972,0
b464c2bce652483a9221b3055640f460.jpg,France,FR,41.652348,8.932397,1
9eb71003b917432bbdb15dacb395d66b.jpg,France,FR,50.202248,3.782629,2
1e1f6245faa042c1bbf23907002a7223.jpg,France,FR,48.387093,2.125488,3
521af041d9ee43808604bec39a11560e.jpg,France,FR,44.554741,1.100156,4
4d51735b36d144259796cbb18fb7c2f1.jpg,France,FR,49.186167,5.809514,0
c1b18121ada14123a2f407a973864551.jpg,France,FR,44.925971,4.920953,1
c7070ce4ab65457080a3439a605978b8.jpg,France,FR,49.82919,0.912648,2
3a56ee5181a34a5ea936d4fd4bbcf9c2.jpg,France,FR,43.64486,1.217469,3
af9f915b1cf64f08b31013fae3e59a34.jpg,France,FR,44.545985,2.715446,4
87e0f862bb4d4bbda443ea27beab015a.jpg,France,FR,45.69699,5.178455,0
649da26c10f24437afdc9861a3029962.jpg,France,FR,43.64727,-0.906021,1
571d9d34d25548d59b6720b1e018a96f.jpg,France,FR,48.367242,-3.789908,2
93dac9dbcb3c417194fdafc9eaad493f.jpg,France,FR,48.148855,-4.235381,3
7ca709b1cc044107a24911e34f9b22d6.jpg,France,FR,45.134991,0.538277,4
0921848fae494c73b87e661567872aa9.jpg,France,FR,48.358327,3.984238,0
5514d3f041cb470a8541c45557e46b6d.jpg,France,FR,47.139572,6.277155,1
ee23fefc63fb432c9e16b460da8a764d.jpg,France,FR,45.053917,1.020083,2
d920fe6ea4ab4f64822baab4ee837c93.jpg,France,FR,49.387939,-0.963889,3
cb8923c8acc84a95a424d7e3e57e602a.jpg,France,FR,44.628297,-1.15735,4
769681295eb04c599faf575c3bb0d36e.jpg,France,FR,43.730772,6.453559,0
ae3f285d33c141f091ebd9e7c7676a9b.jpg,France,FR,48.90494,7.70726,1
1b85adf59f84480caea8b35a6ae5ae0a.jpg,France,FR,45.529555,4.516941,2
dfc84d576af94706a678e8dafc9c89e0.jpg,France,FR,45.8433,-1.151418,3
81b0e55831024a5ba5b6d80bb77f08b8.jpg,France,FR,43.786895,-0.936213,4
aabd27d762b54ff69fd449575511e5bc.jpg,France,FR,42.621449,1.822425,0
89a3986f147b45f0a56fb93a53ffa39a.jpg,France,FR,48.302319,4.334165,1
a8607b0d86a54ce7958d2ac409504d4e.jpg,France,FR,44.237495,-1.128811,2
7311fa286be44b2f9dfd63708d2a8789.jpg,France,FR,43.719975,-0.392368,3
787a2f1cddb7494eabafefee6999ffa4.jpg,France,FR,44.942239,6.568655,4
eefb228d74a047a7ba4998050108756c.jpg,France,FR,42.90757,1.39537,0
5ebcdd48025e4a5b87402f77337537de.jpg,France,FR,43.441053,6.850058,1
7994cac6893f4d8d8f91be4917182731.jpg,France,FR,48.504838,-4.755796,2
df73d6906ff14f538d477e1ceceeb427.jpg,France,FR,42.463386,9.496508,3
0b94862c0f894281880e6915e9ea209d.jpg,France,FR,44.377523,-0.841028,4
b4ca5edc13054302abedcc1c2c2e6bca.jpg,France,FR,48.999284,2.136712,0
19a7173a47744df6b5dd38d2d3bdb06c.jpg,France,FR,45.275223,-0.876055,1
d02f063c6592477095e73dcb5f759013.jpg,France,FR,42.20833,8.65199,2
8420d0068fd84fe1b8f0f66e68b5c0ef.jpg,France,FR,50.045754,3.229318,3
e655543866614e10ab37d206f6608ab7.jpg,France,FR,47.520222,3.541332,4
bc876a8de7a6492f9340a97c24f37412.jpg,France,FR,47.774509,-1.35045,0
64203472b62d495bbe28ea6f5b2c01d3.jpg,France,FR,48.067272,-4.568772,1
cde05db22b3943e4ac3cb2800590450a.jpg,France,FR,43.040346,2.834333,2
e8d9732ee0094c1284d572ba831620bc.jpg,France,FR,46.610421,-1.635159,3
6310e81d76bc40eaa7192d764bcb2a5c.jpg,France,FR,47.30832,4.112524,4
4b7c752148134669b42dd1c7456166fc.jpg,France,FR,45.74292,-0.853386,0
6cc884794520433fb41bb8cfa5dc30b2.jpg,France,FR,50.822033,2.670371,1
6fa7dd1011d749049a55267d03526ec5.jpg,France,FR,43.613065,0.944861,2
35011443f9994eecb4b3ad733fd29df4.jpg,France,FR,44.170441,0.008377,3
7e6fb5afbfc94871b5f7faa17e527e31.jpg,France,FR,50.545104,2.475844,4
f97dae741bcd45ed936295e56274bf90.jpg,France,FR,43.761831,1.233119,0
5957c0f81e9d423f98ea55901a5931bd.jpg,France,FR,46.556241,4.366981,1
25776ceaa1c6415d9a971196a6279c87.jpg,France,FR,49.115787,6.918481,2
3d299037fa3b491c9520af4faf33f5c7.jpg,France,FR,45.22711,-0.57373,3
ec18bec59c554cb783f21c13baacc3fe.jpg,France,FR,43.362421,4.872172,4
aaa6ab9fb8594600986f73bbef29fdd8.jpg,France,FR,44.146276,-0.873696,0
705b29a6c07949b892bd9400d3f9ce9c.jpg,France,FR,48.460255,-4.580968,1
fae676f29f5b48c4bd636898ad5e4073.jpg,France,FR,47.5104,3.741117,2
f3d68ea3767b4336b1a0e81267832c95.jpg,France,FR,47.101527,5.556237,3
277b972635804cab851bf4fe1e29895a.jpg,France,FR,44.573644,2.158079,4
826c26d42671428786912e8f586ffe0f.jpg,France,FR,43.710767,5.597279,0
da7750ac57854d98bb101cd27f1fdb28.jpg,France,FR,49.450707,5.882982,1
4ad6b7a10f9e481b97cc502b8823fe94.jpg,France,FR,47.922951,-1.426644,2
3330bf71cbbb495c861c8bae65422ac8.jpg,France,FR,44.614127,-1.103238,3
6ab7874e912e495e81b30fa807607cd0.jpg,France,FR,41.644318,9.211905,4
7765dd6681d148889c59212ddc374fff.jpg,France,FR,46.438084,1.08089,0
77373c9a3b754c5294e988812b0a3509.jpg,France,FR,43.941326,5.057642,1
254f93ba7645404cba8b06bcf2504c0b.jpg,France,FR,45.775945,3.739319,2
9f1f17c4c52b41b186da514dc9dd386c.jpg,France,FR,45.977121,1.431962,3
beff8cbd059c4c7990ae07972070fff9.jpg,France,FR,46.510408,0.158576,4
3962200b48df4041940da0c61143b68c.jpg,France,FR,42.985131,2.973048,0
2fcc58a5d46a4141b14dd5b54e30d28a.jpg,France,FR,43.776769,-0.945641,1
3d0fd437fe1e4b809e2c3868a833e6b4.jpg,France,FR,49.530902,4.421843,2
f0d788e624f74c90b873eb9f2a61e2eb.jpg,France,FR,44.955045,4.687367,3
c20f191ac19647bea1ff87a54dfc3557.jpg,France,FR,48.128184,-2.178469,4
18bea262518c4d31923af173066355f7.jpg,France,FR,49.302571,-1.263666,0
a27201a08b8345e0ab4d618fea81aa81.jpg,France,FR,44.161989,-1.078002,1
b64160e1a87d4ce0bd269d234f1a2346.jpg,France,FR,47.337348,6.184774,2
2238967145884c64b6dc60966f551776.jpg,France,FR,43.951631,5.046759,3
86d9ae910e0e462797a87e642e53a8f0.jpg,France,FR,41.740019,9.405671,4
59fdc5f34a554c549a7b5fb7f83a32b8.jpg,France,FR,47.908792,3.510844,0
1c5edc1d492647f19272d95beb286f9e.jpg,France,FR,50.323721,3.769712,1
7d930ded78284deba94055f3b167ee4d.jpg,France,FR,49.150955,0.770498,2
e68089a29bc84c34a94825c25b9aa18f.jpg,France,FR,43.701882,5.582655,3
2d36fb18aef64d94b6e17eaf0fb9ef9a.jpg,France,FR,44.55499,5.872598,4
9664cd04a2b148ad94f8b4f617ba3243.jpg,France,FR,50.177156,2.795795,0
176daf1daaf942b0bd476d91426cb4cc.jpg,France,FR,49.1228,-1.503591,1
7e90abd8b7c748bfa8deac81523eb212.jpg,France,FR,45.024511,1.977663,2
9bda7fa8204e4bacb525bf359ca8ffcb.jpg,France,FR,44.986662,-0.745127,3
f7efa2cf5bc14535bc15b5861223ffa2.jpg,France,FR,44.06645,7.589423,4
4257940f54884ebcb4398c016596f22f.jpg,France,FR,48.371873,2.388112,0
d5955d3cc9e04af1836a5a54d1b96e77.jpg,France,FR,42.092946,9.513861,1
39cdc7ffa3584c5fb13a2be15ceb1e90.jpg,France,FR,47.534837,1.307801,2
4e7a1c06072f4d7b811f4c6f092629c7.jpg,France,FR,44.562195,0.905743,3
5aa61e5cd5ed4ad281ffc0536e31cece.jpg,France,FR,48.549198,-4.704527,4
f38dd826c88c458bbe427964395be82b.jpg,France,FR,48.555877,-3.355627,0
955f565b4f214175bbbcac9ac5b5e204.jpg,France,FR,49.941339,3.242309,1
3aaa7e9874cc489ea3ab48734b0e8dd1.jpg,France,FR,47.882254,-1.584929,2
b8746a4f792b4dd9a15c77abfdc5bc2e.jpg,France,FR,46.445537,-0.035939,3
5b4264cee895439b851d79c249ca6f80.jpg,France,FR,43.683212,4.590902,4
8269bdebf4bf4bcebda1ce8441a9fd05.jpg,France,FR,48.012617,3.848722,0
1fa9f102bbbc492a9731cb6e289a4c38.jpg,France,FR,43.971117,-1.063066,1
5a8417a81ed34829b0ee850d5894ee12.jpg,France,FR,41.594061,9.324456,2
a4de410b253f40fb94c4a4803d425b93.jpg,France,FR,42.976644,0.708042,3
d03e9eef7574451c88dc51cd51cc6932.jpg,France,FR,46.161105,0.171344,4
a643279f490f440d901d976c6efac3fb.jpg,France,FR,43.457623,5.007839,0
e15eb196ec6b405584cee70c4c9e2152.jpg,France,FR,48.649486,-4.430597,1
17a32fc73eba4e73b7b2e951478be6c1.jpg,France,FR,44.439159,-1.126209,2
a854564dac9e4d00858900406d5492d2.jpg,France,FR,45.689551,-1.021596,3
e0b5239d5ad74edca1d186c9011a5642.jpg,France,FR,48.865113,6.231911,4
d5b298b91ef94878b64f192be42c0c93.jpg,France,FR,41.82091,9.403181,0
f59f71d433e84de6b84efe6b8b8e0ce4.jpg,France,FR,44.881332,-0.662645,1
0c1766c4c21a4c2593bf42ff8a138b0b.jpg,France,FR,47.842127,2.686006,2
8a0b988c6f1c481485ce3580a94e07d6.jpg,France,FR,48.353309,-4.70012,3
38b074750cc64304adfdc54ca297e7fd.jpg,France,FR,49.079918,6.059378,4
ff17918215de4a378dbde8f4c8991567.jpg,France,FR,43.992367,4.336861,0
9a7c81e35bf14e5c9bbc6f5e971c6423.jpg,France,FR,46.996654,5.695692,1
27905a13f00b4be88edfbfc95f7f6e83.jpg,France,FR,46.239396,-0.073219,2
16b2c929d3bf4df49c5da8203ed5e688.jpg,France,FR,46.348986,0.186287,3
4ad004538b2e4fbe952538306938c788.jpg,France,FR,46.375004,5.971699,4
29b9ea2cf7114b288bc40f146c6c4650.jpg,France,FR,49.538693,-1.708243,0
67faed969a8745db90ba1a21943b83d9.jpg,France,FR,48.177673,3.113227,1
aa14a237a34e409eaa7add6551292e6a.jpg,France,FR,41.744882,9.405779,2
3a4d360b55464cff8354ec48adacca32.jpg,France,FR,48.520419,-4.581541,3
1fc6d892c8bb486ba1d3e27ae40b5b0d.jpg,France,FR,44.642677,-0.978022,4
776a06a1f2bd42eaaf109bf778defec2.jpg,France,FR,47.444971,0.47852,0
3bb8647619084fbaa27d1f8f82484fa8.jpg,France,FR,47.677672,2.149171,1
499b01c4c5e54b718440706dbe7bd68f.jpg,France,FR,45.679567,-0.897135,2
f360d4373eec4e04889762cd021327b4.jpg,France,FR,47.993644,-1.201938,3
2b67683d63914075b8e48bdc9aeaf34f.jpg,France,FR,47.943643,0.277282,4
6ff9604b2c6f4c279189bf95e00f7d5b.jpg,France,FR,43.600697,-0.800645,0
4d190a3d71c443e7ab182afc66d44e7f.jpg,France,FR,46.332186,-1.074603,1
59b7d847368f40a3900d191183199310.jpg,France,FR,45.519761,2.603041,2
1e8ed4a0b60d4bd1afcbc210dab23912.jpg,France,FR,45.363684,6.519744,3
0f59fc7a0dc846c8bd63e9fa76dff23e.jpg,France,FR,44.848998,0.939576,4
549272161d7a4487bc4545a7882d4e10.jpg,France,FR,47.958474,7.392711,0
d7a14f2df20447d08ddc4d4224cf40f9.jpg,France,FR,41.566957,9.273613,1
8741e9847a24405f988516d410c5a381.jpg,France,FR,47.76826,3.936872,2
acbd209369aa42769e5471b3659e8dbf.jpg,France,FR,44.350657,5.046733,3
7ad2794fd7294302900ee5b7589c771c.jpg,France,FR,50.796974,2.746503,4
e8a8a58c548040d6822e5fa37e0bee25.jpg,France,FR,44.085089,-1.001165,0
f98914ebb264432caa11639813b1529c.jpg,France,FR,46.98522,5.146732,1
a0b730c0362c4f0c99b2da3c0313e7bb.jpg,France,FR,48.229456,-4.502675,2
a1655ef6b49143d3bb8ffa99fcc1f350.jpg,France,FR,44.086921,-1.000352,3
a2a687703be049c5b35b30c52909f098.jpg,France,FR,44.500189,-1.053215,4
57bdf2b5e4e54df4ae193a60e0bb74ba.jpg,France,FR,45.702243,5.121857,0
2642c0ff4ae94b7195b3d09fb30125f1.jpg,France,FR,46.278553,0.173905,1
1bad4101a9704916b5ed99fabb4f3274.jpg,France,FR,43.941183,5.05781,2
9a3c3805121245bfb94e6947657d5fa1.jpg,France,FR,46.601816,5.636847,3
6983441be7754cae86de9d590f17f8e8.jpg,France,FR,42.086544,9.496937,4
062ba9f2d82841ec93fc441df69677e2.jpg,France,FR,44.650906,2.271396,0
fdbf4ab79c0848fc893146d68ff76d3f.jpg,France,FR,49.994325,1.737158,1
1741d9a65d9442d890f35d0cd20ca2b2.jpg,France,FR,42.02809,9.414713,2
ead7386dd36b4cc9a33ebc59762f9f35.jpg,France,FR,49.096856,6.142576,3
1c54c1e093e94a4d9792cf8531f037e6.jpg,France,FR,48.773356,-1.540852,4
92fe8db89c54424c9657095a432ff42c.jpg,France,FR,48.598309,-2.824497,0
538ccd1f839b4cb9aa494fe6756d99fe.jpg,France,FR,45.953445,-0.554727,1
cd4a2a557bc14c6b815691f639af85e4.jpg,France,FR,49.53202,5.827367,2
54bce5d230424a27823776ccf4c58a91.jpg,France,FR,48.529572,-4.619243,3
35dfe69ab56b4902a9c321ff21ce94a3.jpg,France,FR,48.47549,-4.579769,4
33fc26d6804742aa80a577bbb9d02e3f.jpg,France,FR,43.364337,3.178118,0
3a3ea0adcd7947a4966d0c8293157472.jpg,France,FR,48.278033,-4.30159,1
7b4da6161742429d854eac27c55ae81e.jpg,France,FR,43.811529,-1.370474,2
44f9cf2a6d034405af3efa95f93671fc.jpg,France,FR,48.572167,-4.666586,3
b7b0f85f6f7045f68082dae2e349b2d2.jpg,France,FR,43.644337,-0.894385,4
40da82d5f8624c0dbb39d125efaadfd2.jpg,France,FR,47.712332,-3.472722,0
33d09338b5e44b5fbce47689505392c0.jpg,France,FR,47.189441,0.105315,1
95b28029738649aab4507ed86d07672d.jpg,France,FR,43.571669,3.980269,2
df8e35815d304ee7a46d7a57d58bbd22.jpg,France,FR,47.338047,1.701208,3
97bfc1630d6142979a021b95f1ec6313.jpg,France,FR,47.944255,-1.229127,4
299409f7bdac4c92ae82331e3c71cac0.jpg,France,FR,43.961609,6.494882,0
ec869fc071d542b6a8984839ab18cab2.jpg,France,FR,45.864535,-1.198733,1
06fd0f32794b416786715a1c32605833.jpg,France,FR,44.420501,4.868979,2
b122ab66323c43adae37e5388ef75905.jpg,France,FR,45.212192,2.825538,3
98a80b6752d84bacb8e27a41c7fcb446.jpg,France,FR,45.807284,3.535326,4
5fdeb49503d34ac0b862c2f4b8777baf.jpg,France,FR,43.570236,6.126872,0
c1540adcd0114f5aa1b2593eacc4cccf.jpg,France,FR,47.761046,2.5202,1
ed8e6fef5db9441aa4eeb7b9a235d3f4.jpg,France,FR,44.861058,1.56494,2
e2b002765a404cdba073d0effbb7ea0b.jpg,France,FR,44.751957,4.868869,3
4b7362c646c14b13b26c6937fff9ad5a.jpg,France,FR,43.504551,1.149117,4
e6e15c62b0bf4246b925c06685c9e14b.jpg,France,FR,48.231975,-4.500228,0
7fc05dd939b5441ba688c79eff9afb7e.jpg,France,FR,48.388625,-4.630203,1
d2888e4d91de4d398ddf25f3145a97c3.jpg,France,FR,47.213943,5.294785,2
ed55d6b72f9940d1865c23679da3e064.jpg,France,FR,49.257578,0.053076,3
c994ecda902244fbab270a75cf906e70.jpg,France,FR,48.432297,-4.500673,4
415b613eb9b641a6adbf1a849541b4e4.jpg,France,FR,43.408601,6.02898,0
7f224d375dbe4f949d193725f00831a8.jpg,France,FR,43.802707,-1.379171,1
18a889c525ac4c9a80c21f3712437eab.jpg,France,FR,44.51101,-1.235219,2
70ec5e501b1b47bd89df146dbd1f3386.jpg,France,FR,48.498398,-4.506924,3
386209f926f145649276f752f982e763.jpg,France,FR,48.258588,-4.621273,4
c0afda8114094f58b0db52fdd5c6207f.jpg,France,FR,49.645013,0.294231,0
ed0b1ea0b85846718edfeab7afb16166.jpg,France,FR,46.859451,-1.206017,1
ef7b1a444ff14e25aca7ea737901478f.jpg,France,FR,42.944043,-0.086693,2
953692b6464b49e9ace132af6c585a33.jpg,France,FR,44.704727,1.541044,3
6fe39927e1304d7e90b65301a3ae2e0e.jpg,France,FR,47.591357,-2.980008,4
856899c038074f8cbc839afd12144781.jpg,France,FR,46.443021,4.146284,0
baf31be2366441418aa8897937604066.jpg,France,FR,48.149411,-4.235565,1
b9f21c58d5c241a895db90f734021425.jpg,France,FR,49.924965,4.646958,2
8d35b816763b426096fa0bb12d58acec.jpg,France,FR,43.754902,3.465007,3
a0a0e314b74e48fdbf75fb843a02170e.jpg,France,FR,43.991427,7.546897,4
fc6edcc352f5413ca5c9e5ee869988b2.jpg,France,FR,43.79423,0.824933,0
073847a1421848b38ab6435c807419e6.jpg,France,FR,48.062369,-2.0388,1
5b38bedcafab4dccaf54824c0a418854.jpg,France,FR,42.89183,0.37322,2
3aef9e1aff9d46bea4ff4f5e91a7720e.jpg,France,FR,48.042699,-4.469244,3
f32dd195611e40829f3edce67e273139.jpg,France,FR,48.205362,-3.820791,4
0f0586f2917c4623a38803e4d4cd584d.jpg,France,FR,44.684883,-0.533954,0
e8a04276637449b4bc9d2707975bb1ca.jpg,France,FR,48.255853,-4.531581,1
77f7aad7bb06416f897f2d8794007e0a.jpg,France,FR,44.521028,1.55325,2
4fa42700be7946c68b3551621513a3c4.jpg,France,FR,50.527967,1.584723,3
b3cc3d4ee69e4519b081d9c485622238.jpg,France,FR,44.084387,-1.310524,4
f1220d394c2f44b8ad9e4632b5b0abb2.jpg,France,FR,43.157206,6.455058,0
cc995c430c2a4d1cbae122cfcd7f53ae.jpg,France,FR,45.373897,-1.079638,1
509d4dda8a14491aaecfdb1267a4093d.jpg,France,FR,46.122586,0.766276,2
7791758ff3534689aca390923a56df2b.jpg,France,FR,45.786002,3.014495,3
48cd2aca6b8940dc9c917b5462e7be08.jpg,France,FR,44.687391,-0.537311,4
7f48d99ed974432db3ec337194b7436a.jpg,France,FR,46.34976,6.105462,0
a2fea83377bb448d90c93360ac4a24c5.jpg,France,FR,49.840568,3.078557,1
f0ec0ea39bd64d728dfbb93242949893.jpg,France,FR,49.522354,-1.784818,2
6e5fa69ef6e9408eae893cc1c1fd482d.jpg,France,FR,47.634186,2.355288,3
e04c08eeb18f4304aa41db929689b654.jpg,France,FR,47.435252,4.092785,4
15780478756c45d2a93f1121a9a7da49.jpg,France,FR,48.469003,6.925506,0
d75f9ad5eefd40fa83cc8c0eb6e2c98e.jpg,France,FR,45.672626,0.006687,1
80e0ce2b39e34056a453f9ac1eca91c0.jpg,France,FR,44.715829,-0.56003,2
3ca85bc6aeee42a385f9224041847673.jpg,France,FR,47.97629,0.830089,3
34a514b6f7a94ec390e37b011057b809.jpg,France,FR,49.290472,1.47945,4
0ba5031a0621437f9f35df96b2f63764.jpg,France,FR,50.377558,2.089803,0
327bd4c46c724e3e9a52e225344251e3.jpg,France,FR,49.246821,3.368984,1
32d080b4d96e4880912f76d509a59783.jpg,France,FR,48.33665,-4.753852,2
18c3c17653714856a79a131b44c03333.jpg,France,FR,45.37206,-1.078116,3
51821bd7091c445683dc5b2661036cfd.jpg,France,FR,43.214925,6.498748,4
f83f5ffe3e9a474d82ce4bc0dde67870.jpg,France,FR,44.614416,-1.090318,0
257c43e894bf4ed48ad8a6eb23adfd2c.jpg,France,FR,47.302233,-3.08681,1
b0738ba5f27041ad9067841505efd8e3.jpg,France,FR,47.437329,6.723494,2
06f499472eb44eafb9efcdbf50098cd8.jpg,France,FR,48.547602,-4.680939,3
172df88a965549baa6b0aba885c3fc98.jpg,France,FR,50.470094,2.977522,4
75120b6c6c154a74b42e4ad805d3439f.jpg,France,FR,48.930283,0.806903,0
f263ffc062a8470d8e08b02a4e121276.jpg,France,FR,47.347926,-0.457613,1
1d85a8caa9434e0082f357ee69375776.jpg,France,FR,50.785612,1.95219,2
8e58c8c9418041d9a2491845022b0493.jpg,France,FR,47.545296,1.306969,3
ba72aafaf13343a7bc4fd64366536492.jpg,France,FR,42.495081,2.67147,4
e106289e2f774d7987a217704271aa78.jpg,France,FR,49.088934,5.178046,0
052e388a2c514058bb0af6164217b122.jpg,France,FR,45.775878,2.936163,1
50266ac91de5463faa5dffe0d74c0c9c.jpg,France,FR,46.605511,0.606093,2
3c8327601cd24c2389cdd1d6fabf7f59.jpg,France,FR,43.172637,5.698183,3
703a3dc490fe44f4ba809a2d295ffed2.jpg,France,FR,47.375226,-0.414861,4
6bd1b81e99ca4c03b13dcbb217380a6a.jpg,France,FR,48.356407,5.639006,0
4a7113631145441aa24febd1853cadce.jpg,France,FR,44.699525,4.826393,1
84c1a29f94a34bbdadc374e90661c686.jpg,France,FR,42.537289,2.546719,2
68a30f49deed43c6992a164e57b3aa95.jpg,France,FR,42.98385,1.571075,3
133b6e151a6642b78cf80b9a66ec99b1.jpg,France,FR,49.087573,6.13898,4
aa53472c4144442b8e4765eba4fede9c.jpg,France,FR,44.55179,-0.934463,0
4d96fe33d42841eb83390b03e8c6379b.jpg,France,FR,49.011569,-1.428763,1
1d8704b76a98439cacad5667cb169ca8.jpg,France,FR,48.201847,5.578815,2
da7f750935a14a20bbd10f646f9e765a.jpg,France,FR,48.793436,-1.514373,3
e78b450077dd4fe185d82704db479c31.jpg,France,FR,48.613797,-4.542128,4
0e39957bedb745a6baa2eba6675edcc4.jpg,France,FR,44.415,5.676949,0
70bdde0cbe8e42c2b36e7c750ac274ee.jpg,France,FR,46.809702,-1.337613,1
b34d7e2cb1964400910556b7de2868e1.jpg,France,FR,48.632429,-4.517262,2
686bdd69dac84c4d9e1fe6a650f1ff7c.jpg,France,FR,47.475379,2.437681,3
5c6839dd30b74577921bfc2c7cf816ce.jpg,France,FR,47.799092,-1.334456,4
dcd03c0df7c541e7a071793d0f160ec9.jpg,France,FR,48.7689,2.862954,0
6043f37340fc4684bb86987ac50c9635.jpg,France,FR,43.189635,2.606075,1
59f2ef1d91be436e9e021b9560d835cb.jpg,France,FR,49.705064,1.963422,2
751db20e519a4a73abacbd70c3ccb73d.jpg,France,FR,47.832511,2.842163,3
473648cecb804f679d810fe4145d0108.jpg,France,FR,49.646897,-1.244611,4
9072639c294a4ffa8c2cb1e82d4f4f77.jpg,France,FR,44.460269,-1.09402,0
beb5ef4815cb49459c1eff818abc5154.jpg,France,FR,49.274334,-0.568652,1
a0135e5e0ad248b3b6389668e87753ef.jpg,France,FR,49.549179,-1.714638,2
3ed51c3164c44ba6b6a45cadf8f612f9.jpg,France,FR,47.552516,1.539215,3
1c85efa56b3142cf8fd6d0f5878436b2.jpg,France,FR,42.193651,8.628155,4
7d73aa077bc2476087485628cefd8344.jpg,France,FR,48.521396,6.23012,0
da2a69bf125942dea033204d21545eaf.jpg,France,FR,44.952448,-0.858606,1
00368a72f2a9491fba0f2fd1ea95bfbc.jpg,France,FR,45.374921,4.68234,2
78e775fd9ad348ef840dcb89a752f461.jpg,France,FR,48.146609,-1.118458,3
45b8f987527148ac805f971a3a51acc8.jpg,France,FR,48.37847,-4.601458,4
c93472d8977c4bc5bd87b49732293c16.jpg,France,FR,45.793745,3.300974,0
b103279b57694b46b43d3e49e48bf78c.jpg,France,FR,43.905822,0.334496,1
6e33ae58c0424deeb5a653b5825245e3.jpg,France,FR,48.544304,-4.504034,2
a07ee3d019a941d69a2a53dc96b9f28c.jpg,France,FR,47.834133,6.434561,3
2baf3c187cd848af9f69abc43f7cbd27.jpg,France,FR,41.470449,9.225225,4
66495737445b402eafc4a4ccba8512a1.jpg,France,FR,50.293993,3.14714,0
40de54470c054a8b9754885f8012db7d.jpg,France,FR,46.704282,1.113523,1
2db35f1eb4ab4312ae7e0af4d5dbb554.jpg,France,FR,43.627323,-0.928263,2
4dc16039659b48a88d40c6739cb8acb6.jpg,France,FR,46.194636,2.076894,3
08bba0c47b74404db368fe02a5aff9e1.jpg,France,FR,45.534759,2.353654,4
0dd289bf834a456797b665980a7915f7.jpg,France,FR,47.969257,2.169446,0
a794178f07e64b32b54fa00ea65ee940.jpg,France,FR,43.236962,5.504842,1
b22d6192ec864f6a972057a270b6df1d.jpg,France,FR,47.933668,6.475264,2
c9c614b5494c479ca99bed5fd517dda8.jpg,France,FR,43.847305,-1.172178,3
b0c6066a50d44e1daedfda1c90fe4f43.jpg,France,FR,44.271386,-1.18401,4
3741782bb9304a68901ae139ea322dbe.jpg,France,FR,47.578246,6.126839,0
7fef46d5e8804788b1aace77038f8901.jpg,France,FR,45.96757,5.430747,1
311ad03d436548209bf119219fa475cd.jpg,France,FR,43.838792,-1.177892,2
f562693ba83146c18aae4f11afaf611b.jpg,France,FR,47.121864,0.308062,3
3c1100e8b0c844c7948b0386a93b1290.jpg,France,FR,49.619285,1.521688,4
7361f14ef6864488bc699385bcbb8185.jpg,France,FR,47.212696,5.270874,0
6f256d405b0b44ebb37657b445743f7b.jpg,France,FR,44.145151,-0.908005,1
675506586e384873873677d745f76d2d.jpg,France,FR,44.99362,2.14673,2
322c687cfde0454e95b992ca84e2de1f.jpg,France,FR,47.531332,6.418765,3
315f2b2574174e06ac26d369eab3ad12.jpg,France,FR,41.888574,9.393459,4
feee493a910b4bb1a8bae25dc196ff50.jpg,France,FR,43.464629,3.40176,0
169b9824a12d4f0c91c185c111ca795e.jpg,France,FR,46.161159,0.032102,1
4f0cf94955d54eb18188c9bff5fe90b0.jpg,France,FR,47.962593,0.291386,2
5da83ddc06964a69ac4ebe21cd0502c7.jpg,France,FR,47.123191,0.978057,3
9b04b465accc4dddb1ae90cdc88110f0.jpg,France,FR,48.56658,-4.517927,4
8d80f928c7fa447fbffe7cd42af515d9.jpg,France,FR,44.066333,3.385927,0
e9bc8716a1824d6bbb311acc8baf49df.jpg,France,FR,42.628014,9.356277,1
d0ceae88c3db41d181074550c256afa6.jpg,France,FR,44.863555,5.006934,2
e9127288d78243bcaa8b479bb0bddedc.jpg,France,FR,49.512661,-1.290838,3
0904e4a00bee4c709711fd3d41861507.jpg,France,FR,46.051633,4.355845,4
224a92c429164ebe89b20268a42571f3.jpg,France,FR,47.943763,4.513505,0
a8f654777fc54d04831d67437df29684.jpg,France,FR,47.209642,6.824378,1
15b34039702f453b9903e7edebda0941.jpg,France,FR,45.36972,-1.076177,2
a3f3e65875a84db88c08b864420cbec9.jpg,France,FR,44.184349,3.435827,3
df77a783a7e44ebe88220e7282e4020f.jpg,France,FR,44.446846,2.699506,4
d4fbddc3f3a54286a4b94ffd447e7ad5.jpg,France,FR,47.829062,-4.206835,0
1cb3937c93334b7fa039fe67a23e6fd3.jpg,France,FR,49.25027,3.368665,1
b5d9d2d178df40138421215cdacd8084.jpg,France,FR,48.878142,2.97675,2
fdd0211c5f8443ba9e4b0437b753419d.jpg,France,FR,48.627067,-3.747634,3
42bc1af66b5d454f86da0a685c5f93d4.jpg,France,FR,45.124963,4.177179,4
c16dc873635742ec8540906652976958.jpg,France,FR,48.616235,-1.364078,0
d221b24cda17421d88b1cbdada907cd8.jpg,France,FR,47.282038,-0.236546,1
bb2530e09a43491283c10724b636c0a2.jpg,France,FR,48.291781,-1.238757,2
9ddef74612b8402a81284998e40851ef.jpg,France,FR,44.175908,-1.112129,3
abef441737774d10baf3fa645633dfa8.jpg,France,FR,43.019473,1.963161,4
bc72941f14fb40adb91d7412ab7ba39e.jpg,France,FR,44.14806,-0.986995,0
7ed5e3b7c3a44862bc29fadb9ba55a5f.jpg,France,FR,43.256793,6.521564,1
f8b15eb77f874c77aeed755ea4a9c725.jpg,France,FR,49.174273,-0.35376,2
f2cfc0d1fd3a479e88501bc6981383c3.jpg,France,FR,46.609599,2.032052,3
d83268cac5c24e6984d2ab2f01310df7.jpg,France,FR,44.77395,-1.120704,4
2840ef6054404162b75fc2cdbfcb76d2.jpg,France,FR,44.079734,-1.00317,0
7f3a88a3321a4a12bf21d3ddbeea51a8.jpg,France,FR,43.770575,6.160239,1
9adad98635d24ed1a022bd7003a756b6.jpg,France,FR,49.543608,-1.699227,2
e1211d52cc0444029d793bddfe18407c.jpg,France,FR,45.182423,0.181173,3
e0a7a0ac1b8041af99c7f0afe0907958.jpg,France,FR,47.326428,1.69145,4
7639066895734cc38cd50264ee1a1f1c.jpg,France,FR,43.422411,4.995993,0
4bc27ea830404373977e26112856ef38.jpg,France,FR,43.666893,-1.392568,1
9eff71d204f1413bb4d3c69865601ef1.jpg,France,FR,46.821993,4.014207,2
0ff79ace2f1544ac804fe3d2cf37533c.jpg,France,FR,48.479253,-4.557957,3
616fbaec68974fbda121ddef021e1715.jpg,France,FR,49.833129,2.073239,4
749c6a7670104332a5636ed4b59d9298.jpg,France,FR,43.85156,5.032602,0
0dc54f57769d4075aeca71924efd659e.jpg,France,FR,48.797528,6.017837,1
22d99035eb9b42b697356fc38a3f7c0e.jpg,France,FR,43.1426,2.727564,2
78dc2a340a69407ebdab69b491c68439.jpg,France,FR,47.931747,-4.370533,3
93b7e1adfe2e4967a4420da33a7a939a.jpg,France,FR,46.182598,2.083808,4
1366557290e94d16b2cb1c11849ac392.jpg,France,FR,44.648167,0.591893,0
95cd286154e64122bd8148d2eab28703.jpg,France,FR,48.24428,-1.699972,1
3331eb1c4eab4e79b50df30b984e53c6.jpg,France,FR,47.55493,3.407495,2
a1c1088145074f6aa6af1c89a0f74f3e.jpg,France,FR,43.185393,6.472581,3
1da95a80c8894af6ae75dae7510c69f5.jpg,France,FR,44.88852,-0.742298,4
6fe2b6ef20684531b219124abf1a2f4c.jpg,France,FR,48.28086,4.127953,0
a468208741694941ba19d1075a34fd51.jpg,France,FR,48.239126,1.067804,1
c7f9f9c268a14f6898a980407a2dc9e5.jpg,France,FR,43.417517,3.30788,2
ea8fefad8fff4d17a47cb619dfb0c283.jpg,France,FR,45.875846,0.860005,3
820e5f36b49940fa8f92ffacfc02c1ff.jpg,France,FR,43.988064,7.54734,4
bdb886fab9bd4904a14ea5ae830f830a.jpg,France,FR,47.413781,0.438106,0
3eb3046ff37442398881db310ac7217a.jpg,France,FR,44.989833,1.07675,1
d6a6d742c83c4740a16c1a9c54fd0e0d.jpg,France,FR,41.707778,9.383497,2
b2e573a5200f414eaa6761c549c7369d.jpg,France,FR,49.32617,3.671397,3
8c34a9143c9a472a9bb283310ee0952f.jpg,France,FR,44.16342,-1.031942,4
4d9561af2cfb48e0bf9c43f7c0d98acd.jpg,France,FR,42.961222,9.400118,0
c25cffc7b44346f18d8e8819f8b1ec7b.jpg,France,FR,47.446445,-2.260486,1
3faafd47db8f40b5a6b32797495c9e11.jpg,France,FR,48.414704,-4.791487,2
9ddc90beba2342068a9dcc62f44a2031.jpg,France,FR,44.325544,-1.097516,3
0aacc91e47c7467594e58902b8dd628e.jpg,France,FR,43.781889,6.361586,4
b549f50a168f4eb3aa8ba6d68e580674.jpg,France,FR,44.993358,2.544055,0
5e0379f771634321b54364abbc6c10af.jpg,France,FR,44.424481,2.131212,1
eff249ce79a14479a427f29f2a5a6aa9.jpg,France,FR,48.530023,-4.619672,2
235577a1dea8491da64fd108815848d8.jpg,France,FR,46.188391,1.933822,3
d0e6951ffe5e41c78fe639f33d4aab2b.jpg,France,FR,43.032723,1.553615,4
7bfcd733dbb64321b3fc71db665a1d86.jpg,France,FR,45.591976,5.082627,0
0808049176b64bfdaf5751a19c216b8b.jpg,France,FR,46.488668,5.723487,1
1740bea1a4e841a2b4d8fa9c0da8431c.jpg,France,FR,46.568884,5.992501,2
55c5ede5d18b486c925b0f7b186513c5.jpg,France,FR,44.154553,-0.959047,3
4694feb77bce421bbb866b3bb6bfb932.jpg,France,FR,44.887437,-0.667241,4
36fb64c70951410994ef8af02cd0c906.jpg,France,FR,46.45796,-0.873574,0
ab81433bede34acd83bb809b45f66166.jpg,France,FR,44.944373,4.726726,1
f033f10bc9524ac69a1ab80b8242f64d.jpg,France,FR,47.554581,3.411008,2
28b11dfafbc1419aa2ad6353c93fd58c.jpg,France,FR,49.38389,0.589043,3
b2de0a49e91c4267a92791745f9276ab.jpg,France,FR,47.199505,5.353274,4
6795adf263544ad68ec222ec0bd3a630.jpg,France,FR,46.741738,3.594093,0
0255439713a5460394aa4fbf413bb932.jpg,France,FR,46.002457,2.193933,1
f09cf134672e4055abe33dfdca61e42e.jpg,France,FR,46.507103,6.029701,2
0e6a79c0e7f44c58a96d1d1e2e45bb6b.jpg,France,FR,44.599639,0.897113,3
989d1df7cca549d08c57dd177ed42525.jpg,France,FR,50.494227,1.624388,4
f890f4571d064f029d171e16c0b9fc08.jpg,France,FR,41.593333,9.315243,0
1f545e33ad4e4c15bc2db1fdae38a9e1.jpg,France,FR,48.031,1.301797,1
39f5f86da7794cbaa772b96b78d38bc4.jpg,France,FR,48.477796,-4.564584,2
aae3b10e7921421e870697374f99a41f.jpg,France,FR,42.010395,8.747433,3
afc1c809b90747279b4ba2a05fe7f456.jpg,France,FR,47.525253,3.570431,4
395bb0a00c5c462bbeb5933e216ccb1f.jpg,France,FR,42.539268,2.254169,0
c1317aab70984c76bd592e87d78a11ba.jpg,France,FR,41.892012,9.392696,1
b40ae1808f54466da9337f22b7170810.jpg,France,FR,47.844537,-3.762955,2
735f71a3fd9e40b0b8f151837ec40670.jpg,France,FR,43.460191,5.001122,3
232f6b82dec441dd8d5126bc0a5f3f8e.jpg,France,FR,43.483449,5.68614,4
b820c00ef5e548fc804b36df0334957f.jpg,France,FR,44.919628,-0.782757,0
9e9481d8e58b472892ba39766977b926.jpg,France,FR,48.789244,3.032109,1
3cabc0e3ed834ec8a4ba7b21512a9f76.jpg,France,FR,46.829263,0.560205,2
930a05ff17e745a29072439642879dc1.jpg,France,FR,45.596228,2.928819,3
5066bd3bded7460bad77f1af6817610f.jpg,France,FR,49.216169,-0.383786,4
c58dbd005d164fb5857a6e08dc7d4ef0.jpg,France,FR,45.769138,5.911194,0
770263a0b89d447db105220f8206addf.jpg,France,FR,48.833381,6.255258,1
f6489e0823f648afab80b9a1618b00b2.jpg,France,FR,44.034086,6.08792,2
24f64f9e272443638eb3d68d56459196.jpg,France,FR,47.33422,1.985384,3
c4f2f26b2fbd4608be9eea7cc10665bc.jpg,France,FR,49.174018,-0.61689,4
ece0eabfc26d4ca4855f04b2ca14075f.jpg,France,FR,47.755922,1.108391,0
7854cd1ea3fd48ab8b6dd1b138c175b0.jpg,France,FR,44.239828,-1.127176,1
393668af144c4981a32306520284311f.jpg,France,FR,48.554634,-4.678858,2
138d3acc821d4b3899b6c329d7714c27.jpg,France,FR,43.942444,2.167756,3
20d20a35e4fc4637b3f96b7dc8ea7db6.jpg,France,FR,43.329161,2.372819,4
59920ace1a94468195650a10f2f98bd8.jpg,France,FR,47.980674,-1.791415,0
597797ae8db0418fa0c2b8bca499a9ea.jpg,France,FR,49.178649,3.370074,1
26c82e34adca44e5bc8ed042da8a6682.jpg,France,FR,46.505743,5.742976,2
3a4d7bcb6e2f421ba1a66eee7ebd0dbd.jpg,France,FR,47.862651,-2.524701,3
f811738bb54a411284b46c30de6cc067.jpg,France,FR,50.043414,1.392481,4
86ba2d7f32254b7ba13a8cc3040b4fbd.jpg,France,FR,47.498053,1.298743,0
04607137d71a43a59ea0a16e5b23309a.jpg,France,FR,50.766277,2.837808,1
eaec9d26b78a4d9faabaacb280e19a1e.jpg,France,FR,47.214483,2.240798,2
967adcd6d99c48acb31ad3988f5dff08.jpg,France,FR,49.76446,1.748322,3
fd32ff3327e34d22846571b93738d48a.jpg,France,FR,49.17094,6.823893,4
d265fbdd96324eedbbf6243039e74e11.jpg,France,FR,44.629129,-1.157099,0
2e9f372d6dc94ad3b2efa556e459dc14.jpg,France,FR,45.410017,6.00905,1
0b2392dc1e9f43529c2cb631df6ead94.jpg,France,FR,45.564208,4.998964,2
0ab429089bb64a09b114c124e60ede1f.jpg,France,FR,44.320824,-1.101936,3
01d314a2d5234c0d824d257ec1266d5a.jpg,France,FR,43.668955,0.535842,4
7f5f3a25e81e4091ab39b523789d556c.jpg,France,FR,45.184278,2.600101,0
045451835e3f4ae797b03a52f941c174.jpg,France,FR,44.685847,-0.86745,1
3041706ed43c482b898233a0f7cb4c6a.jpg,France,FR,45.761142,-1.228955,2
316e9b0dfa6a4b74882178833166cbfd.jpg,France,FR,47.398473,2.792689,3
b5ee962280a943b48fb230ca88caf62c.jpg,France,FR,43.622517,-0.923664,4
07fdc0a3ad394e6e92290c39c9278332.jpg,France,FR,43.697254,6.851151,0
7293c080fcdf422898515228f71a75ac.jpg,France,FR,47.985125,4.895342,1
98c2041bc7dc4e1d8305984e37c27fc7.jpg,France,FR,47.475103,3.809731,2
85cf8bffa7f04e61bea02f761a459829.jpg,France,FR,48.21379,-4.523894,3
ed089cdacf1c496e921e9637272d9a0d.jpg,France,FR,48.311644,-1.802849,4
449461bb72704ee2b85b2f8ca32faf76.jpg,France,FR,48.818064,5.022291,0
7c36e8288de34cf4a18cd9b47880376d.jpg,France,FR,46.414257,4.433881,1
d66b55692e644d3f854c976545917166.jpg,France,FR,44.360411,0.716375,2
c26c261c4c39455eb384720744acca68.jpg,France,FR,49.198823,-0.29326,3
976f78ee1ebe4441af5bc1665540f734.jpg,France,FR,43.572758,6.804976,4
c2e2fb53eb2441858d6cdf18d8562bee.jpg,France,FR,47.679242,2.739832,0
31408446237c413c875b52f234b4af46.jpg,France,FR,49.298242,-0.308172,1
a25e2f027bc9435f983cd3456aedc774.jpg,France,FR,43.546161,4.812498,2
e13969995b2b44acac26106d36443adf.jpg,France,FR,49.085006,-1.48232,3
bbb38542b7394e37af6fb055dd8280e1.jpg,France,FR,43.271279,5.683453,4
ac44de46343a42bb9bb96ffbc7512e16.jpg,France,FR,44.169215,5.83925,0
e9fc3452558841a7be2a254cc42d0247.jpg,France,FR,43.51043,6.761436,1
88e305469b8242b88a5afb7fbade43a2.jpg,France,FR,43.674455,-0.975548,2
0f96e27a49454116b6b3f8ce84252f48.jpg,France,FR,49.249601,2.586671,3
2ce71407477147ce990eb4dde3d5dc13.jpg,France,FR,44.118076,-0.057828,4
fcc82a502a9a432eba84a8523cef8137.jpg,France,FR,43.445493,0.31345,0
8060408909364da5be033f2295d4badc.jpg,France,FR,49.561628,-1.316647,1
1f5f10aa1a4a4d7989939ae27d7e4654.jpg,France,FR,44.716824,-0.564098,2
b98ba2cb184442d1b6ba1346f1d5e2a2.jpg,France,FR,48.341386,5.406431,3
fcf98468ba7c4b589007007a36353306.jpg,France,FR,44.120789,-1.298729,4
d5e1ea51ffa54e24b691f361d5e23fc6.jpg,France,FR,51.01515,2.463513,0
d515eb36e96541d4bd6b368166541d90.jpg,France,FR,44.224642,2.772608,1
a85cf5f7ca534fb08217ccfec1d6d247.jpg,France,FR,42.00492,9.428617,2
768b865447cd44ffb62c6e818c9df288.jpg,France,FR,49.6617,1.428124,3
28c3898245134a968ac5d2bfe8f49a9a.jpg,France,FR,49.426979,2.694839,4
697d46b2696043bab147007526db48f0.jpg,France,FR,45.966774,0.204876,0
4a4df1ad1dd542feaf0ff4633d7253da.jpg,France,FR,42.211866,8.656618,1
c032b28a199c45909010d7cccfcc09f8.jpg,France,FR,49.169056,-1.516176,2
81dd848c14a641d4a7fb7384496c2644.jpg,France,FR,48.039563,-1.784924,3
1cf621d229cd4ebf90b6d1aa1e82ef82.jpg,France,FR,47.977211,-1.203199,4
c0b9d2d017d743d08a134d4c6e8e4b12.jpg,France,FR,45.358459,0.098982,0
e18229ffa8654f5794827a3c4f13cb83.jpg,France,FR,44.242028,0.663451,1
dda142890c2e42b29163ac3647999e84.jpg,France,FR,47.936553,5.940765,2
4a5e87b6985845d68bb9e486933bfa03.jpg,France,FR,42.516519,9.433522,3
e9d18f58258d49969a895df1ab458130.jpg,France,FR,47.794766,2.184555,4
a9eb905e6de443bcbb9edb3022dfafba.jpg,France,FR,45.454263,2.071068,0
51c8358f2e8349778280880e4e1f9451.jpg,France,FR,48.100354,6.273637,1
02589dff14364941a8f431a5a30f9679.jpg,France,FR,45.037538,-0.546996,2
5121e71efc5d4a55b1dcf56562a5684b.jpg,France,FR,45.767725,-1.229854,3
20a274b00713408fbba0bd61fdce4ee4.jpg,France,FR,42.087861,8.71208,4
fed9fcf60156498d8c43ee2f86d501e4.jpg,France,FR,47.774731,-1.162269,0
ad438fcb63564fb6b146d0dce9d7e505.jpg,France,FR,49.801249,2.043512,1
d437c0fa37ec4ef79d10fb850ba49da3.jpg,France,FR,48.214231,4.882232,2
762c960ea33349629177cafd4bc25135.jpg,France,FR,48.279094,-4.500337,3
7dbf219369154cf5a1b4b84ab10d2355.jpg,France,FR,49.673245,5.081747,4
9e74792d024c48fdb11b00309e28d860.jpg,France,FR,42.732686,9.461247,0
73fc039f5b6b42d1af36cfb5a375504d.jpg,France,FR,45.232722,0.07279,1
5a5d2fafc743419394f2b595c13020a3.jpg,France,FR,46.096651,4.085326,2
8a7c851221164b2d9dc50cd2ba7a0200.jpg,France,FR,47.042449,4.339953,3
93ff85eecb0940dabeef6f9d8f707cd2.jpg,France,FR,45.813418,-1.073504,4
fb3ca8147f134ae39647bd18f58d0998.jpg,France,FR,48.896736,5.43926,0
3e7270f6ebef4ac7b6e12cf7a68aff81.jpg,France,FR,43.144633,3.050857,1
12e5fd329caa4a78a3bff562731199d4.jpg,France,FR,41.649835,9.20827,2
1925c4c4c4df415dbb6ee0d623ebe67e.jpg,France,FR,43.816474,2.16958,3
45f804ab719844b4a5d0be66c90e5962.jpg,France,FR,48.554479,-4.656976,4
7de8a74147d249aca1a18fd157963e6d.jpg,France,FR,43.427985,0.047997,0
42052aa04bd74cf1a362078e2ab7541a.jpg,France,FR,44.412479,-1.157394,1
5f39b9b20e8e463daa22379354ab1aad.jpg,France,FR,47.36085,-2.101569,2
e4ca00e3b50c4f15b3ca25c8ba8d90b9.jpg,France,FR,44.775531,1.293269,3
011cd0131f1b4a7db7a62155c7279d37.jpg,France,FR,47.289175,1.796063,4
e6c2db495b404601970b1fb85c85002e.jpg,France,FR,44.59625,-0.754132,0
9879a20755254e02adafdd11f0e4edb5.jpg,France,FR,45.744849,3.793346,1
b4c17bc571ee44d6a0155a671215ea2f.jpg,France,FR,43.647487,-0.906509,2
815361f1b33a415ab6d5f56371a609a6.jpg,France,FR,42.679888,9.384133,3
78e3310180de496cbf5cebe31864ab9d.jpg,France,FR,47.543567,3.452662,4
56c6edb8ad25483daa74982bbc63bc3c.jpg,France,FR,46.554869,4.293959,0
7453020d93134140a1a10acec216389e.jpg,France,FR,47.487689,-0.254745,1
5a641d0c19cd49baa0870e1c97a118d2.jpg,France,FR,48.373221,2.199084,2
138e1896898d41758522ee55cb539ac9.jpg,France,FR,42.469961,9.229454,3
4a3208e471eb4195b0726bb9d0812a1f.jpg,France,FR,47.628645,-1.864753,4
452913b228314431a1a817b331793bc0.jpg,France,FR,46.204175,1.202072,0
30deb653d20e49598630589e75e8337f.jpg,France,FR,47.210922,5.274055,1
4b3488ef8b8a4d799a2ca9aab75299f3.jpg,France,FR,45.903716,-0.959794,2
93f429e4463d4ce995b3b0a492580251.jpg,France,FR,49.145494,5.377584,3
3ebc43711d824779977557b95507bebf.jpg,France,FR,44.732792,-1.079183,4
9027855d58bf45c49c9351be0bb0bafd.jpg,France,FR,44.492942,5.373397,0
25352433cf2e458684e190f8cc954ca9.jpg,France,FR,45.070601,2.579257,1
e5002571a217494b894d440d5bcb0eb8.jpg,France,FR,44.658946,-0.989251,2
b83905d3e48b4bbb9fc3c9d49ccc5f22.jpg,France,FR,43.992876,0.057227,3
b66016e60fd742df93066955e9e72f21.jpg,France,FR,42.088504,8.710679,4
6f32fc5ded664f108c8d53478f83b438.jpg,France,FR,43.136877,2.729555,0
8dc44a48b7324f549cf32bdcc8ad5dd9.jpg,France,FR,45.545315,1.800104,1
c68ac5f54b0a4597a4bdb14c3fd30a4d.jpg,France,FR,49.678803,-1.310523,2
4208beddebe244f289c773b8b7be45bc.jpg,France,FR,48.064387,-4.594373,3
69e901ba710842a381895cb9c4aaca59.jpg,France,FR,47.921112,4.772134,4
2fbe520fd6ca4d45b9198abff4a557cc.jpg,France,FR,43.78482,1.323272,0
1958bb86eeb241198febc8a4b825e47d.jpg,France,FR,44.485385,5.385263,1
ed185bde0350463c811b8239ae559f17.jpg,France,FR,50.161145,4.042746,2
da30156d477445bf8cb94de43bc38277.jpg,France,FR,47.46486,4.041621,3
ac3f20d27faa461fbce9a7c57c336a22.jpg,France,FR,41.485247,9.240302,4
edb257cdea174bd28acc6f57d9a5d73f.jpg,France,FR,44.656498,-0.927089,0
72d0599879b646759beb763d0257d100.jpg,France,FR,45.006966,0.375337,1
17bb39514c7848aaa415d8a3b5170f69.jpg,France,FR,47.228351,2.482549,2
27c6e79e0e4545379aeb0a88a2c361a5.jpg,France,FR,43.58033,6.520467,3
361d7bf480bc4c3d90af171398ca2d27.jpg,France,FR,49.539075,-1.466038,4
d7087192c0bf43b3bb77f142e5281a35.jpg,France,FR,41.59227,9.326815,0
512c4c3c0cfa4686bcccd0e81ea7072f.jpg,France,FR,48.57987,-4.510059,1
5c2466d4f9734188beddd8b11305d53e.jpg,France,FR,45.584076,2.414842,2
4ceb6a1314c949118e65c7a4f46350d7.jpg,France,FR,44.185302,-1.292811,3
43ffd39193fd49b99d5195eef8eef40a.jpg,France,FR,48.653212,1.963364,4
6d2e75b69a4c403ca3ce65f8c919be70.jpg,France,FR,43.828315,6.196318,0
122435dfeda849abb40b89fbfe2c6616.jpg,France,FR,44.676929,1.747264,1
65fc7cb4796147b28d59f15d95d12254.jpg,France,FR,49.589714,-1.681619,2
c4dbbaa14e39429d8ddc8e81efe8c934.jpg,France,FR,47.71508,7.403642,3
4d06b77001bc4f5d94de6c02cc5579cd.jpg,France,FR,43.833669,-0.469146,4
c6896bcf462f4e24a657fffe4458c4ff.jpg,France,FR,43.31846,6.354939,0
66bcaccd0cac433889c8068bfd006966.jpg,France,FR,41.832903,9.403586,1
f4677a586d6e45f7975844f6f8b3386d.jpg,France,FR,46.417708,4.9402,2
9aafaddaa44a447eb3c76600c3fa8d75.jpg,France,FR,43.589791,6.844882,3
2f3f2edd6e3e4cebaf4f2b4107205acf.jpg,France,FR,44.094448,-1.318053,4
5525c989c7a740f0b7d8ca4ca97e3a7b.jpg,France,FR,48.450049,-4.487558,0
5839485ed2c54425ac2a334c8e379238.jpg,France,FR,45.624812,2.716712,1
e217b8fabfa34b7ba2723d8ffc09a88f.jpg,France,FR,44.405663,-1.074967,2
42e50d8455ed46deaded016e2c08a221.jpg,France,FR,46.434166,3.083105,3
ebbf65f133ae4e44a034de5788a2ee96.jpg,France,FR,47.317085,1.399597,4
d96066ccdab94cffb263a6fb5662f450.jpg,France,FR,45.037651,-0.739115,0
419fab621dcf492882c079eb01e8044a.jpg,France,FR,43.697751,-0.377,1
6242318c3dfa42c89e3248d5bc8b66c8.jpg,France,FR,43.936445,5.913326,2
39a32179624a4f8882db35c844bba8bf.jpg,France,FR,47.628623,-1.862795,3
da3cde532fe9452dab654c82f1b5dc7f.jpg,France,FR,43.350846,0.719177,4
60fadedc0a1042e3aac310ef3a9d1c54.jpg,France,FR,44.089259,2.294419,0
e2fbcaa483da4a70bcbf6a4bac756bbd.jpg,France,FR,41.578553,9.243642,1
fca934e6840346cd9acd771046fff6f7.jpg,France,FR,44.173996,5.901285,2
0cd334f1cb424bc9b74bf09e7d88a35b.jpg,France,FR,42.879917,9.477492,3
12af8ea9b0744424aa78266f99cf87b8.jpg,France,FR,45.830071,5.640525,4
a33358cdb6b54e9b8e3c4804bd947006.jpg,France,FR,42.177576,9.529494,0
e376b40a256e45639365d8c7ea7bf738.jpg,France,FR,42.762955,9.46738,1
e841587a899c4906a2aa028edfc935bd.jpg,France,FR,47.412727,0.609483,2
d569bba11d2844d7ad9a342a63723b11.jpg,France,FR,48.564373,-4.51663,3
050610f384af478ab6c60a60a75993d9.jpg,France,FR,44.006018,-1.027782,4
4d12011b22b54a8aa160e8cc49c0fe58.jpg,France,FR,42.905072,1.429729,0
b1b41ffe0f4c4aabb79a01810bb8cc23.jpg,France,FR,42.237992,8.634028,1
9c60e3ea74e64600a02dd113d0500a75.jpg,France,FR,50.834187,2.051282,2
31797a29a5a342879a893e3b9243dc13.jpg,France,FR,49.242238,-0.134976,3
8b20d3539e2a4c34aac25d0930642440.jpg,France,FR,48.240707,5.480299,4
4cd85665cf3b40cf95c6aca77d092095.jpg,France,FR,49.116224,-0.508314,0
4f765e902d4c4b00b6276b20b3a117d4.jpg,France,FR,49.20051,1.132026,1
19ab10c8976c46e2816f6d1c787bb4b0.jpg,France,FR,48.936198,1.556934,2
ff9f1101d1c34e7ea86a83329a9db6da.jpg,France,FR,45.034663,0.475515,3
a17c60cbf4cd4cda831d00678eb5e583.jpg,France,FR,45.366231,-1.052541,4
f293520df78b447f9a257758085f6c7f.jpg,France,FR,45.693571,2.10451,0
c84431e4f2194059b1764a1a9ce16088.jpg,France,FR,48.601527,-2.979748,1
19f749bbcf8545cca8140087208b3431.jpg,France,FR,42.049035,8.752334,2
1f4070189152482dab6a5a136fb0f8e8.jpg,France,FR,44.152966,-1.298368,3
b5fc2fc4afa449cb90a6a3768ffc54d6.jpg,France,FR,49.091797,6.627939,4
c681e2b5ce46438ab03fa022d99d4842.jpg,France,FR,47.936168,-3.478184,0
19810c42ddf449a2a7c80c808154f474.jpg,France,FR,44.395663,6.479396,1
5efa6afa5c49411c80726113531440e6.jpg,France,FR,46.470417,4.013727,2
9a7d5f9d40a04a6f88a1d6a2997f0443.jpg,France,FR,44.573892,2.17357,3
3628046bebfb445fa81b1dd4de24f528.jpg,France,FR,44.093315,-0.499746,4
9b4d7192e83f4524a219e81cee40ab56.jpg,France,FR,48.445178,6.61971,0
404525a6746244a58bb5a10166a5325c.jpg,France,FR,48.043558,-4.467635,1
ebb92539dab34faba8aa79832be20811.jpg,France,FR,47.237574,-1.343408,2
d56372a96a864610aec48210a38c5bc6.jpg,France,FR,50.318031,3.774835,3
668595cd77254aca95803cf256cf5ba8.jpg,France,FR,43.774598,4.891925,4
07df25b84a9548328ffb16c096efdb55.jpg,France,FR,43.630315,-0.931072,0
234b0d96a054412b840a00eefb148724.jpg,France,FR,48.0531,1.992234,1
97b6eede9e394cda8b399108c6299507.jpg,France,FR,49.081297,-1.422774,2
895787fc4cea4c498b27c28e77643def.jpg,France,FR,47.076502,2.769543,3
18aac20d790a484382f21f9a89fcb116.jpg,France,FR,47.909739,4.718497,4
7b5b5a33a293415f902d1fe63147be1d.jpg,France,FR,45.93007,0.198103,0
941cd0a68ebb4524896304cde756e9b3.jpg,France,FR,42.888519,1.400863,1
9c784dd2debb4269bd96d7db29164802.jpg,France,FR,46.211985,5.662597,2
2a2497e7d87345d8b36fa8d587caa28a.jpg,France,FR,46.198041,1.223771,3
12e3964343dc4d8b990bc018608051c2.jpg,France,FR,46.388097,3.885522,4
1050ad2a9c30407cb005d78ff61462c7.jpg,France,FR,41.673453,9.31374,0
8322832ef038490b9c8338385c3c1ccf.jpg,France,FR,45.151805,4.384477,1
c0ba65dd0b164b87bf769c39be9c0c3e.jpg,France,FR,47.144607,-2.13345,2
b67fd210d8324201a33eb3bd26c58c68.jpg,France,FR,46.097166,3.987008,3
298ba9fb0efe4d74903569f985742d14.jpg,France,FR,47.633338,-2.989563,4
af21df7daca94ef3a42bbc7eaa75f375.jpg,France,FR,48.218659,6.268391,0
5c2df5956f234b678df7cb51ffd39cd7.jpg,France,FR,43.237116,5.502842,1
2c9d8ad1316249d68097da50547b902b.jpg,France,FR,46.262355,-0.092799,2
9dd8a946fd5747f98cbbf57f179c562e.jpg,France,FR,46.229828,5.354255,3
1c0f89d505ff447fa4d31f9d5bbd1287.jpg,France,FR,49.229324,6.060934,4
1b9b9a08ca9242409a9d8daa64a6ddef.jpg,France,FR,45.218003,4.133522,0
91e7766d434d4fb68218c0abb1a1b038.jpg,France,FR,44.474473,-1.235359,1
524bd553247c42ee85dcf7c223569acd.jpg,France,FR,49.263229,1.544308,2
511d843641424a6f80c1aebf7134882c.jpg,France,FR,44.198915,4.947533,3
15c7d8fb55044879a40b503b19914d8d.jpg,France,FR,48.159422,1.255136,4
b510218ef76744569f68e3d14cb926e1.jpg,France,FR,47.245993,1.990044,0
30ccd8202bf84878bd8966679100dd10.jpg,France,FR,49.405679,4.041008,1
429c3d387f3a4916851da4e9c2ce1f40.jpg,France,FR,47.971248,2.78064,2
78e7c64b0a9c4ceda73024b43e03543c.jpg,France,FR,44.388842,2.040605,3
7cc3084d9ea5491ba06c24acd2f26abf.jpg,France,FR,47.508065,4.3255,4
51c6bcc43c114f5bb7b09270e196a23b.jpg,France,FR,44.69824,3.023086,0
2f9d538ce04841c1abb4b5f5d8c5aee6.jpg,France,FR,41.65003,9.194713,1
55067c3bb0004f54a9a4bb4f0c4222f5.jpg,France,FR,47.313446,1.300333,2
c4c936fd7c494b278b62db6d967e7148.jpg,France,FR,47.089433,3.082844,3
f313fbee5c604448a891498b24c2ffbe.jpg,France,FR,44.184237,0.029006,4
e9319fac826a43a18eb5d79ab87e2dc5.jpg,France,FR,48.60556,2.651132,0
b2969916caa743c68755ab4d9b2858bd.jpg,France,FR,45.477815,-1.146608,1
00906204ddc84819a976d80a06e4bcb3.jpg,France,FR,49.418365,5.704938,2
1164dfe7ded14ae98c1c9baa0e7fa48d.jpg,France,FR,47.705529,2.533509,3
e919b06631254bf986b2acb0c3b3dcac.jpg,France,FR,48.155107,2.343306,4
c5d66a467f7b41e29670dc0cbada33b0.jpg,France,FR,46.853475,4.639222,0
9c12836067404d3dbe39ccd1536407aa.jpg,France,FR,48.553248,-4.699288,1
fc846adf827040a5901e9c3b22c69f55.jpg,France,FR,50.355237,1.733259,2
3ccff29f210e4ea192778233beb4c66b.jpg,France,FR,45.625961,5.538923,3
51ac622a683749e0ae1e62d35a6cef4e.jpg,France,FR,43.634223,-0.934776,4
1036e28d562f4e70ba1bac8d972c5a95.jpg,France,FR,48.431734,-4.535243,0
d3903dd052504f0ea4ef76cbc79ab90c.jpg,France,FR,47.246236,-1.436118,1
2746479d0f6943e98149956ce233fe45.jpg,France,FR,45.243601,-0.868203,2
ee329defdd3f4f6b98e2c1e8f6fa218c.jpg,France,FR,45.475836,-1.147614,3
d502910dba3d4f9a8aec5ee5ab5b0d6b.jpg,France,FR,49.303244,-1.46278,4
fd39b35e73eb4df0819b42127d1d08b1.jpg,France,FR,49.54541,1.512449,0
bf4a1d2ce2424e5e983f7b0e137a296e.jpg,France,FR,44.746035,-0.756461,1
bc28e8dd525d4ad79d35972c75e3ce8f.jpg,France,FR,49.252915,-0.69172,2
50ef25b5fa714d0986053be84242e7ef.jpg,France,FR,44.487337,4.674636,3
a1ab33492d26408ba0728576259e7911.jpg,France,FR,49.304136,1.12845,4
81ce4a88bff14fef8420bca42019b12b.jpg,France,FR,47.585855,-2.971004,0
51af7bf3ed1a47cabffca2a787f730c2.jpg,France,FR,49.629929,2.355035,1
e7ee5d7cc3e24a358d78ffbd10c53bfb.jpg,France,FR,48.667676,-4.311517,2
3511128e0bbc40b2b5e121a2954c78cd.jpg,France,FR,45.184958,0.165026,3
ea1a6c7cda764294957c563c3975de49.jpg,France,FR,47.521393,2.034491,4
771cd699a30a4ef2b9095f3b5eebdaee.jpg,France,FR,48.767461,4.583603,0
630423bd40384c6e98fe4e0a6f1cb6bd.jpg,France,FR,48.115583,4.765371,1
2824016490944b3085907d49ffaa052e.jpg,France,FR,46.738069,4.58365,2
3a5ba27578b24b93aca0c7990b81988d.jpg,France,FR,43.125825,0.318229,3
bbcb97f37d0d4eff867c9286f4eaef9a.jpg,France,FR,49.71891,3.275745,4
fafd56c0588c494ea5e3301c96071d1a.jpg,France,FR,46.198038,3.446635,0
50e18740617f4612962afc961cadefb7.jpg,France,FR,44.639717,1.538495,1
f4fcffc0794f433dbe0e56a47ccc278e.jpg,France,FR,44.099341,4.628578,2
9db5f382d1774738a241b15feddad478.jpg,France,FR,44.131913,4.158871,3
0a13f06b1f4a4b6b897b36a1bf230f04.jpg,France,FR,44.101876,7.10316,4
c2fcc26361144948b6b1f06f96285a75.jpg,France,FR,46.008803,6.001821,0
c72f3f6e4ab64bdaac4402a4e0feb6a2.jpg,France,FR,50.22624,3.316372,1
9d6e96cddfd3487f801e8b3fd1524924.jpg,France,FR,49.643606,-1.488336,2
a269b35cd6b045fe92eb7965e189ee7c.jpg,France,FR,41.43118,9.188322,3
653918a2252a4471953f8ae1e425cdf5.jpg,France,FR,44.615424,-1.061537,4
26c9373ab2124227848be8d85d7ed507.jpg,France,FR,45.927315,4.14926,0
f25fc2a0785e4d0790c05c3918a264a3.jpg,France,FR,48.321224,2.694251,1
bd8db1be1329474bb07b51add2099f16.jpg,France,FR,42.243436,8.795804,2
164852ef1795466ea7d74c893a4d82fd.jpg,France,FR,42.738458,-0.00898,3
25876dea885c4e16a0db3769d196754d.jpg,France,FR,42.250137,9.057913,4
f49d414e432b4017a36e78edd9b6f2eb.jpg,France,FR,43.541191,0.465658,0
255a844abbb34332a3b666cbf513c3b2.jpg,France,FR,46.88227,-0.742145,1
f6537c4a55b744ecb267c87c60c831a5.jpg,France,FR,43.228461,3.004629,2
719f15340532489bbb305c7cc3d2e25f.jpg,France,FR,42.552534,9.460755,3
4857229e796546a3850e544fc64ec179.jpg,France,FR,48.316771,6.495734,4
cf4274c4fb704cd7a57015d230520c8f.jpg,France,FR,48.128611,-2.181528,0
6f97cdd8a4904743860f790fcc665733.jpg,France,FR,43.280181,0.109793,1
1d1e06eabf8641fd9ddfe6a251d205e6.jpg,France,FR,44.293643,6.394423,2
e88d709e6778475a9b0736cbbf0d951a.jpg,France,FR,43.695075,4.540955,3
b71d57ce2b274bca939b4284bb24aca7.jpg,France,FR,46.870227,4.572111,4
100f9fdb11654a258be51ab803f32890.jpg,France,FR,46.070583,6.52562,0
2e24356a11ce421fbd34702f70ba6b38.jpg,France,FR,43.942412,5.913589,1
2a7049b0087147a4849c82f31946b490.jpg,France,FR,44.976626,-1.078499,2
f05a9a51f4f4451f9a4c216b4bb76111.jpg,France,FR,47.766653,0.88949,3
08e3236138304108b6b792a6a2f85611.jpg,France,FR,48.369579,-4.686,4
267c77590cdb437abb546c0de839d6d9.jpg,France,FR,43.941698,5.105108,0
6ea0c7b1b25b481a85dfecbef28df851.jpg,France,FR,43.769083,3.791606,1
486cf662aeea4a679040ff0e467e5c6b.jpg,France,FR,48.387623,-4.761936,2
51849527e4c54a90926aba02ad08325b.jpg,France,FR,45.837847,-0.411092,3
b9a2d91679884c16beeda9e347d9ee2a.jpg,France,FR,42.369339,9.529649,4
16416931b1cd4f37a2af64b7b80fe286.jpg,France,FR,44.591233,1.959399,0
ee9c2606f3ba4192bc9b2419c5aed179.jpg,France,FR,48.85775,-0.876955,1
f0a2dd23b5734193a20240346750970d.jpg,France,FR,45.003865,2.025047,2
f87f27e8141f438ab7b8c3ec51e4e9ff.jpg,France,FR,44.282114,2.661655,3
a4102b5c3eaf440b99ab76e560f2cee1.jpg,France,FR,45.552667,0.175833,4
ffc49647426b48e480478e725a4ef0c7.jpg,France,FR,48.095967,-2.801507,0
2932c990cc98427ebd567f7b99d35c14.jpg,France,FR,47.625203,-2.995025,1
29b8a60c40784e4a95be5ba494592c63.jpg,France,FR,44.272177,-1.183754,2
484d085b286049a78f99b1e6eeb47047.jpg,France,FR,44.170353,3.694881,3
256cdeabb1d1432a859a014f4307e1d2.jpg,France,FR,49.655832,-1.2545,4
9cae9643229843f4a2ebc16d4905d89c.jpg,France,FR,46.885916,6.236643,0
ba389401beaa45ba9cd911126cb0ac90.jpg,France,FR,49.667399,3.264503,1
0982930ba192417a8f225729b639fea6.jpg,France,FR,48.944331,-1.389314,2
c6e612672aa840f882433e9940343d2f.jpg,France,FR,43.387337,0.071518,3
3da036bf1da54487a50b25edd0a33b8a.jpg,France,FR,47.119156,5.371658,4
cf88cc90008141a28fdea5d0dad9244f.jpg,France,FR,49.320661,1.411134,0
ddf675d7c46e40bf844fe3e0d60194f1.jpg,France,FR,46.418634,3.065332,1
ad8dd60bce024a6c839b4c4d5f4c325d.jpg,France,FR,46.629455,3.709805,2
0fd8cfbe19284020b5c20ee921ef27a0.jpg,France,FR,47.006103,5.390624,3
9256c7a478594893a5337d3d32e5ca28.jpg,France,FR,44.474481,6.315997,4
4d1bcfe366d64aacb324ca4e0b8882b5.jpg,France,FR,49.362097,-1.192688,0
cf6889ddc2f848b990453b36f8f4f059.jpg,France,FR,44.632143,-0.846068,1
b1d57a92e52a4e828fd0fa1ba5bbf2f8.jpg,France,FR,43.127024,3.123935,2
35bbac8107de4ed0ba57229880cf9a71.jpg,France,FR,49.099791,0.738573,3
f14d7e78b6bf4c38986fe5e4677adc26.jpg,France,FR,48.238161,-3.375142,4
7d0ad1cf62a747c09b6a6183b2563ba4.jpg,France,FR,44.112291,1.308214,0
ded7d47fd9c84fb798bdc49a1c83e926.jpg,France,FR,43.337603,6.318008,1
678d6699602d44cab3f624efdab6716e.jpg,France,FR,46.780895,4.141128,2
51b69da2a64a4417b16844e710777d67.jpg,France,FR,48.045137,-2.900435,3
dcd1992e2c644881b1af5fe1cb7450ba.jpg,France,FR,48.30188,-4.151144,4
98031a7e21e74108ab00ded4957f40bd.jpg,France,FR,44.140161,5.461328,0
0f99250f67c048c691179d6396bf6e11.jpg,France,FR,45.840867,-1.148554,1
ceb0eb6ad3944f45a957ae58356c62c1.jpg,France,FR,41.995491,8.730614,2
8866d39d52324b44bdb9ac5ea9acb0c5.jpg,France,FR,44.639475,-1.116209,3
3bf8f4d5f3d64087847e40223bde3c68.jpg,France,FR,44.23671,0.59138,4
f5b39c2d2b23463cac44de386d4bef07.jpg,France,FR,41.787916,9.397172,0
e39d5074837747c4bb1b743debd8c927.jpg,France,FR,50.366908,2.7965,1
c251123b36c248688120cf4d9a16d570.jpg,France,FR,48.577364,-4.510391,2
2c71e9838127427c8a5e69aadfd32126.jpg,France,FR,47.602684,-0.335128,3
3f7b50a5a2ac48ee9f5c3448cf75eae5.jpg,France,FR,45.079301,0.061473,4
5f565518449b438b8902d26d29e136d8.jpg,France,FR,43.567578,-0.817382,0
3b170d38046a4f5281ea4f9d6dd8a172.jpg,France,FR,45.276021,-0.875506,1
9d2da6e285284f028f1f5d7eecb2a66f.jpg,France,FR,50.765739,2.758175,2
431beeb3c2d44f8287d5741b73a9f028.jpg,France,FR,48.8325,6.485613,3
2b33bea8bfd945f0809995a7066f61da.jpg,France,FR,44.776565,-1.05512,4
5ea87c62bac1472f891726829e219a75.jpg,France,FR,44.375603,-0.841857,0
90d0e2fa28764e62bddf2506a697659b.jpg,France,FR,47.785803,5.592106,1
d4e24d25e0e74695b990576de40182a2.jpg,France,FR,48.28813,7.62586,2
a74d086a90394d1aa66e7bc489e16044.jpg,France,FR,47.794571,-3.808289,3
8b323c2b18fd4acb8980b396ec95d685.jpg,France,FR,49.468449,1.036082,4
7e8387b9d53b4043b94bc3f241c26d79.jpg,France,FR,44.025512,-1.327789,0
e8ab3935358f4308acd4efc98a9051d8.jpg,France,FR,48.572815,-4.509819,1
30466f2f878e49eda3f5d7707c661010.jpg,France,FR,48.802334,6.025052,2
f013b7c6b1794f8bb384568965a46bbc.jpg,France,FR,47.190351,5.598359,3
052b421b96fb40579bb0c3bb9d45f007.jpg,France,FR,49.020105,2.702849,4
62bd49e391ee4fd0a5be597fc752d754.jpg,France,FR,47.304451,2.469252,0
b1332408fd5348ec9b9eb0fe4959d7e3.jpg,France,FR,46.508821,5.310979,1
fae9508bcfa24a3ab9924d9e17b0c003.jpg,France,FR,49.512241,0.23219,2
02467a44220043d5a7d79737566a7c55.jpg,France,FR,48.257256,-4.538719,3
ce537aa9acb644c091f9bc7aa4fff725.jpg,France,FR,46.611409,4.889067,4
1b15f16bea0d4a38a149b286da48bae6.jpg,France,FR,48.997651,2.283905,0
ba4ee0546f4647bdad88b186bce501af.jpg,France,FR,48.464208,-4.51439,1
675b799b2151428c8d594ff232860e0c.jpg,France,FR,46.750883,-1.658808,2
bb798679a96d4b588e462f708c64e5bd.jpg,France,FR,47.650713,1.122088,3
57168fe64a234a45a774890ef9a9bb99.jpg,France,FR,47.562966,6.861212,4
38fbc5893b5b40d9a7c1cfa5d7698c6d.jpg,France,FR,46.374316,4.188939,0
da54c421a832492ba03a2b4e16d2197c.jpg,France,FR,45.987653,4.861631,1
2eb08b46de644edb87f91257d443f99e.jpg,France,FR,49.696319,0.53088,2
03962144350540879ded8f31d4994eb7.jpg,France,FR,47.133667,3.881387,3
206f35da53204a0984af3ae6bf36d19c.jpg,France,FR,43.842928,3.742679,4
3abda05db53c4f148449dc26a1ace530.jpg,France,FR,45.318228,4.508899,0
2f716bda5a374ed38cfe81cd3afd79da.jpg,France,FR,47.491178,1.217014,1
a2ef3ef029fe44c5ac810b4dbbab5bc1.jpg,France,FR,48.772813,0.966726,2
5514c2748f384a6f9ef70a7b77c107ef.jpg,France,FR,49.093138,-0.25942,3
816cee8006a3466ebe5e9bd134b23941.jpg,France,FR,49.131304,1.254226,4
1c974bf2f9cf46b8ab6a6b394386569e.jpg,France,FR,47.748205,3.569187,0
2c8c587b859449858926175941aaeba7.jpg,France,FR,43.800218,-0.913701,1
021be4c6462a408dab42813843fdd598.jpg,France,FR,46.399715,-1.32036,2
a1db6af4de174adbb59b60d7b45b0910.jpg,France,FR,50.176373,2.734334,3
e469e1be1ffc438e915e88d2f5621cec.jpg,France,FR,45.615129,5.803492,4
b02606bd42314275945595cc62904c64.jpg,France,FR,48.553453,-1.79099,0
c2d463922b0e4135932956e62ffcabb1.jpg,France,FR,46.010833,5.951341,1
cdd5b17d57754e939e44b88b07a6a3c5.jpg,France,FR,42.639294,2.445722,2
a2ab6ce858294e1da6c06d0b0a11f093.jpg,France,FR,47.741256,7.505727,3
bd7bd015847f41aaa84751e436666138.jpg,France,FR,43.206483,2.801882,4
085bf54b476d454b988952c0ce641fc2.jpg,United_Kingdom,GB,53.547693,-0.01455,0
81fa2271980444109f746b338e784191.jpg,United_Kingdom,GB,50.67952,-4.708743,1
816e4fc1c06d4d8195a5141f18bbd02c.jpg,United_Kingdom,GB,50.255007,-5.090458,2
acc090e9bc624739864ca5f3841c5264.jpg,United_Kingdom,GB,52.260196,-3.08199,3
40bac880c69142fb82430e785d24f73e.jpg,United_Kingdom,GB,56.589019,-6.165753,4
79a93643fa74492fadd44e7045000554.jpg,United_Kingdom,GB,51.937124,-2.169361,0
5e841d586a774f0689c348b08c147a63.jpg,United_Kingdom,GB,52.915544,-0.359086,1
920d1a6fef8349ff989c3ba93bb65f62.jpg,United_Kingdom,GB,54.861918,-6.249656,2
3e86a3124e584fdaabef60abe84beee8.jpg,United_Kingdom,GB,58.567459,-4.738909,3
22ebd40d5e52400ea940938cff164779.jpg,United_Kingdom,GB,58.567658,-4.739574,4
132e86f90f9b4e658d9b983b91d30543.jpg,United_Kingdom,GB,50.370888,-4.96314,0
fa714bd6c19d4da89e1e55fa8634eb69.jpg,United_Kingdom,GB,54.770221,-6.537912,1
e3afab998ec34824b8ab258c3164ee15.jpg,United_Kingdom,GB,54.938986,-3.998698,2
5a36f7aec73d4f44a93aa9af7c4e1b6f.jpg,United_Kingdom,GB,56.595056,-6.141277,3
84f643a5d70d4dae8e68f6989eb509d3.jpg,United_Kingdom,GB,57.782351,-5.037308,4
e3c95814577c46b88ce9ab9f4703a026.jpg,United_Kingdom,GB,58.539272,-4.782386,0
4325382e39ed48778e84ff823d3c52aa.jpg,United_Kingdom,GB,51.779881,-1.995413,1
3b1862f36662422482cbd8c66e554ddc.jpg,United_Kingdom,GB,50.424598,-4.668645,2
7bcf83cde8184cf29dc3994c0e32bd67.jpg,United_Kingdom,GB,57.013502,-3.374299,3
754e071668174dd3a0573a7504f806b8.jpg,United_Kingdom,GB,58.01386,-4.28483,4
ea6adebe351e48d4b22deefa4ad07956.jpg,United_Kingdom,GB,56.873261,-5.061956,0
a66cca5ccbcf44c08e946b7eb5d30d64.jpg,United_Kingdom,GB,52.80594,-3.537168,1
a0397c4d749c42e6b3500b7c517d5f7a.jpg,United_Kingdom,GB,58.555351,-4.706344,2
1e986b508a4c43dd83574b45cc1c28af.jpg,United_Kingdom,GB,56.046013,-5.178459,3
34f908380113444f9d23724697c26787.jpg,United_Kingdom,GB,54.277397,-2.764489,4
0fdfea930cfb4a079c530c39e6d79b81.jpg,United_Kingdom,GB,55.528783,-3.77206,0
7a2a67e36a4a461b898f4799cdadd375.jpg,United_Kingdom,GB,53.266332,-3.496186,1
715b239e3ac444dc8dc45bc2d47bc19d.jpg,United_Kingdom,GB,54.225399,-0.771264,2
aebf2f81d93e4ec598cc917a6b598021.jpg,United_Kingdom,GB,57.452294,-5.391222,3
45ba5786769f4688a0785fbbae9240dd.jpg,United_Kingdom,GB,54.263745,-0.393683,4
def7248f4b584f39abe8ce74ae903cd1.jpg,United_Kingdom,GB,58.540955,-4.78118,0
7fd2477e02274140a5690a91b99a67e4.jpg,United_Kingdom,GB,55.483453,-2.690683,1
ff716ca1eb7849899a91ccb369497ad3.jpg,United_Kingdom,GB,51.447481,-1.248135,2
8b60f952ae1a429792ac2488c013f0d8.jpg,United_Kingdom,GB,50.498121,-3.766979,3
6d3448634df64af3a91dc8c35eb07dcc.jpg,United_Kingdom,GB,54.272595,-0.640336,4
7e8c67738c594d7d81562d17620b310d.jpg,United_Kingdom,GB,56.001638,-4.390912,0
3be28a15522c483d9813daba1d491e60.jpg,United_Kingdom,GB,54.092462,-6.173371,1
3dffb8fdb0e04a49bc7fffd029d52133.jpg,United_Kingdom,GB,59.082222,-3.321316,2
68fd2d8d831847bfa316cd287ead0e63.jpg,United_Kingdom,GB,50.579607,-4.7194,3
00e7b198280a4879bb6d1d89e222bace.jpg,United_Kingdom,GB,56.901067,-5.019641,4
7e7a9f23ede04e20ad74186d68e88b3e.jpg,United_Kingdom,GB,53.60807,-0.23531,0
a40d849fcaf5466b98ad0096544d6c67.jpg,United_Kingdom,GB,52.382053,-1.714093,1
88912fd1d2344a8e8e121d17b8f88832.jpg,United_Kingdom,GB,51.640981,-2.483109,2
72cd8f42b06540f785f17f922143fd89.jpg,United_Kingdom,GB,57.305492,-6.234993,3
1a6aa42d155b4073815cee78504068d2.jpg,United_Kingdom,GB,50.397154,-4.437288,4
5660547f6e6c41e49ba3cba2c4d974be.jpg,United_Kingdom,GB,58.52457,-4.683909,0
11c7b125a7874d6ab84b08d0f6520458.jpg,United_Kingdom,GB,50.527462,-4.697611,1
0ab1a99c374e4e49b476c6940fc2e53e.jpg,United_Kingdom,GB,50.443265,-4.58763,2
84a0ab8ed62f4d3a884a5fbdf7924092.jpg,United_Kingdom,GB,51.955147,-1.826222,3
e027865274444246bc59a8240dbd689d.jpg,United_Kingdom,GB,52.927314,-3.613637,4
8f5ab1725c1c45c6aa15cf46cb140387.jpg,United_Kingdom,GB,51.803385,-1.063299,0
bd2b066556f3438e802ae217f17a5692.jpg,United_Kingdom,GB,56.104471,-5.54044,1
f2cebc78d7594278bd41e19507c36635.jpg,United_Kingdom,GB,55.364795,-3.498452,2
5666bd6844a24bc990d26a20a0cfdf16.jpg,United_Kingdom,GB,58.547067,-4.778235,3
91c1630908ad477f8d27daae8088eced.jpg,United_Kingdom,GB,57.914782,-4.059769,4
e797a8fecc7a41088259a79c9879b707.jpg,United_Kingdom,GB,52.667677,-2.85926,0
10149728873e4b048390f61c33476115.jpg,United_Kingdom,GB,58.556486,-4.706181,1
f7a362b0e3564e8bbf202916b3889752.jpg,United_Kingdom,GB,54.193645,-2.39616,2
32bda4ca48924d7c9468b2c4fbf520f0.jpg,United_Kingdom,GB,58.628744,-3.2404,3
21b68f67357e4dcb9728589885494aea.jpg,United_Kingdom,GB,54.690502,-6.12703,4
00e55fccb2f94dd5aa2e35eb423543da.jpg,United_Kingdom,GB,58.538793,-4.297489,0
17ab74ca0db84ec0a2bd40a1424c9a2f.jpg,United_Kingdom,GB,58.490152,-6.246965,1
8bdfaa56731442fe99aa789607380531.jpg,United_Kingdom,GB,52.225115,-0.225277,2
030ad95e5847450fb409ddb0ab7da4ae.jpg,United_Kingdom,GB,56.260214,-4.931949,3
a0164bc301c54f0ea4c0ce1756f4a3cc.jpg,United_Kingdom,GB,56.390604,-5.099123,4
9ab920ce9e95414bbc4cbcfff98676bd.jpg,United_Kingdom,GB,51.918519,-5.116318,0
7b878f076a4649b4a3d4c4546125c00f.jpg,United_Kingdom,GB,57.480178,-4.319265,1
f6bf9fc2cb184442aa708722575c000a.jpg,United_Kingdom,GB,56.843272,-4.71192,2
640e9aae4d5c4e2aa4364bef0783039b.jpg,United_Kingdom,GB,53.125463,-3.983196,3
e79d9e3c622c4934b7030405c03589d5.jpg,United_Kingdom,GB,55.785301,-4.442247,4
412e8b90271d4485af77f1327339df7a.jpg,United_Kingdom,GB,54.870427,-1.641578,0
6c3b3d80bd4341d7952a18a2f2f3c5c3.jpg,United_Kingdom,GB,50.313677,-4.932781,1
1131b2cd86024ed1b3234f2b1bdd7362.jpg,United_Kingdom,GB,52.507256,-1.250688,2
0b63ca52fb5f4527b6636c1eb2d57833.jpg,United_Kingdom,GB,52.330688,1.340647,3
bdb88c45f68f4918b7647d6fdb7ff5f4.jpg,United_Kingdom,GB,53.170048,-0.828869,4
64c88f1d56644cbb883c62e40428802f.jpg,United_Kingdom,GB,51.910685,-2.937326,0
25428d5ca72b4f76b6c7c222e867f662.jpg,United_Kingdom,GB,55.972605,-2.868273,1
e176ef04f3d84676a6541d1f61ed62d8.jpg,United_Kingdom,GB,57.557305,-3.001711,2
55ed54ee9ed0448fb0d231b6731576ba.jpg,United_Kingdom,GB,59.066087,-3.329179,3
f10f29bbbdbb4987858f4e80b0214457.jpg,United_Kingdom,GB,52.250937,-1.999214,4
e92dc91311b64bd5ac9ddcf70e227092.jpg,United_Kingdom,GB,53.465614,-0.552037,0
d171ba1d4bf04480b42efa58c33dac43.jpg,United_Kingdom,GB,57.530361,-4.271472,1
e549c465bc9441769a571c1d47c87b49.jpg,United_Kingdom,GB,57.518555,-7.283351,2
686612a48df54aad8b4651c505966bf8.jpg,United_Kingdom,GB,56.887792,-4.73651,3
4387a3d31ee44d75a34b0e9e2ca133a5.jpg,United_Kingdom,GB,52.627365,-0.269235,4
cc4aaf907ea440fa9747e5c66f70517f.jpg,United_Kingdom,GB,50.508381,-4.719895,0
98312312eb6b45df86f114d40f49f2fe.jpg,United_Kingdom,GB,51.382712,-1.199315,1
204cb3aa156b4871bf4c150c40cab738.jpg,United_Kingdom,GB,50.33687,-5.120444,2
8c753ea382ca4f0fb11a60c7cb072856.jpg,United_Kingdom,GB,58.572695,-3.073367,3
edf94d0f20c14347b2524b1c8d5c3ddc.jpg,United_Kingdom,GB,53.900356,-1.488443,4
c3b3f364a2594a02b99014745660189e.jpg,United_Kingdom,GB,56.569212,-3.311706,0
a550555f4d6e43c1bdef5cddbe0ac21a.jpg,United_Kingdom,GB,52.380967,-0.046549,1
66cebe5c8dda4bdab8a1602a91af5aed.jpg,United_Kingdom,GB,53.83272,-0.628121,2
789e7b3eea484d2c98adac90abfe03c9.jpg,United_Kingdom,GB,52.544262,-0.199045,3
56ee38ea109349fb89981b5b7b18d0b9.jpg,United_Kingdom,GB,52.943261,-0.858985,4
5a09ebf88f484e968b9698af0a315fd4.jpg,United_Kingdom,GB,53.385987,-0.768089,0
9a7b57c0d5dc4e5899b709b04b76aae8.jpg,United_Kingdom,GB,54.200853,-6.094424,1
b0c85e59665c44d6a799fbe8643250f9.jpg,United_Kingdom,GB,54.978127,-2.312856,2
bfdc774e327144458d1fcf904c4791cd.jpg,United_Kingdom,GB,50.285353,-4.945512,3
882e2847eee9464899fd6b57780fdf52.jpg,United_Kingdom,GB,54.451617,-5.530446,4
fab9aeb3dd7f467da89cc4987b66fb40.jpg,United_Kingdom,GB,56.068367,-5.462571,0
511513099a5345f5983a8d7622e3b4af.jpg,United_Kingdom,GB,56.517059,-3.763898,1
dcd55fce6fde4c49bea217c77479c5ab.jpg,United_Kingdom,GB,50.343967,-5.106281,2
f49e8f542d1b474dbda6ef0a67453d2c.jpg,United_Kingdom,GB,56.771373,-5.021736,3
f0f9e8647c704bf1b611cc3d617ca274.jpg,United_Kingdom,GB,53.896559,-1.64877,4
ce70bd6af09949c6bd1e0829130d4553.jpg,United_Kingdom,GB,53.864739,-0.365382,0
1c2dab4a72ac49ce91ed40b02b3a2e64.jpg,United_Kingdom,GB,50.635871,-4.501733,1
abbefd08d8a343eb869852f06aeb7894.jpg,United_Kingdom,GB,55.63851,-4.595552,2
f641d44e7f4840679e48dd160b65a4e3.jpg,United_Kingdom,GB,56.777113,-3.407191,3
b983f79da77d4ed4a8778c8beec6149c.jpg,United_Kingdom,GB,54.6626,-7.338633,4
a895718e705c4b01912ffd32fe06747e.jpg,United_Kingdom,GB,50.647209,-4.738397,0
f40baf064e5c4904abcb1f19128088c4.jpg,United_Kingdom,GB,54.832713,-4.605536,1
74bb195247a244d8899adbe27e607451.jpg,United_Kingdom,GB,53.14069,-0.765848,2
a8bb26905b74486393c2205dde660c1e.jpg,United_Kingdom,GB,50.789009,-2.739889,3
001d942139a74bc7a3dc6f15fda203fe.jpg,United_Kingdom,GB,57.398188,-3.408784,4
7ac66eabd0ab48bbb084c88596032035.jpg,United_Kingdom,GB,52.331536,-3.042645,0
b073f35afeb9480cbf37344bbcc918da.jpg,United_Kingdom,GB,55.813308,-3.502197,1
7b1197ec8bba4ca6b16e8b02545ffced.jpg,United_Kingdom,GB,51.139531,-4.251186,2
8c67aebd54814cef95e247dc48b57a03.jpg,United_Kingdom,GB,58.570704,-4.755783,3
aa5bb6b3475241f1afd655af9d6cb3fa.jpg,United_Kingdom,GB,55.626261,-4.562941,4
3ff426ab94f44c059c54f1b6a09cbb19.jpg,United_Kingdom,GB,52.433795,-3.776592,0
47cba054b8bc4a7098ddbfa049e75ffb.jpg,United_Kingdom,GB,55.994247,-5.205006,1
cc293ef07f5148d0a6f85c566e4f55b0.jpg,United_Kingdom,GB,55.340282,-1.596644,2
5b8307de19e548d28562bd45fb314092.jpg,United_Kingdom,GB,55.675223,-2.471782,3
a5255890d11445fd8f55a69e040f43ba.jpg,United_Kingdom,GB,59.942297,-1.292977,4
3918719408fa4cda80dd970863738177.jpg,United_Kingdom,GB,56.084625,-4.824797,0
a39dd77b5ae347d6a94c9fb2bcf47436.jpg,United_Kingdom,GB,58.279209,-4.437166,1
536cf948e16e46bd98834be503794abe.jpg,United_Kingdom,GB,55.360912,-1.826084,2
24d8dbd0fe9c433bb35b69f672a2eb11.jpg,United_Kingdom,GB,53.505997,-2.347863,3
f38cb9637c584113bfd244c13788b241.jpg,United_Kingdom,GB,51.892388,-4.970288,4
78174b5e1b1c4fe7a516ceb88de46a3a.jpg,United_Kingdom,GB,56.516485,-5.936348,0
f8866e07ac61407aa737fb3514251fd5.jpg,United_Kingdom,GB,57.21414,-3.26112,1
e93f065f68b844cf9011ef85ca7bc039.jpg,United_Kingdom,GB,53.684229,-2.774966,2
900c31e0a03047d5a963c7ef3c11e583.jpg,United_Kingdom,GB,50.401081,-4.55608,3
315b954dc715466389f4ad5b890cf74b.jpg,United_Kingdom,GB,59.092966,-3.320566,4
acd471c785064fa582839da872c4fadd.jpg,United_Kingdom,GB,55.888942,-5.420166,0
e46a8e053b0d473485e4fdbc2e56631e.jpg,United_Kingdom,GB,58.501682,-4.816372,1
cf25ef451a70479e99e8d87cb2862a7c.jpg,United_Kingdom,GB,57.77739,-4.092674,2
2d35a386dcc04267822086ad89d50af5.jpg,United_Kingdom,GB,53.605684,-0.663562,3
7535386eff2b4ad786a7408d00fcb5d9.jpg,United_Kingdom,GB,57.554154,-2.834662,4
60aace7fc748438a9f17f628b7a516a3.jpg,United_Kingdom,GB,50.331318,-5.127511,0
b2b3cdac6f704261aabffb510af6b23d.jpg,United_Kingdom,GB,52.083831,-0.246744,1
e4afeaf3f7c0444ebf75b30e4406cce2.jpg,United_Kingdom,GB,55.693739,-3.563796,2
2202039b53ba4702bcb7440dda08a517.jpg,United_Kingdom,GB,54.993113,-3.620875,3
119e4f3286874bbf980fd8780153a2ce.jpg,United_Kingdom,GB,56.381316,-3.8231,4
2053eaf0a64141c9b0db0a9e8a99c1aa.jpg,United_Kingdom,GB,50.640768,-4.26931,0
6b7b29ab68934892a75d38913e0fb26a.jpg,United_Kingdom,GB,54.695307,-6.671441,1
db8d4a555a8c4973906eefe8579392a4.jpg,United_Kingdom,GB,58.574835,-4.767275,2
e4259c9652c14b4897cfadcba97014d0.jpg,United_Kingdom,GB,56.547134,-4.298455,3
f56d919e9b44484795aa6bb5500b7fcb.jpg,United_Kingdom,GB,50.429733,-4.569651,4
9feb85a0fd58464a9c6221c8d91fb226.jpg,United_Kingdom,GB,54.359416,-3.294828,0
c3c4fd97c6d84d66899fd5b095220bdd.jpg,United_Kingdom,GB,58.50786,-4.810098,1
198cea4a84ca46ccacda0c8e9655c2ae.jpg,United_Kingdom,GB,52.407796,-3.614718,2
7cc5eeb1a7224226b05086ee11e655ad.jpg,United_Kingdom,GB,50.64581,-4.105804,3
1123283d475f46d3a70fb8db3c5750f4.jpg,United_Kingdom,GB,53.595203,-2.504685,4
ca90044ef2464edbbbb06cacd0aaed75.jpg,United_Kingdom,GB,50.181113,-5.59602,0
2de85535c4b642419489e1356775eacf.jpg,United_Kingdom,GB,51.292805,-0.295012,1
4934342aa7f44b8c92b5ec6eca0374f9.jpg,United_Kingdom,GB,50.199801,-5.534756,2
af6869f1d21548fda69c9d5a1a6cce08.jpg,United_Kingdom,GB,55.083213,-6.355413,3
d70bed8332ed47d183f25eb784391f92.jpg,United_Kingdom,GB,51.700303,-4.712679,4
558d3fe8dc7c49d6b6fdbb608790f395.jpg,United_Kingdom,GB,56.453916,-5.690768,0
eb1f5c25079b4c03afefa4624b780112.jpg,United_Kingdom,GB,54.709994,-7.596016,1
93ae9c5181cf49feb74db420874727ac.jpg,United_Kingdom,GB,56.240562,-2.668672,2
d7ab26e0944a456b99eee500257bc5c9.jpg,United_Kingdom,GB,50.121797,-5.44297,3
3f8af61e7d61435db83c481839eea5ae.jpg,United_Kingdom,GB,56.20383,-3.12925,4
ffa54cf2f8c546b4a8d7bf0ab0939722.jpg,United_Kingdom,GB,57.961191,-4.049945,0
343d287fcc2a44c395fe06816cb27e07.jpg,United_Kingdom,GB,56.859958,-4.707092,1
dbada8597328410d80c08bdba529c245.jpg,United_Kingdom,GB,51.690467,-0.927052,2
95350324ccd7432f872cf82ad822bd6c.jpg,United_Kingdom,GB,52.098316,-1.501466,3
aa283f183a724bdc8aa3139900ff3195.jpg,United_Kingdom,GB,60.779106,-0.827004,4
ffbaab002cce4339b6cf0886e1f7494d.jpg,United_Kingdom,GB,55.822208,-3.996808,0
f2ba047276b74ff895be93455333928d.jpg,United_Kingdom,GB,51.135478,0.174604,1
b4e01c7888d04421a5eeaf4560e9d339.jpg,United_Kingdom,GB,50.291717,-4.971389,2
780e7472c79d47d6a62b492fec8e3545.jpg,United_Kingdom,GB,56.424635,-4.834722,3
96c40306d67b4a7085d57447bd147e36.jpg,United_Kingdom,GB,52.390261,-0.602995,4
8826cfdbd1884338a42829c890b05c36.jpg,United_Kingdom,GB,52.087129,-3.678146,0
a05481b473354b81b66205953e5e29df.jpg,United_Kingdom,GB,52.672026,1.711217,1
a799385603094faa889cb127c5a6512d.jpg,United_Kingdom,GB,50.440984,-4.719669,2
fb91311b4bf14385a5a4266985cb9c38.jpg,United_Kingdom,GB,54.611694,-2.065502,3
24ad253bfa124e1c9bdad1c58bea0628.jpg,United_Kingdom,GB,52.151115,1.501395,4
9c85e205e6784bf2a34c2abaed5a54ef.jpg,United_Kingdom,GB,52.63502,-1.343146,0
f05e805fbacb4bd4a74808989b67f328.jpg,United_Kingdom,GB,58.522621,-4.797917,1
f9043d401d0b4968976e4a3916360302.jpg,United_Kingdom,GB,56.184237,-5.473365,2
b0a6905d2c4841318ad11d878a13a548.jpg,United_Kingdom,GB,53.614534,-0.293931,3
eb8a9ca047e848368ee52ed5293dbc97.jpg,United_Kingdom,GB,53.251856,-1.44785,4
c3957269d1ec49ba8becd42904758250.jpg,United_Kingdom,GB,55.791351,-3.292422,0
1d321e79694949459ddf8c5dc1a231bd.jpg,United_Kingdom,GB,57.128072,-3.937631,1
631753e614d347e697de2a5b4cdb610d.jpg,United_Kingdom,GB,56.724715,-2.55703,2
61fcde6ba8d74abc8ae232a70b446dd8.jpg,United_Kingdom,GB,56.202521,-5.511486,3
e3dcfa0c4bc740f1a8664b317391412f.jpg,United_Kingdom,GB,53.262723,-3.431528,4
9d6ade7f35d34ebd86b630b549670392.jpg,United_Kingdom,GB,51.694809,-4.929564,0
de6cdabef18f4cb88993f56c6dfcf13a.jpg,United_Kingdom,GB,50.357493,-5.092295,1
f40484ba7e764573bb7de6864b500d3f.jpg,United_Kingdom,GB,51.754341,-4.5156,2
a12c295557e04b499c95b1a18cdd280d.jpg,United_Kingdom,GB,55.295296,-2.939892,3
9ea7421bc17a4baa80455fbddf42074c.jpg,United_Kingdom,GB,50.395038,-4.626846,4
35d40b9a92e941d3821190d9e40207e6.jpg,United_Kingdom,GB,53.794496,-0.071866,0
02e43058f97a47b5a27a340800c372ad.jpg,United_Kingdom,GB,55.984923,-2.896377,1
0e8e17cf889e4fca9bd7f202a66abe1f.jpg,United_Kingdom,GB,54.655349,-5.675576,2
f9d083cdddee487d80365345fef908ac.jpg,United_Kingdom,GB,50.631298,-4.09741,3
6fbcfe523e1349759e6060d632d52e54.jpg,United_Kingdom,GB,55.698094,-4.305315,4
43815479692449feb153440b62762baa.jpg,United_Kingdom,GB,58.540129,-4.11342,0
effde20543d54c85ab59a3b900363d82.jpg,United_Kingdom,GB,50.663986,-3.769693,1
599c9cc20bef42b7a7c5ccfa94ad11f0.jpg,United_Kingdom,GB,50.576031,-4.876399,2
e502712a09ff4be9a141af86f932a7f7.jpg,United_Kingdom,GB,54.118695,-1.19109,3
95c8dde7d79a4cdf82f1a09eb3f769b7.jpg,United_Kingdom,GB,55.841474,-3.156091,4
8463b172529246c4ba12718d6275c3bd.jpg,United_Kingdom,GB,50.820415,0.301238,0
8bce910418fc4a3dbeaee73d2cafc814.jpg,United_Kingdom,GB,50.377206,-4.464514,1
1d91cdaaa6c84d59b7ac6ac24a0d5656.jpg,United_Kingdom,GB,57.556558,-5.101145,2
f3918e0ce513406bb67d43d12b922688.jpg,United_Kingdom,GB,50.833724,-3.799671,3
6b09e9db79a94148904eb47f2d0a107e.jpg,United_Kingdom,GB,53.077668,-4.003143,4
e3d64e8c0de84f5598d3fecf5a592b47.jpg,United_Kingdom,GB,52.63924,-3.717811,0
74a71e78f4b1484ba9077cd565569e8b.jpg,United_Kingdom,GB,58.491875,-6.248598,1
205f2533fa0f4abd981fd08ec14f655c.jpg,United_Kingdom,GB,58.503842,-4.707442,2
f68f2e4a2f3144b1a962c23e52686d36.jpg,United_Kingdom,GB,53.633915,-0.715546,3
756f54f678644dc187b81023805ff728.jpg,United_Kingdom,GB,58.086823,-5.233773,4
f286e0fb8dee40ccac3a6a8030b02163.jpg,United_Kingdom,GB,53.054758,-1.42123,0
6af9854812b54cf58de48ade45a3dc87.jpg,United_Kingdom,GB,57.559171,-6.154662,1
ff6a3e3e601e4fc98ac6d7976dcc217f.jpg,United_Kingdom,GB,52.417762,-3.560485,2
08ca9b4a276146c79b3c92995b167417.jpg,United_Kingdom,GB,56.899957,-4.633711,3
48ed1e0e8ca34d3f813ad8410845aba5.jpg,United_Kingdom,GB,54.595621,-5.686439,4
8e71d5e1ccf040a88f5fcb9441161b67.jpg,United_Kingdom,GB,54.338769,-6.342118,0
638060db69aa40c7b62afa68c4548034.jpg,United_Kingdom,GB,53.361577,0.076184,1
d9aabc81b43840f98c0e4a679b3a4548.jpg,United_Kingdom,GB,54.622706,-5.764378,2
e4bd33c0111e490891bc06bfb6790018.jpg,United_Kingdom,GB,51.29854,-2.321852,3
452efff7a7434a59bb3d4ae35d95f0c3.jpg,United_Kingdom,GB,58.546354,-4.674198,4
7981e3c386e749aa8a2ad5323176f1cc.jpg,United_Kingdom,GB,55.956675,-3.928757,0
3ff1959b49814b529b68a1d9c3b50e05.jpg,United_Kingdom,GB,55.190588,-1.776667,1
267640dd59e3428296a689a8cff41d2b.jpg,United_Kingdom,GB,58.502725,-4.708667,2
b3dfefd5feac4a1588e948111025a570.jpg,United_Kingdom,GB,58.48256,-4.875774,3
10c1936ec77347db93ec4a346cd13bee.jpg,United_Kingdom,GB,53.239405,-0.583517,4
593440894f634002b1d00921186befcb.jpg,United_Kingdom,GB,58.513928,-4.806959,0
03728522083445e0a76b24b97201ad59.jpg,United_Kingdom,GB,55.128033,-4.993662,1
e8edcc8b23f44c39bfc4f25dd84e0996.jpg,United_Kingdom,GB,56.883079,-5.049903,2
3cdbaff314204977bf2f9602b21844c1.jpg,United_Kingdom,GB,52.945554,-3.642905,3
767bd67d442f419b8f5930b540f3373d.jpg,United_Kingdom,GB,57.739604,-5.659865,4
0b526a2aff29442ab50b46210a9a8cb5.jpg,United_Kingdom,GB,59.025661,-3.272149,0
9190d9054fe74c7883b0c3ea43511680.jpg,United_Kingdom,GB,57.139032,-2.345746,1
aa4e923cb131418484771999b94b6ce0.jpg,United_Kingdom,GB,56.900806,-5.02005,2
688671689c61415698ed68ac05d37a3a.jpg,United_Kingdom,GB,58.531851,-3.12821,3
e5f9ea4d3d354898aba18b64bdcbdc4b.jpg,United_Kingdom,GB,57.558092,-2.925633,4
93562d5dca934a69815728e1c34b3425.jpg,United_Kingdom,GB,56.196136,-5.506862,0
97b0321b55a743088b91a7a002b48b6d.jpg,United_Kingdom,GB,54.054408,-0.937117,1
8c91739040d54f8e96630f5707903baa.jpg,United_Kingdom,GB,51.571674,0.284424,2
f1ff920b924c408fbabcaebbef76c5c8.jpg,United_Kingdom,GB,53.189223,0.288444,3
2d6845b1d4c24aa784065c9830fd15fb.jpg,United_Kingdom,GB,53.490757,-0.553824,4
63165a1d0ae84dd1a45cc7e73ecbfae7.jpg,United_Kingdom,GB,58.503022,-4.618968,0
b95e9b30711d42a2856820f00f51c1a3.jpg,United_Kingdom,GB,55.211707,-4.847982,1
4b90770fbda6434999c1550c8cb91049.jpg,United_Kingdom,GB,50.416092,-5.075175,2
ee6cedd587624206b7c65c482d252905.jpg,United_Kingdom,GB,50.901314,-0.475208,3
58ab269fcf00412fad52d5ee56f3f552.jpg,United_Kingdom,GB,60.772729,-0.830742,4
a5e2ce03071c433592928772fc1f8ad1.jpg,United_Kingdom,GB,54.478649,-6.497841,0
b037636e8aa240388fb1334eb7f1fdd3.jpg,United_Kingdom,GB,50.119022,-5.30536,1
60bfe810f9ed4b43af1c1d4bb014e9fa.jpg,United_Kingdom,GB,57.550062,-5.521379,2
b3f125009c9947278110e9cefaf9756f.jpg,United_Kingdom,GB,57.537704,-5.136571,3
53e8396281ab403cb3a7cd59e39065f2.jpg,United_Kingdom,GB,58.502176,-4.815764,4
c8a0e1b38d4d4df5807bd7995091fa37.jpg,United_Kingdom,GB,58.557815,-4.70673,0
018417aee54c42c292dc8dc2f9cfa9a1.jpg,United_Kingdom,GB,56.021766,-2.841525,1
3c0cdac56818430491c5955d07e68171.jpg,United_Kingdom,GB,50.708478,-4.626996,2
d7d6c5077feb4464bf19fb49aa3d92d7.jpg,United_Kingdom,GB,56.221671,-2.91415,3
65ba2e7403174d7fb1e6fd21a0766d6c.jpg,United_Kingdom,GB,57.783214,-4.090049,4
b41b4b3087234b43b2c8b2204d7b8c22.jpg,United_Kingdom,GB,54.364968,-1.361226,0
9320e37e08974233a3586f0d13dbc4c7.jpg,United_Kingdom,GB,58.504171,-4.571285,1
18fd120a7558455f818a31d6d474f689.jpg,United_Kingdom,GB,55.213249,-2.985384,2
a5dbd83c3131434a8f28bb9c140ba9d5.jpg,United_Kingdom,GB,55.576085,-5.196192,3
f821674dea0344d4a07a0fd0a949c5aa.jpg,United_Kingdom,GB,58.504898,-4.70655,4
b607128792d447bdab5d0839e1c4dbb6.jpg,United_Kingdom,GB,56.218678,-5.541628,0
602a14d8688f4873970cd14f91380838.jpg,United_Kingdom,GB,50.888549,-1.578226,1
f501d96469e247499f6e2b922bbd4eaa.jpg,United_Kingdom,GB,58.565857,-4.740571,2
4b43a827ef1544d58ac2df439f6aca96.jpg,United_Kingdom,GB,49.958975,-5.206358,3
19d5359aaf3542ff9e5f90dc384a920a.jpg,United_Kingdom,GB,53.932996,-2.775358,4
107e989adaf747e2a63af0379537ff12.jpg,United_Kingdom,GB,54.47734,-5.980135,0
dd8d18d4546741f2963b9ebd1c9c0b6c.jpg,United_Kingdom,GB,54.51044,-3.479725,1
92ad34cd93bf4c40acc079d8146fc8ab.jpg,United_Kingdom,GB,57.423217,-4.664788,2
d8bddcb31d6846819fb1db5f96c46cfb.jpg,United_Kingdom,GB,53.275012,-3.550139,3
d0592a13deee4002a295e42514e15721.jpg,United_Kingdom,GB,52.035974,-0.351193,4
33635b82b5474d6ab01eadfaef56c573.jpg,United_Kingdom,GB,54.263262,-0.392985,0
bd22e36ff5a84b578057b270f00c5b9d.jpg,United_Kingdom,GB,54.558802,-7.254872,1
81ac00b21a724cb1961e3949e481b218.jpg,United_Kingdom,GB,55.8458,-3.585968,2
032d7e37df0b495db5c91928c30586c2.jpg,United_Kingdom,GB,50.103203,-5.258185,3
fd4c9b6fc7cd4ae78ecba7f4ad8affb7.jpg,United_Kingdom,GB,54.91698,-1.543543,4
a7132e50c04a42d193bd3972bb06ab85.jpg,United_Kingdom,GB,51.430748,-0.556247,0
122e23c3c17944f48ecb296b482660db.jpg,United_Kingdom,GB,53.217746,-0.562068,1
1b18a72821064dc087b2bd548c0685a8.jpg,United_Kingdom,GB,56.709687,-2.733217,2
2a7ea52aa12646b383602afc81701cb4.jpg,United_Kingdom,GB,60.777512,-0.826345,3
7a7577f6ffd84504913f7e1d2273ba9f.jpg,United_Kingdom,GB,57.583569,-2.810756,4
bb088e72cece4d71b6696c9d1f9da65c.jpg,United_Kingdom,GB,58.554127,-4.696808,0
5428fd9c24f7490eb784f11712da153f.jpg,United_Kingdom,GB,56.626356,-2.525955,1
e14ac40339bd47029a0fd238ceab2d66.jpg,United_Kingdom,GB,53.864766,-0.36626,2
546fd8bdaedc4a1e8d3fff1768e25c90.jpg,United_Kingdom,GB,52.559354,-1.871884,3
73bb2b78be6845f3bbdba53540a3cd6f.jpg,United_Kingdom,GB,57.17607,-2.214259,4
1e6434e49445414cb0e4e87700768f5b.jpg,United_Kingdom,GB,58.216315,-4.999203,0
d2674c146cf44232a01482f01dd35a2a.jpg,United_Kingdom,GB,53.897798,-2.749479,1
76aa5e27a8864946964626022f5043d0.jpg,United_Kingdom,GB,50.979912,-0.741373,2
ac8d00b6095743ed8f77c9e86e7c11d8.jpg,United_Kingdom,GB,56.312798,-4.72806,3
87256039f750448583db12c56685fe6e.jpg,United_Kingdom,GB,54.701701,-6.100977,4
6961779065224675a4d6b49c8c8fc8a0.jpg,United_Kingdom,GB,53.864711,-2.820451,0
52a124ccac944a1fac6b52fee45fe576.jpg,United_Kingdom,GB,57.031435,-2.419138,1
c680c4a288e34219aae56351514fb55c.jpg,United_Kingdom,GB,58.42142,-6.429048,2
103530f3f8d74c3ea558f339d3942dbd.jpg,United_Kingdom,GB,58.510924,-4.335503,3
d1fedc76827f41d699e620448dfd30ae.jpg,United_Kingdom,GB,56.104474,-5.518473,4
7e9e98d67b6d4b5098c0421a479ea460.jpg,United_Kingdom,GB,55.282998,-2.94676,0
30fcf64cb0c047e78135dc2b34d841c4.jpg,United_Kingdom,GB,52.809217,0.04103,1
18a343b2d2df40558fc7a2280ee6f328.jpg,United_Kingdom,GB,56.587265,-6.015271,2
41e2d5f6577e49ccb346303e75e7e18a.jpg,United_Kingdom,GB,57.54566,-6.615333,3
bfd606c1199844e79bee434ddf049326.jpg,United_Kingdom,GB,57.492314,-6.359089,4
319943dcac094d0da1a1efaa5b4297ef.jpg,United_Kingdom,GB,50.466347,-4.434402,0
eaf712ad1d6a4b409eac6a35bbf5e9ad.jpg,United_Kingdom,GB,52.837641,-1.344528,1
2db43b2012de4b2cacf1b1e9f58f4fb3.jpg,United_Kingdom,GB,57.261736,-3.337841,2
f4fe5a2f41554bbd81a0e509048b5d34.jpg,United_Kingdom,GB,59.083402,-3.322175,3
0b0e59e39c674705a1230dba42169f75.jpg,United_Kingdom,GB,50.58229,-4.703927,4
66aef91fffe54af69db7c5e79eac8790.jpg,United_Kingdom,GB,52.248985,1.493489,0
271c4564039e4fb796ff3c9649b32bd8.jpg,United_Kingdom,GB,56.597576,-6.117389,1
c96edace01d34cae9e4b27bbd210172e.jpg,United_Kingdom,GB,50.321913,-4.829861,2
ef4957f5f0e74c9486a48e551e549796.jpg,United_Kingdom,GB,58.50169,-4.341871,3
6384a320e6a64c9c9bd9ad73fc5602e0.jpg,United_Kingdom,GB,52.364091,-1.607946,4
e583e278eb964ff7abd63968f412fdbd.jpg,United_Kingdom,GB,53.761475,-0.526509,0
2adb7e01159a4cafb974d85b310fb9c4.jpg,United_Kingdom,GB,57.787959,-5.798969,1
2741b943f56c4b3eb4f34f4e791a3a35.jpg,United_Kingdom,GB,54.481078,-6.545998,2
39868296dd8e40bb99206e1922612feb.jpg,United_Kingdom,GB,50.535795,-4.790332,3
42c9e43285c448dabcb5d4e00f05368a.jpg,United_Kingdom,GB,57.267736,-3.458337,4
e633d3d1755f40a2bd6c17e2afa7492e.jpg,United_Kingdom,GB,56.701833,-6.072339,0
035e5970e12c45f58e042891e9c978cb.jpg,United_Kingdom,GB,50.227643,-5.078651,1
a08320482c504d9fb6b5e929b5dd22ff.jpg,United_Kingdom,GB,59.099319,-3.32598,2
a6a9ec81a4684ddcb8156377850c2411.jpg,United_Kingdom,GB,57.544358,-6.608867,3
e7f5d5d15c62442dae8d88a075c50b24.jpg,United_Kingdom,GB,50.160783,-5.636891,4
85775e1b87e84ef7bfad965306cec7d9.jpg,United_Kingdom,GB,51.926585,-1.162863,0
aabab79796794843a98f8276fe841207.jpg,United_Kingdom,GB,58.481955,-4.876698,1
89e696beda1947ac8e81dfad4b679193.jpg,United_Kingdom,GB,50.608049,-4.443934,2
2d361c40fc1c44399b8e0cd1701b6123.jpg,United_Kingdom,GB,51.1637,0.346506,3
b21ed21355c8482d99d4f47094c58b09.jpg,United_Kingdom,GB,53.144221,-0.699911,4
7dc6d6d4c37547ef9daa432342855c0c.jpg,United_Kingdom,GB,57.223565,-2.633292,0
781e36c087294890a48f338c5a798e88.jpg,United_Kingdom,GB,52.522789,-0.167534,1
19c94966f9c04edba553ca435d0d36a6.jpg,United_Kingdom,GB,54.845824,-3.042403,2
b7eb1241bb154abf9086cbb7039ae1dc.jpg,United_Kingdom,GB,55.228838,-2.584845,3
573650fb70f744d3b3917f00bf6474e4.jpg,United_Kingdom,GB,50.410299,-4.551573,4
4f9ea5f3fb644ea5893db789704e30a7.jpg,United_Kingdom,GB,51.110941,-1.673939,0
ef794c077b1c448da0d2326b1fd5b242.jpg,United_Kingdom,GB,51.907226,-1.521096,1
63021b7dfa8043ac80a11df6e52399be.jpg,United_Kingdom,GB,53.185413,-0.592806,2
3e99e16efaec4bcba827b595c07434a7.jpg,United_Kingdom,GB,56.934891,-4.922738,3
119d856f70554024a34788b5f32ecc47.jpg,United_Kingdom,GB,50.375006,-4.667428,4
47c37afe42d44b3497b68d7ad36ea12d.jpg,United_Kingdom,GB,57.439806,-6.753871,0
a7a086b10d7c42f095fb8769d4de681b.jpg,United_Kingdom,GB,54.32522,-6.461995,1
0b8d373fd47640ee8f7c7950240cdf9c.jpg,United_Kingdom,GB,53.561716,-0.797711,2
b6ef4d5b20174562bc2380f3f225242d.jpg,United_Kingdom,GB,54.84405,-2.236807,3
07460d18bec644e4a047df062012a378.jpg,United_Kingdom,GB,54.918787,-6.319737,4
bde6bbbad25b418989de964557c97914.jpg,United_Kingdom,GB,50.28046,-4.990212,0
802814339df74effa54d2f942245a135.jpg,United_Kingdom,GB,50.400495,-4.629452,1
eb8aeef1080849c8b9337aad185e8517.jpg,United_Kingdom,GB,53.649641,-1.597352,2
65e895defe8f4bd9927b167e376f6535.jpg,United_Kingdom,GB,58.555856,-4.705998,3
994cd0c389f24bee9dfc27ccfc920938.jpg,United_Kingdom,GB,51.404269,-1.710589,4
dd6d49e4f25c412b9d492cb9dc77a08b.jpg,United_Kingdom,GB,55.415787,-1.869922,0
74ce1c63beb341fb84a0549fbb04d9c0.jpg,United_Kingdom,GB,58.104155,-5.269107,1
684b1e5f97ae4cc392151e78f5fc02ac.jpg,United_Kingdom,GB,54.150958,-0.717171,2
60d00b3ba179477ea19420b4d6027f37.jpg,United_Kingdom,GB,50.335939,-5.066476,3
42fc0ed08cac40678d1a41f4929fd404.jpg,United_Kingdom,GB,57.747867,-5.631429,4
0a9e4bfb45c74d69afa1595cb75794b4.jpg,United_Kingdom,GB,58.514496,-6.259057,0
8871ec95aac4422eb64642f665388200.jpg,United_Kingdom,GB,55.355527,-1.854006,1
9f5123170fd24e5abff7d76ba7b599a1.jpg,United_Kingdom,GB,55.910305,-4.510753,2
5eab2701f41e4fc1bd8a7ba49beb4751.jpg,United_Kingdom,GB,54.326205,-6.443121,3
53a54e7a07ef46e19c0a1a91aa457af9.jpg,United_Kingdom,GB,51.128059,-1.134947,4
7608a542a37a4deb929da308188d985a.jpg,United_Kingdom,GB,53.284193,-1.533457,0
187ab7214d5840c480aee3baf465c8a4.jpg,United_Kingdom,GB,53.396976,-0.823687,1
94abb01f9b5e4f308bfcb2ed39dad0cb.jpg,United_Kingdom,GB,50.647955,-4.739322,2
7824adaa62ea4d6f87b2f3ff2bce5df7.jpg,United_Kingdom,GB,55.62613,-5.135443,3
89df2531d39f4befaf862be50e246295.jpg,United_Kingdom,GB,56.85582,-5.030483,4
13b5b66390494401929817d5521f4db1.jpg,United_Kingdom,GB,54.90549,-7.421203,0
a678a75f66b844a986b1885f746890f8.jpg,United_Kingdom,GB,50.135649,-5.307914,1
4a3553c07ea4471a87b124d14b66370a.jpg,United_Kingdom,GB,53.165875,-2.238081,2
41dc5d83a9b74a37b1845f2e7b7cc335.jpg,United_Kingdom,GB,55.047064,-1.814868,3
a0438af3699b40c98bc20af71f23094b.jpg,United_Kingdom,GB,55.690846,-3.893328,4
b2cc6a05050f4edea34c0b7a7e32aa90.jpg,United_Kingdom,GB,55.688253,-5.330261,0
b9627b4bb1b1462ca838ce19add25930.jpg,United_Kingdom,GB,54.391744,-3.400268,1
3d829afbd0f0487c86f663fbdebb2f18.jpg,United_Kingdom,GB,52.328031,-0.710231,2
c0402b5951574dd8a95917fd5c62fd2b.jpg,United_Kingdom,GB,50.022582,-5.247881,3
3c298cc3607e4cf6b93544143d76d953.jpg,United_Kingdom,GB,56.588056,-6.177545,4
f50a9ae34a3e49cda79286dac33fc09f.jpg,United_Kingdom,GB,57.262022,-3.697377,0
59870f0241e84da78a677b2f5038664a.jpg,United_Kingdom,GB,50.288091,-3.701623,1
4908a062f5a54d069df6208565222b51.jpg,United_Kingdom,GB,52.132813,-0.905005,2
70cb43a69c0a4593ad59835f297ec20a.jpg,United_Kingdom,GB,54.954579,-1.845654,3
7c47bd5ef3764b99901afc965911a924.jpg,United_Kingdom,GB,53.067132,-1.490926,4
fec27ce768b24f3a922ec988fa89276a.jpg,United_Kingdom,GB,51.614129,-2.591593,0
e3e64184b67e4845a21c155e6a11f907.jpg,United_Kingdom,GB,55.569415,-3.087947,1
05efda5f30d844609d012db6e1e3b796.jpg,United_Kingdom,GB,55.205507,-6.590937,2
b295a0f457484e618cfeaa7bf3cb98df.jpg,United_Kingdom,GB,50.247078,-3.721797,3
d88b6a93257540a9805203f10ee4118a.jpg,United_Kingdom,GB,53.205314,0.166748,4
2397ccc98feb456088928ccf0065cb15.jpg,United_Kingdom,GB,54.843115,-6.271757,0
12885d92b8f741298fcd0c39fa3962e3.jpg,United_Kingdom,GB,50.321836,-4.839508,1
84a48b337fbd4c7bbcf5afbd6b803fe3.jpg,United_Kingdom,GB,51.306065,-1.856035,2
004fb7c4318e43c88e7b8f9fc6c64783.jpg,United_Kingdom,GB,50.095049,-5.559013,3
e65c24d6566b4444a5f6efd51e3dd579.jpg,United_Kingdom,GB,50.279947,-4.991215,4
e7bb8fdc74104845a819698e88de5f4f.jpg,United_Kingdom,GB,53.603625,-0.65156,0
797921d98f9b4c9a949f359a33ec884e.jpg,United_Kingdom,GB,55.748647,-5.050611,1
1472de9e62ad4882a0b90fb6578e38bf.jpg,United_Kingdom,GB,56.615307,-4.59474,2
018b5604c4604b418a8a4c119249f312.jpg,United_Kingdom,GB,58.497011,-4.482839,3
85610ffaf87b41f59cb300b64a697f00.jpg,United_Kingdom,GB,50.170414,-5.328276,4
5534605638dd4a27bea6dc2e291a5255.jpg,United_Kingdom,GB,52.833242,1.073067,0
1e677d4aa0cd4aa6bc247a5fadff387f.jpg,United_Kingdom,GB,55.696597,-4.30866,1
9b7c0b4d5de34499a547cea8f9a0acf0.jpg,United_Kingdom,GB,55.690665,-2.171167,2
43175447ee794e1680d525698e9f2057.jpg,United_Kingdom,GB,57.978209,-4.538804,3
bb07e5dd7b8041c9bf63103d4bbb915f.jpg,United_Kingdom,GB,50.499837,-4.720235,4
1e806095c728496596d8f2619344b1e9.jpg,United_Kingdom,GB,50.127402,-5.308162,0
7acb3ec70d364a5bb440886ae87ddef0.jpg,United_Kingdom,GB,58.526457,-4.217065,1
a9f4175f8bac4ca69b04568c6f3b8052.jpg,United_Kingdom,GB,52.53476,-0.197656,2
170c885e899149c79852ca65beb489b4.jpg,United_Kingdom,GB,57.180236,-6.063209,3
40cd59db01a34983813b0548418d6ce7.jpg,United_Kingdom,GB,54.261687,-7.779656,4
730897faa42449dea28c55c5fa8e6f60.jpg,United_Kingdom,GB,53.204829,-3.022187,0
385a8dcb0a74488f8ec1980a531334cf.jpg,United_Kingdom,GB,50.133746,-5.307795,1
25d001b5ee8d44878c6646125ed8f091.jpg,United_Kingdom,GB,55.573007,-3.624345,2
f178c3efaa49411eb24824d0909a8fbe.jpg,United_Kingdom,GB,52.030172,0.795777,3
e13dcaca92ef41e5ae090083ac689a52.jpg,United_Kingdom,GB,52.078732,1.336618,4
f02d65c6f9b543d795fb59b4b6f09e8a.jpg,United_Kingdom,GB,58.524185,-4.683864,0
20c1681491eb43e18ea1aa2e8318afce.jpg,United_Kingdom,GB,56.906049,-4.967864,1
8be49500cd6d44afbad4225df7a69ddc.jpg,United_Kingdom,GB,50.949396,-0.275751,2
c9215fed6c034d56b592db4dcaa4278b.jpg,United_Kingdom,GB,60.777798,-0.826542,3
ac802301b8414c868884232ac503c3a8.jpg,United_Kingdom,GB,54.783766,-2.230555,4
daa34985728c4afa8b1d15dc1c5742f6.jpg,United_Kingdom,GB,50.121122,-5.440189,0
746758d5e4ff4cff8fda87653a215c57.jpg,United_Kingdom,GB,54.45838,-3.564052,1
931eb1fcdb2a4bd79eaf5a039a8e85c5.jpg,United_Kingdom,GB,51.852888,-5.100313,2
9ed44fba1b7e4311a46c06114799ae21.jpg,United_Kingdom,GB,50.508131,-4.746179,3
a28851ae19f24b57a63ca8e4ee266d68.jpg,United_Kingdom,GB,54.820865,-1.489114,4
0ad3f7b27f734671b94f5685342683be.jpg,United_Kingdom,GB,56.189525,-3.204667,0
d1960923fbf146edac5952af01764d2b.jpg,United_Kingdom,GB,56.315696,-5.565526,1
24d4e99cb53f4c1ca22e10fe2cde2c86.jpg,United_Kingdom,GB,53.137395,0.321755,2
1075949d583743a4beb4070cb91918ff.jpg,United_Kingdom,GB,51.741735,-4.993446,3
1ea7477b824b4183bacab03d7c53acc2.jpg,United_Kingdom,GB,57.266733,-5.763897,4
7f9b4eac0ff34da78c1e8fcfa0864592.jpg,United_Kingdom,GB,51.036543,-0.27444,0
b590fbe22b164a9f97f66e5c8b3f4aca.jpg,United_Kingdom,GB,50.612053,-1.35517,1
13498ce8bd7d4c01bb88f049218bfb5a.jpg,United_Kingdom,GB,52.624791,-1.411929,2
9b9945ef3f35484f8fd4d0ddfe829e51.jpg,United_Kingdom,GB,52.926237,-3.611734,3
971fc4df80c84f7ea5897f3688a4bf29.jpg,United_Kingdom,GB,52.145155,1.259349,4
7bd69406470447c4a53ce066496dceef.jpg,United_Kingdom,GB,51.092875,-3.136217,0
e1ec65dde3444629acdb91fae420aae4.jpg,United_Kingdom,GB,50.433565,-4.571904,1
f934a4102dd449ff95ce90ac5d6aabef.jpg,United_Kingdom,GB,57.484348,-5.32117,2
5d468a16a73244888adeaedf000cf69e.jpg,United_Kingdom,GB,58.507605,-6.259072,3
7d4046cba4ae4406863ca2ca0dcd83fd.jpg,United_Kingdom,GB,50.18545,-5.578729,4
27f7595eb98e49189361480a341e5030.jpg,United_Kingdom,GB,58.532714,-4.286441,0
e0ece58801e84fd9a4d2c9fc96287a80.jpg,United_Kingdom,GB,53.122552,-0.743857,1
c35a62a90b884e879820b4fd492e7d1b.jpg,United_Kingdom,GB,55.766665,-2.212121,2
29f723be586543d6877aece2dc0a440e.jpg,United_Kingdom,GB,51.916084,-4.976004,3
e5fcb395030f494f9cec75ee6195f553.jpg,United_Kingdom,GB,54.636326,-7.65409,4
86d23418300c4408893022893b0e751f.jpg,United_Kingdom,GB,51.617069,0.25248,0
bfadb75b7e584ca4b33f9ce568378267.jpg,United_Kingdom,GB,53.334171,-0.231633,1
30106d06de604b748d96012000125dd5.jpg,United_Kingdom,GB,56.519081,-5.851202,2
68eb6d42b1ea406c9261b2f0a744aaae.jpg,United_Kingdom,GB,50.298839,-4.849344,3
5eca2fc7b450417a8fee8610320a6050.jpg,United_Kingdom,GB,52.844367,1.063985,4
61d437b88e1448ccb2294c8789e712a9.jpg,United_Kingdom,GB,55.488146,-2.997062,0
12eb4db964fa41d4a8a0091676b39ba3.jpg,United_Kingdom,GB,51.905591,-5.063963,1
927132d0037b4b3fb28e25987bd2fe87.jpg,United_Kingdom,GB,53.642053,-2.89203,2
85b84e93f1b64535bba1657a2e1b6214.jpg,United_Kingdom,GB,50.004261,-5.167933,3
308fcd2adebd4021b092b4b68d629e63.jpg,United_Kingdom,GB,54.508672,-6.458169,4
8a865242db4b4d85997dc74558cfbc6f.jpg,United_Kingdom,GB,58.282545,-4.443699,0
baf86750ee514a69a87c50db49a07c88.jpg,United_Kingdom,GB,54.994759,-3.224624,1
c8ac5915943e4f718c21d7f587c5cab7.jpg,United_Kingdom,GB,53.658867,-0.701792,2
b9d721c147764844986b88c8ac2fca53.jpg,United_Kingdom,GB,50.421732,-4.560902,3
d1b90fce59774cb5a2c85d4fba964d83.jpg,United_Kingdom,GB,50.228452,-3.710068,4
c9974fdc2f5b4ee5bd7638128b6f9f32.jpg,United_Kingdom,GB,58.495459,-6.234026,0
4fbbe789903e4c30836c68f5350eabbc.jpg,United_Kingdom,GB,57.907453,-5.169603,1
f6c05aefc8524a1d9dc0e573e4d64d8b.jpg,United_Kingdom,GB,58.504294,-4.501795,2
c4e0e1fc4dac478bb65b85f89ee521f8.jpg,United_Kingdom,GB,51.243527,-1.796583,3
22e650aa6840429fb0dd508725a30962.jpg,United_Kingdom,GB,56.50321,-6.957209,4
0b89b2882bf7436e8eca0440582e0a49.jpg,United_Kingdom,GB,60.776725,-0.826717,0
b5ea2af14efd4cc89e04b0a2a2a87f16.jpg,United_Kingdom,GB,53.646299,-0.747264,1
ccbc52a3496f4810b75c9a8cfbe62e13.jpg,United_Kingdom,GB,55.885114,-2.653156,2
92a4796e46b342f69059df9c0e93e446.jpg,United_Kingdom,GB,52.339959,1.331629,3
49f75f8e7c094d98bbf478a8f7eb4606.jpg,United_Kingdom,GB,50.455302,-4.728684,4
6a382095ec5248bfba883e002322b850.jpg,United_Kingdom,GB,51.185739,-0.116534,0
f99652db3f5f4f8494b1becb842ff12a.jpg,United_Kingdom,GB,52.628743,-4.090378,1
af50a69b0c8e44aea8904f21e197142a.jpg,United_Kingdom,GB,55.0471,-7.397414,2
41388e2615d9437c9f3fe0b95c5f7ca8.jpg,United_Kingdom,GB,54.28438,-2.767693,3
abd532800d6941bc9efc5e23cf330c1d.jpg,United_Kingdom,GB,50.186519,-5.122671,4
90a58fb31dc1443085294191ed66ca13.jpg,United_Kingdom,GB,54.132918,-2.619347,0
a991c3777ec640d9b96a5a980bb86a08.jpg,United_Kingdom,GB,51.821019,-2.964576,1
ebd1ac4a0e5943f495da580e81bc0107.jpg,United_Kingdom,GB,54.536591,-7.22963,2
cff4aa4995f14f47928fa7e3b64cfa9c.jpg,United_Kingdom,GB,55.453742,-3.500029,3
87f66045df064abbb14942a0b4e23c20.jpg,United_Kingdom,GB,50.579372,-4.873813,4
8a6f74e3bc1e4fd992247cd228549bec.jpg,United_Kingdom,GB,55.183346,-2.812824,0
470b3df39fde4759a3cfe349698f9849.jpg,United_Kingdom,GB,59.060786,-3.334604,1
1a88612fe24645b99ac5a56cc929a141.jpg,United_Kingdom,GB,56.117396,-3.479219,2
e55804f6eec04b39a3aa9fd37259f730.jpg,United_Kingdom,GB,51.173904,-1.423806,3
28a41a7987594bfcbd61f2c37aa316db.jpg,United_Kingdom,GB,50.287389,-4.987159,4
2830c8285ae84b1aaf6d15ea26794ab4.jpg,United_Kingdom,GB,58.631813,-3.228085,0
020df95d2fe541fa88ead414f4f7e361.jpg,United_Kingdom,GB,56.515266,-5.931793,1
53ea4891500a4d91b62f3f335c02fdd2.jpg,United_Kingdom,GB,53.187429,-3.066231,2
cee32f6ba9d5472fac8b052f7cb1f396.jpg,United_Kingdom,GB,56.200391,-3.131263,3
dc7e1952c3f3469d9a05cad69eab38ac.jpg,United_Kingdom,GB,56.84157,-4.711865,4
a9f5961f2a5744adb9423b5ac62ca621.jpg,United_Kingdom,GB,55.372114,-4.752378,0
ac23e89217744b048b48abddb7b8cf80.jpg,United_Kingdom,GB,53.386774,-0.76904,1
d2d969367f3f4c4a93be4019a231b751.jpg,United_Kingdom,GB,50.361511,-4.612973,2
24fbb9a66aa84b4b9d2fec1b6274943d.jpg,United_Kingdom,GB,57.252408,-2.061555,3
6a4432cd6fe54b2398834071104d9e5b.jpg,United_Kingdom,GB,52.383836,-1.168162,4
a3db55b4329f42d391992ed1f1c45e89.jpg,United_Kingdom,GB,54.030452,-0.960102,0
f0497f2e37b94f72afe23b88f47fec3f.jpg,United_Kingdom,GB,51.194001,0.782273,1
563b96a714ec42d69b4806b1b8f1f233.jpg,United_Kingdom,GB,54.468262,-3.551462,2
496823cce83c46c4acf28f2990e7da42.jpg,United_Kingdom,GB,57.258481,-3.572591,3
e61df44c2b2c486e832a97845b809f08.jpg,United_Kingdom,GB,54.868984,-6.249519,4
2344ae7b5e1944d2b2b999bd112d2e9c.jpg,United_Kingdom,GB,58.538626,-4.675619,0
c5b860bbb33f42e1a4c8ca263a48c448.jpg,United_Kingdom,GB,58.38742,-3.707751,1
cf97c4d3eaea473a8a679392e6d76d61.jpg,United_Kingdom,GB,51.340338,-0.946894,2
133ff497e88e48ca8c93f0308ba886c9.jpg,United_Kingdom,GB,57.557649,-2.833036,3
87be1b84ecd34e8ab696d03565835290.jpg,United_Kingdom,GB,51.808049,-2.016484,4
018a7fe033084603bd87c0a255fcd5a4.jpg,United_Kingdom,GB,57.5645,-4.440971,0
e5f116567851462cbbcdcc41b3ccbb6a.jpg,United_Kingdom,GB,57.507617,-6.557777,1
71e53d49ca8a4eceab26a634e9517638.jpg,United_Kingdom,GB,53.550397,-1.482217,2
9e2e0e93a4334621bd2f2b88ca24eb47.jpg,United_Kingdom,GB,57.144464,-3.856218,3
3e74b9b19fa24985bb3ff6db2caf68d2.jpg,United_Kingdom,GB,55.947528,-4.578062,4
e59be0e0e3d24a2ca8a176a45a20ac68.jpg,United_Kingdom,GB,56.239355,-5.02462,0
3a40bd58e51e40faa48d2d918a121d18.jpg,United_Kingdom,GB,49.998709,-5.21269,1
3b9be1c9e6b94ad7a704375b6666fa27.jpg,United_Kingdom,GB,57.81025,-5.05747,2
abc892742c224e9dac58b6bb0aeec3db.jpg,United_Kingdom,GB,53.890239,-1.626234,3
123c4cb230e44ccca2cdb83cc25e170f.jpg,United_Kingdom,GB,55.681212,-4.30107,4
fae278a31f7647bc881cff8d15a2842f.jpg,United_Kingdom,GB,58.528227,-4.21013,0
943a5dd699724cc89e6bd17d0ec65fa3.jpg,United_Kingdom,GB,57.172904,-2.709073,1
66fac7855a914a958166e31d0b5a050a.jpg,United_Kingdom,GB,50.501644,-4.693468,2
ca12e7b99e4c4092a02dc7b5552e409d.jpg,United_Kingdom,GB,53.126262,0.29747,3
4b8582d1963e4d11af8d82073d0ced49.jpg,United_Kingdom,GB,56.438233,-5.26918,4
9b019120ab624f06a8b9ba2358188824.jpg,United_Kingdom,GB,58.510915,-4.80936,0
5445cc904c384f1ba676999ce1cd4bee.jpg,United_Kingdom,GB,57.55167,-7.26139,1
460193902c864f9a84f888ac1cb816e5.jpg,United_Kingdom,GB,55.173078,-4.930934,2
6f8cff1ffb564af7a57f479bc000b791.jpg,United_Kingdom,GB,57.354828,-7.375662,3
acd936e3599f4f07a09d794a5f31f4f6.jpg,United_Kingdom,GB,56.899627,-5.024047,4
65752065ac0f4e30ba1550b0425e2fee.jpg,United_Kingdom,GB,58.564902,-4.741442,0
412a5155432b4a02950d9ed6f192c8df.jpg,United_Kingdom,GB,55.266469,-4.842996,1
74ee8752701f44ee8ac8a1dec42f0942.jpg,United_Kingdom,GB,58.505885,-4.34011,2
9332b260c8dd4f91b763b43e091d7e07.jpg,United_Kingdom,GB,50.116171,-5.419448,3
1a309b22a4fc48b89dee6fe7268227ba.jpg,United_Kingdom,GB,50.240931,-5.06483,4
eb1e19d0c9674c019786fbb84b646159.jpg,United_Kingdom,GB,58.95567,-3.008018,0
ff620bf5ccd24f9f88b97ba6fe3d07c3.jpg,United_Kingdom,GB,51.601605,-1.213626,1
c2ea45e959b64aeaa6bbe76f96ab5237.jpg,United_Kingdom,GB,50.636119,-4.504568,2
5f224c3af3dd44bfa80c6b826d67a22d.jpg,United_Kingdom,GB,54.905183,-6.313975,3
4a2f5a08ca8546db8ed45634b434cc64.jpg,United_Kingdom,GB,55.566601,-3.394363,4
eab206c42f554b36b8ba47d04ed37f48.jpg,United_Kingdom,GB,56.334732,-4.720706,0
6535a2ec0c06492080a24196ddcfcbca.jpg,United_Kingdom,GB,54.703484,-6.095077,1
5b6cbe2f5b85417ca15d1e41db7a9788.jpg,United_Kingdom,GB,50.532992,-4.809237,2
753725dd98c44aa39f9e1ef724d47ff5.jpg,United_Kingdom,GB,50.306187,-4.851407,3
f65346d9696f4f429c51d6545ae71157.jpg,United_Kingdom,GB,53.262527,-2.877454,4
b8c8c49972ae4beba6cc0419a56ebb52.jpg,United_Kingdom,GB,55.369446,-2.513646,0
cc88ff2c6d0145d1b2dd7a7f8c5c2b4a.jpg,United_Kingdom,GB,50.226573,-3.710687,1
cd8e588c2e28412381adc113f16fd177.jpg,United_Kingdom,GB,55.59005,-3.608228,2
6f2b46002fc348a98d9626edda13f709.jpg,United_Kingdom,GB,50.338522,-5.097503,3
d0d2077e22dd4e08bf7034ef56d38af6.jpg,United_Kingdom,GB,54.914651,-7.419909,4
643d6dc3252944e3a40edb28a7c56a2c.jpg,United_Kingdom,GB,55.29954,-2.939599,0
635f00aa95ad42519aecc99ba01c037a.jpg,United_Kingdom,GB,51.776242,-2.592026,1
60d6a53247c04189aeba0a3246631473.jpg,United_Kingdom,GB,57.156151,-3.879499,2
23541eb6cba6443e80d96530c23cdb4f.jpg,United_Kingdom,GB,55.778002,-3.531607,3
f6c1231fdf9d489298d27db079a62730.jpg,United_Kingdom,GB,56.209178,-4.382868,4
9f51ea453aa247bb9c5dece9f2291320.jpg,United_Kingdom,GB,50.350393,-4.023402,0
355a333e858d4b20819452079c3a0953.jpg,United_Kingdom,GB,58.501556,-4.579551,1
c5872ad39cdd45d3bd23d565d9181f29.jpg,United_Kingdom,GB,51.408451,-1.643913,2
05165a689bfd427586d30596bb9a132c.jpg,United_Kingdom,GB,55.899762,-5.128094,3
fb840b707075481684c871ed78835c05.jpg,United_Kingdom,GB,55.101628,-2.978618,4
306c3c9ef4f44b0da2440734d40d94e3.jpg,United_Kingdom,GB,50.12468,-5.441154,0
9614d796de9449ee8bc42288439919e1.jpg,United_Kingdom,GB,51.802147,-2.011716,1
09a9e0fdf404414dbad8af0ceb533b43.jpg,United_Kingdom,GB,50.14588,-5.30686,2
152dc4ab352f4843a3150001026ef525.jpg,United_Kingdom,GB,52.413651,0.723316,3
405df5e71b4a4d77a29a22e2cf4ac91b.jpg,United_Kingdom,GB,55.440548,-2.435678,4
4199f5f7cc1c4a919f5083af9d0894a4.jpg,United_Kingdom,GB,58.494548,-6.233358,0
bde047c28a3f40848c6f70c4cd13d647.jpg,United_Kingdom,GB,58.491803,-6.231896,1
09a90a3262b3424895469d2c0f917a7d.jpg,United_Kingdom,GB,52.956789,-2.806585,2
75cd55378415406d89f6d4dd9bf8ada3.jpg,United_Kingdom,GB,56.082722,-4.82377,3
1bfed17847704ab6b795dc6d4151f35c.jpg,United_Kingdom,GB,56.192415,-4.77638,4
c43cb25ff0c242fa9b7a880a16a3f760.jpg,United_Kingdom,GB,53.574519,-1.650933,0
570b50ac4e1b49ab81e349f3200c7527.jpg,United_Kingdom,GB,58.494448,-4.838445,1
b7ccc7880db240f9a388663a9ae0babb.jpg,United_Kingdom,GB,50.215247,-5.192653,2
ed0591e5a2244c7b932b30a3f2f21a57.jpg,United_Kingdom,GB,57.345574,-6.402044,3
96ba1acba2ac4522ac893e0035c9b910.jpg,United_Kingdom,GB,58.562294,-4.743877,4
248a3c69324744ab81e27e9a2b2b6edc.jpg,United_Kingdom,GB,55.990318,-4.377836,0
e64e870a5d204866a2d668115e673c06.jpg,United_Kingdom,GB,55.918652,-4.857573,1
7e92035959ad4190aed55d86a8023215.jpg,United_Kingdom,GB,51.655962,-4.813006,2
2a20680a38294c60a2dcd69db731831c.jpg,United_Kingdom,GB,51.889697,-4.970603,3
4cb45c988b3b4bdd9c3dcd4c9423c4d6.jpg,United_Kingdom,GB,53.853535,-0.415425,4
21177040b2c8461fbcf39484c253ffda.jpg,United_Kingdom,GB,56.07602,-4.826197,0
cb0a3be55b7442f6a99bbd6321302f83.jpg,United_Kingdom,GB,50.144846,-5.307452,1
17681221899c40c8a4d5c8cf4db9bdb1.jpg,United_Kingdom,GB,56.810789,-5.077535,2
90549dd8cfc148cebc50f8ece4bda538.jpg,United_Kingdom,GB,54.74716,-1.699927,3
f373346bf5374ab6b4d315680a48b970.jpg,United_Kingdom,GB,51.938549,-1.343381,4
40139f4eeefc45a48e2178a9ccdc5196.jpg,United_Kingdom,GB,57.533021,-5.153866,0
e7d9cea1d6c149e8bf1055017e4aaa81.jpg,United_Kingdom,GB,54.850177,-4.315069,1
c2cb63d76de840878a6240e571e00017.jpg,United_Kingdom,GB,50.409465,-4.552814,2
de601ab2439140a2aaab161edc304b08.jpg,United_Kingdom,GB,55.524645,-3.096576,3
893bbd90459748c983c0e51663ca16bf.jpg,United_Kingdom,GB,51.650422,-2.371041,4
5bea3f26d5dc49a3b09273535a8c3603.jpg,United_Kingdom,GB,57.680219,-4.037137,0
d6201fce663344578526ce0b13257845.jpg,United_Kingdom,GB,56.147549,-4.007098,1
16e3705a07ba4429b3361fba7503fcc5.jpg,United_Kingdom,GB,51.983434,-0.492355,2
e30d0adba1ca457b990b3ec9cee35622.jpg,United_Kingdom,GB,51.409564,-1.625107,3
c1099097e87a4080ba666168f9493f59.jpg,United_Kingdom,GB,59.110368,-3.323543,4
47dcc3c436b945c7b8f9122fb4406194.jpg,United_Kingdom,GB,56.340248,-3.548863,0
5ac0a63e510847fc8b99b35399d12eba.jpg,United_Kingdom,GB,51.979619,-1.391142,1
4b7c809e1e1c464f8a5d2bce68eaa026.jpg,United_Kingdom,GB,50.341822,-4.658837,2
cd4f6e0e1948457880ef28f9d7451a76.jpg,United_Kingdom,GB,56.770255,-2.618448,3
acc94a3dbd9d4b309610b0c4168b3f36.jpg,United_Kingdom,GB,51.824071,-2.945212,4
957103e3f38746359c79551ae7a9a39b.jpg,United_Kingdom,GB,53.12849,0.302474,0
eac386a6a4e64e51b86207df0d3ec4b4.jpg,United_Kingdom,GB,50.375563,-5.041491,1
d778218ff50b4ee98173537e4f6fcb5a.jpg,United_Kingdom,GB,56.8077,-3.446426,2
d7ec4af072084ad5a3aeb2302b727ff2.jpg,United_Kingdom,GB,54.575214,-5.667154,3
1961b47cea1343e6ad19681c46ae63be.jpg,United_Kingdom,GB,57.775103,-4.093784,4
907b408aaeaa4a18933cf4b8173129ee.jpg,United_Kingdom,GB,52.427237,-3.792601,0
cc546b1e6c5949b4a10b1b43c8ad5bb2.jpg,United_Kingdom,GB,56.992464,-2.279252,1
ce8acde9183c452681e2b46df74f0fee.jpg,United_Kingdom,GB,53.62721,-2.292955,2
845026afc0674e91a0064e536186da82.jpg,United_Kingdom,GB,50.163039,-5.307379,3
b007b12609ad4cd4a72237203a80d785.jpg,United_Kingdom,GB,54.26768,-7.538676,4
029301fc439f441b8ae3069a8cde8bd8.jpg,United_Kingdom,GB,52.122193,1.350357,0
56d796c48e2949e6bf758b5eacce38bc.jpg,United_Kingdom,GB,50.712162,-2.485409,1
47ce334cb36e40a18d63b78f49727cbe.jpg,United_Kingdom,GB,52.8382,-1.343884,2
23e2662e5462485082b679682e4b35cc.jpg,United_Kingdom,GB,52.29573,-4.169121,3
517028db5ab442e4800ce745836436be.jpg,United_Kingdom,GB,51.944389,-1.183564,4
19f752c77c584f77b2ba6d999b3cbb8c.jpg,United_Kingdom,GB,57.465333,-4.520768,0
60ad2cf52bba45beb388b826bc1afb1c.jpg,United_Kingdom,GB,57.264332,-3.333366,1
9a58772677ea486e99ea3dcef6c06bb5.jpg,United_Kingdom,GB,51.800631,-2.010241,2
5c76e24837254538a15de406c0b8a87d.jpg,United_Kingdom,GB,52.152337,-2.11075,3
629becfd90a649b783806256a4e146ca.jpg,United_Kingdom,GB,53.397503,-1.464898,4
7ccdcfd5a1cc468aa1aef28331f4d598.jpg,United_Kingdom,GB,51.565305,-0.556271,0
0977bb560bec40df9835310addc7956a.jpg,United_Kingdom,GB,51.965122,1.209108,1
931ef94faa414e0da7b324be41fe5030.jpg,United_Kingdom,GB,55.590178,-2.586019,2
501eff2de0af40d3ac71b6becb8e1ee1.jpg,United_Kingdom,GB,53.54084,-0.045194,3
1dca445912be4973857450372e642309.jpg,United_Kingdom,GB,54.87708,-4.521793,4
c4d985a9b35345e08bee4403b60692f4.jpg,United_Kingdom,GB,51.331009,0.027118,0
93265c41b3a04a458558e079a38590f3.jpg,United_Kingdom,GB,55.441775,-3.503293,1
858c93eca1a24fcca0fdab371c3ad7f8.jpg,United_Kingdom,GB,51.820034,-4.69954,2
2d0dd74c0bae44d5bb9eae575fcdfb5b.jpg,United_Kingdom,GB,52.385138,-1.759115,3
5dffa39053ea4469ae7b595ebe526de1.jpg,United_Kingdom,GB,57.576629,-4.101386,4
dc75a8ffe783470a82c58c24455dd9c1.jpg,United_Kingdom,GB,50.510019,-4.696977,0
a2fac261b9f44032abd3c5dc07ad585e.jpg,United_Kingdom,GB,50.887392,-0.281515,1
3da3d648f59146ee8709eabf88a1998b.jpg,United_Kingdom,GB,55.951012,-2.497866,2
2128688ee5d64d76ac9494b73dfcfd77.jpg,United_Kingdom,GB,55.42234,-4.718821,3
1941c8768069462e90c64edb021af36b.jpg,United_Kingdom,GB,59.133826,-2.858779,4
ad8a6dfe2f3e4c2d9401497e28484341.jpg,United_Kingdom,GB,55.68122,-4.30114,0
b1a9e45b7bd74671a84bdc70e7456c20.jpg,United_Kingdom,GB,55.159541,-2.207734,1
80c0cea0c34144a99d8423cb23c2498c.jpg,United_Kingdom,GB,50.141467,-5.395962,2
adb0f00850fb4b438fcb3c7a32b51bb6.jpg,United_Kingdom,GB,57.163975,-3.687504,3
51afe775b7a14d7dbafdedbfac82014f.jpg,United_Kingdom,GB,52.553555,-2.913614,4
a2a50d9cbe3a4d9cb243165050b5c702.jpg,United_Kingdom,GB,57.578866,-4.106744,0
c7653718fabd4532a0d863bf1e3a058b.jpg,United_Kingdom,GB,52.408436,-3.837765,1
97447367fb034db79594fe4ca6bd459a.jpg,United_Kingdom,GB,53.660672,0.051541,2
16cdb50621cc45e083390bdfadcb0b7f.jpg,United_Kingdom,GB,54.902655,-6.313013,3
fc98f14ea7c34b208dcb52dcece55bc6.jpg,United_Kingdom,GB,55.298853,-2.940177,4
0e32d091580140c5bd99315d84ecbfde.jpg,United_Kingdom,GB,50.128064,-5.566661,0
22071298286e428aa456f22eb2d4a419.jpg,United_Kingdom,GB,51.831776,-2.985666,1
6f3c5ae2802f442fa5760a3cd11c143a.jpg,United_Kingdom,GB,57.221215,-3.268252,2
cf9dc1c38dc64417a129ddc767284b9b.jpg,United_Kingdom,GB,54.919466,-2.2687,3
bb8c893d309949c78607f5ac3eeb468b.jpg,United_Kingdom,GB,57.557255,-3.001561,4
4c4183dfd7d843dca607ec531c3abeb6.jpg,United_Kingdom,GB,57.842798,-5.076834,0
5c1f1746d12f4ddc929de4843d5f94c0.jpg,United_Kingdom,GB,54.831834,-2.231758,1
7dd53eb9dc594496b75663179e16e2d1.jpg,United_Kingdom,GB,56.519868,-6.956313,2
e9577997826144d691bb5ed897267073.jpg,United_Kingdom,GB,57.439654,-6.757801,3
81c2782ff2de4821a7b203eca539fb49.jpg,United_Kingdom,GB,50.135329,-5.307912,4
ab38177370de4e82b62ab432b997c3aa.jpg,United_Kingdom,GB,55.648971,-2.787743,0
119f5dfa9d3747d78770ec3a85390698.jpg,United_Kingdom,GB,54.253752,-0.419759,1
0c815748d394427b845098d47155a62c.jpg,United_Kingdom,GB,54.180218,-6.232443,2
453dbd86e3bb4e48bef60175cf47d525.jpg,United_Kingdom,GB,51.635913,0.308871,3
834bf5a7f4f5447a963e1895f2f03e3f.jpg,United_Kingdom,GB,52.743821,0.433933,4
73121d35268f42c19030aefe0382b580.jpg,United_Kingdom,GB,55.276007,-1.6739,0
c7a3348421a344e6924c6a6da1ce83e6.jpg,United_Kingdom,GB,50.336847,-4.64219,1
856f0dca2fe649e791f602112159cad6.jpg,United_Kingdom,GB,58.501584,-6.2608,2
cba765ffa77040eabf90325d11d53b46.jpg,United_Kingdom,GB,58.065262,-4.982217,3
4341895ca1fb4feb995fb10d0dd332a2.jpg,United_Kingdom,GB,50.395363,-4.92397,4
ecaf28775e58419e99a5e08c82a0bbdc.jpg,United_Kingdom,GB,57.263073,-3.666012,0
7dd47e08e73f4ba8a3cfe185acdd6f39.jpg,United_Kingdom,GB,56.709477,-6.067294,1
f5fbdede28984710ab3dda6ae5719822.jpg,United_Kingdom,GB,50.199016,-5.525764,2
dce9bf2a0d9f4d3b9949218d11e77240.jpg,United_Kingdom,GB,51.858378,0.668781,3
e3ac0d483c274551b0dfee57e36863af.jpg,United_Kingdom,GB,58.481302,-4.667057,4
486ae374e5bc4d8ba33c23b44b9eedeb.jpg,United_Kingdom,GB,55.81367,-3.298209,0
2bc90ac75b234464a14a873ad5fa54d0.jpg,United_Kingdom,GB,52.603935,1.057344,1
596aadc2640f44778f0ca67fe6fb032c.jpg,United_Kingdom,GB,54.276313,-0.421806,2
b4044ad2e79145e29d200ba448db02bd.jpg,United_Kingdom,GB,53.781129,-2.710831,3
8ad4cecb9fa04f06a171f4119b17b06f.jpg,United_Kingdom,GB,56.717557,-6.059076,4
3bc3b451a1c64fba8ac6219588122c0c.jpg,United_Kingdom,GB,50.373914,-4.958151,0
a891979202314953b02b395ba0bf076a.jpg,United_Kingdom,GB,55.792948,-3.213811,1
177e5492ca4a475f90fce507433958ef.jpg,United_Kingdom,GB,58.509284,-4.701438,2
ab3d4c57cb5f4b618d1aa703ca57f24d.jpg,United_Kingdom,GB,57.196967,-2.717285,3
5e585d8cf571420794c6aac8208154d9.jpg,United_Kingdom,GB,53.854416,-0.416005,4
1a72b3faaf0044e58fbd1f8b0b0a3ffd.jpg,United_Kingdom,GB,55.761881,-2.764451,0
d9a35e5e5c5c4500b07adf02d46b2153.jpg,United_Kingdom,GB,53.145725,-0.760296,1
c132978fa0c64487bd4805366d03e702.jpg,United_Kingdom,GB,57.384431,-4.699248,2
d90ae26177ab42d7a1739feea16d4bcd.jpg,United_Kingdom,GB,52.479605,-2.899058,3
5cfe77de1afd421d89991d547a68e0cb.jpg,United_Kingdom,GB,55.702568,-3.657646,4
b39c5baee13742cfb4a11ef31fdf66fb.jpg,United_Kingdom,GB,54.534103,-7.65869,0
e0fcd529eb7b4d0eabe8d061858ca2eb.jpg,United_Kingdom,GB,54.215778,-0.31556,1
efaef1ddd53244b19b7956758c52f6e0.jpg,United_Kingdom,GB,57.556098,-6.1535,2
3b5144ebfab6407b9574a775aaf3da73.jpg,United_Kingdom,GB,58.516323,-4.693038,3
4e3dff2f495b4e359f668c7db7086d60.jpg,United_Kingdom,GB,56.389328,-5.094769,4
08a1453036f94a9887a0a8ce62a226e8.jpg,United_Kingdom,GB,56.98482,-4.873062,0
0b0ae56af397442293f6bd33fcb46164.jpg,United_Kingdom,GB,51.171287,-0.033789,1
82313ff20bf7448086cbdbb74a938926.jpg,United_Kingdom,GB,58.493501,-4.721789,2
300e5810fb6d4045a1654b8d758cf40f.jpg,United_Kingdom,GB,50.552351,-4.7217,3
b38d0f5d23a74373b5d984643a384831.jpg,United_Kingdom,GB,50.661676,-4.646746,4
3a2e150b7627459197349a8c56ecf871.jpg,United_Kingdom,GB,50.918699,-2.758079,0
f0ca21f3e4bc4b98a28a5088b15e5b7b.jpg,United_Kingdom,GB,53.608758,-0.238837,1
4c5ebf7fd57d42abba1f3d6a639acf50.jpg,United_Kingdom,GB,55.044597,-2.049236,2
5aad5e762be84e8db28d8ff0b75c3762.jpg,United_Kingdom,GB,56.758493,-5.781946,3
31b70a40d16b4e1db0cc01eb591c9524.jpg,United_Kingdom,GB,50.129463,-5.62196,4
9a58093c5bc44da7a829d4d7364f96bb.jpg,United_Kingdom,GB,54.123416,-6.235751,0
2ee13430b8c0414cb19161da6b2185df.jpg,United_Kingdom,GB,51.147009,-3.114792,1
9a886480f2e9472d83bc673294660b27.jpg,United_Kingdom,GB,52.234561,-0.246023,2
291987d4354e466b9f23248f974a17d7.jpg,United_Kingdom,GB,52.517639,-0.649752,3
172373a1a122422aaa74c53a75800165.jpg,United_Kingdom,GB,58.513234,-6.255527,4
9c3137556d2c4915a847c9f992acf148.jpg,United_Kingdom,GB,55.259696,-1.892847,0
bb3d84b484cf4ed1bf804a845f2e5454.jpg,United_Kingdom,GB,56.867098,-4.703095,1
22683bc70b9646a19638f40d325c8e4b.jpg,United_Kingdom,GB,52.064439,-4.314682,2
6ecc9c4d2c7d439fa9781146b043f173.jpg,United_Kingdom,GB,53.909648,-0.475225,3
4f14825c3b104c0ca7398c66f8eef927.jpg,United_Kingdom,GB,51.897599,-4.970636,4
3cb2ba9514714406b0f8e852e1da4bb3.jpg,United_Kingdom,GB,55.951783,-5.432024,0
8fd8eef2f7d74dd583b94220ddf07f42.jpg,United_Kingdom,GB,53.720084,-0.422087,1
7be2b3ab1ce94849a1959dcdca3cf319.jpg,United_Kingdom,GB,52.311878,-0.129725,2
a2e8e90a6cb5421ca6bf799d11ec5569.jpg,United_Kingdom,GB,56.796561,-5.065104,3
6eef7eb353034deb9351af2b3d3afe70.jpg,United_Kingdom,GB,51.482422,-2.085375,4
9e7e239edb894aff8c2456c9264d1ce9.jpg,United_Kingdom,GB,57.346107,-6.383926,0
dee35d741d7f49e290121aee8041fa6a.jpg,United_Kingdom,GB,53.566743,-0.266771,1
0e8a83938c9e4fe8ad7654765207173e.jpg,United_Kingdom,GB,56.602208,-6.101398,2
5885a7948a9842ebafad91f236792a9e.jpg,United_Kingdom,GB,50.298969,-4.964571,3
3153bafdbce24cb4ab57db96dba053dc.jpg,United_Kingdom,GB,58.464777,-4.903575,4
4b5267f5f0c24d7392d29a74f61ba9a9.jpg,United_Kingdom,GB,50.330334,-4.813976,0
4ed8eed6b41a4620af02748dcd04b588.jpg,United_Kingdom,GB,51.387184,0.773248,1
974f5c1150db4dc09c7a681fd3d49e76.jpg,United_Kingdom,GB,58.548991,-4.68135,2
4f92854cfb344e0abf93236ccf20711d.jpg,United_Kingdom,GB,57.550913,-6.14976,3
c53f85f19f7a46bbb84b802c8d706ac1.jpg,United_Kingdom,GB,58.554895,-4.706119,4
95178d5592104347bb97605b43d67c11.jpg,United_Kingdom,GB,56.206378,-5.513599,0
7c30cf5193fe46c783d805b889395d91.jpg,United_Kingdom,GB,51.787022,0.154028,1
9639c891a45b4228856e42f27b1500e0.jpg,United_Kingdom,GB,56.082221,-4.520416,2
4ae83c39ad2c474ab92c6e71d7f8b38f.jpg,United_Kingdom,GB,57.094426,-3.149748,3
020a0bcad3054bcfb79fe79379332747.jpg,United_Kingdom,GB,52.141722,-1.904786,4
1c57297f019b4f49af175bca51635724.jpg,United_Kingdom,GB,53.569661,-0.703453,0
9f4dab7eb24a4784b6f896968eacdb2b.jpg,United_Kingdom,GB,53.602599,-0.735479,1
b35857d6e3f340958c217f6cdca912b9.jpg,United_Kingdom,GB,58.476123,-6.277236,2
6308976eec534334b97fd55e5d3d818d.jpg,United_Kingdom,GB,51.748962,-0.99817,3
bacbac8e78bc45c09933a6c038bc7df9.jpg,United_Kingdom,GB,52.941973,-0.598363,4
cfc2c672c99c45ee955b963d4e835b78.jpg,United_Kingdom,GB,52.950925,-2.296401,0
b0b7e6c0921d4cb2a76889f0026ef58a.jpg,United_Kingdom,GB,56.501966,-3.350105,1
ec23b70db7e34a41b83e948bb69d836c.jpg,United_Kingdom,GB,50.174604,-5.507682,2
d0f1311e2d444d5da5607d75a3bf564f.jpg,United_Kingdom,GB,51.874963,-0.972836,3
849af21c1b894bc9b0fb0eb559475789.jpg,United_Kingdom,GB,50.374954,-4.44263,4
1863f05e9ba24f8f986b914bf6739e2c.jpg,United_Kingdom,GB,52.327509,1.494786,0
8dc3c12fc05a4f8eb558064d044c83a1.jpg,United_Kingdom,GB,57.327991,-3.698684,1
06f64fbc47674fec9faa21b1c66769c3.jpg,United_Kingdom,GB,58.570455,-4.760951,2
8e41b6d4b0354915b05a0d29a8b52050.jpg,United_Kingdom,GB,53.82578,-0.627495,3
2efdad6b40014c05aefc719d830a1b65.jpg,United_Kingdom,GB,50.458489,-4.673857,4
2c230395102640d3ad7fcfb616a71c89.jpg,United_Kingdom,GB,58.556016,-3.087444,0
fa720bc176994310a48ff61a35ee984b.jpg,United_Kingdom,GB,56.837529,-4.712546,1
b4890763412a40979f9f075cd63de8e8.jpg,United_Kingdom,GB,50.381196,-4.934506,2
1c103957bd6e4701affc7e1f5f108573.jpg,United_Kingdom,GB,50.258712,-3.82438,3
2384602a12a146aabf0025152ebfeced.jpg,United_Kingdom,GB,52.69879,-2.626899,4
7ff3145f775d461bae5754c1e350a92a.jpg,United_Kingdom,GB,57.170089,-3.774653,0
de07d40fd1d9469aabda35672a899f5c.jpg,United_Kingdom,GB,55.12779,-2.987722,1
d8845e20af1a4972b64f3824ecdf5be0.jpg,United_Kingdom,GB,56.345831,-3.469585,2
ce70703a14ed4828825e62d844b735b6.jpg,United_Kingdom,GB,57.907644,-5.17257,3
82caa7b9a8ae468b8338ed2d32c82e9c.jpg,United_Kingdom,GB,55.781039,-4.453462,4
c274370f183c4540aecdb6aa30bb3385.jpg,United_Kingdom,GB,57.985951,-4.483702,0
93ec1b99f1c4474ab40ce04b8b5c5251.jpg,United_Kingdom,GB,57.212318,-3.259059,1
cb9f8fc1eb7a448fb53f40206ac4da15.jpg,United_Kingdom,GB,57.834289,-7.02695,2
0c36c831b9ca4974ad2643595f7b22cf.jpg,United_Kingdom,GB,56.269644,-3.318502,3
8062ea74be7c46f19767f21b52dda5fb.jpg,United_Kingdom,GB,55.442724,-2.446593,4
ce3daa3d88504f98880aa9fb6592a341.jpg,United_Kingdom,GB,56.671428,-3.405326,0
07e2268d364549ec9c2c93b77d88c87b.jpg,United_Kingdom,GB,57.386212,-4.696607,1
aa284152b6684840868f2351809bf042.jpg,United_Kingdom,GB,54.142859,-0.779586,2
a2cbc7b9373f4a91b1395afee4ffb43a.jpg,United_Kingdom,GB,52.225477,-0.993327,3
f342b3e9487a4aefbf02427d75f6f472.jpg,United_Kingdom,GB,58.619004,-3.274935,4
a395c56373d4454498c054d81d0e8f65.jpg,United_Kingdom,GB,57.556987,-6.153906,0
9d2cf3feaff64462a8aa3dd998fc34ad.jpg,United_Kingdom,GB,53.871321,-2.757613,1
83475fe2995f45f5a8ff34a9e61f9c0b.jpg,United_Kingdom,GB,53.703286,-1.605167,2
774ca18eda3e4e42b3fe19a9ddf080c1.jpg,United_Kingdom,GB,51.988309,0.684649,3
12f71d76b01044c5ac130001189ae120.jpg,United_Kingdom,GB,51.871741,0.216859,4
7a424a8f40824394b83c6016e81f58e0.jpg,United_Kingdom,GB,57.963725,-4.020917,0
f532bede5c4c46c8a973c16e80f2625a.jpg,United_Kingdom,GB,58.567325,-4.738535,1
f16d74e142b1451ab488617d8987e8b7.jpg,United_Kingdom,GB,58.468328,-4.685517,2
f391dc748a2044fb892424534fd9077d.jpg,United_Kingdom,GB,52.12557,-1.414392,3
53d11cff7c814b4e8c0e78c0680a42a5.jpg,United_Kingdom,GB,57.685429,-5.643552,4
2607c22d913e40e1a5b3281b3363802e.jpg,United_Kingdom,GB,51.078988,-0.110678,0
16d298a277dc4780b451167dc43875f2.jpg,United_Kingdom,GB,50.002647,-5.214381,1
9bf18fe0e1c447888bd4fee2517e6f17.jpg,United_Kingdom,GB,58.498734,-6.255557,2
9903d6ebe27e4bd6a0c45ca530851dbf.jpg,United_Kingdom,GB,51.069915,-0.61249,3
12de4d401d184064b119ffba3252144a.jpg,United_Kingdom,GB,50.922559,-0.268975,4
66521b84dc52451d9cca8b3421b324b8.jpg,United_Kingdom,GB,52.016609,-0.499286,0
6470b2fdce3641bc9ad6e0bc594b6c1c.jpg,United_Kingdom,GB,52.613468,-2.944851,1
9b68140af7ab4b29ab42db0c15e096f0.jpg,United_Kingdom,GB,50.341028,-4.657593,2
88b4fd0fd89446e99ea8d01d80a75c8b.jpg,United_Kingdom,GB,50.530864,-4.808204,3
fea55ae4baf2444fbbe6d27f40a8afa0.jpg,United_Kingdom,GB,50.137199,-5.307606,4
00440e61758940c089a060199d0820d0.jpg,United_Kingdom,GB,50.37843,-4.942082,0
6b68947e5afb420b8c2081909c90a204.jpg,United_Kingdom,GB,56.199409,-5.509458,1
d1d8c49b4cd34b69aaf929ffb2414108.jpg,United_Kingdom,GB,58.485135,-6.254417,2
95ac5a12ea414d14acad24051d0afbaf.jpg,United_Kingdom,GB,52.650202,1.724171,3
855851cd6fd34993902ebaf3b4d857e5.jpg,United_Kingdom,GB,54.551251,-3.211184,4
cf3d481ab45143f0ac1e2d2da2b4d59f.jpg,United_Kingdom,GB,58.497978,-4.484153,0
161e3be302e6413f8bc8a49beed964a4.jpg,United_Kingdom,GB,53.192242,-0.6244,1
fc51d94aadc949469bac4bcf9e80bbd4.jpg,United_Kingdom,GB,54.466247,-5.964945,2
8c401876520a495e8818b3c6874cc4d8.jpg,United_Kingdom,GB,52.682918,-3.449099,3
6438ebdf04264c17b66f63d7829cc48a.jpg,United_Kingdom,GB,51.977629,-1.555235,4
228b50c73ae6443989a2ec217d0fc643.jpg,United_Kingdom,GB,58.546754,-4.674359,0
f36f7788a9e44064b03e3c21d4481da4.jpg,United_Kingdom,GB,56.496207,-5.776487,1
75659c9dc5c844a799a78d98af109767.jpg,United_Kingdom,GB,51.586342,-0.727957,2
34e68c1c751f427393c2212b788363d0.jpg,United_Kingdom,GB,57.139504,-2.795045,3
f3c24128285947779e5e717eb5a06cc3.jpg,United_Kingdom,GB,50.500133,-4.719893,4
b9c46b9603cd4edd8c2ca5bf8409dd30.jpg,United_Kingdom,GB,53.294328,-4.607099,0
6b9212dc3fe04a16aa7957e68156f220.jpg,United_Kingdom,GB,56.311717,-4.725628,1
a17076f06c044e4aa77dd4002ea0d551.jpg,United_Kingdom,GB,55.200377,-6.198111,2
9c1c75f7b27946b287bed4c6c75f1ed9.jpg,United_Kingdom,GB,50.366433,-4.66919,3
52c5bdbb209544ef9d4fbab2e9d4513d.jpg,United_Kingdom,GB,50.439338,-4.932637,4
0b047691aaa54880bf4aa851d2e6eca2.jpg,United_Kingdom,GB,52.434806,1.466523,0
490f926eb9eb40dcad8b8f216edb9ef0.jpg,United_Kingdom,GB,50.130185,-5.423151,1
ad0c3be166c2403a82779d02b15d95dd.jpg,United_Kingdom,GB,53.870411,-1.65651,2
9fb632b9f21341e28aa16710d4238ca2.jpg,United_Kingdom,GB,54.23181,-1.415844,3
bf64cf7c9d3040c5ad870b05b2eb2eb2.jpg,United_Kingdom,GB,52.941544,-3.82647,4
a51ed661e10b43fb9b3055a9db3fc616.jpg,United_Kingdom,GB,55.924131,-3.896857,0
624a3c9419da4aeabd9f84cddcacb12d.jpg,United_Kingdom,GB,52.334976,-0.112842,1
41dd3354c8b443c2bcb4cabd9fffc5fd.jpg,United_Kingdom,GB,51.962081,1.196913,2
35ecc0e18e404e3e8183abf007dad48d.jpg,United_Kingdom,GB,55.089527,-3.518034,3
0ef8793f4a4f4f9b85105158d9c7d9e9.jpg,United_Kingdom,GB,51.827793,-1.004549,4
dce413dfa19646f6accb507d93b1f22e.jpg,United_Kingdom,GB,56.501132,-6.960155,0
0e67edcb96ca4ca6884ef81418b8752c.jpg,United_Kingdom,GB,56.380135,-5.042364,1
570255d4fbf84952bd6cab903084f99b.jpg,United_Kingdom,GB,50.541,-4.785292,2
7cc308f510a54c83ac7adba445fc9c9e.jpg,United_Kingdom,GB,57.996643,-4.448606,3
5090849c05004fe087feb9fbe4f269b0.jpg,United_Kingdom,GB,55.045468,-1.451735,4
b0fed7a35109409496a9a9c1c319edda.jpg,United_Kingdom,GB,50.508885,-4.697502,0
b58361495a87498fa49958d5c2062cee.jpg,United_Kingdom,GB,50.066051,-5.67393,1
1cd86fae99314d85a456a6a5c5377857.jpg,United_Kingdom,GB,59.093421,-3.321005,2
f3305a79282a402f8c49847780e53f31.jpg,United_Kingdom,GB,55.378559,-1.805386,3
d86a40f37e224144b97a4a01f8714b1a.jpg,United_Kingdom,GB,52.458289,1.568686,4
a350ca2c967144b1bd1fad96770818ea.jpg,United_Kingdom,GB,59.087334,-3.32284,0
86b684b774cf4646adf726475c1b5d8f.jpg,United_Kingdom,GB,54.86836,-6.249402,1
f505dbeb10864263a959b1177eabec70.jpg,United_Kingdom,GB,55.188557,-2.177198,2
7bc23e3743f4414d81256f7c05a27829.jpg,United_Kingdom,GB,50.361676,-4.668444,3
39e409b30d74474fbc8de27c5b95aa4f.jpg,United_Kingdom,GB,51.929847,-3.917791,4
83e21009e7ed41c7810cc3d36097e40c.jpg,United_Kingdom,GB,53.649885,-1.461616,0
aaa9111a5c084ff7852112ca49e68cf8.jpg,United_Kingdom,GB,50.388473,-4.624638,1
2701ec7457f1430b866fba530578668f.jpg,United_Kingdom,GB,56.124052,-4.038382,2
048a5da0d7f747ca8a4fbf75101235c6.jpg,United_Kingdom,GB,54.42974,-3.463255,3
88437aed33944aac8ca89e7c0dd62c73.jpg,United_Kingdom,GB,50.375498,-4.618852,4
221d29c737c64dfdab8156ceaf938498.jpg,United_Kingdom,GB,55.613174,-2.110475,0
03ef4145ed7e415a8c0776372d330f54.jpg,United_Kingdom,GB,53.147811,0.172069,1
a3ee3e16186348efb13e906152fc8b95.jpg,United_Kingdom,GB,58.233925,-4.48139,2
e8ec8b7dada24b74a365817e8ace9ab6.jpg,United_Kingdom,GB,50.377608,-4.618806,3
bd0dfc433d7544a9aabe6308ae0144c8.jpg,United_Kingdom,GB,53.139709,-0.70972,4
b25282d9a5464f99b33a197fdf660977.jpg,United_Kingdom,GB,57.162041,-2.718103,0
72fcd8c1def34be183d5a68c42e080d3.jpg,United_Kingdom,GB,58.531733,-4.138239,1
50d51efd711240b99039ea576b0d8a44.jpg,United_Kingdom,GB,50.240408,-3.704632,2
3efcb300ba874863807058d2821fc56c.jpg,United_Kingdom,GB,58.504177,-4.509209,3
1b95e43fc59b416681b17098ebd13a15.jpg,United_Kingdom,GB,57.822505,-5.06339,4
207beb5072f243fd996c32af758d8297.jpg,United_Kingdom,GB,56.796887,-3.430021,0
4769c7db9dda4ac1a62b15d7e4bb1148.jpg,United_Kingdom,GB,52.798446,-0.429254,1
58bcb7848c31423fa5e21810344250f9.jpg,United_Kingdom,GB,53.650886,-1.736441,2
af414481b5034f1cbfa6a773d13093cf.jpg,United_Kingdom,GB,52.257696,0.37187,3
29439e30ee2e40f386dabdb6ef85c262.jpg,United_Kingdom,GB,50.318921,-4.926131,4
313f13d4fb184c7db0cabbe3d60937ba.jpg,United_Kingdom,GB,51.598952,-1.604346,0
6cc61380f5bd40bfb2c0c309c33ee3cc.jpg,United_Kingdom,GB,54.832253,-2.432403,1
811c5cef8e28467fb970388122e7132d.jpg,United_Kingdom,GB,56.558919,-5.353962,2
bc526d0ac5e84e4094f771b9acedb07d.jpg,United_Kingdom,GB,54.456937,-3.557871,3
d91f29b51d894f79a5656e4b734d4413.jpg,United_Kingdom,GB,55.723452,-2.679299,4
7796b53af3754bba9a13fa8890ed8681.jpg,United_Kingdom,GB,53.183287,-0.607813,0
68e6708330e145b8b291132f986a9667.jpg,United_Kingdom,GB,52.053704,-2.904181,1
019ce075192e4fa39c1cc8398f8c8fae.jpg,United_Kingdom,GB,58.040677,-5.24709,2
5f2625adce6f48ed856e722e58c88da7.jpg,United_Kingdom,GB,56.156783,-3.955724,3
9f8dae7f64394b629449ea3e440ccfc8.jpg,United_Kingdom,GB,57.59418,-2.794363,4
3121f124e7514ae38bb387367c69884b.jpg,United_Kingdom,GB,56.418167,-4.844522,0
2d029d4070f147f3b04027ed7faf7705.jpg,United_Kingdom,GB,59.10687,-3.323266,1
438137ce4aee4cf8ad4711f770860a90.jpg,United_Kingdom,GB,51.751362,-4.571168,2
3dfeee5f7c51481f89fe047cb537b771.jpg,United_Kingdom,GB,51.073222,-0.081736,3
7d1d206d7177419488aca9582357d5e7.jpg,United_Kingdom,GB,59.101919,-3.326187,4
c4a7878c1474484b880c22e3da54657d.jpg,United_Kingdom,GB,51.942482,-5.096291,0
d4e4c15f976e45dba6cfff15c77fa58b.jpg,United_Kingdom,GB,50.530964,-4.697898,1
d43b77b51cc7419e94165d032399279b.jpg,United_Kingdom,GB,57.132194,-3.932493,2
3eb57488933043a48e317f9ea9e60028.jpg,United_Kingdom,GB,57.60413,-5.300359,3
9d319ff802bd40459c48c9188246fd51.jpg,United_Kingdom,GB,57.430275,-4.635663,4
b91076bde2d34ebdae7461ea73bb6f83.jpg,United_Kingdom,GB,58.497341,-4.456095,0
fed373ea9ecb453aa99c3c1040c70e94.jpg,United_Kingdom,GB,58.544871,-4.673834,1
dbe49f21f6c644c1a9e10ddc779c3170.jpg,United_Kingdom,GB,57.488961,-5.28596,2
9465eb4fc2a5453ba859235925af6884.jpg,United_Kingdom,GB,53.188681,-3.073458,3
93013b7ad055460fb1cad0d6cf173414.jpg,United_Kingdom,GB,50.544111,-4.72749,4
003e7647a298476f9a6d86b43aa613f3.jpg,United_Kingdom,GB,52.771584,-2.733232,0
c200b4ba9aad44a6abee49ea7058769b.jpg,United_Kingdom,GB,57.305901,-6.220845,1
5915a4ed109c4d39b3879c1b44d03622.jpg,United_Kingdom,GB,52.754424,-1.133479,2
26c950d11f9f412cbda7d52102206ca7.jpg,United_Kingdom,GB,56.436811,-2.912038,3
19e62abb8dbf4828bce386060ffc9a79.jpg,United_Kingdom,GB,51.983513,-0.973073,4
07e09c7c49ce481f8e49b217f1d20617.jpg,United_Kingdom,GB,54.630499,-5.784231,0
296db02d3a8e47728126ffe8f67e1c08.jpg,United_Kingdom,GB,57.486211,-7.252149,1
2e77a7b8ed7d473c8e3903c52c253132.jpg,United_Kingdom,GB,57.54585,-4.518346,2
06403609606a4091a833e8de0228169d.jpg,United_Kingdom,GB,54.269885,-0.400979,3
0c924f7cc1bf410c9cdcaef19d508b0d.jpg,United_Kingdom,GB,58.485889,-4.869899,4
ddca58db4fac437eb3cdfe759d4cca8c.jpg,United_Kingdom,GB,50.372257,-4.444762,0
ee5629b7a4734230bcfcaa5fcc9fc389.jpg,United_Kingdom,GB,56.324567,-6.362092,1
3dfa28f1e3384509bb172bde9c27e141.jpg,United_Kingdom,GB,58.537429,-3.117629,2
de160a0f0190459cbfe4ba488fe895c7.jpg,United_Kingdom,GB,52.593832,-2.769499,3
400338bc013e4091be6da8d33a701fe1.jpg,United_Kingdom,GB,53.708658,-0.122285,4
81220f3eb76a46b283a0f94d811e68fb.jpg,United_Kingdom,GB,50.905289,0.629369,0
e33613cf8b634673988c73ad06024e4d.jpg,United_Kingdom,GB,51.25854,-0.104649,1
8ceae64d391148c3b0f5302efd85a99f.jpg,United_Kingdom,GB,56.102788,-5.476811,2
359034b428c94dbc903163183f6c1269.jpg,United_Kingdom,GB,54.517056,-5.548987,3
d170fb61ffea42659ef1625e9ff5179c.jpg,United_Kingdom,GB,58.543023,-4.673232,4
e9ea44c4a29c442496aa6b1be2714d1c.jpg,United_Kingdom,GB,53.606422,-0.67208,0
6764cbd41c97461fa5bcb75031b05ebb.jpg,United_Kingdom,GB,57.476405,-3.31996,1
6e2df17981f248bc9e641481108ff4cd.jpg,United_Kingdom,GB,58.503863,-4.571898,2
1921b24da63945a3a4bfb794eefc6a67.jpg,United_Kingdom,GB,52.098253,1.288018,3
614038715f414488a5e23ad13a02613b.jpg,United_Kingdom,GB,55.521598,-1.993641,4
50cb3a8c2f2348fcbf5e2873a087c9d3.jpg,United_Kingdom,GB,56.126394,-5.130044,0
04b61699582f4503be8d910e28046bf7.jpg,United_Kingdom,GB,54.593792,-5.695874,1
485df52b84dd4fd690d7ef1c95a74fd7.jpg,United_Kingdom,GB,53.762108,-0.616057,2
54be5b2a6e6b4a67880eefc910140d4e.jpg,United_Kingdom,GB,53.392794,-0.772467,3
afef9eff19794fcd82fcb2ec09e06cfb.jpg,United_Kingdom,GB,57.806826,-5.151205,4
09e592829b1d4b7d951cecbfc69ef90b.jpg,United_Kingdom,GB,50.59528,-4.745895,0
4e4d430668d145848e1532f34b453319.jpg,United_Kingdom,GB,53.361428,0.074953,1
c0953c4ee2774a9ab6564044c323a54d.jpg,United_Kingdom,GB,56.49632,-4.158569,2
fd4a2d36aaa34c9d8baaaa6424729ab7.jpg,United_Kingdom,GB,58.541589,-4.675013,3
0cc188a6a6d74a2090f5ec7922d59186.jpg,United_Kingdom,GB,58.547413,-4.674586,4
d487bbff58b54002a92d26503e5afeb1.jpg,United_Kingdom,GB,50.386639,-4.927622,0
af0b998e7cff476eb9c3a3bedb2691ae.jpg,United_Kingdom,GB,50.337254,-4.643967,1
ad85c4cd2c5e475d89c8c3dfbb2bbab5.jpg,United_Kingdom,GB,58.4826,-6.263755,2
5096f82f46f841e594738b768fcf4b53.jpg,United_Kingdom,GB,54.888069,-4.052146,3
e6cd216ca4044d788dcdb7a8df804bd3.jpg,United_Kingdom,GB,58.521172,-4.685233,4
0aa4ffe4e3f844d596c65d3336536344.jpg,United_Kingdom,GB,50.466304,-4.700678,0
b7a6687860f6424db014aea4b6d7e056.jpg,United_Kingdom,GB,54.335665,-6.636037,1
5c9ba3dd23bd4684b4e49dec0665a2cf.jpg,United_Kingdom,GB,50.422755,-4.665018,2
0d1c49dbc3f54a8e842e950436255720.jpg,United_Kingdom,GB,56.585839,-6.186029,3
49f514a662024414bb91f1a51b273443.jpg,United_Kingdom,GB,50.200644,-5.339589,4
78ca6cc2a52745089be89065e302f44e.jpg,United_Kingdom,GB,54.548857,-5.485655,0
119b41d24a314010a96deedccb12d909.jpg,United_Kingdom,GB,57.815803,-7.055255,1
f3be44a9d89b47e98cd558228ec7cc12.jpg,United_Kingdom,GB,58.445275,-4.738137,2
32404cef73304e03a7f2ac852b46452b.jpg,United_Kingdom,GB,53.383523,-1.434972,3
54647b12b55045dab470e8d3ce36e39d.jpg,United_Kingdom,GB,50.35077,-3.80685,4
baa9feaa212142f09ef32dc12ac9a420.jpg,United_Kingdom,GB,57.913326,-4.058455,0
3b4daa37c6be4e809c5d15cd2a6e7650.jpg,United_Kingdom,GB,50.072577,-5.240064,1
400c59850f884ae4a4a9dfb7582e721c.jpg,United_Kingdom,GB,57.080644,-3.984903,2
ad74962facbf471da0894df8c71c0b44.jpg,United_Kingdom,GB,57.33457,-4.550224,3
1f056cf2b47c4e20b0c0bae243978552.jpg,United_Kingdom,GB,54.483485,-6.875178,4
a63501b41de04ec0ab8e71ca7ff491a1.jpg,United_Kingdom,GB,52.63891,-1.254396,0
3ea28ad5fac04cf6a39b0a754cad65e6.jpg,United_Kingdom,GB,52.280062,-0.028913,1
223f690c117f4345ab2d6bbf2dcd3380.jpg,United_Kingdom,GB,50.502509,-4.693525,2
fe4e8d1b09ac4e3ab485a99fd1f48906.jpg,United_Kingdom,GB,55.480661,-2.849588,3
b701e8f33cd1400a8f859816524a6c54.jpg,United_Kingdom,GB,57.162572,-3.687284,4
59990c4dbdf44a4995b4575dcd726a74.jpg,United_Kingdom,GB,50.180973,-5.503108,0
405d9f82a48c4513bcfd39cd0aa0b52b.jpg,United_Kingdom,GB,58.234758,-4.480909,1
46d3b32dca064ec1b2c6def85304e2af.jpg,United_Kingdom,GB,52.456357,-3.507105,2
1a817ee32f934991b992ed1b71efe65d.jpg,United_Kingdom,GB,58.54212,-3.897708,3
83ca0214f41f4fd4a270f95d8eb3e14b.jpg,United_Kingdom,GB,53.621937,-3.047574,4
10fa8f97a0df4ff987b96c94aa6957b4.jpg,United_Kingdom,GB,58.034006,-5.23537,0
4848ef2bc74246adb2388e758b0c14cf.jpg,United_Kingdom,GB,57.825691,-7.042662,1
f306bffd702d4700ae0bd24b42bfcb92.jpg,United_Kingdom,GB,50.614167,-4.471658,2
b5db67ece1a94ce5b2c559a34e9adc9d.jpg,United_Kingdom,GB,54.345099,-6.647312,3
b6a7ffab87134979bb8c7d7d3cc8c838.jpg,United_Kingdom,GB,52.940666,-3.81324,4
4087cea3264b413584c1ac36679d2cfb.jpg,United_Kingdom,GB,58.529518,-4.316293,0
25bb63b894704501b335ccd87b393feb.jpg,United_Kingdom,GB,55.227553,-6.438043,1
81070681383d4225b3ad213ee6dcfd45.jpg,United_Kingdom,GB,50.394877,-5.075635,2
e6730a9f3ea44acf9baa007f764cfb37.jpg,United_Kingdom,GB,57.687397,-5.595695,3
b69786a82560426f9a608280232ccf27.jpg,United_Kingdom,GB,56.676738,-5.24017,4
dfe0f169ae994eef840d9526d9e7df81.jpg,United_Kingdom,GB,52.01146,-4.880304,0
b4fef3da9a37494596f0e8a0dcf8ccb9.jpg,United_Kingdom,GB,57.541454,-6.601144,1
a21ee477b15a40b49e6d9cbf716b182e.jpg,United_Kingdom,GB,50.199853,-5.340589,2
38196f627046462bb9dc85368154fef0.jpg,United_Kingdom,GB,51.630434,-1.825503,3
245b67c717e34ed785091738ab850e1c.jpg,United_Kingdom,GB,55.718009,-3.773253,4
18bbc04577124333b21fd7f446f7463d.jpg,United_Kingdom,GB,56.798628,-5.803022,0
8656410329404867bea7d0e156283958.jpg,United_Kingdom,GB,52.867501,-1.341912,1
ee2fee54a5d540348eb4e5082689500e.jpg,United_Kingdom,GB,56.191511,-4.778018,2
dc8acb6ff560476c8c3180f4ca1f5241.jpg,United_Kingdom,GB,50.348435,-4.662825,3
d0dc44df410b47ed9fe7f8831f4edbfa.jpg,United_Kingdom,GB,50.377908,-5.028227,4
0afc823f538844a1a3ccf522b0ec62a2.jpg,United_Kingdom,GB,53.782007,-2.711086,0
66d0a0e0a819415dbc1a9f1b49bdf1a2.jpg,United_Kingdom,GB,55.09167,-1.488232,1
de7ccb08af4447f0b69ed2d03f147319.jpg,United_Kingdom,GB,50.425015,-4.66942,2
1c45cdbe8df44002890b28aa9f64c0c1.jpg,United_Kingdom,GB,52.041981,-1.193448,3
074e0107c6134324996ba19db1f381fe.jpg,United_Kingdom,GB,52.916378,-1.120093,4
69db23b27b8248cda15d29443c694dec.jpg,United_Kingdom,GB,50.999546,0.768253,0
512b66f7206146c19db5c0959fc4caf4.jpg,United_Kingdom,GB,55.219811,-4.846922,1
d07795ad62a64d7b8240fb2838c7eb5f.jpg,United_Kingdom,GB,58.50259,-6.264269,2
9e5f8e1390d546858cdc98fac985fe32.jpg,United_Kingdom,GB,50.404452,-4.55773,3
0b793a915a4b4c1bac068578ff0f8238.jpg,United_Kingdom,GB,56.428121,-5.208831,4
8ca33d79f556490885114ac4e292a944.jpg,United_Kingdom,GB,55.788918,-3.019993,0
06abcdebb5ed4beab73acb1cff919863.jpg,United_Kingdom,GB,50.132999,-5.565709,1
da68070551404fe097de0abcd29c1d0d.jpg,United_Kingdom,GB,53.846102,-0.636091,2
c66b6559f837449b9f4103c8204e57d9.jpg,United_Kingdom,GB,56.060784,-5.472931,3
266efd3931274dd5b322fb3613ed6f28.jpg,United_Kingdom,GB,55.310863,-1.948639,4
03873c399ab0473898be6b7749405297.jpg,United_Kingdom,GB,58.062623,-5.016091,0
d49bae266cc5451c9f7ec72c90fd0bce.jpg,United_Kingdom,GB,54.250208,-2.044291,1
1bd7ec950c864e46ba350ca3e3ad1707.jpg,United_Kingdom,GB,56.846888,-4.710527,2
66d32734ebca4cc69f632ba0261ed8f0.jpg,United_Kingdom,GB,58.500075,-6.258564,3
65743ea4e2584b2bba13e6e570d63268.jpg,United_Kingdom,GB,57.477558,-4.047267,4
7983d23bbae64014abd2bb53c0a4b427.jpg,United_Kingdom,GB,50.544678,-4.828781,0
a2df3ef4fd274ebf81013f12625417ea.jpg,United_Kingdom,GB,50.61909,-4.491216,1
7238ad5a13d04e6eb82de997e35e7906.jpg,United_Kingdom,GB,58.501485,-4.644599,2
f1789cb544df4037aff9f8eb240aa025.jpg,United_Kingdom,GB,55.685427,-2.177211,3
f3e88fdeab58408fb893ca0699536a66.jpg,United_Kingdom,GB,51.408987,-0.592503,4
0d3cf4a38f3a45008a4ac6d8ccdc10fa.jpg,United_Kingdom,GB,54.419356,-3.080131,0
f6b1b2b851ff4d5bac3c090063859d35.jpg,United_Kingdom,GB,56.521364,-3.221892,1
399b1a65216c4836a5fdde577255ba4b.jpg,United_Kingdom,GB,57.764542,-5.131661,2
65396927ac5e4f44bb83ba9f890594d6.jpg,United_Kingdom,GB,57.173271,-6.063268,3
c8fa301a6a6a43f98e58f7947343ab6f.jpg,United_Kingdom,GB,50.348578,-4.662883,4
d86038d206fe4e7baef8198ba32e6623.jpg,United_Kingdom,GB,50.283408,-4.983344,0
c98e0aebda5b4e3b9b2ea7bcfca9f5d4.jpg,United_Kingdom,GB,58.511901,-4.698556,1
989a3a1dec814ef3945f3b1ef1037742.jpg,United_Kingdom,GB,51.005936,0.773272,2
af9927dba39f40a0b3b55fae13098aa5.jpg,United_Kingdom,GB,50.313732,-4.850217,3
2f0c9463213043db9e8db93873f5e017.jpg,United_Kingdom,GB,55.534396,-2.674281,4
8c74c7757429486c8d4c9a58d5695b3f.jpg,United_Kingdom,GB,50.465477,-4.698527,0
6936aa29eadc422a836395cd7d974468.jpg,United_Kingdom,GB,53.098157,-1.532503,1
d80088419c25406783bc20773d3ac3ad.jpg,United_Kingdom,GB,51.215293,0.726344,2
f65eb9ee4f8d4bf6875811e46523203f.jpg,United_Kingdom,GB,50.76747,-0.80844,3
6a21667f3a1f4f5ab1ebfbb7d161eae7.jpg,United_Kingdom,GB,57.12932,-3.936096,4
ba0ffc95452545a49e980e7ea9fcafca.jpg,United_Kingdom,GB,51.129947,-1.156045,0
5ee9cd6c53ea482b9f0250bb05936d3d.jpg,United_Kingdom,GB,55.782219,-2.215803,1
3da883761ea84b689581ad095b916dd0.jpg,United_Kingdom,GB,50.341204,-4.239431,2
9a315a1d7b494557af8e9e53cf04e416.jpg,United_Kingdom,GB,55.905559,-2.718006,3
7edc350776184f9cacf382263c5a38b2.jpg,United_Kingdom,GB,50.539184,-4.70958,4
21c17419bcd5433c932d1c94331134c7.jpg,United_Kingdom,GB,52.09825,-0.927417,0
014ecfcea3b749d0b14ac4213e47de50.jpg,United_Kingdom,GB,58.506131,-6.261553,1
75815aafb9464751a92302c5d97c377b.jpg,United_Kingdom,GB,50.455996,-4.708685,2
f6528e33d8bd4b7b98831b39893ecded.jpg,United_Kingdom,GB,57.46669,-6.184829,3
3770bb0e8a9f406fb3cc124200d0cfb5.jpg,United_Kingdom,GB,53.878598,-2.77546,4
6d1c140e0b3d4eb8bf881ae93df8c15f.jpg,Germany,DE,51.963929,8.263869,0
915d7ea411574146a8fefb96e84d79b2.jpg,Germany,DE,53.094623,10.756645,1
ad15c7c392c348f9b8c4e1e77c445b45.jpg,Germany,DE,51.820576,7.440758,2
c9d76f11febd4de1a1617c00ad2bb878.jpg,Germany,DE,52.953682,13.869217,3
7e5c5c1f8df846a1b4965e94c386b11d.jpg,Germany,DE,53.211736,9.550637,4
49ef156911ba439aa0c3ff8b252148c2.jpg,Germany,DE,48.648046,13.410859,0
28db44d4e6e549c98ed6634d8e4b7955.jpg,Germany,DE,48.970225,9.863937,1
d8fc2164165f408291dbceb588d2b346.jpg,Germany,DE,54.63829,8.851427,2
a15dac8d02864e49a4bcb711fe86fbe2.jpg,Germany,DE,49.97477,7.704498,3
0b1f45f0de0c4a64856aef2f42e2888a.jpg,Germany,DE,51.139887,14.269294,4
c89675b3ee114f8e92e298de61e77f0d.jpg,Germany,DE,47.836155,12.336856,0
2c3c58c809de4db0bfd9b3e4a3df7382.jpg,Germany,DE,54.864727,8.871304,1
1eb9af25a9364bf9b159eab0859c1f18.jpg,Germany,DE,51.944987,13.227064,2
8c22389be3b54565b2c4552e0c17f886.jpg,Germany,DE,54.261964,10.364753,3
f9337fc93b4a472dad5e45424f2853e9.jpg,Germany,DE,51.115351,14.931644,4
c937058a4e8c402fb0b4313cf15ec6f1.jpg,Germany,DE,53.551028,10.468131,0
9b58b4f868fc42b0a0695bebcb50b556.jpg,Germany,DE,54.539908,9.896519,1
12d9d642f661440cab463e1ad5ca8e36.jpg,Germany,DE,50.857133,9.985912,2
f86256ada30b4eb7a32fcd4179e24c4a.jpg,Germany,DE,54.032807,9.529873,3
1690cf75b2ec475db6bb4d2d56bc33db.jpg,Germany,DE,52.852131,11.391801,4
d6c754020ea147ab9d475485bbf13407.jpg,Germany,DE,51.870433,13.08876,0
066ea50d33b44d35a215887c337e7488.jpg,Germany,DE,52.169167,7.146733,1
a5952c381198417cbedf1c71678673f6.jpg,Germany,DE,51.173265,9.723317,2
8614ddb9ae4145f682e431bf6e32e4ef.jpg,Germany,DE,53.030128,12.617425,3
6fae3da18149483598450bcc2d800342.jpg,Germany,DE,51.752153,6.239854,4
c73e87a9f6b3457b9d3c19e886bd9ea2.jpg,Germany,DE,49.724888,8.030464,0
5630dbf12c7b43589b9fd6ba7fc9de02.jpg,Germany,DE,53.08919,11.275679,1
98aad3a021cb4a92927d84a6c09cb618.jpg,Germany,DE,50.302569,6.529345,2
82f204cd6e1f476888492388c363668b.jpg,Germany,DE,50.119775,7.437426,3
b685d1cba3e7498785b40c8817ed3732.jpg,Germany,DE,50.613664,6.456933,4
303b668ac0ef4608a4d2c655317fbfe4.jpg,Germany,DE,48.020281,8.080641,0
f00e1d06d75a4b70a064cbb1d85465aa.jpg,Germany,DE,51.794413,11.596427,1
d2a2b968b8034ed8bea65e3710e1eecf.jpg,Germany,DE,53.356219,7.915865,2
ad828baffd5e4c5d9a851d297aae162c.jpg,Germany,DE,49.38639,7.842707,3
df8042fde8cb466c96846884b42a63de.jpg,Germany,DE,53.829853,9.167,4
69bb0e4c46d546e5a0f73f109004d2e5.jpg,Germany,DE,49.279339,10.928837,0
465fbef9ff354483b15e072571d9cf85.jpg,Germany,DE,51.448111,10.67327,1
3fa130f47d6a4a9fb83b049183ce746a.jpg,Germany,DE,48.862527,8.364491,2
5048b6396c8148698ecdf2deaa67857b.jpg,Germany,DE,51.474048,7.635217,3
79359d916cbc4b43b8bbca57bee8219b.jpg,Germany,DE,53.463519,7.556725,4
ba3f3842065947fc845e01ff50d764be.jpg,Germany,DE,52.052615,8.702091,0
ac9250dbef3f41aba9ee24aec474ff6e.jpg,Germany,DE,52.370253,11.774952,1
615360d01348415ab19a3d3c20cc6ff1.jpg,Germany,DE,47.746983,11.640578,2
dde5d14ba04c42589d465577c3b458fa.jpg,Germany,DE,47.676588,10.721796,3
35e90275e2e9419db173925f3a90bdf6.jpg,Germany,DE,48.051635,12.119969,4
8554ad9265254eb184368b41459f7891.jpg,Germany,DE,48.623417,8.200689,0
37af5fdd70664eecb3cf782724ad2c3b.jpg,Germany,DE,52.510465,8.39983,1
e3f9602c431746109dacf76b0ea6af50.jpg,Germany,DE,50.683417,10.121849,2
75dce4f5525948a2a664ac9673a680fc.jpg,Germany,DE,52.06319,13.220625,3
200061848e434f19a696c54e923ad257.jpg,Germany,DE,53.186977,7.764347,4
c7c0003f13ff44e689c57f3a314d6d11.jpg,Germany,DE,51.5737,12.42988,0
96fd4d9b134a4b0c8d3b7e65dbf919d9.jpg,Germany,DE,48.713101,13.142827,1
7b1bf15372ca433f96c1193f467d0f71.jpg,Germany,DE,54.234632,10.580435,2
833ec3d9ac7441fea18346e136152681.jpg,Germany,DE,53.18952,11.678114,3
c4a44b759dd14ff4ba24275607d7b6ef.jpg,Germany,DE,47.54574,10.548222,4
daf61373ac8943fbbbfaa389a4e4bd34.jpg,Germany,DE,50.173689,6.629151,0
f6cff2354ecf42e793d3fe3b3390575a.jpg,Germany,DE,49.883692,6.618844,1
7430742d795740d79abbeedde58f2765.jpg,Germany,DE,48.082727,12.569816,2
07413b55ef914bacb6775376621bea7f.jpg,Germany,DE,52.223007,9.038132,3
82ecca74bd1345a590dba9a9fb8cf32a.jpg,Germany,DE,48.137174,7.951792,4
613d488eb0374086b8e18024f7175602.jpg,Germany,DE,49.525404,10.866349,0
4941b3c402a54622ae22e8a0fa376d65.jpg,Germany,DE,50.158089,6.643577,1
a85d0e3cc0684865b94d7a82d47817ad.jpg,Germany,DE,52.007589,8.342381,2
4a7b74f6daa049f5b8a20225d1d221d3.jpg,Germany,DE,47.980245,10.899062,3
4908568c950a4f1fa251bed9ac95b121.jpg,Germany,DE,50.16294,8.021961,4
f7de1c89c1e84dc2933a49c6c3527ab1.jpg,Germany,DE,50.118843,8.853504,0
9fe1424f54d3450ea483db2d729696f3.jpg,Germany,DE,48.818829,10.566718,1
81bccc68df7f452c8274ae04ab8581c4.jpg,Germany,DE,54.060049,10.145483,2
8c6db06b37794a3285442b3f93d7881c.jpg,Germany,DE,50.595767,9.515547,3
ea8ee180a36240f497f5df9463b71473.jpg,Germany,DE,51.33864,8.955279,4
4ed0a0b6ef9a4277ae5bcfa7c817e604.jpg,Germany,DE,54.434914,9.336521,0
855b02b553ec494c9814180edaa04f26.jpg,Germany,DE,52.922383,10.366615,1
354991772318434d9109e8a3d46441a4.jpg,Germany,DE,51.854688,14.489142,2
e0ada5689b014051b212cdc4e50245fb.jpg,Germany,DE,48.137368,9.128601,3
f3e7af8811bd441aa7dbe66a692e240b.jpg,Germany,DE,50.901621,13.215217,4
a9b18d9de1ff44769893f7b88d207ab1.jpg,Germany,DE,53.673713,9.05853,0
a5e24fcdcb9543bbadf92918c84234e9.jpg,Germany,DE,53.516205,10.527297,1
eadea5becf984b6680c1522eafcda57c.jpg,Germany,DE,49.562775,9.892691,2
4eacc0cc7bcb470d8b18bf108aa43318.jpg,Germany,DE,47.87707,11.736293,3
8c4772c7b2ef41b1bb59b8e61955857b.jpg,Germany,DE,47.691755,9.253587,4
5ba3a8802bee451bab31d0d8b3c5b752.jpg,Germany,DE,53.548036,12.712733,0
bcd3e26944514ebe92d84173ed633717.jpg,Germany,DE,51.338446,14.565977,1
e33cbae26ff148268b61c0330185aaf6.jpg,Germany,DE,52.113971,9.415716,2
be646b8777954af2b72dc6e4b556fbbc.jpg,Germany,DE,50.737885,6.75871,3
30eac8bc175e4efeba2e81c5a27f7479.jpg,Germany,DE,47.954703,8.860221,4
ed1969ec59a441598b7915b05641f3a8.jpg,Germany,DE,48.786504,9.687913,0
c54526fae9eb4054a267ac55928d402f.jpg,Germany,DE,50.202678,7.017817,1
05784411cf3644069aa39771da9908b1.jpg,Germany,DE,52.49548,11.026611,2
d5e17402e70f4ed9a810664985900890.jpg,Germany,DE,49.562134,10.324151,3
aa1353d6bbf54672989b6adab6b02362.jpg,Germany,DE,48.707367,8.428841,4
98a6c79a220e40d895408b91f20b4799.jpg,Germany,DE,52.416288,8.614494,0
1ac1f368525741abb183dd145475d77e.jpg,Germany,DE,50.296588,6.502155,1
345dc05a2ad64ae385484e71c06977bf.jpg,Germany,DE,53.192195,7.7251,2
d83672c7d05f42f9a3e6f0b57166d53d.jpg,Germany,DE,52.168606,10.472802,3
17a9d20af793460381af4bc442a47c4d.jpg,Germany,DE,50.354742,11.552608,4
f2e2f9e00c8648f8b484653f6220e09d.jpg,Germany,DE,50.629752,10.915142,0
c5235560bfb44af2ba53e56cb79f02e6.jpg,Germany,DE,52.152133,7.681115,1
2c8d8363d3954ca2894aa54cdc83a990.jpg,Germany,DE,49.501381,9.445238,2
75509dbca9a541a58dd582265d1c49d8.jpg,Germany,DE,54.474197,8.850906,3
5a6e4435101f458bafb15ae4c473059b.jpg,Germany,DE,49.241265,9.972794,4
9330caf2f5594befafbb6caa52287ae0.jpg,Germany,DE,50.254917,8.989502,0
c3e4ddebe0e84d7c83d394cbc1d7b297.jpg,Germany,DE,52.054588,12.500035,1
d30e2169ead1483499740ad2586ebcc0.jpg,Germany,DE,52.484582,11.684961,2
d9dfd833affd49f991b39a5dcfc884c3.jpg,Germany,DE,52.367481,8.828526,3
8359204c3d814998b3eb539a181eeb78.jpg,Germany,DE,50.479003,12.973328,4
b4aa0152f760473eac35a7d7af62e38f.jpg,Germany,DE,48.632513,11.588454,0
6addee16877f42ee90be69a6b72f1df7.jpg,Germany,DE,50.848793,8.776313,1
6e7b392e48ee4b2eb0d3c328427fd02c.jpg,Germany,DE,51.573899,9.261534,2
09f7c613e5be49f4b1e9638717915db7.jpg,Germany,DE,51.138257,10.721658,3
6de982f3a6744058b12f6815b095449b.jpg,Germany,DE,51.85685,13.237698,4
dff805c4c2624e44aaa2f115eb142e48.jpg,Germany,DE,51.28129,7.716669,0
dbf49b88b7874914ad7568d8efcd6e19.jpg,Germany,DE,49.596058,11.629635,1
a8df051e717f4dceac334a4a32768964.jpg,Germany,DE,51.942316,10.468874,2
25a472cff68a497f9d00ef9ec5299b04.jpg,Germany,DE,48.227792,8.167681,3
78676f39170840fc802f6dafce900872.jpg,Germany,DE,51.671062,9.443881,4
9e4647a93c5e4c6e8d57514b327e77f2.jpg,Germany,DE,53.603695,7.180543,0
a8b0bc5bf5a94f79ac0f0daad3092414.jpg,Germany,DE,50.705494,10.422536,1
15bae918e55848218514ba7686c947b4.jpg,Germany,DE,50.007482,10.665394,2
0db49b1fe56e4b25891efe46ab5eb8b9.jpg,Germany,DE,52.006026,14.16109,3
404299ba681c494c98841c605cf26f6b.jpg,Germany,DE,50.38475,6.735052,4
6fc1b4701065479e8fc5b71091043679.jpg,Germany,DE,51.552957,12.337423,0
ea0e6bd458024e07bc52e4a16d2ee1bc.jpg,Germany,DE,52.632934,13.240766,1
deb432b59e034bee93e295d3a81ab0a4.jpg,Germany,DE,52.204555,13.185441,2
c78cbc2740264d198b130f2b5f0713c0.jpg,Germany,DE,48.3829,9.127957,3
33ee45ccc32c4847b18e8904eaf2b3d3.jpg,Germany,DE,52.08898,13.800782,4
e65530dee7b2429fbba0615f12a29b25.jpg,Germany,DE,48.62618,12.11965,0
e95d06ad3e5646479dc24ee69961152e.jpg,Germany,DE,48.195134,10.927748,1
6c984ea6e59f481cb72d0f1082a2d779.jpg,Germany,DE,50.466695,7.609582,2
36039dba168e49efba1967f328c17411.jpg,Germany,DE,52.535197,12.757741,3
9ca5d7090daf4b929769805e19781dcf.jpg,Germany,DE,50.360241,9.255665,4
528e2b28e1e142cb92100540f6367ce3.jpg,Germany,DE,51.384251,8.585794,0
d70b1555fb524b38858072165e650cc5.jpg,Germany,DE,49.72925,8.417897,1
8dcf45ac156b44e68aa99daa34df1e0f.jpg,Germany,DE,48.097007,10.11352,2
38ded8735d964b529f2dd63180b901ed.jpg,Germany,DE,53.31132,13.933292,3
9e33cdc1bff14ef0a124bc61692b3820.jpg,Germany,DE,48.074023,11.163125,4
131ad35c918b4b2cb5aeab4626e03dea.jpg,Germany,DE,50.590824,6.516806,0
ae52a6b50b724aab9b93f0bd0973e0ac.jpg,Germany,DE,51.83436,9.204222,1
cd9b4a1d55a140fcb4dd4d56290b351a.jpg,Germany,DE,51.76428,8.404596,2
cb4c6f59930b40aaba748e83a0ce5a17.jpg,Germany,DE,51.46145,11.024036,3
3d8884e039dc45ca84d4bd4af9635e96.jpg,Germany,DE,48.355179,12.397015,4
68c1da180d9d4940afd95a83fe87f07d.jpg,Germany,DE,49.533903,9.851958,0
0401de4066dd42e1b19bf95116004a0e.jpg,Germany,DE,48.86208,11.779034,1
33d57a7a9c414dc687780f87b58e2ac1.jpg,Germany,DE,51.796118,13.755521,2
2600b0bbbaab45a195b5608b03de18e1.jpg,Germany,DE,52.00415,12.269366,3
46dc094e29434527a8d565eb049d4bd7.jpg,Germany,DE,48.534154,10.206352,4
57875a8f3caa41a38a97368459728172.jpg,Germany,DE,49.042671,10.836405,0
8d0abd0e888843398ec9879b8b44cc0a.jpg,Germany,DE,50.315272,8.780011,1
b348679c116148469093200b29addce6.jpg,Germany,DE,50.854895,12.468843,2
c827099a97b640e4873a7024218aeb53.jpg,Germany,DE,48.819039,11.838059,3
0f2cfecd53dd41049024cfeb0c2236ef.jpg,Germany,DE,51.136112,11.456007,4
cde6c97555744a6fba71bc0f1ae7c84d.jpg,Germany,DE,52.460993,11.092875,0
5d0b27dad21f40289e1026dfe9f5ebea.jpg,Germany,DE,48.499029,8.422719,1
779cdd584d824910b476369fca51247e.jpg,Germany,DE,49.150644,12.770521,2
8f6720ec79b342519d2104ebf37c7e0e.jpg,Germany,DE,48.384373,10.364397,3
e3f871f13fa54d5cb46b58962d14cdfe.jpg,Germany,DE,51.231721,14.666123,4
3f584c319a1c46fc837569ae5546a433.jpg,Germany,DE,50.820256,11.390461,0
a88271534f4a4758b81d3e17308a3435.jpg,Germany,DE,51.130197,6.131027,1
83c4c72c7e084095b018cbdccb03df09.jpg,Germany,DE,53.131801,7.807611,2
31ded35d80d54574830831d6dd802727.jpg,Germany,DE,50.173649,11.226447,3
d76c7e6121974c759096e78d19523910.jpg,Germany,DE,49.326302,11.078486,4
bb5a7dcfb33e4d1b8bbc1d0bf699fa1c.jpg,Germany,DE,48.349236,8.777997,0
3144ab0afcfa41f69f4590d071ea29fc.jpg,Germany,DE,52.959815,8.620362,1
152f98635c17459299e86e723a6bc296.jpg,Germany,DE,49.252937,10.251827,2
f8d654b8e61b424dbface51d17b20664.jpg,Germany,DE,47.852998,12.516586,3
134c67f244fa4b1cba8d24932f3fcca1.jpg,Germany,DE,52.049789,10.00103,4
d57f78483d8e4b8dbb03e2abaa8a1acc.jpg,Germany,DE,48.411993,13.316801,0
daa0fb441920470d9dc4e1a91db1e83f.jpg,Germany,DE,47.524923,10.031629,1
b040d9e57bbf410ca2deef9ba428e85b.jpg,Germany,DE,52.585376,8.61791,2
7329bcd9a32747289a3815dc1ad33edd.jpg,Germany,DE,55.096657,8.485305,3
ea2618eb8d3f4966b77b1837044d4a6d.jpg,Germany,DE,48.932519,13.770348,4
7119f5e9911744d6bdc1914c5aaf9771.jpg,Germany,DE,53.743864,9.527332,0
724451d314c74488b90cbde8a8ca7408.jpg,Germany,DE,49.005286,11.265709,1
0737f29b52744fca882535107316b632.jpg,Germany,DE,49.635908,9.080517,2
be0da99b466f49f38da3b7c564fb9e9d.jpg,Germany,DE,49.923649,8.890635,3
48283a5942ff4050a185118676a813fb.jpg,Germany,DE,51.224737,11.970631,4
ac4fa88f9a3d469594b03a43f18bb954.jpg,Germany,DE,53.612949,7.85119,0
03790fc9dd444549aad2c9acdf063bea.jpg,Germany,DE,50.084061,10.965625,1
fc7fc0abb0964c87842b716a8495c52a.jpg,Germany,DE,53.664496,10.045136,2
e7cb27ba1c5e4cd58f5c8dfd385d9c84.jpg,Germany,DE,50.516203,7.934416,3
be9c68ff3c2842a0b0edb247f608d5f0.jpg,Germany,DE,51.855376,6.225472,4
213795ca7d334f42a5af9cb925e002b6.jpg,Germany,DE,50.748791,7.392092,0
b98e0b94800a4140aba4e0b1d72c42c2.jpg,Germany,DE,48.657661,13.362701,1
9c2af8941e4b4c83aa3e2d80394a8848.jpg,Germany,DE,50.070451,7.429349,2
1a0b9e79bd4c4ecbb7fa8e63f2091c5a.jpg,Germany,DE,53.761078,9.072355,3
e5f4c08a2a664f2f96848d5b979f67d5.jpg,Germany,DE,53.073057,13.91858,4
28961e764c6248e598e6df4e0ada0eda.jpg,Germany,DE,53.221308,13.389592,0
8500bab161b54dd6b32af18f419701e1.jpg,Germany,DE,50.280287,7.441146,1
50f90c3cab8c4ca5b0a20d4719d193ae.jpg,Germany,DE,54.618314,9.76838,2
4ad1384239b846c7955c8d124f35d1dd.jpg,Germany,DE,53.676365,13.932896,3
d940df8621b840678e10010c90ec5044.jpg,Germany,DE,52.392773,8.645562,4
d9d7d77029804eeb91caae32ffe6bf05.jpg,Germany,DE,53.549096,7.920105,0
efb5f6f2fe674cee840d1fc089370f85.jpg,Germany,DE,48.444032,11.120169,1
824c4d9290e341b98b1036864f78275a.jpg,Germany,DE,51.076696,8.63294,2
b02f1831c3eb442e98f4ccb1c917b222.jpg,Germany,DE,51.981521,8.044866,3
71a65e3274fa4908b6327b73de44c0db.jpg,Germany,DE,48.493503,9.508635,4
e2d02e6aadc14a108cceb01f168cf897.jpg,Germany,DE,49.916708,9.346977,0
c463745c9c154aa8aa6be45112adc7ff.jpg,Germany,DE,49.07215,9.76942,1
23d1604ff3584eb1aae5df1fc37eb7ff.jpg,Germany,DE,50.291061,11.291966,2
c4fa7cabdccb4c2a90ea13fd825d2b2d.jpg,Germany,DE,52.010784,13.66717,3
061280e864e34f96ac22414f154ac568.jpg,Germany,DE,53.671187,7.473126,4
c6666f8af6fc4494ac76a4f1151ba4c0.jpg,Germany,DE,50.824073,11.423585,0
29431cdd74674f088d92c37ba901ddc8.jpg,Germany,DE,49.022165,7.870251,1
c412664c36d647809d33bb2f9362650d.jpg,Germany,DE,53.462868,11.628761,2
44f09f9759164da9b3988ac2a75200be.jpg,Germany,DE,48.859495,12.920889,3
79d17514920e4da8b84b9b61d9a844f9.jpg,Germany,DE,54.06844,10.218448,4
0aec1cd7de6744e0ad957b6a199dbc84.jpg,Germany,DE,51.734504,9.775652,0
8f70ff604f6b4e7e80614c8be775bda7.jpg,Germany,DE,51.782584,7.302088,1
73b11b791ec44506ba7ab3616912b7ba.jpg,Germany,DE,51.466067,10.842864,2
193d853305c94ae0b94546413139167e.jpg,Germany,DE,48.50283,8.429962,3
66246befa17a426fbc9a80146c2dd7bf.jpg,Germany,DE,51.495669,14.680962,4
7cac02d3b5754543b6ac360d6350342e.jpg,Germany,DE,53.234732,9.999449,0
36d0717960a44efd96c3a4fef69999b9.jpg,Germany,DE,49.177403,8.20596,1
b7edf628c31f4678a075a1c63e058a87.jpg,Germany,DE,53.100338,9.429948,2
b5efed686b9e4c4781141337e49259a3.jpg,Germany,DE,50.48496,8.944076,3
1ae7639a71c443ed87a1af5cb0e90ebc.jpg,Germany,DE,51.476377,13.138438,4
dcaa07669cfb4801a8040498e0e4d820.jpg,Germany,DE,53.30387,12.56104,0
8dcec5d34dfb481592c33617dfa2bc85.jpg,Germany,DE,53.147594,10.095165,1
60a4763849ff4ceea850f013b2ce34c2.jpg,Germany,DE,53.343782,10.261641,2
e94706e53c674dd7bbf4bc999c842bd7.jpg,Germany,DE,48.938642,8.332953,3
8e36bdef61ac4c5997fe08efd926b6d3.jpg,Germany,DE,52.555389,11.809157,4
939991de4e9a4700a3d9a00be167fffb.jpg,Germany,DE,52.643522,13.66012,0
f6e16164e5bb4dc4970fb81b01c2ce8e.jpg,Germany,DE,48.418309,13.131406,1
f47169d2e0934d9bb390b0932e0b58dc.jpg,Germany,DE,52.899441,8.414155,2
9deef981f05b405aa0198278c4cae043.jpg,Germany,DE,52.052851,13.897482,3
78058608d2b447e99a6673e6db4eb6f5.jpg,Germany,DE,53.762852,9.299304,4
e89e3644569d4fd1a7661dfae27a26ca.jpg,Germany,DE,52.076844,6.813723,0
f6d6ae43c20745108479f1130d590296.jpg,Germany,DE,53.955753,11.85958,1
a419b4fd0ff44063b9704bead7faf6b0.jpg,Germany,DE,51.856473,12.039205,2
478ea648a3c0447791d00324d4696cd6.jpg,Germany,DE,51.899111,12.408854,3
69807988fadd4c6a83bf8fd677d26b22.jpg,Germany,DE,50.743487,13.334097,4
4f165c407a5b4c6a8549c4697fe424c6.jpg,Germany,DE,51.847743,6.165924,0
51543c23f0244e748133c3b70990b8be.jpg,Germany,DE,52.487779,10.884711,1
27013a8184ca4cceb3a1bd897eb68071.jpg,Germany,DE,48.565457,10.732096,2
2c732df02a2e426bb9191d2ca021bb37.jpg,Germany,DE,53.291017,7.742422,3
7733f7f72712448fb2c09213a6cfec87.jpg,Germany,DE,52.228871,14.061555,4
f2c1ec729ca94a57ba532527959bf746.jpg,Germany,DE,51.99864,9.856611,0
32c0b0327077489a8f9eefa10421a99d.jpg,Germany,DE,48.44387,13.086434,1
7576b75676074f60a7f1fd7069b89fbd.jpg,Germany,DE,51.425688,9.500833,2
429035819ddc4a85ac1a353c4715957a.jpg,Germany,DE,48.442561,7.898542,3
10d238bfcb384b938d9668cc07ca0942.jpg,Germany,DE,47.675617,10.406114,4
81172d1922b54890975f95cca006d21d.jpg,Germany,DE,50.374468,7.799888,0
cbea6d372f9840539b37834a5341da37.jpg,Germany,DE,53.757152,10.316938,1
22a157d11f624e23a46e66ce9985d109.jpg,Germany,DE,48.769861,13.732103,2
07572004ce984e6f837ad806a42e40ca.jpg,Germany,DE,49.087415,9.343531,3
49ba82e66f9442c6ade7c8b5daad6ad9.jpg,Germany,DE,53.98442,10.071185,4
83239aa3412a44b8acfd1e7411e1b12b.jpg,Germany,DE,52.569998,7.786979,0
b93b15fec1dd45bdabb2a8745b716fb3.jpg,Germany,DE,47.805091,10.264952,1
bda4d037515c4f3b8de85460533a1828.jpg,Germany,DE,49.591092,11.622326,2
cac247d85f634a1d90d4eb7f74fb5aad.jpg,Germany,DE,47.567486,10.983228,3
51b2386e2aa34bc79516b8302955be07.jpg,Germany,DE,51.627331,10.743465,4
7a5b74ecf1514c37a744c9660c6c555c.jpg,Germany,DE,53.07669,11.270557,0
88c72f6cfd4248f2b40798479f7c9e0c.jpg,Germany,DE,51.641073,14.554234,1
986a49159cfb401c8bd4b05d21285faa.jpg,Germany,DE,54.772613,9.245696,2
08752f31443243b488cae954648c974f.jpg,Germany,DE,51.713992,6.388821,3
5bf4bae616664234aa18e3167fccb416.jpg,Germany,DE,53.769189,11.420896,4
4e9248046476424d892b18d901004434.jpg,Germany,DE,49.523044,10.094488,0
5ea91c2d7b154e5f94ba65e2f3472ee4.jpg,Germany,DE,47.908422,8.052379,1
04de89624887493e89dfc5dedfb20959.jpg,Germany,DE,52.889452,12.265368,2
193fb7af25ec4174aef778bcb94d12e5.jpg,Germany,DE,50.557983,9.453182,3
f64849a523cd4ddf80afe53d66fe184a.jpg,Germany,DE,51.390768,13.376489,4
f82546ead7e344c28a53dd27056e6cd2.jpg,Germany,DE,51.292822,13.390976,0
e22b69cc423b419ca4ea3424896a6261.jpg,Germany,DE,50.633125,12.64889,1
543d4a01fa784dde81ab00914e5fc937.jpg,Germany,DE,54.686923,9.007493,2
8907b053ebf3434197fa1a0f10f992e0.jpg,Germany,DE,53.824837,9.593526,3
37f68dd24ec1488fa9f7a74e533326ae.jpg,Germany,DE,51.317257,13.623711,4
4edc9f30ca4c4362b34880931b480d1c.jpg,Germany,DE,51.793185,10.603517,0
683d94a1636c4414b5eb4123272ca3b0.jpg,Germany,DE,52.644584,14.53638,1
fbcb9519525c42e8a37fb2a9aaf3e303.jpg,Germany,DE,53.742047,9.336188,2
ce53d1abc0594e20b91f6b6f8dc35d9e.jpg,Germany,DE,53.231996,10.225927,3
1db544b3527a4163ae54ca4b2d7a7509.jpg,Germany,DE,48.234588,10.10181,4
078236cc48044df7923c03df10a0cabe.jpg,Germany,DE,51.960149,9.088797,0
02d5e9738e0c48819240dd2b4d26af0a.jpg,Germany,DE,52.716155,12.452907,1
5ec6bdca45c242ca9b4d8f9350b80730.jpg,Germany,DE,52.116113,8.205775,2
6d938b6b77974077a900b872d0c3c3e5.jpg,Germany,DE,54.11295,12.568495,3
224f48e8c71d45e0b91f8c5bca1916f0.jpg,Germany,DE,50.891208,8.276213,4
ec9cc7d7770642fba736f62953186b9b.jpg,Germany,DE,52.589458,7.395857,0
110f0e88fcbd442991422dc89a250b66.jpg,Germany,DE,48.718365,11.172499,1
445f333180fc41c08f03478733b2d0c5.jpg,Germany,DE,50.128365,11.095163,2
af832f16e3c94d67a193a5927e6fb9ab.jpg,Germany,DE,47.697562,8.288714,3
ea78da2d9b784ef6bba0226b5262a78d.jpg,Germany,DE,51.366931,14.490984,4
61c33b7314224820974e08f9cee4ca35.jpg,Germany,DE,50.701858,8.645782,0
dd8ef592678942df903bddc16558e57a.jpg,Germany,DE,54.129983,9.065803,1
9ec11fa3dcaa4f09ae4f7d4bae68d66e.jpg,Germany,DE,53.440169,8.447693,2
dd23cefc5f174c3d91fd7c2d76cac63e.jpg,Germany,DE,52.116332,8.205522,3
a940f0833b004a6c8ebebc38c0c10d74.jpg,Germany,DE,51.619344,10.947875,4
b1389892f6a64429842ff765d77e1677.jpg,Germany,DE,50.920036,7.926111,0
1bd10c6190514338854ad2ca4b5b8ba7.jpg,Germany,DE,47.692513,9.250256,1
81778315ed5348d9b88d4df98f4d76d0.jpg,Germany,DE,49.280711,10.775211,2
5b4643141dae4a31a380c589c7cea4ea.jpg,Germany,DE,51.928671,13.935553,3
39a36cf8ad88496f8a379ba5be60833e.jpg,Germany,DE,53.405743,11.598151,4
8c47ca9bfe4243978fb2ff50aff7a01d.jpg,Germany,DE,52.658756,8.443347,0
172e317dbae44fe286f51337894a76e4.jpg,Germany,DE,52.044924,11.878366,1
647a07fd0eeb436ca4e98253738d7adb.jpg,Germany,DE,47.844851,8.276853,2
2c0519ed55ab4926bf0a3d4621e4bf9a.jpg,Germany,DE,47.896071,11.506872,3
2111bf5fbc4544b08b379703b4215962.jpg,Germany,DE,53.766891,9.012731,4
8f39b2fcba0e47baa90c3c89325046e8.jpg,Germany,DE,48.432969,9.711427,0
2dd9c3ec80a74511a6ffbf7d7407228c.jpg,Germany,DE,50.543333,8.101098,1
e263a0e6c0d74b28b4cb1d05d6e2fde7.jpg,Germany,DE,53.867233,12.190548,2
4f43068ce2024b6fb2f8700ba72fd3cd.jpg,Germany,DE,48.473161,8.763011,3
aa4b60c0d93647b78dd0f3b7ff333c8d.jpg,Germany,DE,47.646983,10.486856,4
c5f672da62a44c0d82399430d99da01e.jpg,Germany,DE,52.967924,12.439271,0
77f1b91ed5bf454897d9f345444ee724.jpg,Germany,DE,50.54176,13.129569,1
51332f71e48f4cbfa5085b06abeeb714.jpg,Germany,DE,52.303567,13.56936,2
05112fe098014dfab6cb0dc8b6c1cd41.jpg,Germany,DE,53.052646,9.152852,3
9518f6eb862c4e4484bbac965a40bd3c.jpg,Germany,DE,50.660286,11.531397,4
0c4d978580384ea397396cf93c9c9fc9.jpg,Germany,DE,49.205723,7.076011,0
1b66fddc1ab74a6b96cc77e01e2bfb72.jpg,Germany,DE,52.167056,13.035331,1
44b07eb619f2428f96bdb032473354fb.jpg,Germany,DE,54.639823,9.750953,2
e2f375a2d5dd4b6b84e37837ff9c95ba.jpg,Germany,DE,47.950359,12.891957,3
8c7fcee57b6a4a60a90c0090a3af2ec9.jpg,Germany,DE,53.014535,11.179931,4
429b97941bc74088a0ecb9969a4ec7fb.jpg,Germany,DE,53.601067,12.015274,0
ab63b0a8089a40fd80851e23f2864318.jpg,Germany,DE,54.64195,13.380937,1
256e67e52be3428ebcea2b333ecda7e5.jpg,Germany,DE,52.149365,8.450019,2
1b1ed3b270c440f78ec086bc0e47fc18.jpg,Germany,DE,50.49465,12.382914,3
bacc6a345a3f41a58e35cb8691e12068.jpg,Germany,DE,53.115205,12.088526,4
db326f49b1df49a5bcca6ee2659e9549.jpg,Germany,DE,50.619016,12.641705,0
0e0d3ccb670e4a41b94158ce8652cb2f.jpg,Germany,DE,51.621192,6.319655,1
693e208339c94a9eb68bd3240ce9cceb.jpg,Germany,DE,47.966215,12.422676,2
cbcc680651ff4389a55e371fe00d14c9.jpg,Germany,DE,53.78465,9.052645,3
89faeb4e1cb94c1d883b94eaecfd84ac.jpg,Germany,DE,51.465042,13.180692,4
1368adb8117744ba9ebeca9bfc35dd97.jpg,Germany,DE,53.860053,10.328226,0
6b1d17e9044243bf9635f4f6f3ae227a.jpg,Germany,DE,53.819851,9.438115,1
e6cc2d5b37864b158ffad86319dfc593.jpg,Germany,DE,50.57874,7.488436,2
ef061a61150d4ac9bdc15a4ff0f72dc2.jpg,Germany,DE,52.199142,9.139321,3
7da79c7f50274af89a76ca3ce84d0243.jpg,Germany,DE,53.915244,11.782163,4
310d56e5c5f34542935d3cd0e61b763a.jpg,Germany,DE,51.794381,11.823231,0
5e9977fa453d42819d3ce97ec3fbe5bd.jpg,Germany,DE,47.855604,8.595836,1
0dc353c70e3742c09b6da2d096ce32f2.jpg,Germany,DE,49.179594,9.776909,2
fb62319755bb4895ab2e0e85b4bcfc11.jpg,Germany,DE,48.422728,11.878311,3
4644dd05848c43efadeabf25efe9df2c.jpg,Germany,DE,50.948551,8.83332,4
5c558fb089804628bd324ce4df4f89c8.jpg,Germany,DE,50.184997,11.309542,0
0bcbbe061b0b4217a98ebe37c9a11e24.jpg,Germany,DE,51.651684,6.355795,1
a029c6d3048b4af8be642786bf2b4afb.jpg,Germany,DE,48.635866,9.046002,2
3154cd152c1444c798e2d34857d3a3a5.jpg,Germany,DE,53.331896,10.013984,3
c14380e0d8304578ab83825343dee4ce.jpg,Germany,DE,51.110636,7.812556,4
5f5c5868f9fe4343a2f9c97e4ee58507.jpg,Germany,DE,50.099567,11.145681,0
b8387d5082fe49079e5790eb7c8d9d5c.jpg,Germany,DE,54.249037,8.997669,1
aa131b562e3d47dabdf81a5c21688f1f.jpg,Germany,DE,53.486864,8.480539,2
574634de3d224f4886d826cbb3d6df4b.jpg,Germany,DE,49.160725,11.048374,3
3cd7576b456b464ebf7d1682a73972c5.jpg,Germany,DE,51.038639,10.443183,4
5c2e27ccce0d4afbba07cca14e141fa2.jpg,Germany,DE,54.023799,9.282638,0
f5d2f898b5e540e098848d467fb7d14a.jpg,Germany,DE,52.842536,11.331514,1
b1939a52553445ca9302a8172ea7dee6.jpg,Germany,DE,52.850521,13.989279,2
aa20bf84a79f492598f5f9b283cda3b2.jpg,Germany,DE,48.342902,9.823468,3
a6848a74f5a84ff3a88d81bf3c6a2ae5.jpg,Germany,DE,48.00025,11.096244,4
ed2e23301a3e4390a8fa1d7d7850f1bd.jpg,Germany,DE,54.543482,13.533462,0
9a127c97b126405f849b93de26f09ef4.jpg,Germany,DE,51.830832,6.669022,1
f5f1da42f38b470a8ba08865770e4cfd.jpg,Germany,DE,52.178439,12.063875,2
e6377a038a4a458895fc7e5ba83a095e.jpg,Germany,DE,51.942696,14.036866,3
922e350a39ae4066b248d24367803308.jpg,Germany,DE,52.906508,10.631579,4
295190f42ca449399dc2bab5f2327979.jpg,Germany,DE,47.659986,10.740767,0
9118c406ba7e4e3dba45e4b502ba207f.jpg,Germany,DE,52.819171,9.637205,1
f599a3ca3b5149cfb51b36a3fa18fe38.jpg,Germany,DE,50.025091,6.27671,2
3f28858110244577bb814000acc401bc.jpg,Germany,DE,51.849653,6.657076,3
ec41ce4e767347ba83860cf53de88780.jpg,Germany,DE,53.823182,9.601256,4
876017092fa240b59fb8287922a37f9f.jpg,Germany,DE,48.108602,12.334797,0
b69c5a6c84cb466488575959b5eb4287.jpg,Germany,DE,50.833789,10.429341,1
4806d145e7bd43958639cbf4c01bdf14.jpg,Germany,DE,51.787159,13.665057,2
8cb707f2e105472db9c39a017294f9ce.jpg,Germany,DE,54.902839,9.150451,3
fdff34417bfe4783a79ab232de25292f.jpg,Germany,DE,51.346671,14.636367,4
cd97cae59fcd47ab8e41fc0008d556a5.jpg,Germany,DE,47.58059,11.381919,0
a2371b2a380d4368a1755fc68f5454c6.jpg,Germany,DE,50.212763,11.144669,1
e607c1b7d9bf48888f9953190e3bcb3e.jpg,Germany,DE,48.65206,13.164891,2
93c3456eccfa49559085b18043a10330.jpg,Germany,DE,49.093376,7.882327,3
a2401d826fb24c4f9eb8ee6992711b0d.jpg,Germany,DE,51.772927,13.271293,4
35312193cef54d7fa2da10db15e0087c.jpg,Germany,DE,51.755362,12.984194,0
26ad95a428e14e24842763fcb244b14a.jpg,Germany,DE,50.365148,6.551673,1
7e0e585d81624eabbf5b73a6928b51db.jpg,Germany,DE,52.643679,13.630342,2
d22e227698d245769ee8e3aa79540f11.jpg,Germany,DE,52.462526,6.776451,3
732ce7c6978447fa9766f600691a4fd2.jpg,Germany,DE,52.30227,10.257636,4
4ed01f85342d4c73987773142b530fb7.jpg,Germany,DE,52.356261,7.303027,0
1f4ee34eee904d848dbe08da9686c5da.jpg,Germany,DE,49.782965,8.409053,1
9a028ec57b9048448e22053b6c39d82a.jpg,Germany,DE,47.994893,8.023358,2
c82c46286bbb4c2fb807e65a362daba8.jpg,Germany,DE,51.329307,13.350659,3
3ddefc3819f240ce90d5a12f9c783cd8.jpg,Germany,DE,50.578327,10.936993,4
c002293daea64dd286c709983a3fa745.jpg,Germany,DE,47.839285,10.278374,0
4cdd0cc88db44f10b83459385d13e5be.jpg,Germany,DE,48.357057,11.597362,1
2a4702008cf449af911f094f5dae0581.jpg,Germany,DE,53.173396,7.68784,2
5ff551b09fe4403a906f45d901920004.jpg,Germany,DE,47.980234,10.898056,3
8f2c60d7a15a412d95b3972d36ef8c90.jpg,Germany,DE,54.834637,9.260121,4
ec8c730567b242ffae8a05d9738b602a.jpg,Germany,DE,52.47004,8.365829,0
42d8136a80934c73ba4a370b68519f7e.jpg,Germany,DE,51.170003,7.680249,1
c00d5fe1617f45519b14e2ac8bf1235f.jpg,Germany,DE,51.839736,13.036492,2
9494ee27a4c040fb8b0b57c3e9f7d14c.jpg,Germany,DE,47.58642,10.326442,3
8a4e43bc925b4780a2ecc38a6d3c0599.jpg,Germany,DE,51.192832,14.551046,4
09a1b6fd80274a3898648e5384f56075.jpg,Germany,DE,51.788599,12.82498,0
67feb1fe6e8a43ef8fec130c938eeba2.jpg,Germany,DE,51.883315,7.015623,1
b695d5eddd444df4b8659787c9c3dcee.jpg,Germany,DE,51.109962,7.817565,2
a917724db6ce47808576b58af1cf33af.jpg,Germany,DE,48.119155,12.329083,3
383433b087624c2db0e71effd285246e.jpg,Germany,DE,47.830898,10.29488,4
3be21986e27c4a2a9afef1ac6d40ff3c.jpg,Germany,DE,47.801872,7.839574,0
dff3ff49cc184788ab0a0fd675c06196.jpg,Germany,DE,51.632525,14.448222,1
9e38ad78d4244546ab8613fb601bc5f7.jpg,Germany,DE,52.93412,10.331489,2
df30aee21550467ca0711a7e690f6b6c.jpg,Germany,DE,48.856466,10.849821,3
9daaa8c95deb466a90492dafd54dc83a.jpg,Germany,DE,48.687349,10.341128,4
bc55b69e81fe436d98a0d29f25cd688c.jpg,Germany,DE,51.032173,8.668183,0
b62568b6c10140c496d9909a0ec2fde7.jpg,Germany,DE,52.807581,8.591847,1
55b464a65b044860a378b1fb359777ab.jpg,Germany,DE,54.460877,9.147172,2
232aba3e15ae412899b369ad8216348e.jpg,Germany,DE,49.967649,8.798602,3
cab8d25400fb4fce91441f53d46b6cba.jpg,Germany,DE,53.369152,7.330128,4
f791354e5bbe40cfb16d222fb2a24374.jpg,Germany,DE,54.377429,8.729493,0
a0ec52205d624d1d8fa747f4d56b04ed.jpg,Germany,DE,53.483962,11.860258,1
16f216f3eb1245b4965b85a7cfda4f22.jpg,Germany,DE,51.198221,10.530916,2
b7d89099b9614637a590cd6a82ec4aee.jpg,Germany,DE,50.686509,11.159992,3
be0ec5c928814deeae1741c01be03247.jpg,Germany,DE,48.372023,8.031302,4
2fed79d0b6f64bc5a9b68c088d4a4b7e.jpg,Germany,DE,50.526521,8.142195,0
71027a91092c422fb57d5aa55348287b.jpg,Germany,DE,53.385422,9.417583,1
ec9ae4c57e5f4a6bac3f3018de5ffbdb.jpg,Germany,DE,49.178872,7.524534,2
c0fc5ab0be9d492487634b0c8865373e.jpg,Germany,DE,50.24087,9.002845,3
d537dc2d1b6a407c94ad4992ebf2be04.jpg,Germany,DE,48.901239,11.103483,4
4d0d728dbbbf444690dae17745f28d7f.jpg,Germany,DE,53.543606,8.13631,0
fb6f4a0dd17e4853b1d95a5fa4a58679.jpg,Germany,DE,50.183277,10.110673,1
70ae61278ab94ea4b8bb55e7a415982b.jpg,Germany,DE,53.115671,11.074495,2
507977cc951f41f5a30a834920089ae1.jpg,Germany,DE,53.365745,7.369852,3
dd2e38ff7e6d4c07b7c7a561f9343ab6.jpg,Germany,DE,52.768868,9.712399,4
05c63dc4e02f49548153607818e61714.jpg,Germany,DE,47.517677,10.287084,0
1e17bcec513440ab9beb5f4f38d8b464.jpg,Germany,DE,48.167884,7.721377,1
ef19913cd5254d3ab94aa1a7c0f66c6a.jpg,Germany,DE,50.488534,12.973709,2
6fe3e783d8304341bce2580344349bbc.jpg,Germany,DE,52.656507,11.824136,3
7239085819194fbeb079b1a5e8bae751.jpg,Germany,DE,49.447038,8.782049,4
e0432326af3448fb8a24e40e1251b25c.jpg,Germany,DE,53.091262,11.291951,0
c84c661b4e7043a1a6b23d3f31d58c25.jpg,Germany,DE,49.560805,10.863148,1
fd04fd7cbd044ce6b48b54fe2a36ff7f.jpg,Germany,DE,52.906032,13.501122,2
9ab2c09fce7748b2a3c8afa0ae97b5f4.jpg,Germany,DE,48.635987,8.202713,3
882e31cca3e0417baa36718550539b91.jpg,Germany,DE,54.531682,9.825026,4
9013c7cf9bdc4111b44f4c8f7a96afc7.jpg,Germany,DE,53.190469,13.998941,0
84d3ceab360e49738ac7fe357a3e7d66.jpg,Germany,DE,51.59881,13.039168,1
950173900a8d4df287a9458fffbcb19d.jpg,Germany,DE,49.311141,10.188513,2
40b8b900315549e7a4f6e8e1380d86e7.jpg,Germany,DE,53.977612,11.119271,3
01b988b26a784750bb4b3ab63b95c5fe.jpg,Germany,DE,53.579789,12.725136,4
a683c8ed9c064b29a214c072bbfb63d1.jpg,Germany,DE,51.039147,13.520706,0
a9bf1b26e31145a3bb7fdc54edd20df5.jpg,Germany,DE,52.099402,12.456277,1
a66fef3be23348be824fb966e6c4527f.jpg,Germany,DE,52.981844,13.835228,2
3ec2b85b25f94957b08571d5a6847bf9.jpg,Germany,DE,47.486762,11.227257,3
c2e2316e374b43d1a310adb32cb31e36.jpg,Germany,DE,52.727113,10.411996,4
e74a2f14814a4d10ba5fe5a1665b8ce4.jpg,Germany,DE,53.190254,7.191864,0
6dd5fccd0f584b619a11c65569124cbc.jpg,Germany,DE,50.73684,7.198546,1
6135caa7f7054f9785445293ba735c60.jpg,Germany,DE,53.92582,8.956855,2
ada63ec923d34c21958663f7094b46e1.jpg,Germany,DE,47.681787,9.933334,3
c85051920e8a4af9a45b61138f3b7f59.jpg,Germany,DE,49.341053,11.973974,4
1d746a2d34a9414a9f443e27db0ac999.jpg,Germany,DE,52.989853,12.135383,0
b3cce84d1e334091a5dd3452b6b34fa3.jpg,Germany,DE,51.003275,14.411943,1
2af0eee2e263426391c6c4cb97930def.jpg,Germany,DE,48.468236,9.716554,2
1ed6ff2c50c74d889dc7a3fbc50b45b7.jpg,Germany,DE,52.085159,8.867817,3
21301ba5a71c47868de0384efab4f0f6.jpg,Germany,DE,52.972402,13.841704,4
3f54cffc3bb2454aa03909140cbd03c2.jpg,Germany,DE,51.258564,9.945034,0
22426df43a6643c0ab5b171c40550892.jpg,Germany,DE,51.362282,6.913094,1
6f77711698714674aed505206c45a910.jpg,Germany,DE,51.4969,14.307091,2
b6e9fbfc05214bcbb3506fd3a9c3d1c2.jpg,Germany,DE,50.476864,12.731218,3
b6c932ae269d4e7fa8f675ceb40fe8fb.jpg,Germany,DE,52.329533,10.205829,4
0660a5f1d0ab4494b248f4266126f7e9.jpg,Germany,DE,52.429465,7.036078,0
e61d68cb6b124daa973862eda3298365.jpg,Germany,DE,49.306413,11.120816,1
bcfe665abd3c4487a288642c012ea956.jpg,Germany,DE,52.557244,10.148854,2
2a1a2ec7b17840ce9a454fac2f52a03c.jpg,Germany,DE,50.45064,9.145261,3
5b5766eb05e14bbdac52beb2edda9b45.jpg,Germany,DE,49.927481,11.765194,4
eb7fba610651475c9c8c2d7eb3e80658.jpg,Germany,DE,48.426187,9.325146,0
bb098f3cd349444784ce21986310e054.jpg,Germany,DE,49.157768,10.615479,1
1faf99d2485a4546af309fab9d13ae6d.jpg,Germany,DE,49.779177,11.368432,2
aaf2b5a3590c4b8ba7165a2a153be80c.jpg,Germany,DE,47.988627,10.476559,3
94ea2a64aabf411396d06a63703cd5cc.jpg,Germany,DE,54.348578,8.691335,4
468ed84a2a304845b6d8ebb1eab63169.jpg,Germany,DE,50.492264,10.208583,0
58beddf8e5ec424ea1bce51f603878a3.jpg,Germany,DE,51.781754,7.28534,1
82e252d5546340b28a5ab29fb7882e5e.jpg,Germany,DE,50.327647,8.910874,2
9841d48826814ab383e8fa3f04668b3e.jpg,Germany,DE,47.960039,8.8542,3
543f041a613f472f9604adca358921fb.jpg,Germany,DE,47.908264,11.335501,4
7f6fe0a6a5a54eeb9e4555b696318202.jpg,Germany,DE,50.250311,7.588082,0
fd2df341542f4f37af9cca5835f02ad6.jpg,Germany,DE,51.855968,9.616165,1
6bcccbf18dec4b74a0b5284ee815b90b.jpg,Germany,DE,49.341774,12.02073,2
a4dad9e2f5e14d908e7927dbcf19e705.jpg,Germany,DE,50.134125,6.993703,3
fe5692d94a2b4a1788dae2a41f80aedc.jpg,Germany,DE,47.968789,11.407,4
a0d27dc8a8004ba6b65d90355f06ecac.jpg,Germany,DE,49.5408,7.088954,0
e82ea2b937f740ba9a2c9a174705a9aa.jpg,Germany,DE,49.853634,8.577605,1
e25aee94872f409f84fb1808dcd0c80c.jpg,Germany,DE,52.715939,7.691909,2
7852d5cac0a84c4bb3669547d00f7906.jpg,Germany,DE,53.090881,12.140481,3
d879f45b8e0e44cca64b04fb1ea31267.jpg,Germany,DE,53.480565,8.391376,4
7e0f270f68b14c10bed3a4dd8fc88acd.jpg,Germany,DE,51.846054,6.158205,0
8db43c87591b48d3b9d4ced0220b088f.jpg,Germany,DE,51.047949,11.540457,1
09481d0de3ea4340a5bb65c193606745.jpg,Germany,DE,51.393839,6.472458,2
fcbcde6ddbd34fdba7cc3c73d36e6d46.jpg,Germany,DE,50.720617,11.021189,3
146247f0ba974b82988cc12942acc3d8.jpg,Germany,DE,47.566076,8.386487,4
90a1352dd7e74be7b5a1863ebad64b6d.jpg,Germany,DE,47.673277,9.811938,0
9616c16033354ea388ce039c23734c37.jpg,Germany,DE,48.974176,8.081471,1
158f43987c83482d9a849b9caa7d2489.jpg,Germany,DE,50.271246,9.046673,2
79747e3c963c46eaacc1940bc06303ec.jpg,Germany,DE,54.694021,9.992826,3
316b8973bcda4e1da72a7892dbace087.jpg,Germany,DE,54.141228,12.002187,4
d949ff19616b4b5da0e0798841345465.jpg,Germany,DE,50.367544,8.865467,0
40e6d234b3a549e9af0b254d858c8d7e.jpg,Germany,DE,50.279833,6.590511,1
95065e106ff244699a6e58faecf46db1.jpg,Germany,DE,49.775741,11.39054,2
e5b5b118908b4d049e2138e65259c711.jpg,Germany,DE,50.886671,9.658093,3
dfce215b8e734003a3962dca2fda2739.jpg,Germany,DE,52.851071,9.176553,4
b180577062ba4405ae3eb921956d4802.jpg,Germany,DE,52.55149,7.847805,0
e87dd927acf54d909727b862858b3e73.jpg,Germany,DE,52.324838,10.827175,1
ddcae18f289942d38d179b799d96bc57.jpg,Germany,DE,51.451203,7.824947,2
00b08cf54351475abbddcc7500120f13.jpg,Germany,DE,53.264812,14.34853,3
318bca29a6ab4ba8a1eb0aa50a63424a.jpg,Germany,DE,51.620887,14.184331,4
499d4c55384d4df6aaa207a178c2fe10.jpg,Germany,DE,52.823001,13.940233,0
a34e89ca305d47aea208af01224bbe8c.jpg,Germany,DE,53.077526,10.073367,1
fb69d60e54e845af8506ceb1a0834090.jpg,Germany,DE,48.301738,10.963977,2
2b18e1fb35584200ba150622ff4b0c82.jpg,Germany,DE,53.3207,8.485345,3
2d413baf3f6142bcae35d06bd52dadeb.jpg,Germany,DE,52.694084,8.9186,4
029e81ada9364b89aa7de702cf506c14.jpg,Germany,DE,51.044009,11.542572,0
c51a2d62ce654955a50b11f17098feed.jpg,Germany,DE,51.536783,13.971422,1
027d74a0e6d4499890fe7102dfd6a483.jpg,Germany,DE,50.161007,7.94395,2
b6d72e9d96b14f269b02501068de09c7.jpg,Germany,DE,54.796921,8.976985,3
019f59e0d286453985d10740ede42939.jpg,Germany,DE,55.006625,8.397612,4
7275a941d1974855b1605bcf4d055dfb.jpg,Germany,DE,48.288451,12.527007,0
62681bd75ce74d73ba9a3c166c76fb28.jpg,Germany,DE,51.555556,14.673342,1
a4e71b203df945d4bd147b2a0da9b881.jpg,Germany,DE,52.796138,9.938574,2
cad6cdf0ea5d4e0da046ba8a179cb23d.jpg,Germany,DE,51.301835,7.023162,3
7e7e640f51464c5198caba3640fb7310.jpg,Germany,DE,53.444042,10.894591,4
f002685eb00a4146b7a01283f5f08e2e.jpg,Germany,DE,52.655824,7.274623,0
fe57f1f556cd4d589af8c3a070e87e40.jpg,Germany,DE,50.784476,8.121639,1
f9ebcb09d6924ce7b915013b7ce49cf6.jpg,Germany,DE,50.129647,9.380505,2
93ee35062458475da8a8ddaed438abbd.jpg,Germany,DE,49.340651,12.207289,3
6163d40fdd82407c84bc5a2abcdcea3f.jpg,Germany,DE,47.708571,10.95021,4
454e950162f0424d89949fcc183498f7.jpg,Germany,DE,49.486827,11.373957,0
0693123b10044a9ca2e74ba32a6abdda.jpg,Germany,DE,52.577898,8.613526,1
5e5a1c940f10439d9ad7e1064272435b.jpg,Germany,DE,50.486272,9.963309,2
8580af39c59949018bcb73344dace037.jpg,Germany,DE,50.583676,11.648885,3
bae13f8a8a514330877e672894fc8fa3.jpg,Germany,DE,53.782348,9.30698,4
227a0cf02b5d488ea1720948735d8017.jpg,Germany,DE,51.04486,13.864086,0
387cfd24c0c94219bdd332fe9b248cc8.jpg,Germany,DE,50.553965,6.850089,1
b9cd1625f5bd4839b62d5f6c51c05131.jpg,Germany,DE,50.365311,6.999601,2
5054b1d5222a4f9fa5d0d98ddf5898de.jpg,Germany,DE,48.952603,13.165583,3
ee61c81ee9094e1da11e7df7e855630a.jpg,Germany,DE,47.841381,8.709072,4
5a05dfcbd2e340f5a7a33274f081624f.jpg,Germany,DE,50.873691,10.969218,0
06e84c3027e4458f9fddb235dc735907.jpg,Germany,DE,48.97679,11.311517,1
536c59096943421da5b9ddb469440aa0.jpg,Germany,DE,48.341638,10.480525,2
4fa31fbffce84982a14de94db6a5ed26.jpg,Germany,DE,52.257158,14.133853,3
660eed5b3ff44d0093b34c9a76094128.jpg,Germany,DE,53.173157,7.725568,4
68684822146842789352f8ab1c099f2d.jpg,Germany,DE,49.779885,8.410665,0
601516ab371c4f598bcbf81d187efbbd.jpg,Germany,DE,51.941015,12.405843,1
607a31109d34409ab2512fcea2115dbb.jpg,Germany,DE,48.695369,10.024443,2
b2266a5f99584651bf90cc9322a62f12.jpg,Germany,DE,54.791932,9.390087,3
e169de8356cc4162b6d29ee4163330ad.jpg,Germany,DE,51.047067,13.868587,4
acfcd587876c41f3a7c2b1d024bea4c3.jpg,Germany,DE,53.663451,7.664009,0
9bdc5e94600d430fab75e2ae839efba1.jpg,Germany,DE,51.527312,12.935344,1
4338bf56a3c242009b3c4dde9c9711d3.jpg,Germany,DE,50.725329,10.000431,2
13395d1584e9424daf4e110e2cac52f8.jpg,Germany,DE,54.168597,8.906091,3
946a93570a6d4c519da3d296764dbb5d.jpg,Germany,DE,47.847501,8.754111,4
0050602ff67c4226940f39601ead69fd.jpg,Germany,DE,51.058411,14.616768,0
4972ec6cecb949209808d5816a165e14.jpg,Germany,DE,51.683241,10.214574,1
3052d79946f84e80bd0a86aafd505a97.jpg,Germany,DE,50.321171,6.621669,2
16548bc111e9455aa749b24d5154dfdd.jpg,Germany,DE,48.085524,8.341286,3
01a2220866b64047ab36bfcaa2e850fa.jpg,Germany,DE,50.457473,7.179745,4
1830540b7da44bbf94161bd85fdb6643.jpg,Germany,DE,48.790758,11.354066,0
5aed27363d7047c08be802c49f7cec89.jpg,Germany,DE,53.830841,10.014934,1
4b8fb1010201448bae1bd3ef2f439ecf.jpg,Germany,DE,53.664453,11.222042,2
2e73f5c4d77a410ba6a9131daf8e8de8.jpg,Germany,DE,52.212747,8.994441,3
5a7728c4257c4c29858bf518bd234046.jpg,Germany,DE,51.228503,12.750939,4
8b1f1b559e674d98a3fca14741e18542.jpg,Germany,DE,51.752342,13.888441,0
74efd48c962648f09f4c30f9b4570a3e.jpg,Germany,DE,47.604017,11.466747,1
62d6efa36ff144da9c152ae58cbc5c57.jpg,Germany,DE,53.171263,13.712476,2
29459b40295b43b7b40d4e4faed6926d.jpg,Germany,DE,52.17672,10.481295,3
9a72dace5cf042968160d2d04ea35cd7.jpg,Germany,DE,51.606446,14.078887,4
df73a69d271b4024ae0877c32269554c.jpg,Germany,DE,53.426505,13.818748,0
32281ca23b3a4ca794520fc2ca2f0dba.jpg,Germany,DE,48.848998,9.64221,1
19ec5a4b75a5492083052d8a0eefa8a1.jpg,Germany,DE,53.665707,12.784076,2
c53cc669bfa3425384e047269e61be3d.jpg,Germany,DE,50.868542,11.253451,3
2becb1dc3c8142b3bad999b40cf89ec2.jpg,Germany,DE,51.40101,14.94923,4
02bd464c45204d89b79820055f487f68.jpg,Germany,DE,49.734777,11.693424,0
652087d6e5ff43eb9a56d601f4681005.jpg,Germany,DE,51.12765,7.354771,1
7831ab5b10474d2289b42eeeac77fd76.jpg,Germany,DE,50.844976,8.776967,2
ea3f6f36b95446eb8ac236fb4d92b608.jpg,Germany,DE,53.282323,9.423656,3
af3cd0aa6cc045f3b2dd668d310245c1.jpg,Germany,DE,47.856465,10.896259,4
aef4770194bc487dbbfc75784b58ab6d.jpg,Germany,DE,49.269064,9.011042,0
17f2f019a4554cea9e73c5fabd85e271.jpg,Germany,DE,53.067468,13.2877,1
6f61628e3b394b87b0dd18712f521998.jpg,Germany,DE,53.45502,8.344848,2
2b0ad3a356d6406fb89204f05f68a1e5.jpg,Germany,DE,52.234691,14.626627,3
a087c43d1ba94b329fddf1026facdb21.jpg,Germany,DE,49.702736,7.388237,4
f9f5136047f14960b7bc59bb029b7fe0.jpg,Germany,DE,47.705085,10.03544,0
1de03af923114ab088ef230d7508e028.jpg,Germany,DE,50.59965,11.500986,1
5efe7f8968a44576a1cc3c47e0a3ac8d.jpg,Germany,DE,49.980618,10.426633,2
e15f8dd744c84d28be1ba66e4fe0dac6.jpg,Germany,DE,47.98923,12.846518,3
7088ca21b3144a7aa701979b4fe31507.jpg,Germany,DE,50.869201,10.43737,4
db1b281972dc48be92e75c210f4fe377.jpg,Germany,DE,49.146364,8.841426,0
fd6ba2c2bcb84ce7946db0585077ff41.jpg,Germany,DE,54.052473,9.983646,1
26ec4b8345e948b48ffbd77fdbd87e37.jpg,Germany,DE,53.092389,13.668023,2
e9c00cda74bb4eeb9d00613687e3a626.jpg,Germany,DE,53.183613,12.033052,3
20edb80df4024f0eaa61846c3b6eab8f.jpg,Germany,DE,50.725449,12.577159,4
6373ac7b42ef423d97de5027bfeb016d.jpg,Germany,DE,51.764687,9.501507,0
c507dd368d714e7ab11d2f1a206c71a6.jpg,Germany,DE,48.060954,10.024301,1
bc8bd78e8d23430ab1b973558439986a.jpg,Germany,DE,52.743155,7.207171,2
355114ac0bf44cdebef7073626b8a4ce.jpg,Germany,DE,51.912806,13.047439,3
6be11a4fbd614123b6b072157020202f.jpg,Germany,DE,50.847742,13.935541,4
9ce43f9c53e7487a96e858cbd7bb538c.jpg,Germany,DE,53.991302,10.141287,0
55a5a03c3666459589dc01a559292784.jpg,Germany,DE,53.558582,10.36746,1
dc82d3e78b9b45a78aca8f8ee4e95c70.jpg,Germany,DE,51.219511,13.073628,2
a1757d58d02d4adcae8071da06a7eb8b.jpg,Germany,DE,49.842917,11.662596,3
095224997ec745b796d7636e7ef5ad95.jpg,Germany,DE,50.898492,9.423125,4
ffb4df833cd948d781af9e7859aed07c.jpg,Germany,DE,51.996815,11.557226,0
a205f7bab07745a9a852452641e02440.jpg,Germany,DE,52.788186,13.736857,1
cab73543f535457d8924aedfa12913c1.jpg,Germany,DE,48.244285,12.845721,2
fd6a76e1162e40a1b913297da522e4b1.jpg,Germany,DE,50.12901,9.39222,3
affaa8ea7ab548ebab5e4947af1bc852.jpg,Germany,DE,53.503283,11.834907,4
49bb9f5239b24b868dcc593f63903e96.jpg,Germany,DE,54.244428,10.590835,0
92c6df64f73a485ba535f84f19ac7d78.jpg,Germany,DE,47.995991,12.007422,1
d902841c6dd8442a8df72bce1c186102.jpg,Germany,DE,53.369239,8.470098,2
c226b64238c348cb8a4ec99396e43968.jpg,Germany,DE,51.134121,6.577352,3
5632fd150804465785139c089fef871a.jpg,Germany,DE,50.355211,7.518331,4
7352c45198cf42e0a892145ffc7fe6c1.jpg,Germany,DE,49.49781,7.45484,0
804da716464e4be8860e7feb55d81f98.jpg,Germany,DE,54.503088,9.043323,1
0826d3f0f56442beb188b658b68235d7.jpg,Germany,DE,53.727359,12.796905,2
6201c3b1a8d44705ae1bf25d25b51674.jpg,Germany,DE,50.049652,11.318586,3
1e6da03f92994be5aebdefff26e04354.jpg,Germany,DE,50.96977,12.794626,4
c010a9559bae481485f85986a4d42351.jpg,Germany,DE,53.924532,11.486047,0
e4bcb9363b79479c8f96871a1598d135.jpg,Germany,DE,48.741984,8.210608,1
3d5a374f842149f99ec74f33873a4a3d.jpg,Germany,DE,52.732333,12.287436,2
cdcec128ab9e4d6090dc97684012e2f1.jpg,Germany,DE,48.820933,9.936475,3
f872ff9e54c34d96a3cdcd43f0c8848b.jpg,Germany,DE,53.297859,8.354596,4
490ca2f59c004b768250607c8ec16222.jpg,Germany,DE,50.134696,9.403593,0
081663b20a734e71be16f91514fad3a6.jpg,Germany,DE,53.089773,11.289851,1
b5b0ec243f4b4ebbaf361cecb4d80888.jpg,Germany,DE,51.815334,6.921769,2
f69567b90c804f5e9776daa2ae62a758.jpg,Germany,DE,51.475156,12.10533,3
346c223646c24ca98d1b55af6e32acf5.jpg,Germany,DE,51.375593,11.089958,4
f9435f572cdd40a796871b231c8666e3.jpg,Germany,DE,50.000302,9.334376,0
b9d22eed6d8847339d4bc87c2079eeaf.jpg,Germany,DE,52.755508,8.007032,1
d7fc3b65d4524942b672082f352b78b9.jpg,Germany,DE,48.127169,12.317079,2
6bfd70cb31e94ddd9f0cbbf4a64e8081.jpg,Germany,DE,50.456173,12.100972,3
36c1ae5b4fdc42cb9755245a53393ee5.jpg,Germany,DE,48.019862,12.734615,4
a3195b185fef4896b7bf8798142079e1.jpg,Germany,DE,52.782624,11.104961,0
eaeae6071f2242768e531f566e5c289c.jpg,Germany,DE,49.932232,8.459739,1
1e9c7ff023da407995e80a078e601485.jpg,Germany,DE,51.423993,7.853761,2
345d1bdd59f347399d6a2e7d13a66716.jpg,Germany,DE,48.197931,12.359153,3
14991449bd8241359d6a4a52b1cdbae3.jpg,Germany,DE,51.622136,14.08093,4
6def02a7dc414ef6a5862ebc17c197cf.jpg,Germany,DE,47.665195,10.185483,0
6dc52fb6cd1b47498d296b83661cf6e6.jpg,Germany,DE,53.000128,13.868698,1
835c5836a09646d5b4404b727c2e7848.jpg,Germany,DE,48.063777,12.095955,2
4e196240f9214ca785568533fdad96f5.jpg,Germany,DE,49.700818,7.392852,3
319cbb83264746a68e6b2cd8b96ed727.jpg,Germany,DE,52.186165,9.27995,4
1d2b10ce194440b0b73a6c0c2ddedde6.jpg,Germany,DE,49.087048,12.401995,0
4f8e89eb57da4f448dc0b32703cb2160.jpg,Germany,DE,50.270555,9.83762,1
c6c0f256d39b4409bc2b94cb777cc423.jpg,Germany,DE,51.504959,7.957443,2
87d78e9569c5461fb65f68a26c6f2dbf.jpg,Germany,DE,47.618087,9.785285,3
9618382e6dc64411a52ba84883c2b474.jpg,Germany,DE,48.536445,11.692141,4
fd19b6ab15f74b6cba75b48fea82250a.jpg,Germany,DE,53.14762,7.780379,0
895f024219d7425da6ca56f330991a2b.jpg,Germany,DE,52.999271,7.346178,1
213876ee9dda4bb1b19d532abccf754b.jpg,Germany,DE,51.037375,8.230619,2
08901cc0307b437e885d9c4f61a2414f.jpg,Germany,DE,49.829537,11.383239,3
55b8508c8c2a417bb3da0389eb1a23eb.jpg,Germany,DE,52.556188,14.225522,4
fe6a874f91404b70a6599076db6b1b17.jpg,Germany,DE,52.763532,11.756891,0
6c4eb63dcbf048d1bd33074e12eb2df8.jpg,Germany,DE,49.000609,8.881824,1
e4491d147be04feeaf3d1c0e5f66a842.jpg,Germany,DE,53.473662,9.029707,2
bf9bb8795df2445aa19bccecdd623bbd.jpg,Germany,DE,48.366369,8.980725,3
4af5a65109914e95936fdadab5a1cb77.jpg,Germany,DE,50.169099,8.807887,4
d56ea9f3c94444ea90e895d6f4704582.jpg,Germany,DE,48.371318,10.274082,0
a92e4714745e4b4b83063896629fd27f.jpg,Germany,DE,53.815747,9.572399,1
5fe106322af4447c8b10a2983d1ed5e4.jpg,Germany,DE,49.827913,11.379738,2
b6ade67148354cf281811b9daa4a5c9d.jpg,Germany,DE,49.520647,7.675764,3
edff774456394f4586f57afddef8189a.jpg,Germany,DE,48.871313,11.090097,4
5bed37cfeb3b4ceaab1f1178def064d4.jpg,Germany,DE,50.38936,7.682787,0
5e351fbaee9d4ec5a266d5d2675a97d6.jpg,Germany,DE,54.53198,8.595765,1
1d8bc974e3b545b5a455a7a8603d22ae.jpg,Germany,DE,52.556555,12.62964,2
9d22de5a19f64e718e66b1ee7cc3a8b9.jpg,Germany,DE,47.888452,10.672733,3
6c1cc3a6edb147b48dae5c96307d3258.jpg,Germany,DE,54.423636,11.172715,4
29c0c46bb21d4047aa3d07148f375e54.jpg,Germany,DE,50.521537,7.691759,0
bd1e822b6ff546c18f4d6babd44b240e.jpg,Germany,DE,52.023061,13.612706,1
1f0e482238804c2bacce0f1f118e39c5.jpg,Germany,DE,50.495732,12.974145,2
6256c41a75c64c3bafd0ec31db01299c.jpg,Germany,DE,53.480627,13.226439,3
2a439d6e2cd2406fb55f65d70c6715e8.jpg,Germany,DE,51.500331,8.341294,4
40d816161bd448cda014d4d8597f43c4.jpg,Germany,DE,51.026717,10.35973,0
e8baff9c8e894ff68aae7ff589acf1e9.jpg,Germany,DE,48.300984,8.871537,1
079ee9f630ab47f39cc0207835460c1e.jpg,Germany,DE,51.985655,13.926189,2
5a17170a8c8a44a7b6e5451854925952.jpg,Germany,DE,54.885871,8.870235,3
8cb44f683bca416292efad8e93d31b1a.jpg,Germany,DE,49.423292,11.185826,4
80e2e368b7cf496182d41fb53d1b5ac1.jpg,Germany,DE,51.380188,10.379012,0
9b07ba5991cb481e9b36a2859d30812d.jpg,Germany,DE,53.8256,12.138375,1
fa09f2730b7c4d9bbb85e8683a0bcd66.jpg,Germany,DE,48.766381,13.729983,2
49a0a8dafa394d3a929c7911c04a16ba.jpg,Germany,DE,49.997644,12.392598,3
fc8938dd79294142a3558b84dde9ea55.jpg,Germany,DE,54.021061,9.004831,4
aa2c108494274dfabd8322d31094c1e2.jpg,Germany,DE,53.477083,8.386283,0
a8425c1337a849d588c43ff2ef14242e.jpg,Germany,DE,52.412484,11.745119,1
15c73ff37cb54598a1128a7b1a009680.jpg,Germany,DE,48.831689,13.329756,2
38202b57d85f45d0b41e1775004d6622.jpg,Germany,DE,52.217331,9.896734,3
5321ffd22a2740e8bda1e42bc4725621.jpg,Germany,DE,52.643084,13.756178,4
110296090d874356b7934e53a13592b7.jpg,Germany,DE,49.26116,9.024749,0
437134722aa34b7394ea0e085bdb1e9f.jpg,Germany,DE,52.209898,11.983055,1
a15c50fd2ce542b8b71d4616a76a9424.jpg,Germany,DE,48.977213,8.075099,2
180c1d4c8a83496286e5ca106066acd5.jpg,Germany,DE,48.817568,8.427473,3
6bcd4c4adeb546cd8eac094c5b19b61a.jpg,Germany,DE,48.332528,10.245098,4
01204bb1cc974cebb6b59957b76bc699.jpg,Germany,DE,51.46135,14.74825,0
1e8f06c3c25b4301bf6c27d42e746ad4.jpg,Germany,DE,49.802499,7.254314,1
f3269eb7a2484c4a9de4d90eebe23fcb.jpg,Germany,DE,52.901862,14.059489,2
b180aba7ea9e48b097280d295c5150ad.jpg,Germany,DE,50.647394,9.792637,3
2f08ee87b74047949fa707c4632168f0.jpg,Germany,DE,48.747978,12.880488,4
b89543db7f4a444584c4219f1d628191.jpg,Germany,DE,51.042588,8.651111,0
faafee10ffff49f8825faebb70d698e9.jpg,Germany,DE,51.846408,12.319028,1
be67d6b28e2c41adb21d8277d81bcb25.jpg,Germany,DE,50.787061,9.022452,2
85310e8f88b14df894e9dab49d5ff228.jpg,Germany,DE,51.843039,6.80309,3
b2bf89541a4a4982ace01539cdce6f1f.jpg,Germany,DE,47.772924,8.264256,4
57a8209c08d54c8a8dd298276e0125a3.jpg,Germany,DE,54.87669,8.871594,0
59fb93aa932640d08efd4b7f58cd801c.jpg,Germany,DE,52.804894,12.133277,1
98d2769d0af94a209ca8629772afca4f.jpg,Germany,DE,53.255145,7.797067,2
71fa97059463496db88abfff1d29ab8b.jpg,Germany,DE,53.605215,7.1682,3
19e147bcb8744845949c2a33f90162b0.jpg,Germany,DE,51.156396,7.029348,4
21dda74df71b4f1ebc3cc5eaa4025eea.jpg,Germany,DE,50.963286,14.933365,0
a006c5f4997b4b65adfc1016911b1982.jpg,Germany,DE,51.02413,11.217547,1
72d1b95cb8504d9ab49f7490212db1b0.jpg,Germany,DE,51.285586,6.584971,2
96b6dfdfc730405eb9c759804937a542.jpg,Germany,DE,50.588855,9.311462,3
cbcfcaef15e249369515e0b272e691e9.jpg,Germany,DE,53.291893,9.237803,4
b5262413d75e407c9ee9651c418cce37.jpg,Germany,DE,53.385144,9.442847,0
daa901a53e684896bca20d4763896d5e.jpg,Germany,DE,54.566019,8.54932,1
d87482f4a8704c22a63e3a1db878c825.jpg,Germany,DE,53.503225,10.453323,2
c533c5b4842b42769754293fd7c01afe.jpg,Germany,DE,54.409451,13.46609,3
4e84ada1e5f548998c9fd37cd4ed42f7.jpg,Germany,DE,48.754269,12.987729,4
8ea0e871ebd641ff96f23615b0d5bc5d.jpg,Germany,DE,51.028986,7.263377,0
9392bf07dc514e6186d3b0223358a54a.jpg,Germany,DE,48.448695,11.522224,1
1ac80e0ccfa4458291b8934c2c526ea3.jpg,Germany,DE,53.349565,9.371726,2
8b369bf4b55446d28cc110972243645c.jpg,Germany,DE,48.400943,12.504778,3
b009dcdd8bab411ea248eba2e1eb9ced.jpg,Germany,DE,49.748021,10.194909,4
c17be10f2cc2446186e48b8b8fedd771.jpg,Germany,DE,53.254191,7.795426,0
4cae8d5d74f148b0bef9ae35b29c99e1.jpg,Germany,DE,52.715946,12.449164,1
45d460e8cdc34810b57d00c03d497111.jpg,Germany,DE,52.781625,9.553131,2
e7acb65a2c6b4124afb49b333316efa3.jpg,Germany,DE,53.481228,12.38138,3
12ba16b7ff4d444a87a149d016458801.jpg,Germany,DE,54.537353,9.897974,4
d8a4e4bac9264be786e47cdb5ddf51b0.jpg,Germany,DE,47.838156,12.335204,0
b80301b87312475ab21d15b25239f39c.jpg,Germany,DE,50.704711,9.929686,1
6316503290a743c9a37ec2b811ff8304.jpg,Germany,DE,50.125825,7.487796,2
cda2a967f11e403eb1b577455515e370.jpg,Germany,DE,49.864969,8.85714,3
9fe11d99ff414fe59e1ff34b6ceb6cc1.jpg,Germany,DE,49.229025,9.690034,4
c907c80e603c49feaf4fa0f9ddcab2e9.jpg,Germany,DE,52.21886,7.087109,0
6c5beb757345435682faeb232570a7eb.jpg,Germany,DE,52.26065,12.049264,1
2e837faa0282474d8844d00d08270e9e.jpg,Germany,DE,52.83536,11.051674,2
e9849eb5c2e747f08381e1b6c6f26936.jpg,Germany,DE,53.732006,10.324567,3
bee5f772fa7648bb9be06aa41cb6785d.jpg,Germany,DE,49.498944,9.088281,4
09ae5e5717b3459f8e36bda782ba6032.jpg,Germany,DE,50.497641,12.974836,0
40c6f67354e14899bda76a1fa218ee0b.jpg,Germany,DE,52.941441,7.834432,1
5f198926eb944bce979ab3431bbdfc2d.jpg,Germany,DE,50.384297,10.172103,2
8539e8af1a89491daf269bd7065999c6.jpg,Germany,DE,52.024563,8.635947,3
ab2bc1a88fa54ab484b0cdbceb7d471b.jpg,Germany,DE,51.813712,14.098966,4
862f25e94ac14da985b20ac874189894.jpg,Germany,DE,48.07729,9.447945,0
cecd1f7dd65443589db30d4274681429.jpg,Germany,DE,49.624782,10.533024,1
6e33210a16b84c81992c0f9e102fd1c4.jpg,Germany,DE,53.767567,12.570469,2
8974f94939b142f595364cd5fe0191b4.jpg,Germany,DE,53.805813,10.505758,3
3e3498ed1f764294b40329feea0ca237.jpg,Germany,DE,47.658689,10.740538,4
83b6bbe4209a4ee88b5c0fd9d078893f.jpg,Germany,DE,50.662183,7.077611,0
08b54238fcd547d89f19ab65de38e95e.jpg,Germany,DE,51.033131,10.436047,1
bcdb4dfcf65149588ba4576e174e3abd.jpg,Germany,DE,52.376536,12.855789,2
d9f6f21c3844480d814d6a3501fa0852.jpg,Germany,DE,51.681152,11.283396,3
ec96421be7b2438c8cb93ac6b8c6bd96.jpg,Germany,DE,48.028075,9.090447,4
e5f23f3ef9e14f1e8555e99dd9fe86de.jpg,Germany,DE,51.279546,11.688601,0
8eee503a148140518feb4f51607935ea.jpg,Germany,DE,52.100892,9.91935,1
ef3b0b1a97ae4014ac5605701f36a8c4.jpg,Germany,DE,48.508564,11.624786,2
7946ba4e6ed9452e9be2b6073adf32cb.jpg,Germany,DE,53.037142,13.040981,3
1cff8d2686ce4e379b0107f9861ce10b.jpg,Germany,DE,48.239171,11.856685,4
03f24504e5654a91bb92a7d4fe8845cb.jpg,Germany,DE,53.439991,8.340358,0
6651b6aa7d334a0390c79b459fed06c8.jpg,Germany,DE,49.953713,7.281604,1
46338b8f203c479998d9609dd3a19267.jpg,Germany,DE,53.192276,13.116131,2
fef337d78a2d4946871762dbd6e7e44e.jpg,Germany,DE,51.467993,7.862728,3
673f0453a36942a0963d19671d2636e6.jpg,Germany,DE,53.595957,8.318884,4
7254a226930e43a5907854b56c57f529.jpg,Germany,DE,48.705149,10.244091,0
3e6dfd78c4f4458289d4007e806d7fe7.jpg,Germany,DE,54.460789,9.148157,1
c629736872724e1189f23b2b8b35e069.jpg,Germany,DE,49.213034,10.818797,2
46589be993fb4414a2a882cf80e263d1.jpg,Germany,DE,53.078352,11.242991,3
f106671a45ce4e1cad6bc3077fe5e41a.jpg,Germany,DE,53.021491,13.667779,4
c93632b57ff14db5a64b2f959b10f8e2.jpg,Germany,DE,49.400693,10.071153,0
9537564c87a94e0d9ac1b81652958b11.jpg,Germany,DE,51.174762,7.779689,1
f9e7244b76bc441b8e4fd8e7141112eb.jpg,Germany,DE,52.045903,10.649921,2
ea4c329625a7482e8246460a07f73bff.jpg,Germany,DE,52.905445,10.719542,3
30d001757c54463d826c984263540804.jpg,Germany,DE,51.911262,13.542135,4
70b8ece536244cefa0ae8799c32a72c7.jpg,Germany,DE,52.857153,7.809499,0
152c9ef3167446b3a601ff36ca99e57b.jpg,Germany,DE,51.461705,12.898447,1
24562a5b70774397ba48cde2e9c85596.jpg,Germany,DE,52.286476,14.281298,2
24bcc3fbda154f59af25e4b3f75fba45.jpg,Germany,DE,54.564042,9.837347,3
3696efd0486d454a9bc2eb81c0928260.jpg,Germany,DE,50.451678,9.139756,4
2e27371b1fff407db51ff172cecb70e6.jpg,Germany,DE,51.57148,13.903785,0
fc49ab8dbf0941d6934d7f6b116f382a.jpg,Germany,DE,53.271739,10.105549,1
4effd27d19d449c48233106349a1f3c9.jpg,Germany,DE,51.306859,13.249595,2
41eeeb3089cc46b498a62db76d3f178b.jpg,Germany,DE,52.352998,13.95276,3
54f684b34d38418780f09459233f8901.jpg,Germany,DE,47.97772,9.295304,4
7ae3ecf8e50342b3b0bc6b0d75852bd2.jpg,Germany,DE,47.727865,11.184079,0
f66ba110ae2e461686280088bcec4fdd.jpg,Germany,DE,53.097555,9.929222,1
052dad75011f4f379b898a95c3c43f63.jpg,Germany,DE,51.357571,7.346681,2
4b7f8baf36334d458a6fbcf6ea749957.jpg,Germany,DE,52.265965,7.500516,3
ce0423d7f2dd400fb58c0073ce9c1dad.jpg,Germany,DE,54.678509,9.217779,4
03afa1a25f3740b28637e64ffd368af2.jpg,Germany,DE,53.454319,8.344698,0
0f1667beed634b12bae15d151164468e.jpg,Germany,DE,49.563117,8.015287,1
9d7a4399df224e55b5ec3972f178bd1e.jpg,Germany,DE,52.178399,12.064124,2
d95a26fcb200473d8c62cf8e53a000a6.jpg,Germany,DE,51.71786,9.846006,3
8396fa1ae1204d94b46152f8ca55843a.jpg,Germany,DE,51.359374,9.902927,4
a70d56ce34ba4c8da539a318190bd066.jpg,Germany,DE,50.037722,12.037186,0
b59b7d2b77a04d1790f56296bc774670.jpg,Germany,DE,49.702115,8.963045,1
fb61e702c412448b93f924bf6df93276.jpg,Germany,DE,47.896412,10.014339,2
0fa44b8eaece47ffa111d81b15f4109f.jpg,Germany,DE,51.718028,7.936039,3
a20e4e331ebb4889af1be9c37ed13a74.jpg,Germany,DE,50.776522,10.607172,4
4d2e9f438c46486bbd4f606bb4da3816.jpg,Germany,DE,50.356695,7.75832,0
9dd92734904b4e29bdaa7902d069a1cf.jpg,Germany,DE,52.242936,10.826642,1
0478b6b548e54adcb05673e1e55b593e.jpg,Germany,DE,52.503239,7.200847,2
446729cf80e04acf8751a3bfd9f91f11.jpg,Germany,DE,48.987973,8.770371,3
cbbadb6377324478911aa551702b6ac4.jpg,Germany,DE,53.394086,8.439043,4
eeb97c6ff8d641aa95b1fbcb95b6fecc.jpg,Germany,DE,53.510688,11.173436,0
1d76a409bf0e4981a2377cca44f19986.jpg,Germany,DE,52.044537,12.357285,1
df6860e04b934e648604bff9a0ac802a.jpg,Germany,DE,49.137672,8.766112,2
37336dae0e0147b0ac032c9aee967795.jpg,Germany,DE,47.533195,10.865102,3
84cd825216154424bb212dc76254f5cd.jpg,Germany,DE,51.07726,10.10035,4
1df38751a4074de9bfc98d16122f8c6f.jpg,Germany,DE,53.771216,8.988784,0
3e1a6883e1f3410c99771e5066678fcc.jpg,Germany,DE,54.559499,9.595981,1
617a09cbe83d427bb7c3e413b5c81111.jpg,Germany,DE,54.370456,13.593573,2
8a7b649439ca40cfaf1a05cc42b72747.jpg,Germany,DE,50.059204,12.063845,3
a7c74a8a75ef4be5a0da48ff56b88162.jpg,Germany,DE,52.510105,8.401544,4
d52e6687aea24a6ea2a3b42dda80995d.jpg,Germany,DE,52.649371,11.828318,0
9397e102ebdf4d698e8f8d71cfc1e562.jpg,Germany,DE,52.239694,14.024172,1
157cc474f32f4cd997f650ac192b1220.jpg,Germany,DE,52.050287,14.254184,2
579ffc1dceef4275b41d503634eb6a4d.jpg,Germany,DE,53.18562,11.459855,3
55e246b9a4a1408892e13b75be2ed3aa.jpg,Germany,DE,52.638381,12.471269,4
ef08a8b6ee61477397cf4abeb6060a64.jpg,Germany,DE,53.346478,10.635902,0
41568aa735c54c5182b7878fecb3f5e7.jpg,Germany,DE,53.683157,9.21983,1
645a9f15629c408f97e23c3e540351a2.jpg,Germany,DE,50.807634,7.169985,2
5cb5b235c1654d41b9d48b720de07eb4.jpg,Germany,DE,54.445027,11.249409,3
33be3fbd542b4acfb51eff24fab0cec1.jpg,Germany,DE,50.898315,12.496634,4
df69458f0fc247c2b856e9e512d97b09.jpg,Germany,DE,53.307476,12.35975,0
4e599cc25dbf42819dd8cb2eb765909d.jpg,Germany,DE,52.505012,7.081913,1
0f0630d092ac463cb751aa1fd5626ba5.jpg,Germany,DE,50.457037,7.061218,2
17133ef5675446898e4810c0b918e9b7.jpg,Germany,DE,50.036314,6.259586,3
d66217c683034d07b9c78e9f4b8dd121.jpg,Germany,DE,52.92649,10.338025,4
2b31073ac3444ed3abb24f28b8fdd3a1.jpg,Germany,DE,51.216348,9.893292,0
235ba95f310e4d24bce086a17dea5bc3.jpg,Germany,DE,50.868855,8.822177,1
52d778f942ef403c9d62da8a0c4c8614.jpg,Germany,DE,52.73875,14.210143,2
38d817711d9a477f9e552977452da4a1.jpg,Germany,DE,52.002448,14.668426,3
136ca674ddac4466b5bf9370b3c2edca.jpg,Germany,DE,50.406464,9.297596,4
1b35ce19b2d2413596c221d3dfdd726a.jpg,Germany,DE,51.711139,6.681668,0
d0493c99f1e64535bc043e4d4a60d77a.jpg,Germany,DE,49.750467,8.528452,1
90945033152d47c8b31b3d80f56cf13c.jpg,Germany,DE,53.498403,8.761759,2
1e5b275771c44f9da0d26fadea189fb5.jpg,Germany,DE,47.719634,8.322153,3
759cdbc20b6e441faa315bcba5436e5a.jpg,Germany,DE,50.406239,10.725955,4
b369e265d5c74e719eabf42e4a318d66.jpg,Germany,DE,53.339464,10.014342,0
159e8ab6619b488b8c112ceb9fe957ab.jpg,Germany,DE,50.923088,12.574041,1
17702e74aa394a62abb1f3ee9184ef4c.jpg,Germany,DE,50.818615,11.396173,2
96f3878b4fb64c53ab46e9c8ec28a755.jpg,Germany,DE,51.690663,12.209446,3
60638e55d5a84d7199ec4c9058829557.jpg,Germany,DE,53.488028,8.482683,4
b39b40c25c9b411a988972cee7c02235.jpg,Germany,DE,48.783557,9.514531,0
8ad0dd33785542e287e1c5f38e349ca0.jpg,Germany,DE,47.688948,11.000433,1
5193056d1d2b427d8bdf587926186bfe.jpg,Germany,DE,49.670184,7.087363,2
fc9ba81cf924427db7efeecad0684274.jpg,Germany,DE,47.898262,8.094647,3
bee3ff7762bf453d9817092611a93e71.jpg,Germany,DE,48.410349,11.648547,4
ff6e885764dc498295f885afe8c9af6c.jpg,Germany,DE,51.565856,8.197228,0
0376b35448a249bdb4ad4b20b3af32ff.jpg,Germany,DE,53.806674,10.4825,1
56991f0a519541de84633f4dd0b3533b.jpg,Germany,DE,54.118462,13.107262,2
4effc7cad22e406f85304bb94c3f1289.jpg,Germany,DE,51.98899,12.422987,3
0d942a3ae503404a99e9c164dd703f9f.jpg,Germany,DE,47.589539,10.334677,4
509786f6488f4eab8928695e42b8c4aa.jpg,Germany,DE,54.199539,13.070523,0
e8ac3d5c3c1a4571acad9b3af81650cc.jpg,Germany,DE,48.364855,9.09555,1
494ec7456a66466eaf5981a114b212cd.jpg,Germany,DE,53.503246,9.077636,2
fc709c871897471897a1295017b6a252.jpg,Germany,DE,53.735386,14.123494,3
c416a8c8f1e9443fb4d0d431fcafca3d.jpg,Germany,DE,51.713763,6.380922,4
a0dd4a79f720481b8231287fc6db3da3.jpg,Germany,DE,53.34965,8.126459,0
edfc6eac501049478abfef9177878be5.jpg,Germany,DE,50.730307,9.237267,1
95b15ac04be5461092e545d4b478e969.jpg,Germany,DE,53.439128,12.340412,2
aa1b804ad18349c8b4933f4aeedaef8c.jpg,Germany,DE,50.665983,7.971018,3
7efff6a6ef5045ef9c3bdea17bfcb417.jpg,Germany,DE,53.250157,11.54703,4
13afc2f382414855947204a0761dc171.jpg,Germany,DE,50.457342,6.793115,0
a7ed1295f0c24acfac1a4b754ce3ae43.jpg,Germany,DE,51.82978,7.737757,1
62567d2dce3a47a4becf60d9c385b823.jpg,Germany,DE,50.466483,11.49748,2
5c27a767528f4d49be7a5eae773c18dd.jpg,Germany,DE,49.649627,9.166706,3
c28159acc34341569b730df7f812102f.jpg,Germany,DE,52.038616,7.868371,4
aa5108eaed0c4ae29f2783486a917aa1.jpg,Germany,DE,52.733323,12.065867,0
7cf4673616904072908f4d4e2cf5a14c.jpg,Germany,DE,47.930142,8.378795,1
3bf0fa4b9b2145469b2ae44a318a8892.jpg,Germany,DE,52.491966,14.119879,2
e4518bf69879456ca14c63445f677e89.jpg,Germany,DE,50.239939,7.449507,3
2f5ae300ae614e86a83153269657868e.jpg,Germany,DE,51.459403,14.229138,4
7b5dda4dc4aa46069a9a4debd7e7c4f9.jpg,Germany,DE,53.440619,9.945042,0
6dcf98010f034455895eac5312547cd7.jpg,Germany,DE,47.647723,10.484759,1
ab077f07150a4274a4a028c1fa746b61.jpg,Germany,DE,50.05904,9.307823,2
41d1b1dcbb784c6f9148ecb1cf8ee13f.jpg,Germany,DE,54.130028,8.930127,3
3ee5112c10d2461cbc0da44868c3418a.jpg,Germany,DE,53.608195,7.286373,4
a2c5952382394192bcadb84c2d37b523.jpg,Germany,DE,48.81384,8.749654,0
6522adc618a546e88e0a0cb7648cf1d2.jpg,Germany,DE,47.744201,9.66889,1
7f8b06df1b8341918b31f51413e0b7a3.jpg,Germany,DE,51.332183,10.492773,2
50ce4d8a0bf941bbb2461d8554c83443.jpg,Germany,DE,50.027031,10.5588,3
da463d4899e4408c9296f2021f01a7ae.jpg,Germany,DE,52.322202,14.20353,4
749f2c62088340c299f29c041dce8fb8.jpg,Germany,DE,52.934502,10.33105,0
72da9571040b418a923390de895a920f.jpg,Germany,DE,51.578579,7.535342,1
54d6ff3007184fcb8fd7f3d79825acb4.jpg,Germany,DE,52.675283,14.107854,2
b68cfe8398f74597955343a163c6dfc6.jpg,Germany,DE,49.916962,8.757513,3
287bd11e618d47bf8cfb610980f291fe.jpg,Germany,DE,49.602831,8.101491,4
80654f9f8cc0488d93b7319bc308e8a2.jpg,Germany,DE,49.251349,8.613812,0
b90f3aa811864e4395d249d1ebd20961.jpg,Germany,DE,53.141094,11.171088,1
f022be86d5904a50a1dad1dd9eb00b8c.jpg,Germany,DE,48.753296,12.970261,2
b85e3c1fddab45189e24e9cba220137b.jpg,Germany,DE,51.964758,10.663356,3
5a2870c9184f44d6a30d1f230e18415e.jpg,Germany,DE,53.599485,13.978644,4
cdb538201b954ffc90417213bab1c3a5.jpg,Germany,DE,50.685391,11.480519,0
a8d39dc8371546be9340d79e88347b47.jpg,Germany,DE,49.643446,6.745526,1
cbc6de57a39240ae8e7b6616aed35d5f.jpg,Germany,DE,52.891468,12.284885,2
bf9338e7854a44bfa81d554a824667e3.jpg,Germany,DE,47.844075,10.276785,3
24a8be8548954b4dbbb24bae44f37def.jpg,Germany,DE,51.883493,13.951599,4
5f6f4d17cab5435c9abcc2951f7f73e6.jpg,Germany,DE,52.151155,11.429363,0
28bd1d1fc1244ac6b473e89dc012eea2.jpg,Germany,DE,50.854346,8.341301,1
530e91c59ea249458a289eb6f9c8b64f.jpg,Germany,DE,47.580528,10.60527,2
cf0f184e07784cf793dd87914392b954.jpg,Germany,DE,52.333556,8.12895,3
f73706bb888d48df899cfcc753832654.jpg,Germany,DE,51.107727,12.599637,4
e7dccb5929c1495b8f459c74c64311c4.jpg,Germany,DE,51.375299,7.231962,0
09a1f0733b0a4973a7d096dc89c39dc8.jpg,Germany,DE,48.85693,12.919923,1
a4c07eae306140f08db7bc2e3a0c47e2.jpg,Germany,DE,53.689551,7.653415,2
6e2b93f0eb3a4ebb9abc0f9eec636da3.jpg,Germany,DE,52.009883,7.72661,3
c5aa28ee7e364d149fbad981f44397a6.jpg,Germany,DE,47.486674,11.227253,4
9e13395ab1184ef39f63200bc71ca26d.jpg,Germany,DE,52.054843,14.231174,0
3d9286fb8254453b94fcc53ff774ba89.jpg,Germany,DE,49.744238,10.526168,1
05e2ae7175d14e0d885af4c840191eda.jpg,Germany,DE,50.399316,7.84631,2
be28d391b4964387afd1e0f4a03b93c1.jpg,Germany,DE,51.139035,9.723032,3
caa9f2d9d5854de69b689dd551b2c99d.jpg,Germany,DE,48.988377,10.88424,4
fc9984bbdaad43278071baeddad472e6.jpg,Germany,DE,49.920955,7.902567,0
d71851dcc5f34c5f812d4b0250941052.jpg,Germany,DE,48.488715,9.880833,1
d3705aa1488d41a6832f3045c0bc5ea9.jpg,Germany,DE,50.559528,11.737528,2
e65ad36b42ac4a639e7ca94cfab0ac00.jpg,Germany,DE,49.68383,11.287435,3
bba315802cac4d13949c6aa3a5110a42.jpg,Germany,DE,52.905559,13.597154,4
2bdacb90307f496c9e0c6feaee8c950e.jpg,Germany,DE,51.443089,11.900586,0
e9350548f7494778be1ba46fd8ff6e24.jpg,Germany,DE,47.622436,11.726609,1
9e705debb0744178b6bdd6e5c73606df.jpg,Germany,DE,52.448097,12.508369,2
e418966027a94eddb964917e9dbc4633.jpg,Germany,DE,52.39957,11.31045,3
4ab2c587856b4487ab1f1abb8078b4b5.jpg,Germany,DE,50.042922,9.331095,4
fb5c9c8b3e1b414d869a4369ad8c93e5.jpg,Germany,DE,53.470851,10.729593,0
36ed49e003784edbb6eec76adcbe812d.jpg,Germany,DE,53.099712,7.673693,1
6d295b41c0994f51aa77c0fd075ca414.jpg,Germany,DE,52.734003,8.347443,2
ef9cde37c09c45849a3f6ad0923b8a35.jpg,Germany,DE,51.595042,12.996861,3
b72078f0b89e40eda1172f5b956c9a33.jpg,Germany,DE,49.342207,6.840242,4
37fb963795b948618004113caede852f.jpg,Germany,DE,52.536405,9.555615,0
679e6703e6514487921afc4dbdbf992a.jpg,Germany,DE,52.479247,9.679701,1
c76f533b7db94df19ea1f0f8a524f8fe.jpg,Germany,DE,48.256573,9.470052,2
821489177ea24e5e8e9ac781ced18619.jpg,Germany,DE,52.114748,14.422463,3
35aac1a9a3294a27b9e5fa915cfada60.jpg,Germany,DE,52.475422,13.828399,4
7c5b527464b14fb9ae60654072f3c159.jpg,Germany,DE,52.511421,10.350112,0
6ef62b985ccb4975a336cb31f1ad43d9.jpg,Germany,DE,52.901074,8.415136,1
c713389b3f0b465b86e06d948d73bdb6.jpg,Germany,DE,52.645996,8.786902,2
83d06603845d4f90a175e0152be0e92e.jpg,Germany,DE,52.818542,9.637454,3
4bcff252abed4ab3a7c668f2f3a52646.jpg,Germany,DE,51.491568,11.57866,4
2d71475aa9784d14be8ed7d884e3c48e.jpg,Germany,DE,48.660665,13.356467,0
0ce1c2f27ebd41e9897a585b7e9a20a8.jpg,Germany,DE,54.153816,10.359162,1
9b2b33e4417e440983335c0a5b52bfc4.jpg,Germany,DE,54.485177,13.506734,2
0b82f7b3c0fc455c913c823bae923f9b.jpg,Germany,DE,51.035506,10.860436,3
a8dd87fdec024e7e8e2a85b06089e4f9.jpg,Germany,DE,48.780567,9.649726,4
6eb3da96a0c648429dd408135813d3b7.jpg,Germany,DE,50.8769,10.971264,0
7f7f5546796046f7aaa6d7269e3fb32f.jpg,Germany,DE,53.759318,9.07934,1
299c605f1ad8406db4b22d98d95dd76a.jpg,Germany,DE,54.77219,9.241862,2
15faa75e97aa4e8ca415d4f65fb9ae90.jpg,Germany,DE,53.100093,11.560021,3
e6289173c66b4451a2fd5bb01db6ab3b.jpg,Germany,DE,50.53322,12.858854,4
94bfcbcef22040469bcfc73ed27213c7.jpg,Germany,DE,51.077885,13.833644,0
1e96bfd111e44d59adc90b465453316a.jpg,Germany,DE,49.07911,9.385768,1
b78ea0e4ee36459589412d02df54e4c4.jpg,Germany,DE,52.216753,14.042077,2
584de4b90b2a4a6bb857d5934dea058d.jpg,Germany,DE,50.891988,9.993804,3
971b309b03ec400b8fb1298097fa3ac7.jpg,Germany,DE,53.123965,9.984485,4
aa17fa1741c2431d8785440356c76a0b.jpg,Germany,DE,51.135594,7.940862,0
63cc8da725324eafbb26cc71b9c89c2e.jpg,Germany,DE,51.500083,14.338792,1
470980b907ae41d7bfc47fbb0f4887f9.jpg,Germany,DE,53.341675,10.74986,2
0b8b6dea98fd418e93213fa47d9daed1.jpg,Germany,DE,53.038133,10.694608,3
2deeb7498be54bc29e2828516797d28c.jpg,Germany,DE,47.724361,11.565606,4
617ae0c2ebfd41529ee30fa2cf4906ca.jpg,Germany,DE,49.605606,9.639243,0
6e26f65f778e40238d33dccf090768c5.jpg,Germany,DE,48.816088,8.429603,1
192a0590c5cc4acea6078f022e865f74.jpg,Germany,DE,51.985405,13.926269,2
92c17e0984b646b1bee77f752ca51bb0.jpg,Germany,DE,49.14158,13.150177,3
a2a974b4ebf54106a1363a4dd5c61615.jpg,Germany,DE,53.139368,10.566135,4
60093cb6c3f1452fa5c7f42e0678ce4d.jpg,Germany,DE,51.206794,13.650132,0
50fbfc4f2cb5468f843b91af756b1fdc.jpg,Germany,DE,50.613346,10.327426,1
cbdf2747bd6c486e8d3095044d046556.jpg,Germany,DE,48.293478,11.681075,2
db23020cb04e4e2ab708c940c981b4ba.jpg,Germany,DE,53.4031,7.565914,3
9dc61300b78f40169d18363f62fd5e84.jpg,Germany,DE,47.898617,12.176085,4
d87b693a9c59493bade17473d93b2a1c.jpg,Germany,DE,53.746572,9.296206,0
553bc542bc6941adb3ebac703fb7c0f9.jpg,Germany,DE,50.94466,14.703856,1
eca592d28a734ae59513db46f4a6e204.jpg,Germany,DE,47.590863,11.399976,2
2c36e610567945eb8198499f74d26570.jpg,Germany,DE,50.56257,9.057892,3
3598520c6d8f49bf8172785e0fd57e23.jpg,Germany,DE,51.551537,8.737811,4
031de3dea94b44bd99a7730837ad0bc0.jpg,Germany,DE,52.249845,7.641704,0
618e97d871cb485a8183ad5592ef89ce.jpg,Germany,DE,49.894375,11.824159,1
c7a15cbcb86d42d49b39eb977f388f21.jpg,Germany,DE,51.925765,14.702851,2
8aabab716c474a1795d766a4e03f45b8.jpg,Germany,DE,52.482361,14.098929,3
924dc9e6197643e783f284dfead1d2ac.jpg,Germany,DE,51.240002,14.931397,4
4dc8f2c2d0ea44fe8a91054dc5e400da.jpg,Germany,DE,50.778816,10.200671,0
e48d1aed77b446a7bad4e624c2554a49.jpg,Germany,DE,51.452945,10.684736,1
2cfb083af8a543aaaf4a522f37ee59b7.jpg,Germany,DE,52.764029,12.059239,2
e4154c678ddc4e268d5843e5feb44fde.jpg,Germany,DE,51.64054,12.589013,3
42a3d5bcf9c3435f94bb82e6bed91692.jpg,Germany,DE,49.276041,8.463965,4
feaf767c38b84a6aacaa4ad7c58a4591.jpg,Germany,DE,48.520989,10.350077,0
8e0fa14629f649938bd5cb407faba699.jpg,Germany,DE,53.620759,9.102894,1
091173c7aa354e3a9c04990f5c6670bb.jpg,Germany,DE,47.657545,8.223481,2
5a3a38e011034ca19a6077c1ad1b77df.jpg,Germany,DE,52.650957,10.888984,3
bd3845f1feb34f9f91a3fcafa169fc11.jpg,Germany,DE,52.956335,14.037159,4
c6a40eed2fd643248c321fd923694a6d.jpg,Germany,DE,52.668866,14.44616,0
4f5a40ce3bd24f3ead452db1ffa6524e.jpg,Germany,DE,54.601501,8.903466,1
5e603b737b854588a74586dc55d98579.jpg,Germany,DE,49.426614,7.651493,2
5a48b2045eb24885b475cc829f85d8af.jpg,Germany,DE,53.228681,8.657322,3
332c45e6c69b44b2befaf24791e41748.jpg,Germany,DE,52.847888,12.54426,4
e1ee8e1d2cde43f3b8e99b9fb0e84856.jpg,Germany,DE,52.224396,12.591949,0
ea8c5fca88744ff295e9f936db831567.jpg,Germany,DE,54.803606,8.879703,1
87e06ceb20e2493d99d12b32e14d78c9.jpg,Germany,DE,53.100622,9.219176,2
379490ce4040410fac7826ce0f5fa742.jpg,Germany,DE,51.759107,11.671638,3
f38241e811b54ad4b4101309ca596178.jpg,Germany,DE,52.007495,14.166675,4
5bc02efdebba4d70a57e327d28423a42.jpg,Germany,DE,51.826717,14.072883,0
5514bfcdd42346678c483d0d8dc40266.jpg,Germany,DE,49.386475,10.761153,1
35212a9371dd4852a90444bec9a81628.jpg,Germany,DE,50.468647,6.581185,2
981794d7231a4b5bb88bc4ccd34fd050.jpg,Germany,DE,52.867198,8.070968,3
156db1dde5b748e78501c2bfd23cb62a.jpg,Germany,DE,49.796686,7.301667,4
0e22c3256a7f4ecfa30298161e339fda.jpg,Germany,DE,50.402256,8.233741,0
ccb89daa468e49b8b655b97a3b67b35b.jpg,Germany,DE,52.776367,14.052741,1
7331c85918e347ddb4bbbb5403150f83.jpg,Germany,DE,49.618034,9.620983,2
16dab81368634a3fb08e632c1ba6d30a.jpg,Germany,DE,53.997436,11.540971,3
f2e44e2c94134bcab45096e8e6798281.jpg,Germany,DE,54.535707,13.249757,4
11fbedb70d9041cea838f05db34cb8e3.jpg,Germany,DE,49.889983,6.468276,0
16ce2580ac5040568dee6caf1bb1df68.jpg,Germany,DE,54.599416,9.554032,1
fdf29224984b4952b26c6189ea37b078.jpg,Germany,DE,53.325766,8.063658,2
4f02babbc9c34eb2b92f9fbd552dc095.jpg,Germany,DE,51.502605,14.47499,3
3b9676bc0f25446496b1c6e88b3bea9f.jpg,Germany,DE,53.380435,9.685406,4
8be940fac098467d8f0fcad9e80a5836.jpg,Iceland,IS,63.472723,-18.580568,0
41702e810fb84bf5aa74e9ffa2b2f559.jpg,Iceland,IS,65.741301,-22.052067,1
2932f044a2d340358fab6c9e8b17eba2.jpg,Iceland,IS,65.742277,-14.843945,2
a83ea74ca0a447d1ac2559328cfddb9d.jpg,Iceland,IS,63.853937,-22.44518,3
b8c6a455e0154d338efa26381916e02d.jpg,Iceland,IS,63.843292,-22.407004,4
447b4781bdbb4d9d96918b2cb15d4403.jpg,Iceland,IS,64.464907,-21.524962,0
dbc7f7e3b0474914a16a712519057dcb.jpg,Iceland,IS,66.078519,-19.052722,1
e26ccae926f642e087fe876b0f117d39.jpg,Iceland,IS,63.664465,-20.111067,2
c684fbe377e045d3969c4e46c843d2be.jpg,Iceland,IS,63.854989,-22.448342,3
a53dcf6b40984150a09a3c2fe2469123.jpg,Iceland,IS,65.0365,-22.753404,4
df45cad434d64f4ab9bc8d971b072762.jpg,Iceland,IS,63.553166,-18.446691,0
ce3abbae1d6642029a1af83e7368bd82.jpg,Iceland,IS,64.807618,-23.009311,1
17c259ed7978417195eb4ea24cd44a77.jpg,Iceland,IS,65.518156,-19.572061,2
be7e62257db2496a9b06056587674f76.jpg,Iceland,IS,65.802066,-17.568896,3
88d203a33d9341bdb3dcba89708afe23.jpg,Iceland,IS,65.279291,-14.43447,4
712b7c007c16464fa0cce9207e1194d7.jpg,Iceland,IS,65.104617,-14.328541,0
22e9475a492a48548a61aa3299e2c6ce.jpg,Iceland,IS,63.985002,-18.779825,1
af7160ee01764938bf5407f839e0d836.jpg,Iceland,IS,65.123306,-13.804808,2
26717c06d88c44568169ddfa4200295a.jpg,Iceland,IS,65.549995,-22.423803,3
821b52a8ec064350b21399255ea4175c.jpg,Iceland,IS,65.632626,-23.267904,4
1b108fbd198f4490b0d9803de55a1026.jpg,Iceland,IS,64.154045,-21.782347,0
b95966543f274a2caba6ccd9b83673df.jpg,Iceland,IS,66.083216,-16.775368,1
9852e6bf642a4d10824ce14dfc60e517.jpg,Iceland,IS,65.220529,-14.350183,2
2ed55821cb7c4d96a0f36074fdf8c91a.jpg,Iceland,IS,63.980183,-16.409539,3
c07ff5de72c2475c8c3e2cc394e82cd9.jpg,Iceland,IS,66.070804,-18.657404,4
1c7bd8b432614d6180b53b6da3a747f7.jpg,Iceland,IS,65.40495,-14.648295,0
8f45d65b51a84a709dfcafe666e49952.jpg,Iceland,IS,65.570134,-19.349029,1
e80a159b2fb347ccbfd1a1fc402f566a.jpg,Iceland,IS,64.251419,-21.360522,2
f582ad89602c42d3bd7bfecce08c9d1d.jpg,Iceland,IS,64.79304,-14.004019,3
8b21ae914b4640b6b46e22481e74831e.jpg,Iceland,IS,65.866301,-23.325932,4
f49af5821a2142ee9a7fb3cce961b57b.jpg,Iceland,IS,63.939296,-18.648882,0
3f037904e92847e6803f48ce71756f21.jpg,Iceland,IS,65.615547,-20.645209,1
23c0e518e8eb4964a16161b7d8242e8d.jpg,Iceland,IS,66.076868,-18.633666,2
85aaf22e818e4cec9e4a47b07593c22f.jpg,Iceland,IS,64.532691,-21.609992,3
0d60ea30a976484dbf73afc0b5fd57d5.jpg,Iceland,IS,66.091412,-16.831575,4
4339adbe84e143c8bbc37cfc349d4b9e.jpg,Iceland,IS,65.801715,-20.262154,0
6d6f0e16c28b42de901b0e8ed636db57.jpg,Iceland,IS,65.060138,-22.749384,1
19c4a6aa3d4443d2aec3c7c4c2b69b57.jpg,Iceland,IS,65.572723,-20.654239,2
f10d0d0c402645fd93675e9c2bc77876.jpg,Iceland,IS,63.522393,-18.474516,3
8cb9a02126f84d2ea0012338f02e2868.jpg,Iceland,IS,65.854988,-23.318098,4
6780d64a34084cfa98d5da91441b2266.jpg,Iceland,IS,63.948635,-16.822398,0
d9cc8326650941b6a395942742de4345.jpg,Iceland,IS,65.752018,-23.856479,1
cf25d06613e14e369a42df6174e252ee.jpg,Iceland,IS,65.550102,-19.341684,2
9ee6391950104f55ae91c9caa27ce7d0.jpg,Iceland,IS,65.573783,-16.055936,3
4df8d1b16e4642f5956be8b4c89c505a.jpg,Iceland,IS,64.188529,-21.227998,4
bf76c303bf504d149d83a2a9a4e76ee0.jpg,Iceland,IS,63.437073,-18.770742,0
4a4d8b4d10734f01a3631cfbc7a4a366.jpg,Iceland,IS,64.717943,-14.048498,1
984cbdd74d054e40be4879876c1d76b8.jpg,Iceland,IS,65.75292,-20.111648,2
74531b87f0f2424c8e5e39f6b527954a.jpg,Iceland,IS,63.982126,-22.38325,3
86a322bdd5f243159d9212cc083d239d.jpg,Iceland,IS,63.847865,-22.42704,4
45678d3b693540d0acc9691eadeba0a0.jpg,Iceland,IS,65.491837,-23.458891,0
7e5852caad524230b85d53a9d503ddf1.jpg,Iceland,IS,65.787343,-20.258106,1
be3328c58e6848dd8564e9b66d37c48d.jpg,Iceland,IS,63.523389,-18.473392,2
055f6a5d9c01465fa87bba39ca718f70.jpg,Iceland,IS,65.873201,-19.37804,3
85baeb45dc534952aad9d84e2781c463.jpg,Iceland,IS,64.838096,-13.807728,4
7bb617f7830a4c31a16171939156a9f9.jpg,Iceland,IS,66.106256,-18.819939,0
67e11bbecbb748d2bf60a118290a06ce.jpg,Iceland,IS,65.581349,-20.047073,1
44a84f764bcf497e9568bc46405bd48b.jpg,Iceland,IS,63.964324,-16.860967,2
14d197c36a1645458987e23207dd0536.jpg,Iceland,IS,64.260494,-15.553084,3
945e11a8e97f4f0fa5cebf7bf1f05d45.jpg,Iceland,IS,63.832662,-22.48974,4
fa4a47f005594e09ace3b094d05aa1db.jpg,Iceland,IS,65.787779,-19.946876,0
7757a6fe9cce499f82d40413cc7c8306.jpg,Iceland,IS,64.788093,-14.005102,1
f3c40e0266ca4778809b2d5e95bac9e7.jpg,Iceland,IS,65.168712,-21.057501,2
2c10246615974912bc90682438b736b1.jpg,Iceland,IS,65.037045,-22.542044,3
f10fb1e1fc3b4a2c8fa2482edd58d8c4.jpg,Iceland,IS,65.807262,-19.323321,4
beb9def5756647d4b373f4272913c37f.jpg,Iceland,IS,65.813487,-19.328868,0
24856531dbcb4eafadd2296f01aefbf0.jpg,Iceland,IS,64.116399,-20.636773,1
9713fef8d78b44ca884e3fd89ff68d42.jpg,Iceland,IS,63.837571,-22.437923,2
8dbc3fe138b6435ebb7d060c0e65b8bf.jpg,Iceland,IS,65.769151,-20.256357,3
3876b87ff4c643a6a89d4966ba68d5c0.jpg,Iceland,IS,64.936459,-22.901872,4
97b61fba8d474771bc781c3d32c709e6.jpg,Iceland,IS,65.23467,-21.769265,0
b9a6638f2b454a7e971f6be3fc45a55b.jpg,Iceland,IS,65.722925,-23.743884,1
2136ec460b8f4de59abfc082d775e1ad.jpg,Iceland,IS,64.122379,-16.073219,2
81e0e341216b4dae97e3c69dcf7fc8f0.jpg,Iceland,IS,64.787027,-14.005723,3
9f138c1b541740a9aef5ef8a9495a28b.jpg,Iceland,IS,65.797523,-20.259985,4
4ebb4f89b2844499846aae516e1d0393.jpg,Iceland,IS,65.856794,-23.439946,0
da1bc6f28dc6430180499dd5fee91f1a.jpg,Iceland,IS,64.609046,-21.719617,1
a2565b8f84a842c3abbb49d000833e00.jpg,Iceland,IS,65.602291,-22.513529,2
ad572f5b3cec42bfb94a2a5b83b5f708.jpg,Iceland,IS,63.523604,-18.473202,3
f039f124b7cb4eb6bcc29cab4a6ee214.jpg,Iceland,IS,63.986265,-18.909235,4
798ec7b26c7b432e9fdc7f850ea1ccea.jpg,Iceland,IS,64.419587,-14.595558,0
245e7598dc6c4f75a4556bf469422b48.jpg,Iceland,IS,65.800975,-22.538915,1
a436ef12ca524e8eab2ce6e50edf438f.jpg,Iceland,IS,64.002237,-20.978885,2
972fa92e812346f3995fe7ab3fc8cb6c.jpg,Iceland,IS,64.834197,-22.82499,3
36e465dbafe74ed983076d9d04763a7a.jpg,Iceland,IS,65.522619,-19.833164,4
908583be03104bb78fe0b4faf873c024.jpg,Iceland,IS,65.831871,-17.290068,0
2caff84f8455428e8a7ef2c3518abc55.jpg,Iceland,IS,65.617848,-18.497322,1
d08957a5ba4b4069863c681e36ceb733.jpg,Iceland,IS,64.017937,-20.528356,2
a6871cbdc499405f982cc51b2f1de0dd.jpg,Iceland,IS,65.47706,-19.276229,3
3cc42fced49743db81b51e38598baaad.jpg,Iceland,IS,63.684204,-18.359394,4
05b366f380de4e16af0834b45f54d98f.jpg,Iceland,IS,65.074921,-21.107756,0
9ea1e23ec49542e1a8491b5fddab1293.jpg,Iceland,IS,64.845128,-22.660469,1
0d2395abbadf48aba39f3a721daf5759.jpg,Iceland,IS,65.749283,-19.706234,2
374eae9f1e624cce80ee4d9cd74eb4b4.jpg,Iceland,IS,63.482379,-18.54682,3
913bc277fffa44da96a1dbe24fb12326.jpg,Iceland,IS,65.497519,-23.341379,4
067095dd704b4b368d3e489913525b8a.jpg,Iceland,IS,65.204165,-13.814302,0
ee3298b4d6f540dfb8426237876348fb.jpg,Iceland,IS,65.0262,-14.256776,1
a4e4a7e64ce546d49bcb05648aa7edff.jpg,Iceland,IS,64.421101,-14.602915,2
b5ea496c59544264b9c4a3bb328e4f76.jpg,Iceland,IS,65.629961,-22.770375,3
4e977464ce3241bcb2c85b1d41d89093.jpg,Iceland,IS,63.979769,-18.779054,4
4888245708e24cab8529b98640a70b44.jpg,Iceland,IS,66.065286,-18.531284,0
f809e1d365f24f06ab95738625997fe7.jpg,Iceland,IS,65.637714,-14.996258,1
cfa9c985cf67467abbc063ce02b74971.jpg,Iceland,IS,66.565896,-18.019027,2
d933a85037234cebaec1945fa64f4da5.jpg,Iceland,IS,65.894947,-22.832848,3
f38d7cab1d68411e8fde4bb60f89b524.jpg,Iceland,IS,65.612224,-24.179059,4
bc9bc8de69cd4db2a47b246a9745d03d.jpg,Iceland,IS,64.617349,-21.77484,0
7d2bb32bfa7b465f97cfc77b0daf9c4b.jpg,Iceland,IS,66.067794,-18.531692,1
e1fb0cfd20cd4811ad8f16e92f2766fc.jpg,Iceland,IS,65.746989,-19.644512,2
c85d8ccf44af4a6abb94e14da9941614.jpg,Iceland,IS,63.486595,-18.537559,3
560ac93a5ad24a03ba3c691368839e53.jpg,Iceland,IS,63.849054,-22.433356,4
4eb527c27a8c4154ba5f5859622f851b.jpg,Iceland,IS,65.911059,-19.396349,0
f10e20a9d99d4b37b52af4a881a4193e.jpg,Iceland,IS,65.564624,-22.482616,1
7d81f67b566d4dbe8bf9ae73509f4f66.jpg,Iceland,IS,64.973129,-22.933374,2
b5c5a21fa2f54d409a139cf3d32ab621.jpg,Iceland,IS,65.123444,-13.903223,3
fe849b0a0f7243b895ea792b107f6021.jpg,Iceland,IS,63.889683,-20.784484,4
e805370ce59c45d4bcecb3ecabeb3f4c.jpg,Iceland,IS,66.009449,-22.641419,0
9c639609dd2a4913be61a6aa9a3d073b.jpg,Iceland,IS,63.501522,-18.869396,1
e892258a514248cda62728c4606a6e5f.jpg,Iceland,IS,65.930809,-18.113784,2
053c0335b8024a0ebf5e0455992df33d.jpg,Iceland,IS,66.044008,-19.345947,3
25ce7b989f604b25ad0a33b30cd30019.jpg,Iceland,IS,63.975548,-16.97803,4
4e8a872169f948b4b3c3caedaa6e464d.jpg,Iceland,IS,63.676546,-18.389269,0
670fdf86209243d1b5d7fda2b57d8768.jpg,Iceland,IS,66.033356,-14.805793,1
6bc67f8ed9ed4f7fab921c3ed796d979.jpg,Iceland,IS,66.005804,-22.935248,2
46cd094dd3b64ed394aa07adf834ac89.jpg,Iceland,IS,65.878805,-17.493162,3
8c8eca06a9d9462cb236e6ac8e6abdf5.jpg,Iceland,IS,65.938213,-18.404188,4
7b7f9cd849c44fcf9f84d51d1e42aea4.jpg,Iceland,IS,65.760779,-16.385328,0
dba11757290347779ae68796f1f48533.jpg,Iceland,IS,64.901411,-23.932289,1
2d63b309d7ab4b3bbb1fec0dc3ed4764.jpg,Iceland,IS,65.555067,-22.363214,2
c39be3a6627840049fb4f720df71a171.jpg,Iceland,IS,64.824226,-23.542114,3
912404824fe84470958fb1b4d8257bda.jpg,Iceland,IS,65.586593,-17.149567,4
a4c398e27d3e4b3ebe4950e60e1c40b3.jpg,Iceland,IS,65.794127,-19.93966,0
96899b6445d0482c98617f8d700c7239.jpg,Iceland,IS,64.769152,-14.467177,1
dffa5ca3da91406aae428c27477e70ae.jpg,Iceland,IS,66.059815,-19.326035,2
5099ed0853e54f27b9f6d13717114c12.jpg,Iceland,IS,63.933916,-22.680937,3
560a4ca0db594e799e41c3a6b383b7f7.jpg,Iceland,IS,65.848037,-18.202018,4
07458b25a7044a7fb0d6c07f14d72810.jpg,Iceland,IS,64.909716,-23.795982,0
d6200e3bd3c34c27a79c8ad97f0a4c7d.jpg,Iceland,IS,64.936256,-14.072839,1
7d3809073a3046b994216124c5c3141e.jpg,Iceland,IS,65.729805,-23.163249,2
b0cf7dee9e7b4b3a98a0605e0cde47d3.jpg,Iceland,IS,65.574966,-22.970211,3
41df8bc7702f492aa9839ca4c99a5167.jpg,Iceland,IS,65.861742,-17.495107,4
2a3c7e338de5463c84b0f15bfe9eef87.jpg,Iceland,IS,65.590491,-22.962882,0
bb878c00d2b945e1bc4b02d196bb069b.jpg,Iceland,IS,65.979514,-22.85889,1
70e8685b8bc246ca97d9e584af931581.jpg,Iceland,IS,65.642554,-18.459332,2
bbcc5141ca8d4949952013bc6cf3dcbe.jpg,Iceland,IS,65.321149,-14.474638,3
39a37c3ac53440e3a8bfc04e8793fa20.jpg,Iceland,IS,64.900637,-23.934748,4
8e1f8aaf77bf4e0c8c42df739b5172ad.jpg,Iceland,IS,65.644809,-18.455455,0
1012a949445a42e18b91263a365e6099.jpg,Iceland,IS,64.629454,-21.772354,1
5273a3b794874be4bbdfef39442d16d8.jpg,Iceland,IS,65.764413,-14.825045,2
fea82439679e464898c4d147bb6062ea.jpg,Iceland,IS,65.724863,-14.871046,3
cadb4dce0f0e4605a37425b78f43d5cf.jpg,Iceland,IS,65.620227,-17.222874,4
cd65644423234323bb048c9852f83b79.jpg,Iceland,IS,66.079514,-16.757216,0
0ea1794b8df4446ba33a99d3d2d2243b.jpg,Iceland,IS,64.934923,-14.052192,1
0c1c78c220514ad1b05238b8a7a9e844.jpg,Iceland,IS,65.881348,-22.300504,2
f99c6db607444a53b1c1c7915c14f8c6.jpg,Iceland,IS,63.946051,-18.654935,3
c8d6f3503ed6467bac8e7028aa1a32c8.jpg,Iceland,IS,64.903747,-13.923183,4
aa2e37bd8af744b09440b1f896107a68.jpg,Iceland,IS,64.617261,-22.050875,0
a3e754bdf1a0459d838e2c7370193be0.jpg,Iceland,IS,65.476516,-19.2753,1
a4161c01e6844fc9b1a9b43416531dd0.jpg,Iceland,IS,66.08254,-18.611872,2
edf61bab03744a09aff310ffb08c5e64.jpg,Iceland,IS,63.952233,-16.844779,3
01ca771cd492488aa068bdf46f79b6e9.jpg,Iceland,IS,65.492488,-23.648453,4
068510bd864f4ff2b465cb110c24e44e.jpg,Iceland,IS,65.771567,-17.177925,0
0782ee6402b64826a8e15e636c80381f.jpg,Iceland,IS,65.486668,-23.259111,1
66278afaa6804431a0822fcca02d5b44.jpg,Iceland,IS,65.198652,-13.931677,2
7661386061e941bd9ebe52d6bd941143.jpg,Iceland,IS,65.574691,-22.909997,3
c1ca4d98eac74bc69b893c3d135028bd.jpg,Iceland,IS,63.535437,-18.462659,4
9e4251d0aa404fa99a4aa28084b7bf78.jpg,Iceland,IS,64.17888,-15.852489,0
29eac251fa1b41e4a3fe6028102188ef.jpg,Iceland,IS,65.903829,-22.8567,1
50b820cb6f54465287ab90c852e12082.jpg,Iceland,IS,65.795598,-16.44106,2
dc184e73786b401e80b1c898be336b79.jpg,Iceland,IS,65.731416,-17.391428,3
60554c4da1154225b68ceca6daba038b.jpg,Iceland,IS,64.708597,-14.317648,4
3f6fd0f151e945a88aad8cbe93353dcb.jpg,Iceland,IS,63.918342,-16.510427,0
6658a7e0a46d4a798c7fa27fa7fd67e1.jpg,Iceland,IS,65.909654,-22.988628,1
56166560adf14c22bc63def31428ea67.jpg,Iceland,IS,64.744258,-14.437627,2
a8858f20d3af400481de4be32fdc2f64.jpg,Iceland,IS,65.647716,-23.660239,3
8a4c6865109b4219883d6032fdfc4cde.jpg,Iceland,IS,64.499487,-14.478084,4
254814c86826427793fa94d7e98c7582.jpg,Iceland,IS,66.056718,-19.329587,0
6a7b4450cc884106aa0667ebf25e29bd.jpg,Iceland,IS,65.927027,-14.836149,1
82694d35bcda47f2a66ba54bc5ede4cb.jpg,Iceland,IS,63.842171,-21.51297,2
3b1d537ca8324c03953729591ed7eb50.jpg,Iceland,IS,63.464347,-18.608721,3
10a2317fa0904dbd82a6402f0602c739.jpg,Iceland,IS,65.320718,-14.474249,4
135b43703f38485b904833b52a0e5d54.jpg,Iceland,IS,66.008617,-22.933184,0
e1dc31ff6e254a8f8a191fcdb1351a1a.jpg,Iceland,IS,64.418293,-14.592235,1
787b5332e3634e559382837934639dd2.jpg,Iceland,IS,64.879559,-13.803707,2
03df317ad3a8483da2fa040c857af154.jpg,Iceland,IS,65.953526,-19.411614,3
f60ade5675774deba6091f41e821bbbb.jpg,Iceland,IS,65.859232,-19.374866,4
db6d3a54857d4b94be08a229ce894239.jpg,Iceland,IS,63.887815,-16.624699,0
bb2662e79f46496e8338b68e21033cb0.jpg,Iceland,IS,65.666484,-20.705522,1
e43bbf17a7b24c3189b3296b4ba89500.jpg,Iceland,IS,63.87892,-21.209955,2
adbfcc4730854467b3fcff407aed2ded.jpg,Iceland,IS,65.496182,-20.695316,3
23784eec959142dc8491a1dd10a71364.jpg,Iceland,IS,65.717725,-23.710202,4
d35a5e602ef74a4da146d6ec01cae98c.jpg,Iceland,IS,66.075201,-19.195748,0
0ef410b9bc3542efad7f432c0d7b5719.jpg,Iceland,IS,64.629147,-14.433954,1
1bc14d0648d14ab182c522e7c18f677c.jpg,Iceland,IS,65.896593,-18.069207,2
4a70465354bc4d0d8aba7e4efe71c01c.jpg,Iceland,IS,63.687219,-18.348212,3
ce3c773acc5a49e3917a0164f66fb720.jpg,Iceland,IS,63.962427,-20.648708,4
3c625f1c3a4742dd8bc1718dd245cee9.jpg,Iceland,IS,65.73354,-19.646346,0
8da821e6a83649879a1aab812055797d.jpg,Iceland,IS,64.716473,-14.324796,1
02a02543f8e04e9099d86e8d3531d175.jpg,Iceland,IS,65.207334,-21.394387,2
1cc3f0eda01a48d7a176e5852e3fcd15.jpg,Iceland,IS,65.405577,-14.647046,3
e8b91ed79d594a0fb7d8dbe04dd044d4.jpg,Iceland,IS,64.532197,-14.555784,4
4d61da32ba30469fa3e66c6346075184.jpg,Iceland,IS,63.490982,-19.362252,0
3ebcffea616d4d5a800ef27ae859eb58.jpg,Iceland,IS,65.936667,-19.409649,1
ee6642b79cbd4b329fa0282721131227.jpg,Iceland,IS,66.124523,-19.072896,2
0aa3bf5342ef4d86b2cb0602f5d1d623.jpg,Iceland,IS,64.816308,-13.886885,3
e6ca54caafe040e0aca8f1e506afaa2c.jpg,Iceland,IS,65.602394,-20.110071,4
9014b509d8b94a6a8482b4b172daad42.jpg,Iceland,IS,65.596679,-19.352075,0
5fe802ffb6ba4c2c893e92c3d9152091.jpg,Iceland,IS,63.929596,-21.3398,1
c3d981757e0449c99be1a275d39ecc0a.jpg,Iceland,IS,63.887849,-21.287854,2
4f526e80e75d467ab6f2a6cbb0fd198d.jpg,Iceland,IS,65.633444,-14.992217,3
b8165bb0b1e847349c7c2bfef6f0670f.jpg,Iceland,IS,64.986021,-22.811439,4
aa282360a6564d6fab6842c74a27a11b.jpg,Iceland,IS,65.878922,-16.535227,0
c939c857f5a24fe88cec2adb05783a02.jpg,Iceland,IS,65.568282,-15.35923,1
d9a168ec58be49739912e03524cefa55.jpg,Iceland,IS,63.85384,-22.235848,2
f36e62f8f746411dac1b170b9b6d4a81.jpg,Iceland,IS,64.416867,-14.587286,3
46ecd255788c406bb5fb2b0525498655.jpg,Iceland,IS,63.51754,-18.479927,4
547310d1029e4009b09804e1665c124c.jpg,Iceland,IS,65.2768,-14.415082,0
9ac0e49b634a43b2b78b1905221b810d.jpg,Iceland,IS,63.567348,-19.855503,1
909a492a50fb4da1bebd03e1737e410d.jpg,Iceland,IS,66.105122,-23.074456,2
536ecac822bd46159cf960e7e7ceb7cd.jpg,Iceland,IS,65.497602,-23.200692,3
3aed9af5773e4956b96adbeefb5237c0.jpg,Iceland,IS,63.972086,-16.86272,4
1aefe08adafe461a9b1048da67936ce1.jpg,Iceland,IS,65.804252,-17.566427,0
9bff4c3bddbd4c0c840b65c229000bf6.jpg,Iceland,IS,65.438084,-20.692526,1
46749689365f4e73a846a5db9722f612.jpg,Iceland,IS,65.485469,-23.251026,2
d8daf6fee1e84f6c98ffe778aa3aa12a.jpg,Iceland,IS,63.633781,-18.432228,3
13b4ad53b8664e65a11d8800753a2a43.jpg,Iceland,IS,66.061764,-19.029455,4
5b63035daad54543a90ce1e6a92e57da.jpg,Iceland,IS,65.944783,-19.412038,0
b83af8ac28d94ea7b50a0b7a53d01b8c.jpg,Iceland,IS,65.060186,-14.025438,1
e9f24df3c39c44e6b106502c810d1968.jpg,Iceland,IS,65.851187,-17.489915,2
af523778074f4fbeb25787f0dd910b72.jpg,Iceland,IS,65.900978,-22.353316,3
4b71214227b34b8dbfb2b110f770052e.jpg,Iceland,IS,63.949013,-22.427366,4
091b9952f1714d638b537fa2ff6d1153.jpg,Iceland,IS,65.429899,-20.592736,0
0ca732a2c5fa4d0d96009cece9181736.jpg,Iceland,IS,65.012691,-14.12565,1
16c9dcfbb394407b8509d26240ee4ebc.jpg,Iceland,IS,64.830727,-23.278409,2
44c2ffa568bf47f6a1cdbe24dc706aa8.jpg,Iceland,IS,63.683822,-18.361406,3
716d7adf61c346dba2e1da6471f0c5e4.jpg,Iceland,IS,65.53059,-22.41357,4
b441c8c666944978b6dfb333a75ae5d2.jpg,Iceland,IS,65.251402,-21.769062,0
53f5d2e3b9b54b0fab32fe0beb40cfa1.jpg,Iceland,IS,63.467559,-18.891662,1
405b39164f4c42398d6a3a4523f67996.jpg,Iceland,IS,63.441663,-18.753071,2
f2c5d171408547948982ffb26f123e6d.jpg,Iceland,IS,63.858485,-22.42822,3
7243886f5b6d4710bf7b834544e56279.jpg,Iceland,IS,64.716348,-14.324656,4
48ff48bcd32e4b80b92c826714ce083e.jpg,Iceland,IS,64.964155,-22.890035,0
113274ccdcf64117afea3b69feb26ae9.jpg,Iceland,IS,64.182632,-15.822163,1
e2e1bc2aae1b463b89a560a3198e9f41.jpg,Iceland,IS,65.640458,-20.780221,2
e32953e6fa3c43c78726a67deb6d179b.jpg,Iceland,IS,65.500389,-23.451071,3
27bc5f84bc724be29b3c1e74c19fdd02.jpg,Iceland,IS,64.813266,-23.950678,4
2938e0d0765f49f89a53a321c3bde31f.jpg,Iceland,IS,65.620858,-19.363502,0
ffb7400457c7451ab0c38b3bc7ad161a.jpg,Iceland,IS,65.739633,-23.820766,1
8a02466afa0645eeb59b9d49d7794878.jpg,Iceland,IS,65.881945,-14.82761,2
8f88ad341253457484e1f0c340ab01c4.jpg,Iceland,IS,64.838396,-22.442455,3
f8ee4de460fa48198d9a202d23621dda.jpg,Iceland,IS,65.611352,-24.195354,4
e0fdb8dc50d7405989478ff5e6dc16c2.jpg,Iceland,IS,63.547965,-20.086815,0
28dc54f215b440ff8376c56f7a965578.jpg,Iceland,IS,65.286255,-14.430704,1
e5f41e95070f4c02a5dc3911929ac502.jpg,Iceland,IS,66.052907,-19.052127,2
1807c1a436f1436fbbc47edefe3edb30.jpg,Iceland,IS,66.055791,-22.987464,3
00a75e537d2744aca7570fe2033b6617.jpg,Iceland,IS,63.89848,-16.606319,4
8d884f5f6ee24ee68dcbe7e13881e1fe.jpg,Iceland,IS,63.430275,-18.768956,0
03ca72ebd2e54a3e9239f27b7abb769d.jpg,Iceland,IS,64.778234,-14.430374,1
b4bbd47b65ec40c098dd05b2a1c3bfe9.jpg,Iceland,IS,65.762243,-23.916345,2
116bd37950a64df3ba4d15fceb88f807.jpg,Iceland,IS,63.984565,-16.874918,3
d5995f66e43f46ffa736e22a6afa8293.jpg,Iceland,IS,65.029038,-22.236636,4
c7fb76e947a74568853153ffdc4f1034.jpg,Iceland,IS,65.028916,-14.264416,0
edf47c1038da4b5985a32a7e76b680f0.jpg,Iceland,IS,65.511953,-19.735448,1
52b05a3a7bca4a47a72f1e7e76b2a12c.jpg,Iceland,IS,64.02699,-20.506727,2
52551b78d33745a0bed88819ea4760c0.jpg,Iceland,IS,66.172354,-18.987759,3
856d90f024c44dc9a253c000a65ce77a.jpg,Iceland,IS,63.840899,-22.423927,4
79131afb6e0a4a0f907795b1b0dbfa83.jpg,Iceland,IS,63.932493,-16.454364,0
ee72644a35a44483804f4801aec6f9c0.jpg,Iceland,IS,64.410568,-14.904087,1
d9cc43489c55411ab9e0f6a38b1164e7.jpg,Iceland,IS,65.468234,-18.725244,2
d3067e73f7574d7982034d80091d55d4.jpg,Iceland,IS,66.064876,-19.038455,3
59afa8eace674226bbb03f8929ac278a.jpg,Iceland,IS,65.348176,-20.844856,4
21dbe9982ba54bad8603ae669580c1ae.jpg,Iceland,IS,65.451073,-20.564271,0
b3cba04300614532a456b277833eff89.jpg,Iceland,IS,64.891122,-21.516893,1
bb0883212a2f412e8e4cec5e6c78ba93.jpg,Iceland,IS,63.541887,-18.454265,2
48e377e7a16547209459eb63d4578900.jpg,Iceland,IS,63.8555,-21.930911,3
f8682ce554554893a81054520115248e.jpg,Iceland,IS,63.826339,-22.646448,4
bb2252f5b3874160bb53d4b534e32194.jpg,Iceland,IS,64.058995,-21.530906,0
5574cfe30a7e4123a2838025aa0a478c.jpg,Iceland,IS,65.499958,-23.451602,1
b93c4b794f0e4b8d97e45738285aa268.jpg,Iceland,IS,65.595258,-23.774501,2
9358b32709cf4f24b05780a0c1492e57.jpg,Iceland,IS,65.576362,-19.344951,3
31a32521b7d54e14a660b500a27d5a4d.jpg,Iceland,IS,64.883816,-13.818665,4
e2ffa87f35024ffe8c40d3ece6ddf813.jpg,Iceland,IS,63.476729,-18.563733,0
9893c8a6e2a441f18c755d97227f8eaa.jpg,Iceland,IS,65.580756,-23.185385,1
5262045e5f54485f91ef8b1cb6a95017.jpg,Iceland,IS,64.158657,-20.304283,2
da9150f8e12f498dbbb0446cc901d562.jpg,Iceland,IS,63.507824,-18.860086,3
53f8ec31ab2f41d2b2a7d782dd8699ae.jpg,Iceland,IS,65.352373,-14.956168,4
33f2ae42d18d459c8b01049993eb6005.jpg,Iceland,IS,65.640513,-22.537809,0
69a40fdece3c462bbe72b95e76688454.jpg,Iceland,IS,63.981125,-16.407766,1
84c91c9ee3944008aa05c170be538c71.jpg,Iceland,IS,65.632065,-20.295927,2
147a85570e184947b56270d286497411.jpg,Iceland,IS,65.093892,-21.089613,3
ffd2bc92599a467190d60593fd746618.jpg,Iceland,IS,65.667823,-14.990326,4
76ba6cc7f6f64b779e7afdd13ee32832.jpg,Iceland,IS,65.355285,-14.919775,0
a576677b450d485e8908a5f1431b131c.jpg,Iceland,IS,65.593375,-23.824322,1
5953dbacbe964a189080f04962c3bb41.jpg,Iceland,IS,63.845141,-22.435238,2
b32daf1df7794b2dbea689c5d3b44c69.jpg,Iceland,IS,65.569417,-23.17837,3
1a8ed7b951ff4d4db72ffb871771dc6b.jpg,Iceland,IS,63.844285,-22.415007,4
80fb8e25220540bbb7955f3ef79d3c8f.jpg,Iceland,IS,65.278768,-14.418585,0
112360306825418a81254a7068d2f604.jpg,Iceland,IS,63.470582,-18.589027,1
a7c586007e1148a19da6d801e907d02e.jpg,Iceland,IS,64.290192,-15.088645,2
db8172b7f8944b3c9e9297540458a62e.jpg,Iceland,IS,65.31898,-20.926437,3
7f8e58e187a54e3199ec30580d57883f.jpg,Iceland,IS,63.946844,-20.682292,4
c780829d8d154297a0db5573f5dfdab5.jpg,Iceland,IS,65.047983,-22.761526,0
2d4b92b9223541b1a92015bc5939a09e.jpg,Iceland,IS,63.911098,-20.603066,1
b9020b6d075d4ba0a6d985db36b1bf18.jpg,Iceland,IS,65.16715,-21.057591,2
8dbae3f1c0524b358c15c972c01f2d4a.jpg,Iceland,IS,65.60288,-20.110525,3
c2ac3d80ec1c4920874250051e8f1874.jpg,Iceland,IS,64.629482,-14.435318,4
2148477040e348bfabaf893e98b16f63.jpg,Iceland,IS,63.569645,-19.864772,0
a7c0d55760cc48499994f542ce3fb4ba.jpg,Iceland,IS,65.88985,-22.429647,1
ac94ad5d19524386bb0c15a8e1529e81.jpg,Iceland,IS,65.876272,-16.500175,2
94d4e89611724267a9b567236896bd6e.jpg,Iceland,IS,65.593974,-22.956308,3
888032c378e24c7b873862d7facbfcc9.jpg,Iceland,IS,65.914164,-16.396201,4
1ce88b9aa9b84831b9d42fecc6123b6e.jpg,Iceland,IS,63.544487,-18.452315,0
ff67a0b0d78344818daac081cdf5ac42.jpg,Iceland,IS,63.673065,-20.133444,1
2e051688f9c9439d9228d26f1ea04ed7.jpg,Iceland,IS,65.614702,-24.220018,2
21873e2f09b74821bf9209f83e8ae593.jpg,Iceland,IS,63.64331,-20.054867,3
c919ed647da24d649a3e6fd981e50fc9.jpg,Iceland,IS,63.435155,-18.770042,4
76b75b163dd44fc38a65ccec97b4ec39.jpg,Iceland,IS,65.606701,-20.310419,0
37ae4f83a607487ea69d10c153b011fc.jpg,Iceland,IS,63.555494,-18.4453,1
6dd552eacfbe45c5a0d5ae2407b7ab82.jpg,Iceland,IS,63.845366,-22.435288,2
854b33efa8c14f5b9261d04f40b264ea.jpg,Iceland,IS,65.608042,-23.781837,3
d71ebb95b3ed4fe18a869d7581a296cf.jpg,Iceland,IS,65.699249,-14.928253,4
1e86614717af4d51ab60a153137e59aa.jpg,Iceland,IS,66.099395,-16.883186,0
60b8073f2da94814a65e21d1a5f12b36.jpg,Iceland,IS,65.798755,-22.510126,1
4339c72539124e16a77594a163e6b131.jpg,Iceland,IS,65.561614,-23.18269,2
894e133246c243669edc3cc4fee695bd.jpg,Iceland,IS,65.601819,-20.313748,3
ee7df56d86a2495ca09f8fac1a2283b5.jpg,Iceland,IS,66.173782,-23.431785,4
ea30355a301d44f182453b35538a83ea.jpg,Iceland,IS,66.02771,-22.988935,0
dd8fa34216e44561a916ddedf3836ea1.jpg,Iceland,IS,65.447901,-21.902775,1
56cbe68b9eaa4960bcdaee127c4de200.jpg,Iceland,IS,65.989281,-22.943668,2
7805a7b90d3247c9bbacf046f87c3bdd.jpg,Iceland,IS,65.223531,-14.349583,3
63f09ba10bf44b2ca89e7294362814ad.jpg,Iceland,IS,66.564181,-18.018397,4
8495fdf56a504d42a0db33fd4c397e69.jpg,Iceland,IS,64.613823,-22.048521,0
1bc41c09f4d942868ca29275c67ae59f.jpg,Iceland,IS,65.995941,-22.942427,1
097bbe7da3d0460c86d1334c6f500270.jpg,Iceland,IS,63.550959,-20.076156,2
75384fecfce04c368590f5a2bcfac0ea.jpg,Iceland,IS,66.062749,-19.147115,3
bcb8834a12cf4b6ea94b0af5051eb028.jpg,Iceland,IS,65.679495,-19.603157,4
ed09e9c043ca4d7dbfee45fc3f93571e.jpg,Iceland,IS,65.028859,-14.277185,0
079a49ed3c4c4e76a54e81fff6571f8c.jpg,Iceland,IS,63.97621,-16.863628,1
3e4f644351d84b35aefc3e0fdd55083a.jpg,Iceland,IS,63.98095,-16.408107,2
f0d31621e6fa4b5cbc2110edcdc0edaa.jpg,Iceland,IS,63.480665,-18.551207,3
dbb69339c64b439e860be5228c33b872.jpg,Iceland,IS,65.669936,-23.239478,4
ee86fd243d844d02a53bdbc494be42cd.jpg,Iceland,IS,64.276197,-15.032096,0
558cbecbcc414c8e93b4934749c76755.jpg,Iceland,IS,63.864834,-21.880357,1
5679138118eb4cda95cb7a72984ebc97.jpg,Iceland,IS,65.908146,-18.298725,2
a812001f66914890bf5a9c89a5f26d46.jpg,Iceland,IS,64.238924,-21.349923,3
d79cda0ef017479d872c09823cdf52e1.jpg,Iceland,IS,64.945375,-22.900832,4
a12258d05bdb4d419e74beb23fb802ca.jpg,Iceland,IS,66.044177,-18.521407,0
a1f97accef8241eea62a9144a2b693f2.jpg,Iceland,IS,66.564855,-18.018815,1
1595f21237584862bc31f1648adacf59.jpg,Iceland,IS,64.979012,-22.845335,2
d2f20d31b886408f861b42f9d494eaac.jpg,Iceland,IS,65.752466,-19.65153,3
8e793de48bf847c686a421d785ea712f.jpg,Iceland,IS,65.945211,-16.567453,4
c2ada03e95e24889b2fe5e5ea9e0694c.jpg,Iceland,IS,64.607301,-14.40961,0
cd5a44711164425b918ff074c927d78e.jpg,Iceland,IS,64.925304,-21.534835,1
ea4744a3cad24d20b001a32fa93be81e.jpg,Iceland,IS,63.547345,-18.450195,2
2081af566dc14fa4828464a253364006.jpg,Iceland,IS,63.701118,-20.213115,3
387f94b7227449d7b6b104fabb9b9982.jpg,Iceland,IS,65.555348,-20.656337,4
68af6204eac542438226bc9fecb358d2.jpg,Iceland,IS,64.500585,-14.480743,0
bd1b4c862d5d423bb217527ee2f660fd.jpg,Iceland,IS,65.842997,-17.541373,1
c17891d460e74e2da3f65eb030c2abcc.jpg,Iceland,IS,65.978138,-22.934358,2
4e6b0f3044fc42f9b27873d3b237a999.jpg,Iceland,IS,63.454804,-18.641392,3
616b530319b849a4b457eb83ea93ea10.jpg,Iceland,IS,63.429756,-18.882641,4
23c8987d414944e69f74a9e3ddab3f0e.jpg,Iceland,IS,65.543556,-15.990341,0
5df8dbd8beab44ce977734524c091c4c.jpg,Iceland,IS,66.061912,-19.144186,1
815704175b484612b129c53ecdef29a5.jpg,Iceland,IS,65.726408,-23.756688,2
81e91d0e1e17442599bb8ad8e6350268.jpg,Iceland,IS,65.246463,-14.439493,3
bde40322ce6e4969bb21499e8857a624.jpg,Iceland,IS,63.843817,-22.424271,4
2b477d77932748078bbf495546272144.jpg,Iceland,IS,63.855659,-22.430085,0
59e3e417067f49bbbcbf14f988b32ff5.jpg,Iceland,IS,65.522143,-22.417705,1
d0116ee7da7f46d8888b42e5977e1976.jpg,Iceland,IS,65.740456,-22.046593,2
fc6fc849b1ae42fb8c55be4accf4d2be.jpg,Iceland,IS,63.857511,-22.428911,3
bdcccaeca4554fdaa8d8a089f94cc075.jpg,Iceland,IS,65.671914,-14.984014,4
484f10dd91d94b40b38ab0548090d651.jpg,Iceland,IS,63.986584,-16.398343,0
1de2ba3f9d074764b035453f51fdaa6a.jpg,Iceland,IS,64.695151,-14.188312,1
4e4083129aeb477d8bfbcc207cd1cd2c.jpg,Iceland,IS,64.919492,-13.93514,2
46d4a8aec1174c1cab8f6334003d8a9a.jpg,Iceland,IS,65.703013,-14.922327,3
ad15498460914b97ac0fadce69726520.jpg,Iceland,IS,65.550515,-23.952548,4
5050a007c9834521be70c3694bdcb60a.jpg,Iceland,IS,65.760098,-23.883282,0
ad1cdea6fcf14bf395e81b105f2fb27a.jpg,Iceland,IS,64.917245,-13.821163,1
b397bcccb50346a38194c162c08abffa.jpg,Iceland,IS,65.480876,-19.281157,2
7d3d0090f631435e8faebd26c34f3068.jpg,Iceland,IS,64.326507,-14.937856,3
9f2d9e7034334ff29a9e63c3123fdb3b.jpg,Iceland,IS,65.777903,-23.952217,4
e3645317ee4c40238a4b9612c724c164.jpg,Iceland,IS,64.498258,-14.476584,0
97a0ced4073d4b648da081ead909d810.jpg,Iceland,IS,64.968431,-13.855779,1
46ef229b61f240ff82df8496e798b671.jpg,Iceland,IS,65.582832,-20.051701,2
1d99902ee846469ab7374cf5767cf82b.jpg,Iceland,IS,64.833042,-23.949241,3
6f77b99968f54a23b003cd68f68f2c95.jpg,Iceland,IS,65.442743,-20.580636,4
c5d8f69d4c434a20a34355f0d7d2157d.jpg,Iceland,IS,65.300048,-15.286266,0
49034441adda4f689d8151dab37ac7c6.jpg,Iceland,IS,64.196348,-21.222018,1
d4bf4d846b874683ab25793b48798b3a.jpg,Iceland,IS,65.480775,-23.956547,2
b53d43188c474f339d5f1bd8cf33a19e.jpg,Iceland,IS,63.434626,-19.024249,3
caf10407881a48f5ab7208b60a829ff1.jpg,Iceland,IS,65.893739,-14.826618,4
b54a8ab627b74330bf7e8a8e3ad114cb.jpg,Iceland,IS,66.013048,-16.417667,0
343c22d81784457cbf5531a0164a657f.jpg,Iceland,IS,63.843902,-22.41503,1
1aec33b33f504466b090794e885724a9.jpg,Iceland,IS,64.923776,-13.865313,2
e0b42abee91940a09e83989c8d7d2d57.jpg,Iceland,IS,65.916609,-22.965922,3
b917effafb104380bde4033b9f6b82ec.jpg,Iceland,IS,65.623158,-19.370811,4
72fe6789b03548538382848e09f6aa67.jpg,Iceland,IS,65.926344,-16.578731,0
f1d36996bb8e4be18257a73f3084c33b.jpg,Iceland,IS,63.456764,-18.870472,1
a675b13574264b57acbce7e963e9237d.jpg,Iceland,IS,65.683751,-19.605583,2
6715e31e54074c859a64cc7c9dcf6353.jpg,Iceland,IS,65.620466,-19.363188,3
143d249f9da24674be2c0937e9e7150a.jpg,Iceland,IS,63.545429,-18.451523,4
9139d83ed12a47f9872c94fb12a1c8a1.jpg,Iceland,IS,65.848367,-17.492047,0
44e895849dfa45068c5b40ec1f151562.jpg,Iceland,IS,65.62889,-23.826066,1
48d909041cd44967b9910ea08cb87789.jpg,Iceland,IS,65.738626,-23.166166,2
f2b17dfb7c9940efbcfa903632a751c2.jpg,Iceland,IS,64.982884,-21.592246,3
025337a5ed2e4200a52b619aed5e46fd.jpg,Iceland,IS,65.414525,-21.883301,4
8cde5ac94a464be487d41deeda12913e.jpg,Iceland,IS,65.813049,-19.328448,0
662f4e3e06734148a8e6da2d82ebce97.jpg,Iceland,IS,63.566805,-18.446399,1
0019a967bdae44d4a7adc69bfcb1f823.jpg,Iceland,IS,63.617922,-18.451649,2
d1d61c77349d4697b21dda054bed16cc.jpg,Iceland,IS,64.838712,-22.572601,3
b12510c6c36a43f8926904898ef0c8b3.jpg,Iceland,IS,64.539214,-14.58192,4
50460414b229415fb940de88c0a8cf22.jpg,Iceland,IS,65.03562,-14.109742,0
3103374cb9884269b8dabff7c9beee64.jpg,Iceland,IS,65.896257,-14.829971,1
fa3e94a85cd44427952918a449fa6711.jpg,Iceland,IS,65.5135,-23.701543,2
a2912f6ee7ae42a2a92997b7da0f66e9.jpg,Iceland,IS,64.746277,-14.366548,3
8ebbd7bfb3224bfda299b960ff2e98b3.jpg,Iceland,IS,65.179211,-21.496417,4
752e7d0e381940bcbed2441724d0db56.jpg,Iceland,IS,64.209619,-15.720971,0
5819a195536540889ad33023d51c9fd7.jpg,Iceland,IS,65.739495,-23.820412,1
17aba25167d1493eb359ac9defb76a14.jpg,Iceland,IS,64.416504,-14.538021,2
6ee8b69ae4bd4fdf8b82ca8e0e175811.jpg,Iceland,IS,65.394461,-15.432111,3
2256987df64748a19edba5afa5391075.jpg,Iceland,IS,65.496183,-23.955158,4
e20b163804c244ba919755dd0248f4cf.jpg,Iceland,IS,63.424991,-18.768358,0
6c9a62e0b3224cb682003f2156067ed7.jpg,Iceland,IS,63.59552,-19.972527,1
7d391d39dbee4fc59f12dfe292254d61.jpg,Iceland,IS,63.69813,-20.208479,2
e843fa5cd4cd4e72831e15d74760e2f2.jpg,Iceland,IS,63.958355,-16.859442,3
9ff07eca30ab4ac8a2f733fc1e972b00.jpg,Iceland,IS,64.00936,-20.942937,4
29eafed2c19543a6bb37add7fbf78af1.jpg,Iceland,IS,66.133473,-18.930135,0
f1a82fe2833b4a2dbc13206e030af6a6.jpg,Iceland,IS,65.68417,-16.772296,1
f6fd570579d04c7e89897179fc5b01be.jpg,Iceland,IS,65.748515,-19.359138,2
f3e41942e2f04a779c7f66b9935727bb.jpg,Iceland,IS,64.901238,-23.738588,3
d8aaec5f7c714a99be5e81dcd9e74389.jpg,Iceland,IS,65.546459,-18.074114,4
c63f424278da40ceaa136f5991e24923.jpg,Iceland,IS,65.575295,-19.343319,0
97671e5db74b4ce58a804c747f803b60.jpg,Iceland,IS,63.724435,-20.234328,1
6a21ced790e348e5a0c3392d5e922ba8.jpg,Iceland,IS,64.832545,-23.950144,2
463d5a80cc084510abcba7494410ad33.jpg,Iceland,IS,63.591985,-20.055183,3
3f1a9cde015b41d685f867c1e923f6ad.jpg,Iceland,IS,65.432057,-21.889582,4
1fb59fc6c4ee44b9bbe3a5db8ceab7b8.jpg,Iceland,IS,65.988457,-22.943558,0
1f729be9e4c948f9ae8e3fc2c8fe0554.jpg,Iceland,IS,64.846705,-13.78282,1
76e261df84ae427a8f0a96063d423633.jpg,Iceland,IS,65.789922,-22.563466,2
77c413fa3a6f484d824f31027eca11d3.jpg,Iceland,IS,65.56855,-24.135673,3
448f09644f12461cb5ef3e613de39e9a.jpg,Iceland,IS,63.895745,-16.612111,4
a4715860f7334782a7e2d894d561818d.jpg,Iceland,IS,63.517242,-18.480205,0
8814ab78b4954be3ae5a39e7248ae6ae.jpg,Iceland,IS,64.179929,-15.831023,1
e209a0fe50c54616a4fe6b25cc0b8d91.jpg,Iceland,IS,63.951871,-16.843522,2
488fc5f47127429ebd47a4ea8ead57af.jpg,Iceland,IS,65.943144,-18.426575,3
9124389c947e49aba2fbb8bc8e99f081.jpg,Iceland,IS,65.491134,-23.309672,4
750518da4371449e9a6a98ccfeba6d4a.jpg,Iceland,IS,64.522963,-21.556729,0
56c2c09ed114438190b4b02c7421c4e0.jpg,Iceland,IS,64.778645,-23.644574,1
a7ebfb9ba5f54f2a850035146ceb9006.jpg,Iceland,IS,65.73374,-23.785132,2
1d775ecfd43042a9a4da5771b0fed29a.jpg,Iceland,IS,65.799404,-23.442173,3
d550b11573104f89a429eca6bcb4701f.jpg,Iceland,IS,65.608191,-19.353538,4
c05644dbf52e4c4da0fb82207a4b4b76.jpg,Iceland,IS,64.988235,-22.655239,0
637a411cb1dd4ddd98d0f9804040114a.jpg,Iceland,IS,64.946517,-23.446352,1
efbe131e5ca24ec9b4b5fe65bbb77c79.jpg,Iceland,IS,63.463021,-18.61233,2
282b469440ed49a2b7bf8935b2fe922b.jpg,Iceland,IS,65.469095,-20.508172,3
8b03e1427df04619b784431aeed7bc62.jpg,Iceland,IS,63.849947,-22.372982,4
e4fa0d4f05a4482c8433dcadc7302eda.jpg,Iceland,IS,63.814322,-20.113456,0
b42723ad254b416c97079d185f683da4.jpg,Iceland,IS,65.577999,-19.347365,1
9b10519fffc949f39f5032c35a29af02.jpg,Iceland,IS,63.471752,-19.369252,2
5536bd58d88741d88bed55cf18024460.jpg,Iceland,IS,63.971963,-18.741266,3
0b4fb2c121ac479497f640a063c833c4.jpg,Iceland,IS,64.256819,-21.368206,4
ba60762cfa7c4ab7853277140858031b.jpg,Iceland,IS,63.888817,-16.624079,0
0dbc1cda213b446fb9f6f97c7d4efd8b.jpg,Iceland,IS,66.059589,-19.136052,1
da706dfa6bd44128a97b14b659962ca0.jpg,Iceland,IS,65.556807,-22.410746,2
1ce217c8f85845519758b6122b02ec08.jpg,Iceland,IS,63.44198,-18.750103,3
adbf0740e1384e869522e0bc734c1816.jpg,Iceland,IS,64.827938,-22.520807,4
eb38317b5ad140aeb06b8e01b42ebb9a.jpg,Iceland,IS,63.847514,-22.420016,0
1cd35ef403404f369a86349fda05b236.jpg,Iceland,IS,65.581726,-23.186609,1
25e905f1722b47d493bf9950c2b145a4.jpg,Iceland,IS,63.970793,-16.420855,2
4aa53b85e7e247d8bde2fff67b9e740e.jpg,Iceland,IS,63.529966,-18.46772,3
b98fa87001e34b959cb0cbb611c8f524.jpg,Iceland,IS,64.848514,-22.673194,4
95715c8324bb46a1a239a4751aa6b0cb.jpg,Iceland,IS,65.728739,-20.2123,0
fb13921ff2c449b09fcda3fb172fad57.jpg,Iceland,IS,65.696904,-17.031581,1
1687017adb1e42e18ce123421da395c0.jpg,Iceland,IS,63.529056,-18.468604,2
091b0bd8b449435fa96510ad3b14dec3.jpg,Iceland,IS,63.985706,-16.399769,3
dc07ce451806497ea334ccff84cf78cd.jpg,Iceland,IS,65.535165,-15.420656,4
52b5c5e7e7a846588d66b2bd1f87d02c.jpg,Iceland,IS,64.741541,-14.35551,0
1ebb51ad7b704049bfdffb2e66c3aef4.jpg,Iceland,IS,63.856308,-22.429486,1
520dd852a18f4adba5165cf3a23f4ba7.jpg,Iceland,IS,66.564954,-18.017797,2
41f534acd51c4ba39a9eb02de55e9f10.jpg,Iceland,IS,64.742788,-14.434046,3
198f19b80f98459d90a326f91fdab27e.jpg,Iceland,IS,64.155791,-19.591778,4
a56409649eee47fdb7deb7bb2f06339a.jpg,Iceland,IS,63.54086,-18.455383,0
b897a3513ad94a19aa7ae973ddb6aa1e.jpg,Iceland,IS,63.84916,-22.210397,1
354b79e6aea445a5a2ec782b03fa3398.jpg,Iceland,IS,63.819032,-22.530084,2
b1d417c9b06d4313a6acbeb80666c2a9.jpg,Iceland,IS,65.489534,-22.127649,3
97e943108a46447691335b790c3fe694.jpg,Iceland,IS,65.731707,-19.641975,4
a7d502541a0f44279ea06e4c5fb67c9e.jpg,Iceland,IS,63.832103,-22.492297,0
52c7f3902e4d49508296691f88bdbdab.jpg,Iceland,IS,66.070681,-19.290637,1
fde7238e1488452f88b3c2c4e0885709.jpg,Iceland,IS,65.614705,-19.35467,2
898e515756594ef7a5a60a154e469adf.jpg,Iceland,IS,65.950373,-19.411712,3
008aaac423a34be6bf455d8433560fe5.jpg,Iceland,IS,66.01157,-19.387095,4
7dab8497c6e44c4fae3fbaeb02310c86.jpg,Iceland,IS,65.680993,-23.198784,0
c28e002300c74c2287265c6e0733833d.jpg,Iceland,IS,65.604036,-17.202462,1
a889ba4c25ec494bb635d2ab592e963d.jpg,Iceland,IS,63.850377,-22.440329,2
d7c37f2b40264b089e7382cc15ce1cd7.jpg,Iceland,IS,63.464394,-18.88668,3
c8b7e807aaa34272ac58506c721b8bda.jpg,Iceland,IS,65.729497,-14.863837,4
7d4d8491d45a41c994675c9c39bcdc95.jpg,Iceland,IS,63.541667,-18.454466,0
7ee1e4f86c074a018b417744ce891066.jpg,Iceland,IS,64.834853,-22.881302,1
48af540b2bbe4be0b54b6c7f16824e06.jpg,Iceland,IS,63.524758,-18.472145,2
af5d1701d83848119c9c3f5f90485dca.jpg,Iceland,IS,65.611615,-20.306864,3
1ca9cacd2a2443fa93024530adc59436.jpg,Iceland,IS,63.984302,-18.778122,4
889d2dbe636948369c5e441f017fd36a.jpg,Iceland,IS,64.903414,-23.925787,0
1d32e3e15fee4b7db387746457ee334f.jpg,Iceland,IS,63.440931,-18.758089,1
c764746b4dd44b8da2969af8316eaedd.jpg,Iceland,IS,64.191878,-19.32861,2
f5427fb67dd141f694905ca061308f5f.jpg,Iceland,IS,65.923184,-18.302241,3
be382ff81b154fd0bd7918d211cb352b.jpg,Iceland,IS,66.162817,-19.020941,4
e2219dc2157545a3bf4e47f186c6fdbe.jpg,Iceland,IS,64.67435,-21.665322,0
954301a9569a4f61985cefeada75f1a2.jpg,Iceland,IS,65.102027,-14.328395,1
40f95bb1faf74f21a2938309ed68fec0.jpg,Iceland,IS,63.569448,-19.863883,2
427bd726461b42dea5218758237c7f7c.jpg,Iceland,IS,64.821965,-23.191003,3
cb48c55d3cde48cfa83b0cc63b74c903.jpg,Iceland,IS,63.988715,-18.91654,4
7230791434d741099d52789bb1e00aad.jpg,Iceland,IS,65.943556,-16.568617,0
4c7488522c0948c3b9c2949185b7d870.jpg,Iceland,IS,65.749061,-23.842507,1
ae4702e3cf4a49c09bcc63951434d749.jpg,Iceland,IS,63.8177,-22.541795,2
496c6a13b051446fac9cb6d52e4b9dc9.jpg,Iceland,IS,65.823367,-18.240259,3
ac2f847aeeff48d5be2c7cf1927916ef.jpg,Iceland,IS,63.513897,-18.484581,4
3beb89169f704d7caf8d7fc7b9d8b8fc.jpg,Iceland,IS,64.882839,-13.810714,0
ecea7536ab5e4d83996127e6746bda70.jpg,Iceland,IS,65.84703,-18.199743,1
ef1b3f08b9874fc08bba96a581dc11a8.jpg,Iceland,IS,64.144102,-19.694342,2
3d719cc5b5114ec390a72c2d945815f5.jpg,Iceland,IS,65.694136,-14.937928,3
1640c720e16947e386f7c36a3f5fa568.jpg,Iceland,IS,63.842889,-22.402544,4
88ddc90d29ad4d38a0d6474a16c64b0f.jpg,Iceland,IS,63.912215,-21.36446,0
7ce8d5eed53140828eb62903e466fbd4.jpg,Iceland,IS,64.118417,-20.625491,1
49e2d8b39daf4773983532c588cf1b06.jpg,Iceland,IS,64.062095,-21.559126,2
d4b6a3ab77f844a69fee631637bbf8fa.jpg,Iceland,IS,66.008338,-14.846748,3
b68ab346cb8f4a25829256730051f229.jpg,Iceland,IS,65.212108,-14.605302,4
02cd0122233b4402b3fcfd4894ef09e9.jpg,Iceland,IS,64.845934,-13.78368,0
4eb54133327246bcbb01a2c93b65e7c9.jpg,Iceland,IS,64.743611,-23.807534,1
3fe1a472578e43c5b33b4954ac53dd6b.jpg,Iceland,IS,65.615748,-22.514635,2
0a1c6edbef834a5a866f4cb496cce194.jpg,Iceland,IS,64.929349,-13.698526,3
9e32b722b5da4465b7b6604017289d40.jpg,Iceland,IS,65.644345,-22.571875,4
dcad58841c9e4d16a52f76f56cdc08c7.jpg,Iceland,IS,65.427686,-14.613669,0
230593e277ba46038f1925d41d6a73db.jpg,Iceland,IS,65.159596,-21.093491,1
b1e1540a84f74f5ea0b3134b4b6e58f0.jpg,Iceland,IS,64.828025,-13.935836,2
2a7e298bfa82426e8e8a5259c04664d7.jpg,Iceland,IS,63.852253,-22.431736,3
890ba1cd285b4001a2fe5e889ca6c504.jpg,Iceland,IS,65.046489,-22.349808,4
3c455834fe0740f5b4a471a265983ca0.jpg,Iceland,IS,65.007627,-21.919515,0
8471fededa36401581c5d08c5def4af9.jpg,Iceland,IS,66.084466,-22.999535,1
cc7154fb9262476992b9e4decc7bac09.jpg,Iceland,IS,64.01236,-20.931901,2
fd13758d1dab4126bd144644541dbf19.jpg,Iceland,IS,65.652981,-16.791869,3
be0cf3a0078044fca10f8e0ab1a85536.jpg,Iceland,IS,65.045783,-22.757004,4
cee1daab84b44bb19fc6a6a3d356efdc.jpg,Iceland,IS,65.741336,-22.008326,0
3e34f71c075b41ffb2d03b0bc125b402.jpg,Iceland,IS,64.814355,-23.138469,1
1b66d66e6a964e8c860784cf4e11a252.jpg,Iceland,IS,65.907205,-19.396411,2
57c809d6ee374e20a7a58e272b1abdea.jpg,Iceland,IS,65.614,-24.212991,3
435ea6d31809481a8677b9fa9ae3e93b.jpg,Iceland,IS,65.654048,-19.568319,4
b9ac1621dad443579ba6464596ad373e.jpg,Iceland,IS,65.518832,-18.599921,0
d1a2935d23524f818eb0d80c2284ec1d.jpg,Iceland,IS,66.17751,-23.443202,1
722559fe87e941d59e4c20fe8e779460.jpg,Iceland,IS,65.124115,-14.769465,2
2535ff90ba4145fc8ccba3dceed628a4.jpg,Iceland,IS,63.657997,-18.41391,3
f8fbc23728ee4dc2b9d04a4ab3800d36.jpg,Iceland,IS,64.368309,-15.315474,4
1e8df7fb644843b3bb87fd858df59e42.jpg,Iceland,IS,64.836218,-22.847459,0
8b4fa51e30084acd90788a08a6bc2d1a.jpg,Iceland,IS,65.775981,-14.833768,1
4bf809a4ddd948b09db4b5bc11e1fe43.jpg,Iceland,IS,65.691177,-23.194068,2
9bf6e123f34a4ddda0dc61e1787a9f98.jpg,Iceland,IS,65.497527,-23.454276,3
bd7ec79a7c054017a7312d23d1623bbe.jpg,Iceland,IS,63.427581,-18.768528,4
eaa4eb4c0d9f48d9af1c4a94a2d4118f.jpg,Iceland,IS,66.034041,-19.361062,0
c65870a21ca541059d418561d9252123.jpg,Iceland,IS,64.157563,-19.60615,1
b618483f9cf94b5b955ef08a5d4cce31.jpg,Iceland,IS,65.751866,-19.651334,2
1a36a77a3aac441ea2aaf9bf934ebab5.jpg,Iceland,IS,66.081104,-23.07704,3
4ed1ef6db4b346df94bb58f7a3f60b57.jpg,Iceland,IS,65.572453,-22.296899,4
4df03b39bb664823abe30822995fda94.jpg,Iceland,IS,65.829422,-14.838817,0
b8faebf1c0d64eefa10bf0899df2ec1f.jpg,Iceland,IS,63.923894,-21.359713,1
cf7080a21add4d2ba503f7d11da7c771.jpg,Iceland,IS,63.977541,-16.864134,2
d89a220c9a7f49c7bdefecffa267b725.jpg,Iceland,IS,65.757099,-19.273952,3
553cd855e197464589460b15a5f8a590.jpg,Iceland,IS,64.824824,-23.536206,4
5c2af6dd0f8b4737af567efbc01b29bb.jpg,Iceland,IS,66.007638,-14.847518,0
8d80df343e0741069883d52bd86dee35.jpg,Iceland,IS,66.104728,-17.270412,1
bf8bfcc0214143de8b8cfc9e13a68a16.jpg,Iceland,IS,64.986093,-22.805461,2
a69bfbf0169a4d54bd2313403ab7421d.jpg,Iceland,IS,63.884242,-21.375005,3
81f7b007d2244fdf97c70e798b541ac4.jpg,Iceland,IS,65.817323,-17.552908,4
5f505492cffd442a9284a80a87b08ba1.jpg,Iceland,IS,66.282507,-16.408364,0
3d0cc2ae29fe4d4c9c6edef27f195b32.jpg,Iceland,IS,66.565268,-18.018131,1
7e459b22e2894589a0579c954d254191.jpg,Iceland,IS,65.242388,-21.769507,2
582cd41b080647c3941184c7f3f915fa.jpg,Iceland,IS,63.570799,-19.86997,3
50b532144f8b49c399e1d00ca0204db1.jpg,Iceland,IS,65.761556,-21.752328,4
c7a00cf6acf543b9b0949e89758efbc4.jpg,Iceland,IS,63.943358,-18.652809,0
20469796d2424b1e8189e28eab6a85dc.jpg,Iceland,IS,63.424003,-18.767209,1
22d3648aa08445df94642a29372c26d3.jpg,Iceland,IS,66.06306,-17.342783,2
0b959a79cf58467f93bfabd5e16a57cc.jpg,Iceland,IS,65.600752,-20.108756,3
0d2f4d3c5b6e4b4ca11fc29561fa7d31.jpg,Iceland,IS,65.461626,-22.169696,4
b15adbf73a474e528bf613cc34ab3d54.jpg,Iceland,IS,64.934786,-13.740428,0
a684ba94b74b4ce3a27eff895e6d77d4.jpg,Iceland,IS,65.610774,-23.209587,1
410c9aafc549465fa4ad37367b4937f0.jpg,Iceland,IS,63.646161,-18.419536,2
77471657378947c0841017d8533b0712.jpg,Iceland,IS,63.475532,-18.568852,3
a0ec71aa5d8a487f8b495fe911d3e56e.jpg,Iceland,IS,64.912182,-14.005282,4
52b06666b1d944c5a53f3d47f71882f7.jpg,Iceland,IS,65.480624,-22.129612,0
67c8af6f03ea47eca4a826fc91733683.jpg,Iceland,IS,63.644176,-18.420903,1
5772d8aee42b4ef5af7821a8e4078a8b.jpg,Iceland,IS,64.83312,-13.956256,2
6099d13649164ccdaf036733f29b9f67.jpg,Iceland,IS,65.654932,-23.255917,3
8dbe933f34b04aa299cddde5059e39b7.jpg,Iceland,IS,63.662148,-20.106536,4
1143ddc7ebad4839a50caaac1f40cb26.jpg,Iceland,IS,66.128325,-18.895811,0
59c4d444ff4048d28010e882e7c21c86.jpg,Iceland,IS,63.852255,-22.114258,1
f09c360e288f4656b6551ddc8f2aa3fb.jpg,Iceland,IS,63.852085,-22.36296,2
687e05ec1986407db69cc51f3d8ea6a5.jpg,Iceland,IS,65.649107,-16.734022,3
4d2a6cfdb61e4fc89815de0272a4919b.jpg,Iceland,IS,64.716007,-14.324487,4
a771dce46a4b4408afb9acf064ae2793.jpg,Iceland,IS,65.626167,-14.995762,0
f412c383fda146f88dae842e97b8d91f.jpg,Iceland,IS,65.868055,-14.82009,1
697b607b06584a49ad842fb95d1fe528.jpg,Iceland,IS,65.568092,-18.546551,2
c555b21338bb4220adf661d7bbb443f8.jpg,Iceland,IS,63.839165,-22.434736,3
8329c0f3c4734d5aab6a5d6cf972211e.jpg,Iceland,IS,64.847656,-22.667702,4
327d630328854bfabba5542c8fa50cda.jpg,Iceland,IS,65.674532,-23.208376,0
2b597e1bd2694fc8bf2c893996b5cb96.jpg,Iceland,IS,63.467972,-18.598068,1
0c785fb004774c7086529ac5f0af7d82.jpg,Iceland,IS,65.774139,-22.207743,2
b96f0554c1a2467eb6892ca7f91aa4c0.jpg,Iceland,IS,65.986516,-17.378163,3
2f42adce0408491daaf6d4fd4ed2221c.jpg,Iceland,IS,66.198104,-17.119832,4
849be1ba525248d48b9263a227f89c76.jpg,Iceland,IS,64.710209,-14.319509,0
34e497cdccfe4a17af4e57bcc2a98476.jpg,Iceland,IS,65.652924,-16.935315,1
8d617d45a5f041e49f63740f72aa4d02.jpg,Iceland,IS,64.839332,-22.576228,2
6c781dd58b0a47dd8dfe00e889d60aaa.jpg,Iceland,IS,65.010891,-22.601685,3
9d51eb2c2956460eaacd0e7032e498ae.jpg,Iceland,IS,65.518638,-19.781944,4
642ef270098e4cecacc5acb43fd56e7b.jpg,Iceland,IS,65.746852,-19.643904,0
0a11ff56e8424d20919af02d94f52fdb.jpg,Iceland,IS,65.883173,-16.541364,1
efe64392b1d3421ebe4a33fab24cb5f8.jpg,Iceland,IS,65.017134,-21.997924,2
f1f4860b8d12402087d5e2976d9f364f.jpg,Iceland,IS,64.28486,-15.057169,3
75f16653f96f4eed950276ca76831af1.jpg,Iceland,IS,63.547192,-19.744967,4
ae1bb27d91ac40f38e1503c65112ab10.jpg,Iceland,IS,65.311367,-21.743107,0
cad52e3f9432434999d613818471fbfc.jpg,Iceland,IS,65.744679,-22.084042,1
131e2fd50ec641a7a31f943d57e397a9.jpg,Iceland,IS,64.781125,-23.645431,2
c784bcf85a6e430c9db3f934fcc1d21d.jpg,Iceland,IS,65.839188,-16.395865,3
e4b800d03ced46edad54faaebf14e2bd.jpg,Iceland,IS,65.654378,-17.855839,4
496b604f6e27476f85854596e76e2feb.jpg,Iceland,IS,65.288631,-21.748123,0
4915e69674d345539b4898342d8a8785.jpg,Iceland,IS,65.697332,-17.032212,1
32c5c34c55b34a029670fe3605cabdf4.jpg,Iceland,IS,65.759239,-23.871757,2
1bc8345cbe3746ceab9fd0366512e2ee.jpg,Iceland,IS,64.835651,-13.811599,3
c54025923cc9491cbe5d142375f5bc53.jpg,Iceland,IS,66.087491,-15.163192,4
2b4580997d6e416ab796bb89697a73d9.jpg,Iceland,IS,63.970189,-18.739441,0
6db5d86fc93f4db2a57bd23c302fa653.jpg,Iceland,IS,65.538285,-19.908374,1
56b42a7aa3544c94a2cfa13d93707b02.jpg,Iceland,IS,65.464403,-20.526552,2
6243c399b0df404d95d01855ad7f82a1.jpg,Iceland,IS,63.424179,-18.768475,3
fe7bf09a18da42478432dbcd84e6bf5b.jpg,Iceland,IS,63.842504,-22.44446,4
7ae2fbcd015243b4b93ec0857c80d451.jpg,Iceland,IS,63.549462,-18.448875,0
5eef17fb27d445a5970f7e672f30f1cd.jpg,Iceland,IS,65.588691,-20.650596,1
1628bb06151747b28bdd605f8529c3d9.jpg,Iceland,IS,65.290541,-21.746769,2
c8d6393e4da34945be538fb977902b45.jpg,Iceland,IS,66.059878,-19.137073,3
311adaa394444291842296c03769a743.jpg,Iceland,IS,66.03148,-14.806878,4
f25cc5b258db4ca5a70e9a9c399e18a7.jpg,Iceland,IS,63.52851,-18.468825,0
f22513b3d0144efbb775e987f1c0376a.jpg,Iceland,IS,65.730156,-20.215983,1
af144a301031444eaf8c86150d612ad3.jpg,Iceland,IS,65.851588,-23.391747,2
92ff086cec9d429282f9a96bee5fe5a8.jpg,Iceland,IS,64.844912,-22.75492,3
97a2e05a2b9a4cffa2d2d56899f18f64.jpg,Iceland,IS,65.20667,-13.882543,4
db3c0df57e0d4ed4b3e2be472c6baaf2.jpg,Iceland,IS,65.249567,-14.361441,0
ebaf9cbd01c2497c9c4718dded2cad63.jpg,Iceland,IS,65.732063,-19.645586,1
6907cda532e84ad09ed0abe9162ebbf3.jpg,Iceland,IS,66.008824,-22.933042,2
1c1e4d667f954ec49a850dcf3b74b0a9.jpg,Iceland,IS,63.831391,-22.504548,3
bf357d821df64cd3abd2b48cff9f8a8d.jpg,Iceland,IS,63.852498,-22.26444,4
4305f50ad6fb465cb80a51e8974aa4b4.jpg,Iceland,IS,64.848768,-21.496379,0
5d6208d045f742dc8556ac181df97d75.jpg,Iceland,IS,65.930239,-22.937684,1
b482b615509c430fb2d94aecdd61d069.jpg,Iceland,IS,63.478747,-19.369064,2
629750f5ad814d3f905a30c35d8276d8.jpg,Iceland,IS,64.857774,-23.909782,3
0eb950d6cb474fe09c122c2412ff1011.jpg,Iceland,IS,64.909923,-13.99471,4
e1194bcbdea749e4979eaf451b811c69.jpg,Iceland,IS,65.275728,-14.444835,0
03ffa76f07444c6bb14e071171425505.jpg,Iceland,IS,64.899996,-13.897523,1
f81c5d3e6df44965acec549fa3dadc14.jpg,Iceland,IS,64.180994,-15.828245,2
cf0062a0897d4ccdaeea793a05447ddc.jpg,Iceland,IS,63.530241,-19.61354,3
be2cdeb1cb814fddaf5c2d8f876f8e12.jpg,Iceland,IS,66.170838,-23.417174,4
a34d32c4fab0463ca1869885c04a31da.jpg,Iceland,IS,64.313924,-20.266064,0
7206564441b44beaaacadccc8ac3d49b.jpg,Iceland,IS,65.142489,-14.735545,1
f0681f9b464c40b8a4f6db26a9297bca.jpg,Iceland,IS,63.870799,-22.423873,2
7947278a0e06406ebb8994aa31b36881.jpg,Iceland,IS,65.705039,-23.640206,3
11134130c82b480fb5564b262b053a4f.jpg,Iceland,IS,64.834836,-22.449557,4
477d34023ae445af9c519da29409b62b.jpg,Iceland,IS,65.98815,-16.408818,0
7cc1753eac6549ed96ba3be40da37508.jpg,Iceland,IS,65.58802,-16.940502,1
b503119cc49840149c79ef02ca07fb53.jpg,Iceland,IS,65.941101,-22.469363,2
fc4d0780a1ba454fb04c6fccf437f75c.jpg,Iceland,IS,65.539738,-20.340426,3
c0eaf207b1db45e7bc548b4f95888813.jpg,Iceland,IS,65.807319,-17.563097,4
cd800fd376724e9982f384a4e5e02d5d.jpg,Iceland,IS,65.631008,-23.291513,0
31346a0cdd36431191ea74bdaa6f6a9e.jpg,Iceland,IS,66.564626,-18.018664,1
927e06d037d64c90836b045601424586.jpg,Iceland,IS,65.587265,-20.069707,2
45121b303d7f490ba473d3f8e96f0d11.jpg,Iceland,IS,64.15357,-20.355989,3
c63c30bcdae04ecd835c0c70c5aaf045.jpg,Iceland,IS,65.653944,-17.859816,4
803f3fd4b256450d94dc32a1f6c725ae.jpg,Iceland,IS,64.835335,-23.944931,0
1137c7b3bffb4427bf388ae9e811d23a.jpg,Iceland,IS,63.851573,-22.030376,1
735f6e0f7db5432b8212d630deefe719.jpg,Iceland,IS,66.079521,-17.327381,2
5baa703d40554ee0806c0996e90c8266.jpg,Iceland,IS,65.841824,-17.295279,3
aeca9a2bd21d4086b8a90da3ab4de21a.jpg,Iceland,IS,63.961375,-16.860194,4
c483ab8236984984b7ac60d5f9b86d3c.jpg,Iceland,IS,65.559466,-15.373686,0
844e9170c833486b8996728338e491de.jpg,Iceland,IS,65.676264,-16.782004,1
ba6c4a5656ca49a387e8bd69b2852f35.jpg,Iceland,IS,64.903645,-13.937835,2
c60c76a08ef44fd893557b1401aed735.jpg,Iceland,IS,65.649881,-19.552607,3
9dd9a8cf7acc456ea5e6b197ad80fda6.jpg,Iceland,IS,66.126602,-18.891686,4
9216acfc1f8841c6afe9f214e85cb4e5.jpg,Iceland,IS,63.958325,-20.67126,0
889cae1384514eba957e67baf99e9090.jpg,Iceland,IS,65.622719,-16.884384,1
1ac7a969f91e412ba81debf5aece5e9a.jpg,Iceland,IS,64.292675,-21.424226,2
b970983c33044556a8e780b6a1544219.jpg,Iceland,IS,63.985057,-20.573334,3
b63337b33cee4b74a7551d6326087aeb.jpg,Iceland,IS,65.187278,-14.042153,4
d40a3cd5dfe5424b9ebd9050abed927d.jpg,Iceland,IS,65.405404,-20.633793,0
90712db9a18e4fa282bdcfb6907738fd.jpg,Iceland,IS,66.009183,-14.87878,1
f768debe872c460f9e1dd3c2f815df75.jpg,Iceland,IS,65.519301,-15.447447,2
8bed58255c7341e88cba667e1e6eb775.jpg,Iceland,IS,65.990386,-17.379438,3
66a6efd25f2447eebbb6d6572c31ef30.jpg,Iceland,IS,65.564971,-22.192136,4
43d6daf806044dd6a0a4ab470043455d.jpg,Iceland,IS,65.872224,-22.393571,0
517e5d0af1084b2c848ab5e6e3353750.jpg,Iceland,IS,65.680334,-17.345093,1
2a2684d16bfa4c108a90d4040c764e30.jpg,Iceland,IS,65.561665,-22.186518,2
1c55200ed2ce4650a516021999c6989b.jpg,Iceland,IS,65.885434,-19.387353,3
503a57fbe2b14b81b0293cbb0827525b.jpg,Iceland,IS,64.959747,-14.171955,4
443115031c82428f855d65575feb1fb5.jpg,Iceland,IS,65.354701,-14.937294,0
6a97038579fd4bc6a51f9b447a9570c4.jpg,Iceland,IS,65.653612,-17.858817,1
ae35bfd932de4cb7914bd2581698a70e.jpg,Iceland,IS,63.487348,-18.536103,2
200b6e583d0c4415b628b629c8784a32.jpg,Iceland,IS,63.990751,-16.391287,3
91e4c0875b3b4c32afa4dfbeec711560.jpg,Iceland,IS,66.030732,-19.364741,4
09c2b2161fb1443d9e1e37d46066dd9d.jpg,Iceland,IS,64.369062,-15.312567,0
396a6d913161430dbc04463013721c37.jpg,Iceland,IS,66.015164,-14.8935,1
d1d9d904a2834100b66abffef04bd2b6.jpg,Iceland,IS,64.146204,-21.802118,2
7a685cce8af74e9e8ffd406d5193e7c6.jpg,Iceland,IS,65.611402,-22.802872,3
ad79622c234942a7bc760d821e19b18c.jpg,Iceland,IS,63.847535,-22.378925,4
92d6511432274428ad9c8be3ffb74a5e.jpg,Iceland,IS,65.079903,-21.096759,0
410edccbef41477292e7fd94a6b61ea7.jpg,Iceland,IS,65.094961,-21.09051,1
faa5a8b99a3d4bc094c6970892f4aa23.jpg,Iceland,IS,64.779538,-23.644818,2
8035a64ca06a4c458ed971a1b3bba08c.jpg,Iceland,IS,65.205097,-14.487893,3
9da823da1fa34784a4aa7e279db7e60e.jpg,Iceland,IS,65.578864,-22.13482,4
d03bedec6fde467ab8be806751a16b4c.jpg,Iceland,IS,64.533274,-21.613773,0
0e679a749f074a46b25154b12ee4c903.jpg,Iceland,IS,64.838157,-22.569522,1
c4f4ee14102044e38ba6c87524c44990.jpg,Iceland,IS,65.047173,-13.916627,2
8d4576c577e948478f68b6489d3c2ecf.jpg,Iceland,IS,63.429258,-18.768639,3
83869dda68554de8accc0137cb682ce2.jpg,Iceland,IS,65.827414,-14.842555,4
0dbf5964fd334ed7af85de2e3434cd78.jpg,Iceland,IS,65.89799,-18.067247,0
dad3a8d6846e4b1985f6928b2494e1ac.jpg,Iceland,IS,65.493457,-21.892925,1
c65306fc0a304d6eac4395bb02fb16b7.jpg,Iceland,IS,65.037289,-21.093766,2
8effb42fe55e45019240cbbc3b13a564.jpg,Iceland,IS,65.622401,-23.474085,3
d326fd57d2d243e18ddce05c00daea1b.jpg,Iceland,IS,63.93396,-16.447924,4
3a362023c0c64c65863fb65b00d067c1.jpg,Iceland,IS,65.752881,-23.8606,0
9c27b34830fb419fafb6045c2760905d.jpg,Iceland,IS,66.565602,-18.019812,1
12bd0d2049c34379b1281fbf49ab8dc7.jpg,Iceland,IS,65.50664,-21.880035,2
e07f3ebdcad84f19b215ef6ea404f706.jpg,Iceland,IS,65.733884,-14.859265,3
a92023e9142b48439084aee63b4af8d7.jpg,Iceland,IS,65.999136,-22.940159,4
695a487530c74d43bf29b4760c6aebf4.jpg,Iceland,IS,65.762919,-19.658481,0
9ad567a94c0242449e69ed15d44d92a4.jpg,Iceland,IS,63.646774,-18.419041,1
85d3e6a0238b4da1827ba09c65187427.jpg,Iceland,IS,65.91063,-18.304795,2
69a3a724853d45298e8f2a0fa1dbe604.jpg,Iceland,IS,65.675744,-20.684976,3
6d108596f9654fb1b21e0c6a6d529a31.jpg,Iceland,IS,64.80067,-13.991081,4
9accef3801ba424c81d6c69b6cb4b794.jpg,Iceland,IS,64.328927,-14.935126,0
3d55a1be72d94436a99b5f1a10320f82.jpg,Iceland,IS,65.444589,-20.689137,1
3fa5e191030840e7bd7cea6c63b2c9cb.jpg,Iceland,IS,65.689603,-23.192717,2
c0d3289b5d0447599404ea82aefef45f.jpg,Iceland,IS,63.564236,-18.445589,3
9f44d68c30ed439e9ce57cf3ecd048c1.jpg,Iceland,IS,65.637273,-14.995831,4
3734a947ec334713986c07e43464244b.jpg,Iceland,IS,65.45001,-19.217427,0
892cbddf1f99471daf94e11f1e42c4e2.jpg,Iceland,IS,63.541128,-18.455069,1
42f3b1ba3a694395ae2a5a24e9f079df.jpg,Iceland,IS,63.951738,-16.843062,2
dab62c99cccb4bed96f8ed885ff4e9e6.jpg,Iceland,IS,65.546337,-20.344022,3
1527e75841ad4582ae517b7666551689.jpg,Iceland,IS,65.762811,-22.167692,4
5e178412320347879435494d64d9fc2b.jpg,Iceland,IS,65.780336,-18.235269,0
50b7aa61652a4ee086df7232d1ab8110.jpg,Iceland,IS,65.765876,-17.91008,1
fbd62158f0fe415ca81ff55cf7d5f7e8.jpg,Iceland,IS,64.197732,-21.223245,2
e90a81568d744b6888759cd519396580.jpg,Iceland,IS,65.965858,-23.063138,3
d39f92ad9cc4423ab5a0d5f08e9b8917.jpg,Iceland,IS,65.769069,-23.927239,4
eacca64f5dcb4bc49c8b2b6024357934.jpg,Iceland,IS,63.48638,-18.537891,0
89383ab8d73149239deaa8fcab831c0d.jpg,Iceland,IS,63.943798,-16.801992,1
0c8090c6b72a4779aa908b00f36f61f1.jpg,Iceland,IS,64.822637,-21.388155,2
89d3caad3a12461bb65a93e77c130c66.jpg,Iceland,IS,65.814262,-17.55388,3
68f9e19a7e7b4f1d90815ec7266b38c3.jpg,Iceland,IS,64.747057,-23.816201,4
68ed61642bbc4bbca17551a95cce8dee.jpg,Iceland,IS,65.377373,-14.761636,0
d356709ac0454ab59e597399cc874e3e.jpg,Iceland,IS,65.713411,-17.057121,1
3baae3c6aa5e485b8fe487db4c19abf4.jpg,Iceland,IS,65.554549,-22.3615,2
c6724e12c949493b96462c00158d5fdf.jpg,Iceland,IS,66.166371,-18.988946,3
e2c9aeeee7ed4cd0b5ea2104820eacbe.jpg,Iceland,IS,64.608729,-21.744727,4
0e9cfb53411c4cbbbca8d17f78910a51.jpg,Iceland,IS,65.723605,-14.778215,0
52baf6873ff049cd94f768fe471f8045.jpg,Iceland,IS,64.768751,-14.467744,1
6391cb595c514ae184f3823d57c3539c.jpg,Iceland,IS,64.737515,-23.775885,2
d5492446842341bbbb710f5d456d3148.jpg,Iceland,IS,65.779176,-23.235214,3
301dedbef035438696c97ae3b5914b0d.jpg,Iceland,IS,65.654307,-23.252679,4
409f968c5fc642ae8d37478a956e4079.jpg,Iceland,IS,65.492461,-21.893478,0
c5debb7009324e82ad36e52320372e4f.jpg,Iceland,IS,64.791456,-14.003116,1
a1bce705b1f945a8a3d474b597058725.jpg,Iceland,IS,65.62306,-19.368048,2
2011d99bd9b8446ca2397730c7b5f52f.jpg,Iceland,IS,65.837072,-19.355966,3
378c7a955f574de0ad6caed24296b300.jpg,Iceland,IS,63.483745,-20.176067,4
452ee71b21ba492e8c824e4e008d0e1b.jpg,Iceland,IS,64.513113,-21.541816,0
189fe36fd1af49f7a9d19526d44af99e.jpg,Iceland,IS,65.72455,-17.375018,1
a1fc68f22bbb4407b1db39f5e5956e65.jpg,Iceland,IS,63.439364,-18.771198,2
4f8866d8257a42e488244c49752ee96e.jpg,Iceland,IS,63.629313,-18.437822,3
1bd33d64f7c14e9f863d22c6ebefbd9f.jpg,Iceland,IS,63.474913,-18.571192,4
f48ea79b78574b708ca4a75a9345d46a.jpg,Iceland,IS,64.744438,-23.809086,0
b69d494d63a349a7b535e66cba2efe32.jpg,Iceland,IS,64.118252,-16.080174,1
71234600632142c3856824c502b223fd.jpg,Iceland,IS,65.689862,-23.192854,2
b597ac082f304c3ba9b1c9eb390566f3.jpg,Iceland,IS,65.362214,-14.866272,3
ae30d8a7775542f8bb87a77e503d374c.jpg,Iceland,IS,64.416895,-14.588153,4
32f04227f47c4d4ca735d6afe9c171dd.jpg,Iceland,IS,64.790832,-14.013726,0
ded1c03823764c28b1478b911ac4775b.jpg,Iceland,IS,65.249274,-14.359948,1
292e9f349f5b4e458330dda66485ea27.jpg,Iceland,IS,65.31446,-21.744239,2
452f956bd2934ea2818e6436c85e726c.jpg,Iceland,IS,64.912407,-23.800747,3
6ad8a8a193cd428789e6ee01db25160f.jpg,Iceland,IS,66.184741,-18.941231,4
10458cea54e84b62905d630b4b199cda.jpg,Iceland,IS,64.122871,-16.072287,0
fadab2104f2942c8a0eb610632642890.jpg,Iceland,IS,63.990542,-18.923977,1
71683a6ec66145c8af49057fc9437010.jpg,Iceland,IS,65.765719,-20.2576,2
8741fb202a2f4296891629fc6d0b54e3.jpg,Iceland,IS,65.377849,-14.530702,3
1f06ca8f03c247939beb68c3511da11e.jpg,Iceland,IS,65.948285,-18.151452,4
76c1919fa9494635a2cc0f80a9d7b1c6.jpg,Iceland,IS,65.590633,-17.16039,0
dd28d87a03084421bc2662597be58ddd.jpg,Iceland,IS,65.718157,-19.375574,1
d0eee4521fe2436e8093a7a4bcf4ec46.jpg,Iceland,IS,65.668297,-19.596623,2
567536d8cef344ed92aadb5271c7d8e0.jpg,Iceland,IS,65.641213,-20.295537,3
f7fb9f1b28dc44fc890fda5c0156038e.jpg,Iceland,IS,65.337445,-15.042888,4
26321a3985bf42b5845efa8eb9eb58d9.jpg,Iceland,IS,65.487117,-23.26191,0
635af73df9bf49e480927096a2af9fc6.jpg,Iceland,IS,65.03781,-22.754768,1
563c8d6a1dc94a4f8988aec1d6e9ce35.jpg,Iceland,IS,63.843724,-22.409829,2
205b619be35b453b9de25f1caf63d432.jpg,Iceland,IS,65.941434,-18.130607,3
684ec929545c4d35aee40ae881cbe5e6.jpg,Iceland,IS,64.876734,-23.950222,4
9eb98fc158c64f2d9f2bb7ebeba09ed0.jpg,Iceland,IS,64.965791,-22.895596,0
e7917ffa350d427fb986d569b41f90b4.jpg,Iceland,IS,65.412002,-14.555716,1
5c90e2570fc84b73a706b79cbc969bb7.jpg,Iceland,IS,65.563596,-19.966594,2
d0325522a2e5420582df535e0a22119e.jpg,Iceland,IS,64.503405,-14.489529,3
ae26c6cea1214944bfd1275acdd5f7a6.jpg,Iceland,IS,64.201828,-15.736508,4
b8d514cc331940a08cfef76519e80aeb.jpg,Iceland,IS,65.584005,-23.149637,0
9f53598ef0044997a321318347e0a7be.jpg,Iceland,IS,63.520162,-18.47688,1
0dafe2d6fc90479da26447798f64693f.jpg,Iceland,IS,65.926596,-22.438013,2
e1fdbf3480314ead86bc7f0292158b24.jpg,Iceland,IS,63.684705,-20.175899,3
de6203b2b585439c9bd1e8f5e9a98e62.jpg,Iceland,IS,65.915605,-22.966814,4
bf44012d64d54958a59928c7be9fe011.jpg,Iceland,IS,63.843061,-22.405268,0
fe74cb85e81f4efc843f9d4db7687502.jpg,Iceland,IS,63.852789,-22.361325,1
fbe9de6aa946421ab9c395e4b1e76f59.jpg,Iceland,IS,65.191485,-14.013813,2
b3e9acfa59d94a5c99f25ed1ae0875f6.jpg,Iceland,IS,63.843436,-22.407855,3
a9facce028494588881d170ea10e4d1b.jpg,Iceland,IS,63.84336,-22.43187,4
60fb11bc0acf4e95afa13fe5d09a8e0f.jpg,Iceland,IS,64.951997,-14.139647,0
5bcc4b3acbd648efbc2de5ab1cfe0c9c.jpg,Iceland,IS,63.520838,-18.47613,1
57febd35483a44aaa41b99eb6064ee7b.jpg,Iceland,IS,64.820298,-21.393362,2
7d6a6e2aa4fc4fc4a9386aba6962e533.jpg,Iceland,IS,65.045823,-21.097105,3
91bf54cfd85d4b6cb42367475b678c39.jpg,Iceland,IS,63.639137,-20.047058,4
6e08b7fa69b54da99e72120a37c343c3.jpg,Iceland,IS,66.135107,-18.929184,0
96a38a3843a54e389cdc3774da9d3548.jpg,Iceland,IS,66.161657,-17.233965,1
7ea0a636c3f44f3c96ffb7f38e829ea0.jpg,Iceland,IS,65.508431,-18.609608,2
96dc7c8c05354b54a7612b851ed5a8d0.jpg,Iceland,IS,64.610841,-21.813335,3
6ae2fc7f747744ce8693154d1384953d.jpg,Iceland,IS,65.745342,-19.362416,4
c0c49d15801840bf98373fad1fd80c02.jpg,Iceland,IS,66.565946,-18.020466,0
d0bf2aba011e4dc2ad1fa643df719ae2.jpg,Iceland,IS,64.946968,-14.115853,1
ca28d822d1b545b09a75913215e32cf2.jpg,Iceland,IS,65.732172,-19.637462,2
1c522e9fe8794f5a86703c8a03b7518c.jpg,Iceland,IS,63.545892,-19.731498,3
41b3ce157ae84b48bad7fcfc0d2b5bc9.jpg,Iceland,IS,63.839884,-22.427676,4
0facfce8cded4ffeb9a5c0a1d5394d21.jpg,Iceland,IS,64.794654,-14.007301,0
83d1b8e41f0f46ddada8a873d6246ed7.jpg,Iceland,IS,65.645028,-20.294616,1
f2fc804e4577464d86503714b3d31cb2.jpg,Iceland,IS,63.819151,-22.557148,2
5339ed2aec5948298f8be96781b965cf.jpg,Iceland,IS,66.006328,-19.395517,3
fe9c38499bf44967a4585336e2e5c79d.jpg,Iceland,IS,65.5813,-18.538849,4
4331136eca844984bae96db2158791c6.jpg,Iceland,IS,65.86159,-22.305459,0
152991018a9a47fe8806f7eeeae4a1aa.jpg,Iceland,IS,65.609615,-19.353769,1
45e6eb69315c4be18a618f09b823c8f4.jpg,Iceland,IS,66.090908,-17.315833,2
ffd50e847a4a4b80b3ddf237088eb9d8.jpg,Iceland,IS,65.207832,-21.387564,3
817eb5392add4aa790a79d986e17ca6e.jpg,Iceland,IS,64.910588,-13.742746,4
e747315375054d8fa52d7febc962cb5d.jpg,Iceland,IS,65.938823,-17.309862,0
72a78b50bbf841909fa2d1a1cbde169e.jpg,Iceland,IS,66.025335,-14.808961,1
78a604d4063040308f65c8519fe3b11c.jpg,Iceland,IS,64.626301,-21.467498,2
9079f6b3465642a2a9f49aea68230a5a.jpg,Iceland,IS,65.751023,-19.178236,3
6c1bbf81792e40029335c191a83ecbb8.jpg,Iceland,IS,63.690435,-18.337182,4
9aa3f49d3c734246920eb4e91798d21c.jpg,Iceland,IS,65.841204,-18.252043,0
a5b3f40c202b4888aba0ec1495531cb9.jpg,Iceland,IS,63.474078,-18.575599,1
78a19dbf18734c4781d4910d65a4baab.jpg,Iceland,IS,65.420121,-14.587878,2
ae67384d50d44a11b0d7ccfc690a402b.jpg,Iceland,IS,63.878588,-21.22211,3
e3b6e1e5e8fc4b17820420d02f2f51dc.jpg,Iceland,IS,64.420061,-21.5914,4
7de5a046c20247b8ad627060f704f8a8.jpg,Iceland,IS,65.491433,-23.213946,0
90f174ff3ab94da89c8451ff048e70a9.jpg,Iceland,IS,66.084803,-15.145187,1
da30a73491c54ba89c0d8a65e0195e39.jpg,Iceland,IS,63.819061,-22.531723,2
2ef33219a05f4d3099bad3ac26e39d26.jpg,Iceland,IS,63.861373,-21.901124,3
68db775651e7432c9f674cde6e6a3da7.jpg,Iceland,IS,65.863942,-19.375504,4
d46f4099498546e6b5805cd68b909f79.jpg,Iceland,IS,64.183756,-15.81911,0
cb38c4d4a54e48f69761d6fe1cb24b76.jpg,Iceland,IS,63.960528,-21.262063,1
3791c47919254c5bb2d6c1643d9c971b.jpg,Iceland,IS,65.797196,-19.938254,2
42ae498eaff64b8d8be4899bc3a3048d.jpg,Iceland,IS,65.665402,-14.996241,3
b60683ef3ebb43f8ad044a9edd1449cd.jpg,Iceland,IS,64.82904,-23.467422,4
5ef14357b2d140829a0157e9cc0293a9.jpg,Iceland,IS,65.768288,-16.399688,0
63545ff8ec3b406b85d9ffa4c7270daf.jpg,Iceland,IS,65.540946,-22.414205,1
bb8a8ca271f24e729e51d0c6dc04f603.jpg,Iceland,IS,64.178474,-15.867354,2
9afe4aba31504dc9b90ba3392d6fdf41.jpg,Iceland,IS,65.42946,-20.593079,3
2a0a1ecfb8994bf19bce7fa1b3f2dd48.jpg,Iceland,IS,65.900993,-18.061126,4
5763df67196d49f78e2e8310dbd06bee.jpg,Iceland,IS,63.831076,-22.508856,0
eeb58e3fb7eb4c39938aaca45cafe664.jpg,Iceland,IS,64.826734,-13.929454,1
95b7e92d4b54428a92d40247a09076c1.jpg,Iceland,IS,63.842857,-22.439221,2
626f1c301f5e4d3f837ec4cb13fb7e97.jpg,Iceland,IS,64.824301,-23.964661,3
c8ead7e09916423a8b07e45c3ded3eae.jpg,Iceland,IS,63.82463,-22.665153,4
024f8bbb735344c2a20ba35ebbd04a04.jpg,Iceland,IS,65.364323,-14.850339,0
0bb6879ed1e8445aadb48439835cf700.jpg,Iceland,IS,64.773841,-23.884151,1
09a987a082e24f9e92f1129d027f30c6.jpg,Iceland,IS,65.857128,-23.315433,2
298f78ce987d462bb206a3f244eb720a.jpg,Iceland,IS,66.169234,-18.902905,3
f0c044e92f1a44b18b19cabe497d20bd.jpg,Iceland,IS,65.227033,-14.571014,4
0ab06fd094e4402e9e9332dbcaee7d96.jpg,Iceland,IS,63.456382,-18.634777,0
1d282dba112b440091805655e9e613c5.jpg,Iceland,IS,63.819319,-22.556489,1
ba2e76321bd84a8e88f7ef225382afc2.jpg,Iceland,IS,65.109178,-14.329833,2
40bb2b81b78f4041825d6fac49051cc1.jpg,Iceland,IS,66.083778,-17.322374,3
47c636b90903435ebdc2b06fd330d419.jpg,Iceland,IS,66.020685,-23.378411,4
3e3867fde4e74b9286bb5cf70c1b2a65.jpg,Iceland,IS,63.893207,-16.61787,0
00d64b744239408da717b32664e07284.jpg,Iceland,IS,65.222486,-14.349844,1
b52ac53cc63649e881b0d3216037537b.jpg,Iceland,IS,64.27838,-15.034638,2
e6048e1c5c6148b594abef0b0e7b7a8f.jpg,Iceland,IS,65.248194,-14.356785,3
95f87e5e447d402b872b7176db6d98bf.jpg,Iceland,IS,65.541558,-19.914065,4
e1063277646f4f99b1f88a710442020f.jpg,Iceland,IS,65.747192,-17.131555,0
381a6f8e649c4c3dba45237ca290dcf9.jpg,Iceland,IS,66.179326,-18.969438,1
32ae689a4c90437b897cc36475034f46.jpg,Iceland,IS,64.620365,-22.051724,2
7d46178de4fb41d9acc06bd21fdd7727.jpg,Iceland,IS,65.164719,-14.190469,3
25d9a16c6f1242acb52c7c9cc0aa9fd0.jpg,Iceland,IS,64.834871,-22.83082,4
0693de559a1f4e60a4c7e7ea619de42f.jpg,Iceland,IS,65.99501,-17.378977,0
809785b9b83b43da8407911d773d1e1e.jpg,Iceland,IS,66.072837,-19.250017,1
bcc171fd72634ec58be95c5f06e57aeb.jpg,Iceland,IS,64.362705,-15.33723,2
e32add7fd2944284b5d870e6d4ca2c35.jpg,Iceland,IS,65.516365,-23.719771,3
91916dbb1a9d484782697b43fa606fa6.jpg,Iceland,IS,63.846113,-22.434733,4
bcd00511789d4fe3ae21ec589175d11b.jpg,Iceland,IS,65.534,-19.895781,0
f2f739861c824b399812b94fcfe73981.jpg,Iceland,IS,63.601536,-19.983192,1
74067f37a5244bcea3c13bb5937b68c3.jpg,Iceland,IS,65.738799,-22.016716,2
a0ce1e43dba64063acbe59a37621d2a7.jpg,Iceland,IS,63.678188,-20.15654,3
316048b52f1a413dbbfebe3865ee4d24.jpg,Iceland,IS,63.850238,-22.439286,4
474cb50379184cc6bb882b2e91748ab6.jpg,Iceland,IS,65.414802,-14.569327,0
deb52e9dae734b84ab2232623360f8f9.jpg,Iceland,IS,65.448396,-21.904555,1
ea1c6eed732c4022bb0b6cdbfb28185c.jpg,Iceland,IS,65.224854,-14.349365,2
5d73b04a0dab41c0b6c36a752caa58c9.jpg,Iceland,IS,65.937498,-18.401524,3
11c3f2b020594ecba4a988ca9ea12e6f.jpg,Iceland,IS,64.796828,-14.0202,4
73e846ee54784a078f8c6f804a569d3b.jpg,Iceland,IS,65.811202,-22.518352,0
7ca634597e23400bbb077e0b6e43f8e0.jpg,Iceland,IS,63.917892,-16.511339,1
178de2c1ae534814850c82c7916bf588.jpg,Iceland,IS,64.835899,-22.80558,2
82f0df8ea82d4dfa96cfe2255ddd1af4.jpg,Iceland,IS,65.519996,-23.418932,3
f01d0b07371d4bc184b89b9f4e752d1d.jpg,Iceland,IS,63.430568,-18.769079,4
b3fd1fd8880d4b34bda71fee9d13a0a3.jpg,Iceland,IS,64.932154,-14.05935,0
97a64c53c1a743a7906a19ea16c4d801.jpg,Iceland,IS,64.6716,-21.625595,1
08520d157ded42c9b7701b57cc654ca1.jpg,Iceland,IS,65.710698,-23.701045,2
8d390fad3491444ab6b4e114cb54bc21.jpg,Iceland,IS,65.235943,-14.453744,3
369259f582c0418586f9ac0429f68f57.jpg,Iceland,IS,65.013299,-14.114524,4
ddd1aa3f222e42d7923580e79f1bca6b.jpg,Iceland,IS,64.968644,-13.856102,0
005e9cb7fd5b4024b5815614a701dfa5.jpg,Iceland,IS,65.550691,-23.115731,1
af10f06ccada4ed0a6051f15f6cf98fc.jpg,Iceland,IS,65.285875,-14.430235,2
a68aea4776444077af93d518ca0e7725.jpg,Iceland,IS,64.527991,-14.541611,3
c1cbb1813a1949bf8122fea483278b7f.jpg,Iceland,IS,65.983133,-22.856357,4
b03fc50ef675462c9cc24e0a1d4aa8fe.jpg,Iceland,IS,63.530374,-18.467368,0
790922767152460b8bd217ed69936a2f.jpg,Iceland,IS,63.539264,-18.457464,1
8592c1bce92343bb827b6d2e363ae542.jpg,Iceland,IS,66.125696,-18.888237,2
4983ba3dbd0244fd96818e708363417a.jpg,Iceland,IS,65.459218,-19.241216,3
a640b0c0bc254899973a19f23ddabe22.jpg,Iceland,IS,64.941332,-22.904077,4
1e110a49a9b54fb4aaefe70e2d50af1e.jpg,Iceland,IS,63.486053,-19.339861,0
e6e4d0dec2b14d34952fc918a4966975.jpg,Iceland,IS,63.463536,-18.610843,1
b162cf29f4f94724a0ab1fe8c98965a8.jpg,Iceland,IS,63.965004,-16.861116,2
dab5ab4108ce40d88db672b6218b4c9e.jpg,Iceland,IS,65.347791,-20.841971,3
b6f85673ecda4de4a9edacf474235226.jpg,Iceland,IS,64.287983,-15.148427,4
26c2bd20916e4691a050d7b6807140ae.jpg,Iceland,IS,66.035971,-18.523542,0
c72792bb35f64be09e8d650f266c47c9.jpg,Iceland,IS,65.764133,-23.918904,1
425822929d7e4e85bdfe1253d93e172c.jpg,Iceland,IS,64.938218,-14.093906,2
78bf3b301cab4df1ae81e9dec3a1bb5d.jpg,Iceland,IS,64.754665,-22.248431,3
cf22ee9134174fe580d2fdfbc68fcb79.jpg,Iceland,IS,63.917507,-21.360853,4
2674c430b8824f1e8c534a30cd3d72f5.jpg,Iceland,IS,63.628521,-18.438774,0
430509ffcb564a7a825a4170c151d10d.jpg,Iceland,IS,64.912267,-14.006476,1
8783934d122f4199922435df56319ea7.jpg,Iceland,IS,64.815584,-23.955016,2
c536c9993aeb4960b8cbba72f7d34dd5.jpg,Iceland,IS,63.83821,-22.437933,3
6b95be0f5ead41378892e663c6fcd3c4.jpg,Iceland,IS,65.820387,-17.356904,4
e320bbf8a375421c832ccc5323608072.jpg,Iceland,IS,65.749459,-23.843698,0
36fd01f799dc4a099ea151bf89decf4d.jpg,Iceland,IS,65.710488,-19.375733,1
c641885ca9d24ad3afe5ca1974a0be99.jpg,Iceland,IS,64.091349,-19.07027,2
16dc5bf774744ac8b4239150c97ef086.jpg,Iceland,IS,63.630728,-18.436014,3
6c3274cfc6c545f597dc5895368d2020.jpg,Iceland,IS,63.840114,-22.429127,4
7516df3eff874dbda1c1c83717067dff.jpg,Iceland,IS,63.950486,-16.831054,0
70df22c67b4048d3aacb15843e13fa92.jpg,Iceland,IS,66.07504,-19.232384,1
f45d363d946a49838405f0d1719b4cdf.jpg,Iceland,IS,65.245466,-14.440706,2
4fce3527f13f489eabb91f7bb5ef59be.jpg,Iceland,IS,64.192504,-20.946718,3
63420e02f9ff41889873e5b30e082637.jpg,Iceland,IS,66.007947,-14.874095,4
5f1dee056b384792a9905483085187a2.jpg,Iceland,IS,65.944858,-18.432526,0
dbff8be73c5a4ed88aff2eefa0ef2224.jpg,Iceland,IS,65.446993,-18.9967,1
174aa59bde4343fa8943e8736e5c91ee.jpg,Iceland,IS,63.482903,-19.329734,2
0e6073b9ceab4615af9003bb7bfc24a8.jpg,Iceland,IS,64.470019,-21.518989,3
d22b960d66fc496da24d9420d07233b3.jpg,Iceland,IS,65.936153,-22.931375,4
3eba44b5e7584f49ad951121ddd05b99.jpg,Iceland,IS,66.049215,-16.605186,0
a079dc4e7ec94f0eab97665652973c60.jpg,Iceland,IS,64.82253,-22.488772,1
a85e5c7b8df44a9298e31c150df1e839.jpg,Iceland,IS,65.012197,-21.835425,2
5263b460f2784b39bbf2f77c2731d868.jpg,Iceland,IS,65.818557,-18.236313,3
81b10f8706774973b82e84e4d0231a05.jpg,Iceland,IS,63.945431,-16.807802,4
f74f4dc3e18c4fc082d71c5ee4e4a93f.jpg,Iceland,IS,63.982617,-16.871888,0
c19694f0ac144a1881041eda0efc5a76.jpg,Iceland,IS,65.560905,-22.429463,1
d9895868415642ba8828e9e0aa3cac84.jpg,Iceland,IS,64.518307,-14.548117,2
d33ac2cbe8334b6e9042f22dd2794f25.jpg,Iceland,IS,65.645611,-23.68849,3
8299e0f9cd8b450ab631738410712ca9.jpg,Iceland,IS,65.937757,-14.83553,4
bc6905b188134246afce7fbd0259332e.jpg,Italy,IT,38.907204,16.329004,0
d7afb379cf124bdb85786e9557c07ab6.jpg,Italy,IT,36.733321,15.117304,1
e52d8ede69904094b910065da8928d8e.jpg,Italy,IT,37.270902,14.949212,2
99a237ad0e9642388f210c4f431e99f3.jpg,Italy,IT,39.22141,9.188401,3
8ddedbf716ba405c95bf257305348a64.jpg,Italy,IT,40.991622,9.138444,4
c2d6d69addb74e698380d8852d800199.jpg,Italy,IT,40.599087,16.174433,0
e4d61d5690464df69f3bcd56d48b158d.jpg,Italy,IT,42.188566,13.499189,1
4dd67396a753484ab969d281f713f806.jpg,Italy,IT,43.233988,13.758248,2
9bf2b3f7bec54a99a7d95e3b63b0d2f5.jpg,Italy,IT,45.298793,7.866709,3
edd2d1634aea40b59b1a39a30e8152a6.jpg,Italy,IT,36.786647,14.535252,4
05b6baac717a46eb9a409a5cb5d3e7f3.jpg,Italy,IT,36.82738,14.532361,0
e179b59ba353407d8bd55939b3363199.jpg,Italy,IT,36.785061,14.535972,1
912555bbbcf14dd6968ff8384d2450c7.jpg,Italy,IT,39.446695,9.641534,2
df62aebb745943f8ad0babad59c3f75f.jpg,Italy,IT,38.151481,12.737976,3
08868c5599be4a5582a2c0bc69e40129.jpg,Italy,IT,40.570273,16.577622,4
cb793a84341349829564b9856f835291.jpg,Italy,IT,37.72838,14.056392,0
b442ed50db934dceac7bf688c5cb5ae6.jpg,Italy,IT,40.054391,8.577498,1
3493c5da33ae40a8b4c6cbab032d254e.jpg,Italy,IT,44.955409,7.202041,2
c0a16747daee43b6b084d601e425d463.jpg,Italy,IT,41.176966,9.27941,3
4f2e0e875dc948918b4702577badc62a.jpg,Italy,IT,38.481045,16.518357,4
aa6c42b0ea9d4e5d92a957fb91d0466b.jpg,Italy,IT,38.091016,12.7497,0
b8b64181a82840268a03a50091a129b0.jpg,Italy,IT,41.022901,16.845796,1
5758c02c8aa649d9964469e6fbf012e1.jpg,Italy,IT,40.912462,9.37969,2
b043fe8802494810ba2709eed878942e.jpg,Italy,IT,40.696279,9.711771,3
8796b176059f45f2b1cd1b042c3fc8b4.jpg,Italy,IT,41.836047,12.798332,4
6028a87cc456480caa7ec2565c60abbe.jpg,Italy,IT,40.987765,9.134418,0
0e63e15f1b264aeb8a49d1970d59c6f2.jpg,Italy,IT,39.408588,16.014914,1
72d4991a84fe4ca19a1b0c8532e926bf.jpg,Italy,IT,42.718974,12.13946,2
f040bdbc5d1d443fb2ae105c5cef3991.jpg,Italy,IT,45.96558,9.650088,3
e59503cacb104feeb49794256364d1a0.jpg,Italy,IT,40.494387,17.183557,4
0e51f7adc09f4118a7f328ecd0f4dd0e.jpg,Italy,IT,40.977626,14.846478,0
aa26bd7de1524488a6013263a2d5ff23.jpg,Italy,IT,42.810918,11.801192,1
486eb6239b0f4d1fa5204d27b4af8a0f.jpg,Italy,IT,38.075378,13.405314,2
7c83cd17ba554f368768cb8b6438498d.jpg,Italy,IT,45.023547,8.151123,3
1731c7fb77a94a96a4d697118a7051a9.jpg,Italy,IT,46.016867,11.987493,4
90d0ad739f9f45a2b94db63aa6ca7cb1.jpg,Italy,IT,36.868314,14.657917,0
f9bdeb583a7648e7bb5b5adddf842ac9.jpg,Italy,IT,38.650466,8.342764,1
33b825901b4c423abedf590f66a837df.jpg,Italy,IT,45.931441,11.022275,2
409c9f09cda041dfa3c0f9a293a4b307.jpg,Italy,IT,39.43589,15.999957,3
626ff93687e14d4482067257572ebbdc.jpg,Italy,IT,40.080701,15.740663,4
53ca1823a9944003b67f1862f13f7676.jpg,Italy,IT,45.151314,7.805021,0
bc3c7fa33a8e4d5a9f70a96f204e54db.jpg,Italy,IT,43.4302,10.403303,1
bd8d93aaf22d405aaf4c5dd705f8e06c.jpg,Italy,IT,38.013241,14.373972,2
0191c550b02f4c549021a99173d0517f.jpg,Italy,IT,40.963253,14.836677,3
3b73cc942fcd4643b8630b85f67a8a81.jpg,Italy,IT,45.356371,10.750228,4
4e91b8acb02541b4b40c6e24f532eda6.jpg,Italy,IT,41.966591,14.917197,0
bc9d9ace296c43a0a50bcdbd69b50597.jpg,Italy,IT,40.60985,8.377353,1
1bf638f2d8eb43c6a069cd46ef45f328.jpg,Italy,IT,42.379309,12.911126,2
220b4b1a61c246b0ac0030811267ffa3.jpg,Italy,IT,43.309292,13.639213,3
5f13b75d13944cd7b0cea097b891c3d5.jpg,Italy,IT,41.783997,12.854971,4
a9024ddb6b6d474fa70cd95b1c04f7f2.jpg,Italy,IT,42.558856,12.517622,0
4a41ba5eeae046379f80d22eb7165470.jpg,Italy,IT,44.56235,10.22753,1
20289063069045439d248416e9f502ac.jpg,Italy,IT,40.841867,9.652279,2
6e50a6c45b3b4522b7785fe548d63662.jpg,Italy,IT,42.558701,12.371049,3
8533aad7b67b45c5850d19b560fa8e2d.jpg,Italy,IT,40.935194,9.314385,4
4e4ce1d55f2040d79b08961385c6d8b8.jpg,Italy,IT,41.075191,14.926437,0
bfe4cb97c6614800b775519c2cfaa980.jpg,Italy,IT,38.11415,14.700488,1
16a91eda8e304c5ca00ce409c754f9bd.jpg,Italy,IT,40.569048,15.35347,2
59244140060b418683b39790c327e2a8.jpg,Italy,IT,37.779621,15.126684,3
824306886a7a46df9accc061289a4e4a.jpg,Italy,IT,43.690431,10.468323,4
7ac37e4e85854c52b8716764a2cc8ed8.jpg,Italy,IT,39.292201,9.589428,0
0826a54e91b74101a7eb019650b7bc6c.jpg,Italy,IT,39.619264,15.857407,1
875d6152a2724ceda1298cb5103a37a3.jpg,Italy,IT,40.655248,8.32896,2
18edda6b502b4a989b7e8209e61a2d44.jpg,Italy,IT,41.394715,15.703408,3
5bc76ee9a12a4dfb8bfcf8b86eac7f9e.jpg,Italy,IT,39.654097,15.837828,4
2e2170a626794044a782250bdf90ad67.jpg,Italy,IT,40.124379,17.998499,0
aa5eb2ff4f014b6682928e6f14ba09ba.jpg,Italy,IT,44.456561,8.044564,1
62480647de4749198cb73e134e68f3a5.jpg,Italy,IT,37.704727,15.168297,2
310f10cca5d24dda9f5eb9fcd7352feb.jpg,Italy,IT,38.173568,16.204609,3
865f1e8cf5324b1b8b44612988ca1e07.jpg,Italy,IT,44.543646,10.942637,4
ebc06b5a8d0e4ad196cda42bc13fa3d3.jpg,Italy,IT,40.832784,17.167955,0
d2090a6a5e424034bb0a6dd7bb7ec084.jpg,Italy,IT,45.401837,12.14855,1
e203fae269c04894a23eb9b04c41e38c.jpg,Italy,IT,42.394402,12.666454,2
0048aaf4799e4812af341787e23beb84.jpg,Italy,IT,41.138182,16.765977,3
873fc2ebdd634823a10e73cce7932699.jpg,Italy,IT,40.59346,16.157511,4
98368d7582434f9e97ad090bad6853dd.jpg,Italy,IT,39.723141,16.390583,0
3803dc3405864e869598dec87d911263.jpg,Italy,IT,41.003015,8.891502,1
bb8fd079e2944e37ae9d48347707f8a2.jpg,Italy,IT,39.175012,9.380776,2
77428da0ee2e4be98636f43e8809a66a.jpg,Italy,IT,38.031026,13.344114,3
a86a6d93ae4849a680b2e9ccc7190e97.jpg,Italy,IT,45.601697,12.076961,4
4af2b71be53e4eb58433acedbb01e3d3.jpg,Italy,IT,39.097798,8.365427,0
9d9eb40e2c7b40058fa8320ec88cfd4a.jpg,Italy,IT,44.431704,7.793345,1
0d6579bbc319415283ac8fc53c94edfc.jpg,Italy,IT,38.010212,13.926412,2
38d5e997e51e4ff280af3e82ab39177a.jpg,Italy,IT,45.430578,7.376267,3
3fa67db005e34a55bf89b44ad8a0900a.jpg,Italy,IT,42.396003,14.334747,4
114c855f17554beeb102c2bceffb1bdf.jpg,Italy,IT,43.594344,10.734146,0
46478ae5a8cd4d0ca530834de2a35a64.jpg,Italy,IT,40.790029,16.940481,1
86072f2f2e184873a2ab508fc3c5aa8f.jpg,Italy,IT,41.145297,16.760066,2
7822de31b700465a89b468aa7cbb9770.jpg,Italy,IT,45.866912,13.180943,3
719d021e420d4118a057627f0a5c8eb0.jpg,Italy,IT,38.18974,13.122771,4
a93181c6eaf44302a11e96ab96367b87.jpg,Italy,IT,41.317631,15.406956,0
b3a9b3f44f3543f08fac79300ca53dfb.jpg,Italy,IT,40.89018,14.352884,1
b1a0892a001e448496598942a1b256cc.jpg,Italy,IT,44.549299,8.41143,2
2a65b65e3df447d283bc2640162084a3.jpg,Italy,IT,44.607325,8.064191,3
fa9ee99ba8a84510b4e4f4fa7a91c9e4.jpg,Italy,IT,43.524524,10.459475,4
184737b688a2440d8b77299c8fe1f995.jpg,Italy,IT,46.815696,11.729931,0
9fd927ce69ec457691d2c809d1b44bee.jpg,Italy,IT,40.917523,9.378381,1
d0d5c1b45b924f2ab1f9fb1130a0f435.jpg,Italy,IT,46.260951,9.414184,2
20e81622314d422fb3e77b16c496755f.jpg,Italy,IT,43.554193,11.549508,3
765a73b59fa943f28dc2bfb872c8142f.jpg,Italy,IT,46.596419,12.720964,4
e294fb25c1484068b30e7063cc61a3a5.jpg,Italy,IT,39.605324,16.67456,0
25b172f11f224018b9c9843120c5ddee.jpg,Italy,IT,40.727946,14.48881,1
9f41a884288e4975b3e704eb61c759b5.jpg,Italy,IT,40.826085,16.90827,2
9110d35d56614779a2516d062d8dca6d.jpg,Italy,IT,37.913331,12.508558,3
f3bcb7030b914ec3a003bfe66ff95564.jpg,Italy,IT,45.763535,9.25114,4
339a244550cf4b70ab4ab7c69fd31550.jpg,Italy,IT,37.255172,14.497794,0
56bb483eb5c944c08e3c7aaefd32ef10.jpg,Italy,IT,40.934809,9.310649,1
2bc9d0357dc9453398263da6ec29fd5e.jpg,Italy,IT,44.570464,10.906023,2
b9d327cff778474fb4d98b6893e5c915.jpg,Italy,IT,44.124608,10.006682,3
ae5adc2acac8406280211bb62037238b.jpg,Italy,IT,38.614548,16.347276,4
2be7703ad1764fccb4485daabf0263e9.jpg,Italy,IT,40.612809,8.328854,0
1941e791b0e8448a84d9fdde88d65d85.jpg,Italy,IT,37.119953,14.654696,1
1b05565d1de44843a3614d5654bfedfc.jpg,Italy,IT,40.466633,18.155843,2
ad3e19db0d4248939eb7ce0bd6f4c21f.jpg,Italy,IT,40.899587,14.584735,3
44d60e5ec4f64395a99253349224e382.jpg,Italy,IT,38.859747,16.609788,4
c43f516640dd4096ac547daa2fc48ef3.jpg,Italy,IT,38.095805,13.19241,0
7b63733bd57b47718fe973d9efb6a8b2.jpg,Italy,IT,41.365247,14.024905,1
265b9f260a114939b1621c90b4d833d7.jpg,Italy,IT,41.052047,14.321128,2
3e14f972258e437fadd91b2dc4694b4b.jpg,Italy,IT,41.045929,8.969737,3
50925c28edba4bec8c460b273fc5d225.jpg,Italy,IT,38.217675,16.248982,4
731adfb06eae43dba208e4d5474c43ec.jpg,Italy,IT,41.252841,16.014068,0
e6621d6b1bd3454d911c34294d852228.jpg,Italy,IT,40.941926,9.04993,1
af15112d1dbd46c79517447fd5104d9e.jpg,Italy,IT,37.98509,12.989186,2
92a460baba864b1db81c44cd7c7ffa9a.jpg,Italy,IT,39.201136,16.062318,3
e49db5a0e94d47558086272d8eb667a7.jpg,Italy,IT,41.100397,9.45562,4
317416b6c26f4adaaf3e182e59d26986.jpg,Italy,IT,43.470744,13.569322,0
053bbfa8abc24812b9ff11460e9d644d.jpg,Italy,IT,45.188992,7.657575,1
cccef2fd8bd54e7db75f7a9bb3b72fd2.jpg,Italy,IT,43.09844,11.91727,2
6fd4196f5e314c20940f12f92e454329.jpg,Italy,IT,36.91579,14.413401,3
ee4ca594ff3247418a1151c4b544c27e.jpg,Italy,IT,43.337201,13.346779,4
3e5e0418bb3a433ea27b34bf768f1a42.jpg,Italy,IT,40.563778,16.399935,0
efe754d15b6c4cc4afea029730700826.jpg,Italy,IT,40.485919,16.309423,1
2173d2b2add34268b2fd56bf86d10079.jpg,Italy,IT,40.517973,17.935881,2
824a96db591e4ae2bc677086da8d16c2.jpg,Italy,IT,43.234149,13.528038,3
48ef3e9fad6144be84eb884a97d3d1f0.jpg,Italy,IT,37.729188,14.831812,4
9b2b9f0a58c74d6ba53d9069189d1ae3.jpg,Italy,IT,42.869567,12.397525,0
6e36d06704df4cac8f56dc2cbc92832d.jpg,Italy,IT,37.137432,14.312501,1
7ca5da5f6de5439d95ca94702c09fa3e.jpg,Italy,IT,43.960102,7.717214,2
9f04bb14127b4383b923740298d4b876.jpg,Italy,IT,41.028628,8.949332,3
5c5dc165d1134b28bf0b4b8d0bbbeb61.jpg,Italy,IT,40.830539,14.563944,4
fc48f26351e749e3b840ab8a03439022.jpg,Italy,IT,37.741958,15.146813,0
af77ae82b4ad4fbd9824f637bfb56327.jpg,Italy,IT,44.850019,8.512352,1
c5654d81aa6c4a87b9b9e94b48158cf4.jpg,Italy,IT,37.83082,14.895635,2
8aa71d2a16f54501b94154b4b0011279.jpg,Italy,IT,44.487523,8.305142,3
2931ee28b80a444fbda39167a68d4799.jpg,Italy,IT,43.578869,13.498627,4
5b218b93cf4949eb93d321accf57df0a.jpg,Italy,IT,38.49917,16.528403,0
eb80d7b22ac64aa6b1d1d5f9ed384285.jpg,Italy,IT,39.55812,8.879755,1
7eb5d11e30364bb4bc250672aada6b61.jpg,Italy,IT,40.87557,9.039777,2
a50be80d6f354ea78c946b54305fd784.jpg,Italy,IT,40.523145,17.196,3
42fce5a21c4d491a8ae78535e65e9732.jpg,Italy,IT,44.093478,8.052919,4
7ee7829619534b14847bce82caea67b4.jpg,Italy,IT,40.694913,17.071808,0
b340968fc21342d2a3e07b90c8b44b11.jpg,Italy,IT,41.22437,9.207108,1
8d8d86134564469f8ac5c4893413edb5.jpg,Italy,IT,42.046033,12.653597,2
8b623e7c9cc149f2a40d1cf2d0a33c6e.jpg,Italy,IT,40.793291,16.419688,3
3b581c3dceb646b2a59ec971cbcdc098.jpg,Italy,IT,40.668206,16.703925,4
d2dd8120f30b4ac6a1cc6ab9ab09b610.jpg,Italy,IT,46.72315,11.939884,0
54958947dc6d48b6a5450e25b19a5eb8.jpg,Italy,IT,40.825782,9.322049,1
42e208faa2e24de294da60f83b82cef4.jpg,Italy,IT,44.741579,10.914752,2
55bd0e91d13445ce86e18605dc4aba15.jpg,Italy,IT,41.737153,13.432405,3
a0136e5425bb42a8bb0fc0c40222c31b.jpg,Italy,IT,43.755134,13.046593,4
e663250a7f8143fd991cacf879df92bc.jpg,Italy,IT,45.116002,11.391798,0
862f76de01d34882a35673a41d6aa9a5.jpg,Italy,IT,40.713712,8.515494,1
c5b70965fd524173a87c22dbd92f3be6.jpg,Italy,IT,39.22574,9.125288,2
497c97ded9f74e3b8d24b929b180ceeb.jpg,Italy,IT,40.559835,16.411502,3
21ff89d32f2b40b29f8a9a807ffbd1de.jpg,Italy,IT,41.420077,13.199073,4
bd328c8874fa403baf2594b3ab6a896b.jpg,Italy,IT,41.131092,14.195698,0
18c2d6b8cdac4a0087bcd5dc50312193.jpg,Italy,IT,40.820809,14.061276,1
08e73562c05241b7aa55069c9fb40394.jpg,Italy,IT,37.466859,14.964825,2
a104382a1c4a4030b8e6d9d2d6b3d50b.jpg,Italy,IT,37.967095,13.772779,3
d80fc6b407b14167a65c61c643c66c12.jpg,Italy,IT,37.877041,14.969214,4
ad6b86a23a59416c99ece27962549dd4.jpg,Italy,IT,39.913019,15.784227,0
da489b132532478e84f1e87deaed43d5.jpg,Italy,IT,44.965162,7.185361,1
c70f5ea0c00747fc88d2e5419d726d87.jpg,Italy,IT,41.567413,14.805446,2
526de214991a4021b6862cf26662d96b.jpg,Italy,IT,40.356473,17.641353,3
63b1bb23cb1f49c9b303faf8da174f43.jpg,Italy,IT,41.719796,15.410901,4
cc90d9b456f0499da0767c803723b86e.jpg,Italy,IT,42.689154,12.347071,0
09cb1bf1f0374f6baf6cb5f8b3df0943.jpg,Italy,IT,40.57526,8.360246,1
47ffa6a3dcd04f09a61ef3b536df256b.jpg,Italy,IT,38.038435,14.990761,2
64b0a3bf8fdf49d7897a499a75f2f0d9.jpg,Italy,IT,38.020595,14.05986,3
cd32441ede7d4845b1990cff09a9f778.jpg,Italy,IT,39.070066,8.452679,4
08b0bcc485d345e6b1a464052512d97a.jpg,Italy,IT,44.630656,12.240758,0
0ed21a05328244bcb58583f4c07cdadf.jpg,Italy,IT,40.039115,15.310215,1
df5cbeff950d4eb8b069a1bd0160cca7.jpg,Italy,IT,43.239056,13.525492,2
b2e2a0f9c40b4ba0910c9f61b50cc460.jpg,Italy,IT,38.247468,15.453243,3
8b1061bc672a4af39af7aa3a110abd92.jpg,Italy,IT,46.509899,10.375653,4
9f0bf1e95f0a4fb8a7bd16b2a2a85545.jpg,Italy,IT,38.743118,16.475035,0
03c58e4f51d44b7f80a585800fea69b4.jpg,Italy,IT,42.985037,11.958973,1
624568980a594651afe25bf91db9f455.jpg,Italy,IT,39.490319,16.958554,2
0e12355a14bb446ea57736c3e395337e.jpg,Italy,IT,42.324351,12.214533,3
e0482846fc694c099c2000a8fb83d37f.jpg,Italy,IT,40.55956,16.412218,4
0d9fe9dddb434f9c80de31877b94a9b2.jpg,Italy,IT,43.80519,10.722652,0
e3884ab289e94ac5aa660b1edbd04118.jpg,Italy,IT,37.43956,14.959847,1
edce57aa8fb4487582a7d730c20ecf04.jpg,Italy,IT,46.315296,11.304238,2
4634476f1a8f4a9797af1d4b1061ce73.jpg,Italy,IT,46.641589,11.682244,3
2ac01eb1b84f46729dbf015269242ef2.jpg,Italy,IT,46.159143,12.836418,4
dd3d527bf97b4e97ba0007aa98f1f8a7.jpg,Italy,IT,40.99501,9.220094,0
7f39431e60264b23ab38f8bac1c4b85f.jpg,Italy,IT,43.183755,13.394224,1
0633facd400744aeb92838d25f93c8e9.jpg,Italy,IT,45.848418,11.935953,2
3433c17279444ac1acc78d914d72a914.jpg,Italy,IT,40.585924,16.275432,3
6aded972a79d4ad5b3fd26e58e8128e7.jpg,Italy,IT,43.523567,11.589749,4
880f9380f8084fcd8228ac87764eb1d3.jpg,Italy,IT,42.66305,12.513669,0
6cc3afcdc0a9421e889f6bb0368eb01a.jpg,Italy,IT,46.118991,13.336305,1
d566aae5d22b4d6c9a9132c3aea9713c.jpg,Italy,IT,46.046887,11.00508,2
fa8a3393e99741099a8c6b5e267eea15.jpg,Italy,IT,41.167784,16.742211,3
dfe9167e196443c7adcb9c66f7901179.jpg,Italy,IT,36.814201,15.027478,4
ac06fffae6b24cd8be3c79714e54a1b2.jpg,Italy,IT,46.69318,11.891429,0
4f87a8ed2cca4716931c272780d46d60.jpg,Italy,IT,40.256574,18.284981,1
bed748ce190b4088b36726705593a15d.jpg,Italy,IT,41.785208,12.624254,2
bbb79999e0304586994f59bfd9d7062c.jpg,Italy,IT,40.811472,16.400666,3
da7c17d2da2a4ceca2797edc757d1d37.jpg,Italy,IT,43.157811,11.753665,4
b7497eaf79614a8e982cd80201536306.jpg,Italy,IT,45.525719,8.241066,0
070fa11598fd49f6aaac9a91750e1f56.jpg,Italy,IT,36.777772,14.685586,1
20969e6283e5445084dc090ffa71a82e.jpg,Italy,IT,40.304398,18.216747,2
37dfd6c624bb41628217e38202fae35b.jpg,Italy,IT,44.421204,10.457259,3
4ab7b542c981460eaed88bd080e72ce9.jpg,Italy,IT,40.609019,8.327648,4
847e9f9f48dc44d8ab392198a64e0162.jpg,Italy,IT,42.904045,12.014887,0
aa640d7385834298975dd1a4aea2c6ac.jpg,Italy,IT,45.652006,11.388946,1
927f8ae4881c471d8cca9b7ef64c3fcd.jpg,Italy,IT,37.817778,15.27,2
6cf2ffd17af240ef9b59f97b2e9f6b98.jpg,Italy,IT,42.451735,14.217065,3
52111cd279914947bee675c78501b5bb.jpg,Italy,IT,41.930916,15.075948,4
004e2663dd664c728eee9b671633815d.jpg,Italy,IT,39.079642,8.418951,0
f8f7085bebb948308dbd3534006a40a2.jpg,Italy,IT,42.646733,11.136837,1
61de1316032e48d19f49effef5cd8649.jpg,Italy,IT,38.005871,13.048822,2
531c8712ec4e48c4a53e76d9a8820107.jpg,Italy,IT,40.595917,8.377185,3
1b9e868022c84801ae011a8f23b7052b.jpg,Italy,IT,39.427388,16.241555,4
1532ea97b99d432ba09b2058366be38f.jpg,Italy,IT,40.516722,17.325095,0
5eb5e83189ce437b982f0d2639c1767d.jpg,Italy,IT,41.800206,12.228114,1
0e736367696c497da5cd337a6ad53a46.jpg,Italy,IT,42.55573,14.112832,2
4c0e1abbefde4f059e44f92e5306a5b9.jpg,Italy,IT,43.81813,11.231768,3
0843c62b4096470ebe073c3aab4420b1.jpg,Italy,IT,44.708228,8.164091,4
0873d00a658c4c1298f52456effdfeeb.jpg,Italy,IT,45.186569,11.238827,0
e5a03d773890494a86bdf7d57a93bf3c.jpg,Italy,IT,44.463488,8.035675,1
df991f1d0b894d59b87b5a4dd8f5854b.jpg,Italy,IT,46.007368,11.267012,2
35a764621a9248b99088b267fb610ccc.jpg,Italy,IT,40.416985,17.580768,3
da1ba48384144f4eba3a19a20f02751d.jpg,Italy,IT,37.021027,14.409258,4
62a11eb1996a41a1b41d478c5612b991.jpg,Italy,IT,45.622212,8.860589,0
de0de4695e3a41fdbda0e4322669eaa7.jpg,Italy,IT,38.014888,12.913387,1
1176cd3e78b445ebb86059018ad9f337.jpg,Italy,IT,42.480225,11.766709,2
4d6710534bef4b2bac1478925dc26ef1.jpg,Italy,IT,38.402193,16.499423,3
1425c4264dcd4aaeb04366e88620225c.jpg,Italy,IT,42.570272,12.343454,4
e881e437106d4f32b5c61883f9f49506.jpg,Italy,IT,38.013572,14.985728,0
e9d6874c04eb41c4bc877f792ee2a70a.jpg,Italy,IT,46.665326,10.503575,1
e843a08a15904b80ab24137bab20e64b.jpg,Italy,IT,39.175228,9.380768,2
f06977df448f46938511ce925a18c868.jpg,Italy,IT,40.585226,16.337901,3
3728eb4b80514092ac647f770d633b44.jpg,Italy,IT,37.56623,14.917226,4
468430c32f8a4843bd17e998e71add20.jpg,Italy,IT,44.509457,9.793595,0
b740f2d4d0694ae2a466ba99934ca6f4.jpg,Italy,IT,45.325146,11.543744,1
04e8af0635b646f587744c71513794be.jpg,Italy,IT,43.013803,11.910282,2
c01fd6f4beaf48f688a6898150cfb410.jpg,Italy,IT,44.56265,10.227362,3
86c46e8f67824cc7811166648f5e3174.jpg,Italy,IT,40.598784,16.978595,4
94ee0370cce54b8e94b092a7df9a14ca.jpg,Italy,IT,44.469665,8.026556,0
55e27b12cafe4c4e941ffd09173808f8.jpg,Italy,IT,38.651099,8.350504,1
1048e80d4bf0407298a38d3239c8957b.jpg,Italy,IT,41.166497,16.732165,2
ce6609cb0e0741238b39c209faedc191.jpg,Italy,IT,38.74428,16.481695,3
54f43909126243a5b2530e727ed04f09.jpg,Italy,IT,42.812222,12.05325,4
d037e264248b40c5bab80930cf27654d.jpg,Italy,IT,45.733933,13.82301,0
b8bf150ed1ce4de59993c15469fffc4c.jpg,Italy,IT,44.369709,8.031063,1
c81d3793f59c44ccb20f7e68a2454622.jpg,Italy,IT,38.03918,13.131121,2
08a2d52ad6a24d0f91d45b43e3156fae.jpg,Italy,IT,40.580063,8.242867,3
bce1e5e79e4e4f1d9cb7d215e5e9460d.jpg,Italy,IT,40.252844,18.069557,4
4a9ef0215b3c4fd0a5f76616d1ea810f.jpg,Italy,IT,44.69207,11.305349,0
ad727faa85bb464e8145a31b7815956d.jpg,Italy,IT,40.782331,16.426794,1
cfed60c501d54eee818d64363c30c06a.jpg,Italy,IT,43.241006,13.498804,2
339a7d52c1a24dd29bc3c5e4c504d8c3.jpg,Italy,IT,44.56171,10.804194,3
d97fe6ec7d274979bcc85573af2a7cdb.jpg,Italy,IT,37.305372,14.653857,4
85cd2d80deaf43bf9978a7c75cd5651d.jpg,Italy,IT,45.234371,11.011128,0
52af17359be34c61a35edb7549b3a8d3.jpg,Italy,IT,39.222473,9.1914,1
ee0d8435029c4b5d965844899a9f332b.jpg,Italy,IT,39.112586,16.077964,2
b5cf56b21a334464b4bb4b6b7f0e3ecc.jpg,Italy,IT,43.741132,11.239866,3
cecb48f62a224fa0bff0038d0acabe02.jpg,Italy,IT,41.610458,13.55007,4
dcdf46e17b3e4a48a960e3763f212a8e.jpg,Italy,IT,43.910386,7.764451,0
d3541bc1939c42bcaa70a86915d38a51.jpg,Italy,IT,36.862037,14.993042,1
b3a7d94b522f4c1c9b9e597b6eccbaca.jpg,Italy,IT,46.04915,12.030811,2
30c1feef2a5e4876a6d23d26afa116c9.jpg,Italy,IT,40.889865,17.388822,3
d4f204e8d68b489c87ac34f7ef4e5287.jpg,Italy,IT,37.836407,15.120188,4
1a0abdfd981b46338093a1cefc1b32a6.jpg,Italy,IT,45.255009,11.304303,0
1ea864a2e2764bda91edc158ed247556.jpg,Italy,IT,45.005416,8.192759,1
bf3fca6b85e045d9bf27196583994cf6.jpg,Italy,IT,43.196428,13.780567,2
14b2adee5e47469daad9b49b0663a038.jpg,Italy,IT,41.718049,12.82136,3
1265d79fa59e478b8fa87f429e7c8784.jpg,Italy,IT,36.841353,14.460171,4
bfacdd87c44e43da8e8d3a101e94452e.jpg,Italy,IT,37.75543,15.130626,0
ca43d73f68cf43b29a8735b66df435fe.jpg,Italy,IT,40.598118,16.98899,1
fc5f23bf58fd4ef298c60bbec13ad1e1.jpg,Italy,IT,37.257603,14.504876,2
f57ca2a365194b13ac80453b37e5cc5a.jpg,Italy,IT,44.297099,7.447193,3
ac98e580619c44b680f73afbd26fceb8.jpg,Italy,IT,44.861659,7.301967,4
039af00417e34a63a272eef398da30ea.jpg,Italy,IT,44.415407,12.030543,0
68ffe9a37e24489d8b81ceba6abd93dd.jpg,Italy,IT,40.490055,17.760289,1
371214f4a03f46a4bf094ffa12e87fde.jpg,Italy,IT,43.581867,13.495568,2
3c27162498b8483988fe6538ed85b068.jpg,Italy,IT,45.573062,12.248754,3
e66c4b1ff6174c9c9f3f8c9627b79abd.jpg,Italy,IT,39.295501,9.093286,4
9dffa4d51b7a4a4bbf962077c45bcdeb.jpg,Italy,IT,43.884048,10.318876,0
e6582a1002464449a418cb63c0356161.jpg,Italy,IT,40.702331,13.917072,1
5ad289791adf4d6c8f8658107dc77d0f.jpg,Italy,IT,41.077739,14.714217,2
9891430b2ade4e77914dddfcceb50322.jpg,Italy,IT,39.37917,8.589009,3
b9d313b2bd41404480ac8bb26f5340db.jpg,Italy,IT,40.038959,15.307518,4
6d04f362c09a4ece956f81293003eed6.jpg,Italy,IT,41.062413,15.714447,0
4105336c6e9d4730a941b8a2ae17e7c3.jpg,Italy,IT,40.561074,17.33895,1
47e42bce3f5f45509c34df139c4d465e.jpg,Italy,IT,40.455633,9.565489,2
f23fb20f28af473ab30e5ceaa9132414.jpg,Italy,IT,40.112316,15.750876,3
8ae12a3554ef4100b318f2acc9b3fc93.jpg,Italy,IT,40.869272,17.40883,4
e47b3dac165f4ee2b209bd8c91627884.jpg,Italy,IT,41.324397,15.398246,0
56a5abbb68424e6898a870f2b5347259.jpg,Italy,IT,38.910003,16.43089,1
a2a0d6f9ebb64040a9d777b9bcb11218.jpg,Italy,IT,40.762941,16.064494,2
01473e114b0b43d98b1e6788c8038b7c.jpg,Italy,IT,42.024831,12.678731,3
cb2a8f7978c646f68f515ea610f56fa4.jpg,Italy,IT,40.594303,8.293516,4
e1a7a13f8d5a46c8bbed6864cd3cffc3.jpg,Italy,IT,40.841882,9.649482,0
33c0d80d80f34104ad61c79ab58107f4.jpg,Italy,IT,37.990032,13.869172,1
59e0311d49ce4b4e96d329c73b6d0fc0.jpg,Italy,IT,40.261202,18.29868,2
458b5ae7ebc24bdfa4ea5f02291ce7b4.jpg,Italy,IT,41.550205,14.12204,3
02fcc433a3684106b68a8457cb7ea6a1.jpg,Italy,IT,44.516523,8.9887,4
c32e133c77a646648dd7ebf61d5b8fc5.jpg,Italy,IT,39.08097,8.415868,0
4cfcc9fa35964b4d9c1cb82475707f5c.jpg,Italy,IT,43.314658,13.643625,1
e8c0760d1fde430eaf6efb33b31d7ea9.jpg,Italy,IT,41.059972,9.390848,2
0448e3c09b294153a8493e5576cb680b.jpg,Italy,IT,46.085522,10.342558,3
7e43b1f8ba914a26bc6e8dca866d8678.jpg,Italy,IT,37.267371,14.938757,4
9b97df214be345c59be5a2f22e77091c.jpg,Italy,IT,37.596236,14.131831,0
f2ae07e74fdf4975897af3b48bd1f7a3.jpg,Italy,IT,40.33384,16.799942,1
5b6d43865460447496a4e04f6bf8ca9a.jpg,Italy,IT,43.202012,13.645407,2
a7ad456b0386466fa12ea6195f4344d7.jpg,Italy,IT,41.111653,9.441256,3
a6234ad2fd094321a041d766678bb0e6.jpg,Italy,IT,40.402283,17.640853,4
f2143fba6b1e41cebc8878d691f6c980.jpg,Italy,IT,40.954166,8.872973,0
81c8c3f8ef0448ec9a44450704f91bdf.jpg,Italy,IT,45.773584,11.234605,1
c589019eff6e41b1a42cb221b764fb02.jpg,Italy,IT,43.062516,13.082643,2
0fcbd36723df443fb8a3c87f6e1ca96c.jpg,Italy,IT,40.081707,18.120389,3
964f77e1e9554ded8be92b5c5339bc43.jpg,Italy,IT,45.947614,12.734162,4
535429ca67d643a3ba5968d1295f829c.jpg,Italy,IT,45.194042,12.15422,0
2dd0984a2cdf4739a01c5e37e0ee694c.jpg,Italy,IT,46.040681,11.014676,1
5a47caf3e7304924917dfc6f784ec06e.jpg,Italy,IT,40.662889,14.713703,2
f17a21ef63544e66b94db583fb87a84b.jpg,Italy,IT,44.455987,12.016259,3
9e823eec50a74fdabdb81a3a2834e32c.jpg,Italy,IT,45.707949,11.712426,4
d6c0e40b2a8644efbf5da0ab0d888b7e.jpg,Italy,IT,39.220807,9.187497,0
319ebb40c531447d9444e83384686f0f.jpg,Italy,IT,44.411731,7.223532,1
ed554de75dd4402ca1578f5406ece76d.jpg,Italy,IT,41.172029,9.291977,2
d9a6c561d59647d388df90c66e13160a.jpg,Italy,IT,36.81853,15.051085,3
0e64adf5e28a41e9819f47a7535d9a38.jpg,Italy,IT,46.429611,13.616613,4
6e3d4aa6db2544b1ac6da7214ba92cfa.jpg,Italy,IT,42.653642,12.491208,0
b04fb7565eab4e3f998fd8e7f381df4e.jpg,Italy,IT,38.674213,16.461918,1
cf659504227440158518092b2076d6a0.jpg,Italy,IT,44.258403,10.028962,2
85dc18b0990f4a0c8c1d419350d0981f.jpg,Italy,IT,41.607126,14.28395,3
f09c55753dcf4d4dba449cc847e46fcb.jpg,Italy,IT,37.702529,15.166026,4
28cf282e1d5d46319dd2d50f9fb7ca59.jpg,Italy,IT,36.86963,14.454573,0
cf23764742664df08aade55ad512749a.jpg,Italy,IT,41.367971,14.021304,1
561241cb34f34107b7827a6b9d277095.jpg,Italy,IT,40.182213,18.085153,2
a2fa0aeeeddb4af6bb139f37f463a1f6.jpg,Italy,IT,44.43695,12.004107,3
402a80a5760d4463ae8fe8b65a6d9750.jpg,Italy,IT,40.64124,8.367372,4
bd8035051ca344b589305680c266e6a0.jpg,Italy,IT,42.282346,12.522205,0
dbc786794bbf4f04a5fc3df0bb4cd6ae.jpg,Italy,IT,39.559102,8.888875,1
18789d108ebc40e4b4ac96df7433ecea.jpg,Italy,IT,44.179815,10.085065,2
e8c96ea4c84b449c92f6ddfa4d7acee3.jpg,Italy,IT,44.517864,8.399543,3
6845c32454714fbdb12389fc4ade0b00.jpg,Italy,IT,46.648788,11.709369,4
fe79f2675ba348efbb3680524dc34316.jpg,Italy,IT,40.589654,16.250055,0
1ecb94202aba4d5591be002852496157.jpg,Italy,IT,40.736604,8.532698,1
9313470b86c34d2093365cd0d11e815c.jpg,Italy,IT,41.851262,12.786974,2
74c5fbb114ea4db1aa63862eb922add6.jpg,Italy,IT,45.268766,12.299719,3
e7250e59ced445979134e98b429a6f3d.jpg,Italy,IT,38.128502,15.006234,4
cc927ac023544af79f7a492fb1ecd45c.jpg,Italy,IT,37.724971,14.043879,0
9df1c3de302d4aa19bb86527d565a2ce.jpg,Italy,IT,44.510793,8.30105,1
d315df553b8643e0bb53da2a2049674b.jpg,Italy,IT,45.523778,11.021881,2
e64abca0f9574b929005b62cc314d838.jpg,Italy,IT,46.540396,10.432829,3
3ac69f45fb5841389dcf6f99277c8f50.jpg,Italy,IT,36.913522,14.442323,4
c4914ec607814d37973ebdc9e45bf96c.jpg,Italy,IT,40.665576,17.485722,0
da4215b7574648b59f23caa8b7e0771b.jpg,Italy,IT,38.018268,14.063273,1
6e18696e38f248f6a59f7d0e4bf38a7c.jpg,Italy,IT,40.706562,8.798517,2
18ada711e7194cd3a78530e37589a807.jpg,Italy,IT,42.58768,12.706383,3
1e9d16dcfaeb40788afbd75b316715cf.jpg,Italy,IT,40.092176,15.731892,4
692c581e2fde446199eb070aa14fc9ee.jpg,Italy,IT,45.328528,11.002406,0
3eae4fe8c82c46dca2c6ede54d3729ef.jpg,Italy,IT,40.915833,14.161946,1
71cf49eb5f3c4f889d457d28e9797bd7.jpg,Italy,IT,40.269767,9.126023,2
189f95a2d3c549698b8f7de988e16576.jpg,Italy,IT,44.895477,12.46186,3
fd7db3ae2b7847548f995d430802f1d7.jpg,Italy,IT,39.062047,8.433358,4
720d16a8bcb14311b952481ea597b58a.jpg,Italy,IT,37.028256,14.406679,0
2e70de8a31224a19b1b80572c522297f.jpg,Italy,IT,45.357325,7.931644,1
efe28ef093fe4ae0a3dc0f925d612769.jpg,Italy,IT,40.068997,9.610283,2
adf083f55e134f2cbbc51f694ff525f2.jpg,Italy,IT,46.874528,12.122645,3
f3f6808a68c84a6aa72dbdc71d9a0346.jpg,Italy,IT,41.509246,12.58194,4
c08a3837c090473ea355005cc1f225ec.jpg,Italy,IT,37.808312,12.444685,0
8aba23594d7641a0bd28ffe5e2646539.jpg,Italy,IT,42.592251,12.303031,1
f81be49b5d30454d8880c84eaae93d38.jpg,Italy,IT,45.756207,12.49561,2
f06926989acc42768350062219aec79d.jpg,Italy,IT,41.436902,15.589119,3
059e1d91ace34517ae074aca3f4c1ba9.jpg,Italy,IT,38.125682,15.007121,4
8f5b11e9a9e443aba5733027dda79f36.jpg,Italy,IT,40.118105,8.865895,0
b28e8e9cfb3248c69cd2e77299ee6682.jpg,Italy,IT,36.803362,14.541935,1
d6ddec6f33184784830150ea1efdbc22.jpg,Italy,IT,45.30103,11.14327,2
5432c2af3cc34b4dad6652d99368a573.jpg,Italy,IT,43.495739,13.236606,3
5032e723b1ae44e7aeea10c615f9f840.jpg,Italy,IT,40.21993,9.01629,4
fa4197eb881246c5924d4f313f41ff85.jpg,Italy,IT,45.707242,11.420835,0
db757a7709894a348ae9f5b6237d5b25.jpg,Italy,IT,41.642298,13.5805,1
725c14efca9248c2a923cbd82e96fd37.jpg,Italy,IT,39.558714,8.878968,2
078278b89fc346ceb7a80ac5ae72f966.jpg,Italy,IT,41.030527,8.970655,3
417d0df3cc8f4a11af2df487b294e316.jpg,Italy,IT,43.891483,10.520337,4
78c653eb152e460881594d2ac8b922f5.jpg,Italy,IT,43.811763,11.230281,0
42f4d48d87d3490c9ed78c5c863aac64.jpg,Italy,IT,40.97467,9.118454,1
bcd70a40cbba4727a88010ab274e1103.jpg,Italy,IT,40.005616,8.663488,2
ca9018ce48d448f6ade303f26ce599ef.jpg,Italy,IT,46.20776,11.121411,3
d67d3e6c43bf4d66810e81c3b91349ba.jpg,Italy,IT,40.267473,18.051292,4
0b7afd8b5db04ae68eb5410a8899b85b.jpg,Italy,IT,45.411884,7.687384,0
71423957f8d249908446426ff71b70b9.jpg,Italy,IT,45.192107,10.968573,1
a46680e6fdc649189041565314518d7a.jpg,Italy,IT,38.650966,8.355067,2
88036ef3219940c0a9927a1963d07f4d.jpg,Italy,IT,39.926577,18.385624,3
37e1519fc3e64e07ac8513000b3e55c0.jpg,Italy,IT,41.712179,12.692136,4
84b676c05f3f489a9aac87a92c82671c.jpg,Italy,IT,45.120061,11.729516,0
0f60f341ec674889a516a6892704ade5.jpg,Italy,IT,40.589405,16.2534,1
c5601809f42b458c9da5dd388aaf99db.jpg,Italy,IT,46.266624,13.329665,2
9c00253691e24444baabc19d46c59b23.jpg,Italy,IT,44.531121,9.158908,3
66907e758caa4d54a3d1fad2de1fe8fa.jpg,Italy,IT,42.326596,12.214835,4
448b1819cdc64cdca675a8502baa2c4a.jpg,Italy,IT,44.485454,11.257014,0
e2235ae793784d3baa208007aea5a015.jpg,Italy,IT,37.03828,14.392382,1
db86b267ba4b428abd2c91790de4d243.jpg,Italy,IT,42.268391,13.500218,2
3153ad0db98948ea97ef701fc7b3546a.jpg,Italy,IT,43.768213,10.352405,3
575fd5316bb44b528b8ce6bbdaf1815a.jpg,Italy,IT,37.808161,15.130501,4
3cb395ffaa8246178e0cd9b0d4b57243.jpg,Italy,IT,40.735743,8.820233,0
eaf1b8f7b84c4a5fba21a4a5fb9023d3.jpg,Italy,IT,46.43282,11.210057,1
c0ee96b6a7034f9b914dc1ef3897799e.jpg,Italy,IT,45.262059,11.131776,2
6f97870138bb48eba47364573aa93c84.jpg,Italy,IT,37.185865,14.147442,3
973f832eb6e742aaba85e33bd20a44e9.jpg,Italy,IT,45.631374,8.237244,4
07eb572d9b384b6cbe4cee9fe9b1dd00.jpg,Italy,IT,36.815249,15.069422,0
cfaae8f37acd4bd484eace188a1739bc.jpg,Italy,IT,43.907924,10.275545,1
71f2738341574bf68fb9f968ebb6317c.jpg,Italy,IT,41.090202,15.232416,2
3574c10589f84e1e93739f8af3fa0708.jpg,Italy,IT,40.90256,16.428411,3
4e1227c3cf2341e6aca1555500ba4e9f.jpg,Italy,IT,40.772062,8.85737,4
2d3b74df61eb4c5f8e54d33d37a806e1.jpg,Italy,IT,38.625583,16.330254,0
34edb260c41243a78fd83c07e7532ee5.jpg,Italy,IT,45.786857,12.550729,1
4098e543eb954a13afe30c5af88511c0.jpg,Italy,IT,40.823563,14.380019,2
974c25f080d049bb8793ac4082b67181.jpg,Italy,IT,41.109578,16.500248,3
c9c3ab7436a446ea82e2669937859bef.jpg,Italy,IT,38.037955,12.709249,4
a6da2706c3e14f11b0410bc1ac6259aa.jpg,Italy,IT,40.823885,14.38893,0
9f049e3ce44d41d7b60556560b2e68a7.jpg,Italy,IT,42.783905,11.144538,1
07e134c6c142437aa53e8d17cb5f1691.jpg,Italy,IT,40.813949,9.300609,2
d454157000b0415b864a445a7de74afa.jpg,Italy,IT,40.466279,15.539392,3
8eba751b1d534ae2a1bc5ec1a2cda7bb.jpg,Italy,IT,39.090338,8.387709,4
7ac48f0d17bd4b50b16c8e3d0bcf0920.jpg,Italy,IT,44.736543,10.149462,0
8a5fc50a709549daa2f2f62e075fa798.jpg,Italy,IT,39.319968,16.052267,1
23faebcb2b864d079d9346383466c5cc.jpg,Italy,IT,40.642692,14.656634,2
c636314df2a04418849269b0f7d572b5.jpg,Italy,IT,39.490327,16.958532,3
adebb2b9ed9d4f479f494ca08606ce65.jpg,Italy,IT,40.948755,9.038381,4
a2ca0cccfa9046df945b1f3793b190fb.jpg,Italy,IT,38.649459,8.279764,0
8335ee78a5b949a09bd4f8181c100b9e.jpg,Italy,IT,37.163704,14.334031,1
33f498504e8a4785b5dfb80a81cd1fc9.jpg,Italy,IT,37.173314,14.34317,2
31ee0931ab244394bb7cd16efda9125f.jpg,Italy,IT,39.063531,8.433737,3
57ffc3899690411c9761dfd3c088553e.jpg,Italy,IT,40.113997,15.751762,4
f249c3bf570d496db1fca951b1d087aa.jpg,Italy,IT,42.204487,11.735947,0
7034d6cf82ef4d60807b690c8c1513ad.jpg,Italy,IT,41.004705,8.893063,1
d357149e35114b7e86be3023410f7219.jpg,Italy,IT,45.899152,11.630091,2
797f106c96ab4934a1bbe2cee471e961.jpg,Italy,IT,41.848715,12.78907,3
29220dd7d34d49dda24e362e66b3d4d2.jpg,Italy,IT,40.546533,16.485082,4
36e537452b7f46d28201be252d53ba9b.jpg,Italy,IT,44.722391,12.15424,0
5227510889a04164906d2eefd3005a15.jpg,Italy,IT,38.747356,16.189812,1
670cba551b3543cb804bc25991f2fc4a.jpg,Italy,IT,45.720061,12.727578,2
867ca68fc8584f39b37657abfd719e5d.jpg,Italy,IT,45.682616,8.479904,3
6e611ac7024d438cb31c529930a80f3b.jpg,Italy,IT,42.988745,13.869328,4
05f96720d56a426e98f1731fa86088fb.jpg,Italy,IT,40.170046,18.465592,0
b98bf11265214bde9933a8beb955efc6.jpg,Italy,IT,40.936322,9.471971,1
dbbece0d5a724607b207ba5df67c5f45.jpg,Italy,IT,40.491209,16.290735,2
70a9ff862b384b129bb9e28a7f475e67.jpg,Italy,IT,40.790392,16.419336,3
8114ea8dc537487c9f21729989a37fee.jpg,Italy,IT,41.429254,15.599621,4
b3aa49c83425400b945652af54a354e2.jpg,Italy,IT,41.051774,8.940136,0
c8a7a5f053db4550a95c38595be9828e.jpg,Italy,IT,41.90954,12.749692,1
269d73be92c9488083271fb730dc25c8.jpg,Italy,IT,43.897766,10.735458,2
c5c601ec6e0d4b9c8eae286e1e2781d1.jpg,Italy,IT,41.66043,13.605596,3
c994da57dc824cbd939b11a255ebf900.jpg,Italy,IT,37.116741,14.286913,4
1f387df6029d4767aaa307150f83cec5.jpg,Italy,IT,36.851197,14.637094,0
215c7c6016e04a34901b7a9ca7df3dd9.jpg,Italy,IT,44.313225,7.211355,1
db0f18a882334715bbca2bcba0740837.jpg,Italy,IT,40.98271,15.927166,2
a54140a9d552414db4266a1fd8031998.jpg,Italy,IT,40.194826,8.987326,3
eed567819a004460a7cb1ab6194c2364.jpg,Italy,IT,40.193129,8.985265,4
82e5f750cb474d52ad1f6fa12f9d9d44.jpg,Italy,IT,40.967831,9.071465,0
4499198eab814eb9b9f46d709c97774c.jpg,Italy,IT,40.641327,8.926789,1
3b47be466aec460cb736aa413dd6d047.jpg,Italy,IT,40.893911,9.068735,2
62eb049e3ec348ecac62c050ce457ebd.jpg,Italy,IT,40.637793,8.811133,3
7af0e6fa1d3b4c74a60f6b2569db0249.jpg,Italy,IT,44.220399,12.373445,4
d43900ab7d40481097766994b383ba89.jpg,Italy,IT,40.79306,16.150118,0
88a82cf91173486f82c85ec421579819.jpg,Italy,IT,42.787413,13.429497,1
bc85574657f3421ca73006ab11d3c10b.jpg,Italy,IT,42.150121,11.923778,2
0ae48cb6fc614004815df7547ec50332.jpg,Italy,IT,43.485511,13.633364,3
4f8a76c8703449f882a70fc4147db0ed.jpg,Italy,IT,41.718807,14.698933,4
b9e53452a17f4e4080c468c544300100.jpg,Italy,IT,45.411804,12.159605,0
ff7f3048fd804f1f9dd4ce972c721719.jpg,Italy,IT,39.922022,18.389644,1
85fac3f0a579482c86beb84fdd200ca8.jpg,Italy,IT,39.312071,8.958598,2
8add82e6a9c64fe6beac0a3944761240.jpg,Italy,IT,43.754894,10.763988,3
0394061466c844b88b9a45bad423f525.jpg,Italy,IT,43.579006,13.517528,4
9c741496697c4ca5b9a98d9fd9fe3c3f.jpg,Italy,IT,45.36597,7.901622,0
18cba29eac1b4051955dd5d68fee5e04.jpg,Italy,IT,36.795998,14.509037,1
1af5e52790ba4d858f697efbddbd596b.jpg,Italy,IT,37.631142,15.143033,2
baacb29aa3a84c099a7e3fb16a5dd90d.jpg,Italy,IT,42.519709,12.275938,3
0ddb7d95af37437f946a9d7f90896653.jpg,Italy,IT,44.534928,11.121658,4
46576bba1efc41e8809a40417cdc3382.jpg,Italy,IT,40.58037,16.577038,0
5ca8274064624421a1ebfb3f981e35ad.jpg,Italy,IT,39.003166,8.396459,1
6a0d93935ca444599f148bafe98a49ab.jpg,Italy,IT,41.028737,8.962423,2
e44221041c9344498eb42564bd8bee89.jpg,Italy,IT,39.196898,16.063272,3
dae6f38df03a4bdc95d670fb7311443a.jpg,Italy,IT,43.236229,13.755899,4
3f1fc9a0d14a4dbc888f71ff7b9e610e.jpg,Italy,IT,37.381944,14.364597,0
d1360cf6dcf34d3b90d3c3228704aaf0.jpg,Italy,IT,40.951472,8.871,1
8e135ce37c10481e894535e725bbfdfb.jpg,Italy,IT,40.81095,16.946248,2
4e09b1e9b8df4be1aa4d6db9c025a331.jpg,Italy,IT,38.835582,16.608243,3
539e575bd42f404b971e38377ac10f78.jpg,Italy,IT,37.045877,14.385193,4
b914123b602e44b09d53668bffe72e5f.jpg,Italy,IT,41.040805,14.734124,0
3181514292ff4787bf8842e6407ec03a.jpg,Italy,IT,37.518268,14.129578,1
2d9bb618cb0a438b8c29377780587ee0.jpg,Italy,IT,43.156989,11.752249,2
e61e7c256ca24a34ac2434c226c74bc2.jpg,Italy,IT,44.842812,10.37013,3
934c5f351e1048b9be12c0b0fd891410.jpg,Italy,IT,43.792224,11.513217,4
485fc301ff544e349d552510f9c59c7e.jpg,Italy,IT,40.485485,16.303157,0
7812e7a44aba4e70801b5b472309a611.jpg,Italy,IT,45.143276,10.627674,1
1be62a25c2014d099de6caf29c3ba376.jpg,Italy,IT,40.800269,14.07726,2
a174e77b7fa84449b31dda731d7fd8c2.jpg,Italy,IT,39.293721,9.135541,3
cea707cfb03e4061b3da8c9102639cc9.jpg,Italy,IT,40.655965,9.722518,4
781421ec4fcc4ca3b7840540adaad011.jpg,Italy,IT,40.892369,16.132297,0
038757d2d54f47738b6c9509b7418953.jpg,Italy,IT,45.039501,8.428196,1
34c3203040c44de0beafb66049c0d897.jpg,Italy,IT,42.73541,12.474057,2
f9eee776df1b4313b6feead9179286ad.jpg,Italy,IT,41.028289,9.096795,3
6dc2f4bc764b4e02a3dc57eb0e9bedf6.jpg,Italy,IT,38.195616,15.3124,4
2930ec2a75354f7a98d4438acdc0f61a.jpg,Italy,IT,45.8722,11.651129,0
f12c13ee9fb544ab942b9b37cfad0c97.jpg,Italy,IT,39.000255,8.423055,1
0af37925920e4536b083d98694a40b0d.jpg,Italy,IT,45.600994,12.077029,2
8df17b2d80a94c188996722185bdcec2.jpg,Italy,IT,37.257817,14.917591,3
9dfcd9bf58004a86ae0536ba0c78657e.jpg,Italy,IT,37.833132,15.13862,4
6143be922f6a4aa28a3cc0defaab7849.jpg,Italy,IT,37.948598,12.562969,0
10b8a8fc75bb437ead2566ec31625430.jpg,Italy,IT,40.956426,14.835434,1
752b6e4f11d74e8b9b0fa9586cbdfc69.jpg,Italy,IT,38.095673,13.193202,2
aafbde8f36004d7f8974d2baf9d9ce2c.jpg,Italy,IT,44.095861,8.127171,3
a35bb6ac098845e887270794bd3e6e0f.jpg,Italy,IT,44.471996,7.888568,4
b29b4e607c97487d91e718cdb773ce5e.jpg,Italy,IT,43.722043,11.450498,0
d188404c308f4fe5a38b475aa0e71731.jpg,Italy,IT,40.66264,18.011801,1
8d107a36b3834e50ad7736d3c914d321.jpg,Italy,IT,45.647869,13.011672,2
987993dc824c408d9d8b25ad86a57f96.jpg,Italy,IT,36.843245,14.457916,3
5c675ac95d1b42048a7fb8725e5d9e7b.jpg,Italy,IT,45.399089,11.398154,4
0e7251646da247888031f56b22277969.jpg,Italy,IT,45.709286,9.873363,0
16080eb7f3a14ed09010f194601d14d8.jpg,Italy,IT,37.82692,15.133666,1
a5cb18904a4944d6ab865b611da32100.jpg,Italy,IT,40.283859,9.144591,2
5e99f6a9269e4750bcc876acc8f8e98a.jpg,Italy,IT,40.045812,18.473252,3
f961b421bbd54f9baa732e42336d9b47.jpg,Italy,IT,43.746334,10.693265,4
c6546f6b76a6425ca9b37ae5c0f6c603.jpg,Italy,IT,41.754373,12.913302,0
d1952294fa5441a789992ec7218fd760.jpg,Italy,IT,41.923093,15.092242,1
0bb21826e76341b0aa1474059a360371.jpg,Italy,IT,45.621394,9.605065,2
3d015cfcc39c40ad960c71fffbedf184.jpg,Italy,IT,46.587292,12.846839,3
317348d9797d460aaa1519dc82ba768c.jpg,Italy,IT,41.457321,13.80261,4
edbf1d76d1764b75817ed333e2449271.jpg,Italy,IT,45.74436,12.218655,0
574dd11413284e40b43ef877093e129c.jpg,Italy,IT,42.061759,12.534816,1
79b4788025fd40ea82e991ddcca3a09a.jpg,Italy,IT,38.743536,16.483534,2
48086e29ac964b73971a82edefab68bd.jpg,Italy,IT,37.254237,14.565956,3
22a3f50f9bf44d59be040080135ea1f6.jpg,Italy,IT,46.667301,11.204218,4
c023291da9d044a796f377edd822c1fa.jpg,Italy,IT,40.606045,17.300756,0
6e855b71eea240208aae7a6ebbc9544b.jpg,Italy,IT,37.136291,14.659518,1
7ef67420843d4e5ba1e8ac09c3562a06.jpg,Italy,IT,45.688731,12.667248,2
5113da2295564dfa81a0ee378fbb4d53.jpg,Italy,IT,43.522332,10.378599,3
7ad0c69479bf40ab8f8255598f98e6ac.jpg,Italy,IT,37.625233,15.159198,4
35763494ee904739827e528d833ed4b3.jpg,Italy,IT,38.65265,8.266919,0
0d21b9698dd746139ed019bf19c3b58b.jpg,Italy,IT,39.325539,9.147543,1
e41e06f452804f6aa294a40bc189c32f.jpg,Italy,IT,40.558185,15.391558,2
0f80ba53bf6d477696860d342fca8b27.jpg,Italy,IT,39.604502,16.69146,3
e32789acf7424c4fa7522e907b602621.jpg,Italy,IT,43.406684,11.30565,4
26c7a03a0209452e972bb1da9fcb0865.jpg,Italy,IT,40.983568,8.926632,0
9408c509ca8d40d49d12a48057d1d813.jpg,Italy,IT,43.495397,13.162527,1
e13ccba33ce243f98cf2869ab0856e38.jpg,Italy,IT,43.998848,8.051325,2
6487e5a1a4ef4e0384e1e36ddfd3f48a.jpg,Italy,IT,40.568418,16.578157,3
4309c247133544b1b6bbb2fdd9705247.jpg,Italy,IT,39.040277,8.424858,4
f304bef6daaf4480b328bdd0e0c90504.jpg,Italy,IT,37.715341,14.038502,0
f2ed201d69b841c68ef702998eec1d5b.jpg,Italy,IT,37.664873,14.859964,1
b6f8b2082697461a99e86194508496bd.jpg,Italy,IT,40.70569,9.695099,2
b9593bd5c1914f1fbdde46eb1c5eb3e5.jpg,Italy,IT,41.801957,12.227082,3
b3bc4c0c4fea48a197ea25fbb766b4db.jpg,Italy,IT,45.763221,8.677704,4
2b848a4bccd7451e8627773f355e0b1b.jpg,Italy,IT,40.570908,9.682688,0
f16818bdedcb4bc8b34bae9d651f72db.jpg,Italy,IT,45.264543,11.767353,1
b477c4d3c77d4c8fb064c5ed7b75edaa.jpg,Italy,IT,40.5915,8.375922,2
65113ab4984542c2bf063d0cec25a087.jpg,Italy,IT,37.924644,12.739338,3
4804822430614f1691cfc3c601ee106a.jpg,Italy,IT,40.532443,16.458766,4
31461abae3ee43aca139e8c1d68e6481.jpg,Italy,IT,40.979115,8.930611,0
d663dfe8e03546d780349293d5ca24d1.jpg,Italy,IT,36.789105,14.515586,1
b1172bd5ed0e43e6b373f05088850973.jpg,Italy,IT,43.697556,11.405706,2
56fde0ce006b4217a4e277237e295b2c.jpg,Italy,IT,37.320528,15.039187,3
927f1e3b54a14bd2893a31498a866285.jpg,Italy,IT,41.015234,14.81206,4
1ee802b93da6455e87f25816e84387fc.jpg,Italy,IT,46.670729,11.20936,0
9c83c35295624cc59231d639ba1ffd8c.jpg,Italy,IT,36.833029,14.727737,1
0006762b474e4b4d9be9a61ed0247fd9.jpg,Italy,IT,40.890871,14.348968,2
ef37e0cf457a4597acd34475a7a78dd2.jpg,Italy,IT,37.749282,14.075514,3
447513ec939e4d45b3efe2d331273b0b.jpg,Italy,IT,40.912551,14.544998,4
d49110ce40f5440fab36502fc09cdeff.jpg,Italy,IT,42.280911,12.601198,0
930c8377574e4b76886576a6d74517af.jpg,Italy,IT,38.018031,14.080718,1
f3499f1d2616466b9310d36b3dc0407a.jpg,Italy,IT,40.997245,14.835634,2
0e96e7b61e93490ea4ab172b8981addb.jpg,Italy,IT,40.780925,17.583224,3
9d9df8dc934e491ab44796af9464d1b2.jpg,Italy,IT,36.730816,15.030871,4
a81e087b629a4294a3379be41c99c822.jpg,Italy,IT,40.647544,17.316788,0
aecb6465fbfe454db61637a98b2b90bb.jpg,Italy,IT,45.718012,13.702257,1
2e8ed9426b6c43e2966d83d69db74147.jpg,Italy,IT,43.470124,13.571794,2
b674d81bc1fc4b77940e22828cbd0bab.jpg,Italy,IT,38.020468,13.597066,3
c2e5cdec00cc464cb75cd51336a96a1f.jpg,Italy,IT,43.028617,12.89218,4
fa794147576b4d719bdc338e49b40a6c.jpg,Italy,IT,38.023083,13.361467,0
bf622f1e912c4a11938bf60a569faada.jpg,Italy,IT,40.059532,18.315827,1
edc9bc9e93944fd3b72671411e076736.jpg,Italy,IT,40.788417,16.420007,2
79f2032ec73b42378dd3fdedebe7ae39.jpg,Italy,IT,43.709133,10.614805,3
8d10d305750340a4b1a37aef1536d98d.jpg,Italy,IT,40.934013,17.173062,4
4fe37557a9c843ff857ca1852571d457.jpg,Italy,IT,41.071664,9.210277,0
c1ef3abb541a48a08bcb2c219fa32bc6.jpg,Italy,IT,36.75188,14.97577,1
de0d2204a9874a728f4d9dadb6ef5529.jpg,Italy,IT,37.385497,14.866786,2
9c5269d9cadd461783d6d8b2b0fd8ddb.jpg,Italy,IT,40.916806,9.095366,3
01f6bbca55144eb195c98ac212cc173c.jpg,Italy,IT,42.651416,12.373669,4
0c72149df74043318248fe18bf1b8f07.jpg,Italy,IT,41.090086,9.234108,0
23bad7a071f04249b73af878dca6f5ea.jpg,Italy,IT,40.490196,17.760354,1
5fcaa4477b674c19ba6e62666e8d6510.jpg,Italy,IT,40.664551,8.32778,2
d6a716b768ff4513ae61aa127076bcef.jpg,Italy,IT,37.742168,15.143908,3
5d65183cf4e64c15b7302c0688cc4c78.jpg,Italy,IT,38.637448,16.371711,4
bc931e20dc894109b4d11da2732663a9.jpg,Italy,IT,37.906705,14.963405,0
4502d73bf3ec4752813b5ee6f9ac168f.jpg,Italy,IT,37.814079,15.127657,1
9e9e4e3d2a934b8c80b8728c2f5881ba.jpg,Italy,IT,38.064483,12.682903,2
9b1080409d6d44e9807ea377627f2f83.jpg,Italy,IT,38.650811,8.346251,3
01e1b61af7f54304a4ce4857438d0898.jpg,Italy,IT,42.819265,10.288272,4
66264b32cd284064a4cd1273f1757bd3.jpg,Italy,IT,37.924338,12.749419,0
ba8755b2ec7a4ac2b0af24d36a8cf652.jpg,Italy,IT,42.045423,14.817839,1
e1c4601fdbb04005b57450c1a5ededc5.jpg,Italy,IT,39.414284,16.013789,2
e5ca72cd711b4a57bd24c0388407f11b.jpg,Italy,IT,45.37178,8.910829,3
3d7be63b8af844e59a9abed08911b6b8.jpg,Italy,IT,43.473131,13.453769,4
00d4d532911b4b98a169f0ea1b7a2c3d.jpg,Italy,IT,46.826268,11.935988,0
3d283c4c976946faa869b9af1619a407.jpg,Italy,IT,41.366056,14.023897,1
617ecf254b5144c6a100bab74f084e59.jpg,Italy,IT,38.052958,13.15384,2
b9fa3793434e452b8e75c76c74cde809.jpg,Italy,IT,41.022638,16.845639,3
fd9dd97bbf8843aabaafe7aaa27911af.jpg,Italy,IT,40.261685,18.09904,4
4c30a79e247a444bb87a5ac9a30ba168.jpg,Italy,IT,42.82017,11.760386,0
4f5f5f745e904b648e7115b1a60b9e2e.jpg,Italy,IT,36.765977,14.669636,1
9d6f379ccec84149b3a2b58e5ff5503c.jpg,Italy,IT,41.061279,16.882803,2
cd89f25493e0428abb4d390de992c3bc.jpg,Italy,IT,40.936619,14.324999,3
a1a4c9827ec440a48d3677171971e5fb.jpg,Italy,IT,40.66102,8.32831,4
2a8a11d496904531bf999fc4ba192a8c.jpg,Italy,IT,40.600154,8.323913,0
0107c5d7064d4e1b909e216d4c71a09a.jpg,Italy,IT,40.450208,17.333467,1
11074119e7904508a79ab47eb3d12078.jpg,Italy,IT,37.596612,14.131395,2
a494efe2ca10472db925246870e207a3.jpg,Italy,IT,41.441941,15.625535,3
f409c343e4d84b36b02fc7a7de6d7418.jpg,Italy,IT,37.74387,14.830348,4
81443e1a0ba948d98c68bcabe41ce98f.jpg,Italy,IT,44.686069,7.20804,0
9d38e548d6e149d1a296d35fa7bec680.jpg,Italy,IT,40.267917,18.050232,1
f62b647fa0814b80969b4865854ed2f2.jpg,Italy,IT,40.792529,16.167957,2
8d04d6b17f2b4bf495ea5f54e1c7bcba.jpg,Italy,IT,43.25145,13.748886,3
b1b5c1f627564851bf6e7eecd8c50718.jpg,Italy,IT,44.911918,11.857416,4
1f27bf5ecf6246879f379df68b573d02.jpg,Italy,IT,44.750111,10.916461,0
d9a0b817c1c44668bb449532742139d8.jpg,Italy,IT,37.188444,14.763702,1
a160933eca0f4d7aa94a7aa26fbb71d5.jpg,Italy,IT,40.677043,17.463929,2
9efb593cad314e0497c9822b3958f250.jpg,Italy,IT,40.564258,16.398659,3
9da324fd3b554685bf4b56a59e833457.jpg,Italy,IT,43.438383,13.243565,4
645b432a3eed49d193fa6d7c890a954c.jpg,Italy,IT,36.870597,14.451284,0
6a31d25c25a1486480239c12de88ba58.jpg,Italy,IT,42.482636,12.400208,1
e5287725c2834bd292ea8771ade14eeb.jpg,Italy,IT,41.437702,15.607738,2
93120f716b084befa90160636ec3cf6f.jpg,Italy,IT,43.386873,11.308793,3
491c2def07ed44efb1c456f9485d1b38.jpg,Italy,IT,43.684268,10.557372,4
329774374c3847649e5d6efdac341fdb.jpg,Italy,IT,44.236522,9.711035,0
fbce1eaeca77456db598f71d98b0d6e3.jpg,Italy,IT,38.111306,14.97837,1
2920d07b06dc4d829d7c3615ae3e1800.jpg,Italy,IT,43.973012,10.525031,2
adf2535d6a8b4a22af42d4c2546bdcd3.jpg,Italy,IT,44.742833,8.313086,3
2b8956d1c0de4b3aba9fe692b6c12690.jpg,Italy,IT,46.447868,11.905943,4
b4782030bb9b489fa8893240513474e7.jpg,Italy,IT,40.912198,9.416038,0
6038be37658b4718af89737a8eb16970.jpg,Italy,IT,40.554271,16.271436,1
7503d9f17b9d48e7b0769adec182ce88.jpg,Italy,IT,41.0175,14.746772,2
7fd3f8f8a09f4b5c974206d6df9453df.jpg,Italy,IT,39.991429,9.610355,3
b936b6286a55480aa268552240a389dd.jpg,Italy,IT,44.756514,7.241439,4
6fadbec641594298b792ea80649117a8.jpg,Italy,IT,42.411393,13.625525,0
c2642c45e32a4ad4aba3fcb678991aba.jpg,Italy,IT,42.229282,14.440995,1
5b679301d550499492534b720627a32f.jpg,Italy,IT,36.824433,14.973957,2
998c2b5c1a684dfdae333e6074722b05.jpg,Italy,IT,40.286051,9.150943,3
f45885760fe5437ba72390e6e23c619e.jpg,Italy,IT,42.08364,12.633498,4
044d2f201efe46409ea542a3f80be7a3.jpg,Italy,IT,46.640468,11.686222,0
bbfaf74292dd4d5fb40a4843f6e10f17.jpg,Italy,IT,40.936212,9.093987,1
bdafd053d1dd45ffb7093090ab18f1ff.jpg,Italy,IT,45.698114,11.76909,2
0624ee02a5c14611b46408895b981c43.jpg,Italy,IT,42.698332,13.117884,3
bc3a1de5086548109e5ae33423eaace3.jpg,Italy,IT,43.648219,12.585211,4
654d691b84574eaf8f09a95ad80d6fef.jpg,Italy,IT,45.514572,8.822987,0
76027a34e5ae4dacacd7cf950c65ad17.jpg,Italy,IT,37.553554,14.289008,1
93a07c84c24141eaabbb37bb983c67eb.jpg,Italy,IT,43.523707,10.616427,2
fe1706636f0f4f13b24e5d26d8ac4753.jpg,Italy,IT,38.070302,16.142155,3
3f56cd6dd0644dc6bed302e32c987aaf.jpg,Italy,IT,40.556778,9.676255,4
e0d23a2a355a4179a35b5823a79dd07e.jpg,Italy,IT,40.895419,9.07123,0
f2f7e014e1bc4e20a62ee0398276226b.jpg,Italy,IT,40.276341,18.12709,1
f3a2cb5fdb394b7f97b84174bf1fe503.jpg,Italy,IT,42.984286,12.415629,2
b83e4815b9a748f4853ec4cbabcb31a9.jpg,Italy,IT,44.936692,11.408102,3
53484e58a8ad4c47a781d86bc2fd2f7e.jpg,Italy,IT,41.263957,13.744894,4
970f814d7155463b80464e74280c260a.jpg,Italy,IT,37.629457,14.118755,0
894f7310f4d6460ea8b70122b6dc56e0.jpg,Italy,IT,44.818645,11.662675,1
f65692cd544f42a5a34791ca8bb35016.jpg,Italy,IT,43.116177,11.723434,2
e64eae517fe446099ca6a8ffb1fa0a39.jpg,Italy,IT,40.68621,8.3798,3
cbbb5128500244fdb2eff4100523b502.jpg,Italy,IT,43.168271,13.650407,4
85c3e06775d04ace9eda9ae2077a944e.jpg,Italy,IT,40.710317,8.803033,0
69c8663e04dd409ab8c53256b460a5ed.jpg,Italy,IT,40.65669,17.630735,1
5062d4d6aadf4a05aa26e8d04c2e58ef.jpg,Italy,IT,39.243458,16.062756,2
3a55e0bd6837457182b2f3b7d9712bd9.jpg,Italy,IT,41.215209,9.245403,3
521a53c42c0a427fa7c725acb67de59c.jpg,Italy,IT,37.471197,14.035684,4
e1f4120116004020acb85e4b4ce3318f.jpg,Italy,IT,45.83152,12.600464,0
c462058b02b24aa18c892d6814f64b5a.jpg,Italy,IT,40.764531,17.29263,1
d4adc2dc4d87491d85444f59c7a0dd13.jpg,Italy,IT,41.000414,9.239631,2
843ee5cc3ed441bbac06d413e5a8f4d3.jpg,Italy,IT,39.058554,8.428879,3
5c2d35be56c940529362caac0c106c82.jpg,Italy,IT,43.261186,12.687915,4
117e56030fea49088898c6fd8b8d19b7.jpg,Italy,IT,41.914684,15.138913,0
adf6256bdcd84e53bddd59901a70edd1.jpg,Italy,IT,38.401963,16.499628,1
5039e286f0a441619ba156ca50bf1deb.jpg,Italy,IT,41.002477,8.904379,2
9503d99dffed40dbb1ad5b2e21e90475.jpg,Italy,IT,45.467289,8.740133,3
a0ed0f23766544478d42d516aedae7da.jpg,Italy,IT,40.612822,9.703914,4
0bf728691c3e408e934b2f2c1efddb78.jpg,Italy,IT,39.605362,16.679942,0
32e91c89275a4559b843d8dde41d1da6.jpg,Italy,IT,44.459939,8.378712,1
20057d73e02f43d8a69d8c5189ffcb04.jpg,Italy,IT,37.967198,13.770073,2
47b51e91309e41cdad45c4e29b1ee530.jpg,Italy,IT,40.52729,16.464582,3
8d5ff6b7a7cf447c818eb28f0c8879d6.jpg,Italy,IT,38.048346,13.376082,4
5cd93a021a4741a98ee86f166b98ef56.jpg,Italy,IT,44.456408,10.653324,0
5996fc01205a4f1ba3eb5611347ca0d3.jpg,Italy,IT,43.510225,13.266156,1
3e6212855f374f15ba1149ef6a0095b1.jpg,Italy,IT,41.857191,12.376878,2
d3541e48dc434cc980813afb10f1b5cc.jpg,Italy,IT,40.920138,9.445438,3
87217a087f00471aa61bdd3915239220.jpg,Italy,IT,46.672239,11.674572,4
4670e793d62b4d0e98d9269d51c3c1d4.jpg,Italy,IT,36.773755,14.908386,0
d088fafef57d47ef8789acf75c13a990.jpg,Italy,IT,40.930937,9.36785,1
e465386e84d74221b6f480d410762687.jpg,Italy,IT,45.134925,8.486188,2
756f898838884702bc74aa81c66525aa.jpg,Italy,IT,42.543579,12.259043,3
1ae90f5758f24d9f94133e8784aaf386.jpg,Italy,IT,40.570798,8.341528,4
30d890459cb549dc83e4018af9ea6b31.jpg,Italy,IT,40.812202,16.948355,0
7faf4ca4a71b4f68b5f6b6b6a59b6aeb.jpg,Italy,IT,45.644045,12.08884,1
35d10d1ae63f4f53a5c5141e0baf238d.jpg,Italy,IT,44.599519,7.760909,2
0d170a132bd64ebc8e5308f6e54c3989.jpg,Italy,IT,39.066043,8.440207,3
7be413bab395454daf663a61614b49d5.jpg,Italy,IT,40.817584,16.937368,4
01615a38a6d54005a77a7aef896b5b9c.jpg,Italy,IT,40.534118,17.482498,0
1bb2355722474e81821ebf8c3a0b7525.jpg,Italy,IT,40.23505,9.038557,1
d0b189334bf84cac94557b9d14f8d068.jpg,Italy,IT,40.647206,14.700332,2
fdd1a801a0954281ab4323064d35c925.jpg,Italy,IT,40.726547,16.474328,3
0d4003ca3515444a830a14c8601ebe0b.jpg,Italy,IT,36.816285,15.049098,4
82b098309aa047f7b792af2794cd2b9c.jpg,Italy,IT,38.902416,16.336121,0
3ad2e7be020d4397b9a0733dd77b994f.jpg,Italy,IT,45.83023,11.838834,1
ca69045763b94215beca40409a6597c3.jpg,Italy,IT,40.66969,8.703511,2
4e9159f100fd4b03827caa24de02e310.jpg,Italy,IT,38.046737,13.141233,3
6b2faf8da204445796074d3e69796a73.jpg,Italy,IT,40.609056,17.985908,4
d2d5d8bc8d9b4cd9a95955add9b7c599.jpg,Italy,IT,45.986305,11.979803,0
c0d9db5f5fe94bc28f9b25f030d4ab94.jpg,Italy,IT,42.294356,12.497596,1
d5cfce4d15c849f18c9b9d43be06f9c8.jpg,Italy,IT,40.787341,16.555149,2
331d523f8fc74649a58eacd279e30da1.jpg,Italy,IT,40.784173,16.424097,3
bbbae30bac474d2a962cb3a41637e8d6.jpg,Italy,IT,40.425148,17.903716,4
c5945afb8f214f55b39848350c77f58a.jpg,Italy,IT,36.921314,14.439324,0
e02766bb77ad40bea4a9c82cc46a1ee5.jpg,Italy,IT,41.446315,13.929981,1
df1aafb868d14b1fb90cd9cb08992e1e.jpg,Italy,IT,40.935885,17.17344,2
c639423573b34796b49d4accbbcee6f8.jpg,Italy,IT,43.198992,13.641246,3
099716f5169048258d82bf7ee320996a.jpg,Italy,IT,40.652379,9.722033,4
047473be4af246d6b0657e021857c584.jpg,Italy,IT,44.559117,7.160927,0
7e1e4117c98d41739553b09135828218.jpg,Italy,IT,40.94695,17.183093,1
b4219c36026f454485a1cea06794baf3.jpg,Italy,IT,42.035768,12.670716,2
526daa1501e64ea6b41a4a965c4f1eca.jpg,Italy,IT,40.635503,14.836598,3
5a8b5bcaffaf44eab1c6900e5272c6d5.jpg,Italy,IT,43.316477,13.639219,4
7363cd30185c4322993e7199fa99f0df.jpg,Italy,IT,37.731755,14.059568,0
e0f74e96ee524f94a46403a7dd814550.jpg,Italy,IT,40.91812,9.378273,1
7f0c4974cf2b425bba5b80658cfcf076.jpg,Italy,IT,43.136857,11.793897,2
c90c7f462fbe49c390be7b93ccc4308a.jpg,Italy,IT,44.502222,7.155134,3
df7c21089b3e4dd2b3739cff666be0d2.jpg,Italy,IT,41.001592,9.235135,4
2f5534a9e7bb4fd7bcf53fa8a167b530.jpg,Italy,IT,42.745015,12.071349,0
48cd6a7b1151407d9e71731aeefaf0d4.jpg,Italy,IT,41.802588,12.226858,1
d30bbc8108c745c7b6873fd823cdcd57.jpg,Italy,IT,41.397105,15.693285,2
81b0d6049362479e972f584e48e1c394.jpg,Italy,IT,45.284557,8.19581,3
18a05ee1438e41e1a0e792462bdbc7a8.jpg,Italy,IT,40.939751,8.864987,4
701b81067e6740e88d4aca962e5e3ca5.jpg,Italy,IT,40.694746,16.944658,0
1780e5efac2441899959a8fc3c75c31e.jpg,Italy,IT,44.505133,7.616886,1
07405f14d6484710949ff20e78cdbe65.jpg,Italy,IT,43.559906,11.323641,2
b7fec366e24b4995a5db2a5085ceb44d.jpg,Italy,IT,40.135859,15.736623,3
d3ec0d2f7cc34cbdaa692b654c31462f.jpg,Italy,IT,40.737949,8.48287,4
d96be400177943f0befae1023bd082c6.jpg,Italy,IT,38.133823,12.734652,0
da5734a548e64e6b90a620b4963172b2.jpg,Italy,IT,45.952691,9.041908,1
2aeaa571c10240d193d00e8d78382201.jpg,Italy,IT,40.688265,8.790691,2
c49e0ca66a844c12ac1205913e054f72.jpg,Italy,IT,45.321351,11.377238,3
e0a9c1077ca94f3292aa0ca1a1e4ef34.jpg,Italy,IT,45.640032,10.832711,4
4d1d5addcc7843ab984932e4f51739a2.jpg,Italy,IT,44.304192,7.153658,0
f843fff299d34fd78da4745d434ba8c1.jpg,Italy,IT,44.864482,7.303171,1
6856bb4986a647f7865296e8e39876cd.jpg,Italy,IT,37.869502,12.493394,2
5c10674a8ad748299a71039964df526c.jpg,Italy,IT,41.029242,8.968304,3
df79dece59fc4fb38f6dd3e7ba58f332.jpg,Italy,IT,38.021579,13.362151,4
ba18210c629949c3ba3292f397efa8bf.jpg,Italy,IT,40.840505,9.401918,0
527ed2e378914b7e925f5d53287a0f51.jpg,Italy,IT,40.586178,16.260367,1
880616bea3d743d5a9efab41dda628ee.jpg,Italy,IT,41.818022,12.782088,2
02f143f6fdf6449b9cf4ae6060eb6c3b.jpg,Italy,IT,40.559767,16.265649,3
71a318817d7149668683675d04d3afa5.jpg,Italy,IT,40.636949,9.703734,4
44019ed2f04c4e9ea6d2ebc9f7909349.jpg,Italy,IT,38.004936,14.97563,0
f08eccc37c874ed8aa0e9c4c32ec4d43.jpg,Italy,IT,40.639182,14.689358,1
1009f75e3449465ba1ca481cbbfc8895.jpg,Italy,IT,37.822699,12.484546,2
1d5d49ad65474e5e8ec3b4c4485b99d1.jpg,Italy,IT,39.227277,9.125825,3
86684afc29fb460f9498380b5b8615d3.jpg,Italy,IT,44.446661,8.076016,4
48e7cec559e84b6399a60f72e00b995e.jpg,Italy,IT,42.57131,14.099177,0
55eff00ef97c4145aa81b5eb80a258e5.jpg,Italy,IT,46.608577,11.579218,1
401da4fcb3494c09bf05d4cbebfe29e0.jpg,Italy,IT,43.890694,10.476425,2
70349a4f043d44e19ad709649751b2f2.jpg,Italy,IT,45.991999,13.317729,3
08c10d97567a46fb9cf8d3e21e43e631.jpg,Italy,IT,40.530349,16.486546,4
34132346e7464b15ba0da2ca6ac453bf.jpg,Italy,IT,37.830765,15.137227,0
2c0dead7804e40318d4702aad22ea2b6.jpg,Italy,IT,40.581547,9.749168,1
d508d814bce04cd7aef78f2d62cb4134.jpg,Italy,IT,38.039277,12.705423,2
b962fa01dd4b4baeade27dbbf8ed9433.jpg,Italy,IT,45.04196,11.542332,3
fa1be73c250443dbac66218b988de3e3.jpg,Italy,IT,39.327102,16.047915,4
e9859206c69346279f6c6e43bbfd6295.jpg,Italy,IT,40.647155,14.700341,0
3cd8b0adbbe74144b80605a0fc95e592.jpg,Italy,IT,40.823854,14.379937,1
4414e76fa52a49e799b90b7d0bdd6f7b.jpg,Italy,IT,45.570605,8.328793,2
86bc37888225457d8653efd544666503.jpg,Italy,IT,42.872925,13.906706,3
a35b936897b34f668f45bbdbd6facd43.jpg,Italy,IT,45.183504,11.019211,4
bba3567e552e437597885cfa24bcf112.jpg,Italy,IT,39.216198,16.06249,0
54585300333746b28fee6264099b9085.jpg,Italy,IT,43.514813,11.242886,1
379bae1dd87b456b9b071562379eebbd.jpg,Italy,IT,44.130405,8.112189,2
4b0bd112972840598bbe10b5f79808cb.jpg,Italy,IT,41.958982,12.505943,3
b8adbd8d97694d5ab7c6ce1256431597.jpg,Italy,IT,40.014238,8.505446,4
5f57b50598804c59bdfef8d48b7ffa37.jpg,Italy,IT,42.348313,12.675463,0
ed19acb3b7514de3ac9574e9971ff24a.jpg,Italy,IT,37.3717,15.08085,1
ccb3e30d6c1a42c1ac226feabc57cbad.jpg,Italy,IT,44.529318,10.89839,2
8d713cfad36d461dbaca42230cc36b55.jpg,Italy,IT,39.280831,9.134693,3
2457a360e89b4948a2019907e560c929.jpg,Italy,IT,45.87796,9.210452,4
7171538378354344a330370f91f46184.jpg,Italy,IT,45.728512,7.225204,0
0e34a5c440214680a26c10aae5c6d308.jpg,Italy,IT,40.598043,16.993397,1
5f680d17992a4cbca6a647a00a1a7d53.jpg,Italy,IT,38.013963,12.870509,2
2a959302707942aeac0867783cec0f8c.jpg,Italy,IT,40.767958,9.161889,3
2e8f018a780e4fe89c2fb815ee561788.jpg,Italy,IT,40.997164,9.222957,4
3f0a0373a5824424852864160aa95e66.jpg,Italy,IT,45.568071,12.763666,0
eabd99f939a64d6e81c7159d62414d8d.jpg,Italy,IT,40.281931,18.069181,1
1e269b4123b34e3aaedfe51012665611.jpg,Italy,IT,37.837057,14.907689,2
eeef2db395184ef889cb60203e0acece.jpg,Italy,IT,43.632844,10.598848,3
f3fcd37d84e8444886724b62b0ea78e6.jpg,Italy,IT,39.313477,8.962534,4
24b2398439a04a7da134f4b0d5763bc9.jpg,Italy,IT,38.998617,8.417562,0
5ad43064f50b4b6a88e314be28be7994.jpg,Italy,IT,37.267891,14.939691,1
63d5c2a6ef434bc381b84dc6c23b0913.jpg,Italy,IT,45.165376,10.174545,2
6c8cc057520c4cc9a5e7d84b07ec801c.jpg,Italy,IT,39.229084,9.126556,3
0530fd077d5a47d48fd26ccc14d6d61e.jpg,Italy,IT,44.581672,10.910893,4
1e29784c2af042e48a65fd7ec74b9566.jpg,Italy,IT,37.804739,15.132168,0
eb402cb3c2c34acdafae4e7cf2c89675.jpg,Italy,IT,43.917429,7.648722,1
543637a1d31049288ad84b6db4252ff6.jpg,Italy,IT,42.153776,11.921385,2
96b22f8c1001421a9253576f6b6cbcf3.jpg,Italy,IT,40.778038,16.183277,3
3061d64c3bf84593bb385ad3ce16ef31.jpg,Italy,IT,44.577141,8.787369,4
a4190073422141a1a9e62bb15d30c04e.jpg,Italy,IT,44.602761,10.501339,0
6a720ba4694841df96401b4d40bc3956.jpg,Italy,IT,40.395052,9.477628,1
3833ac7976ca44dfb707c8d90b1cc518.jpg,Italy,IT,40.673487,15.974114,2
3d20341ac20245279f93676e01640be9.jpg,Italy,IT,40.479531,16.718881,3
87f34c027be84da8a3df5a622129a27b.jpg,Italy,IT,37.742061,15.140207,4
a49637cbbced4dffb8b7f237b5dd3e63.jpg,Italy,IT,37.333999,14.119502,0
0fb819d083bc480f8a33404def96e37b.jpg,Italy,IT,44.798888,6.943088,1
4ea8781b8b0245c0bc8f16ddae1f3ec8.jpg,Italy,IT,36.863404,14.730773,2
e81def59526f491bb8d2398fa0cb3207.jpg,Italy,IT,45.117925,11.669355,3
24fdbca72a6b4065aea4361c4032e36d.jpg,Italy,IT,41.429915,15.591096,4
8ad58501a64a41ceacdd241259639206.jpg,Italy,IT,37.251512,14.480395,0
495e74aa04de4677acf19ac5022da8c5.jpg,Italy,IT,39.066218,8.458155,1
2536e421be06418dab7e4fc6d33dffc0.jpg,Italy,IT,46.029136,13.147041,2
56d2288ef953430b8144cff7d9da443a.jpg,Italy,IT,37.729181,15.162413,3
48392bf0408f43e7abb8fab1704bdddb.jpg,Italy,IT,46.48805,10.280229,4
aa27af38ec804d4baf605854252eeb5c.jpg,Italy,IT,42.40682,12.108696,0
8b4ab2bd18e14da2b85bf5415ad8d0c4.jpg,Italy,IT,45.042879,11.54058,1
49e4a74405fa485497b4d2de8ba64923.jpg,Italy,IT,42.293354,12.687949,2
e5ba40f04dca4de5b2ed80ed92f877c6.jpg,Italy,IT,37.784742,14.052452,3
915633d5a300494cad8a84e6022659db.jpg,Italy,IT,36.729164,14.837922,4
36297a55e86045a1b733825881d6f6c2.jpg,Italy,IT,38.271566,15.804718,0
2c0877f0c2b74dd9a6d68b149ed4ed4d.jpg,Italy,IT,45.645176,10.827707,1
110da956546a4447b68f139ce934b07f.jpg,Italy,IT,40.841572,17.005575,2
5df711044c174144919ae5d9cae58efd.jpg,Italy,IT,42.628481,13.996457,3
22a7b46106f145faa762b8e3a0579b81.jpg,Italy,IT,40.56147,16.582552,4
7c853c12028d48f089b599793d139f0e.jpg,Italy,IT,41.442617,13.944146,0
3e1ad282f9bf4881a52c7cc6d6303263.jpg,Italy,IT,39.291724,9.587711,1
d3230583c55940edbfb2a6c828cc25d2.jpg,Italy,IT,36.781156,14.915399,2
c32dca9aa6f74ab4bf540227132e96e7.jpg,Italy,IT,45.021444,8.256988,3
b6572b05551f422fa86c4007c2b934d1.jpg,Italy,IT,45.526217,11.014515,4
f849452997f6448c9c2960010ea5b9e4.jpg,Italy,IT,44.586404,7.752267,0
08e8e3fd7a3c4904819b35cebfb7270c.jpg,Italy,IT,37.855,14.943735,1
2735324743bd4b40938ea89d7e488535.jpg,Italy,IT,45.460907,8.134265,2
8cf33f5553e34801a02a166367757a88.jpg,Italy,IT,41.193919,9.183134,3
1a7c03a3ef5a42759df6f16701de4d4b.jpg,Italy,IT,40.749722,17.639666,4
b703b3ab9abd4f4b9ec8a03479f1ea6e.jpg,Italy,IT,44.047583,12.4139,0
67441560b09648ad905b5c1fc4cbb779.jpg,Italy,IT,44.747533,8.529666,1
2f492d3c394f4bdba55efa498d0ffba3.jpg,Italy,IT,41.557847,14.116482,2
64fa2717d434444ea6ab1828d7d19c18.jpg,Italy,IT,44.170837,10.264871,3
bd6850c9f6bd41298b789080f35929b7.jpg,Italy,IT,45.733815,13.748154,4
ade316c1119e4ec59e7a44df02f8b0d3.jpg,Italy,IT,41.003445,16.833794,0
77ea6aa51ce5454ab33c0fcf755cfc8c.jpg,Italy,IT,40.837256,14.572477,1
2b95e67e3af44d9aae22494c177cc883.jpg,Italy,IT,40.75062,17.646696,2
2b2f2a6cd6854cf2ab600887d161491b.jpg,Italy,IT,40.032532,15.804202,3
3b2f9c238e654455bb83b3ca3199c18c.jpg,Italy,IT,46.593065,12.086592,4
52a08b3330d543d7b3d4341ff8b3954e.jpg,Italy,IT,39.323828,9.146098,0
8e769c47bc734737b0c415c4bb845edf.jpg,Italy,IT,40.560951,16.408526,1
e12520a846ac4593a0de493c21e45c0f.jpg,Italy,IT,45.582628,8.338742,2
cebb95ebfbb64e66aa9d2cf53f8da3d2.jpg,Italy,IT,45.683671,9.827046,3
08a1b11bac72440fb9b90fe46bae9eaa.jpg,Italy,IT,45.820641,9.265958,4
d63c3e8128624178ba3c37ef655a11d9.jpg,Italy,IT,37.366602,15.08118,0
9ba7a672f2ac4dc58f9adca2af5a5102.jpg,Italy,IT,40.512732,16.476217,1
e2dd8d15a47141a58e0e934838a6cf75.jpg,Italy,IT,43.8111,10.727295,2
be67600d19f04a5095d852597f66cfb2.jpg,Italy,IT,37.718488,14.038213,3
42c908f2017f4e338eab2ecfc0323fd5.jpg,Italy,IT,45.746048,12.202128,4
eb88890592344db39a0bea7b28d6f783.jpg,Italy,IT,45.064135,10.87783,0
e5ecf7de99aa4eb4b2f9a88b22f060dc.jpg,Italy,IT,37.595268,14.130346,1
22ee57a582094759812c41572899414d.jpg,Italy,IT,40.221418,18.098324,2
f40995ab153f436baf5694fc261cf6e5.jpg,Italy,IT,40.716095,8.495644,3
f869c569dec34ced9302190d476e9119.jpg,Italy,IT,40.899013,16.436571,4
939454fdd325456898fb86b0172cd552.jpg,Italy,IT,42.261523,14.442519,0
34d187d07fdf4d0c8a00a7cc65236013.jpg,Italy,IT,38.011632,13.258588,1
fca65da7c8a947fe9d7d35070e98fb21.jpg,Italy,IT,38.021491,12.786637,2
2906ee2314d041d5ac049e3e2a661d6b.jpg,Italy,IT,40.90686,9.381842,3
4e6b188301e548eda7cfabfc952bed4b.jpg,Italy,IT,46.158649,13.33613,4
820b3b1dcbc841949cfd6489968db8bf.jpg,Italy,IT,45.159782,9.986557,0
c4948358203742628b1ef265bec303c8.jpg,Italy,IT,40.872417,17.410479,1
68363c3591b646a392a52971efb5ab1d.jpg,Italy,IT,43.313828,13.639389,2
05034ec566f74ff69bdfdcd143fa18eb.jpg,Italy,IT,39.014463,17.162415,3
67ffef82ea624669bfc698d3ce8bde7d.jpg,Italy,IT,45.147205,11.042821,4
89f0ffe176f84329bdd45f887256765f.jpg,Italy,IT,46.90366,11.09188,0
9f25a5637ea7423394e422b6e14c05d5.jpg,Italy,IT,45.79368,10.942612,1
4b71e882dd6f4719ab8261c9a709a11f.jpg,Italy,IT,40.286856,9.154227,2
7c3852990ad543a0ab21bee856e7a734.jpg,Italy,IT,36.79349,14.50493,3
b347e61d686845d6bb50f9cad6b3dd4c.jpg,Italy,IT,43.19454,13.505253,4
c83de7581f8649f7bce3a88030556740.jpg,Italy,IT,45.861445,13.532614,0
9fcc7c33ff8e449b8de5336f149a7784.jpg,Italy,IT,41.72187,13.012273,1
13327168cc9e45bcae8b1caf4d553052.jpg,Italy,IT,40.926921,16.072173,2
cd373f67591f449d83401b393e7bf3f1.jpg,Italy,IT,40.598532,9.694532,3
88577de2d15c4c408be34ecab5c9af80.jpg,Italy,IT,41.177412,9.278804,4
3936d6eff50e4b4bb8b486cdfedc050f.jpg,Italy,IT,41.54833,14.755716,0
8485cb03dbdf4d82ae8991e797d1194c.jpg,Italy,IT,40.212728,9.550849,1
ef9a1f42b17948dab300832b3af9737e.jpg,Italy,IT,40.433974,17.735723,2
dcb060d5137c4bdd9f8081f1fe5e3bd8.jpg,Italy,IT,42.389363,12.674813,3
bd57e423cdc74190a1afd8f24cb18d4d.jpg,Italy,IT,38.433531,16.43485,4
1f6cc3115e804c5eb2e0735d212eb61e.jpg,Italy,IT,37.956651,14.954485,0
074aee7fdaed43439ba507bc144acdee.jpg,Italy,IT,36.861193,15.109957,1
2823d639ecf64bafa4c2e81913998f3c.jpg,Italy,IT,43.580081,13.517412,2
059309340f9b4e14941788df555956bf.jpg,Italy,IT,40.775881,17.056954,3
0069ba77e4454caca74a367303668dd2.jpg,Italy,IT,42.779707,11.124759,4
b5bb8afbe6034f1d98eba8a62bb62cc6.jpg,Italy,IT,42.236429,14.475685,0
00dfe11207564bc499724f5639bd033b.jpg,Italy,IT,37.91754,12.539982,1
eeaf2eb490ad426e82651cb895f52575.jpg,Italy,IT,38.016369,13.265437,2
248013295aa04465a569644b8f0a2659.jpg,Italy,IT,39.288427,9.134572,3
736abc6bb09c4aecb72d47cbbb35a6ee.jpg,Italy,IT,40.530801,18.04382,4
08c327273339458e99658b64b96ee7d6.jpg,Italy,IT,37.338032,15.041791,0
f993666b61cb4eb587eb543bb7a1686b.jpg,Italy,IT,38.909648,16.416398,1
5b22bb42cf1049b193c3408ea80d6660.jpg,Italy,IT,46.044427,11.531352,2
e16c41962fb84a7b9c5b296ef420ac4d.jpg,Italy,IT,40.896219,14.307214,3
31a9b3cf63f24911a5b9677282d9177f.jpg,Italy,IT,42.593051,12.237133,4
32b3a1975c824b8e81b8517e269735f0.jpg,Italy,IT,43.904521,12.241276,0
d2cb053986f7445d9cc574e3e30e8d92.jpg,Italy,IT,45.797534,13.049166,1
14ba37ba659848aeae8c54fc3a056627.jpg,Italy,IT,46.170857,10.344228,2
49e4d407e70143f8a649a5dd998d04f1.jpg,Italy,IT,41.000731,8.901784,3
a35e7109c456410fa027c12dae3db3a6.jpg,Italy,IT,44.531273,7.518321,4
98269bf591cb4fae902ba757d5e61039.jpg,Italy,IT,40.634666,8.898934,0
bb3ad36da27a42f1a6025bbdd24c0a91.jpg,Italy,IT,45.37427,10.699576,1
07875689eaec4b2fa3d2cbdc6794cec2.jpg,Italy,IT,40.966933,17.114876,2
8faae40efde54014a03ecdd750b0e7cb.jpg,Italy,IT,40.793347,16.816804,3
481ac66838a4403d968b2218ca4a0d52.jpg,Italy,IT,38.650818,8.262431,4
271f4acce1aa4782a6617bd8d847d437.jpg,Italy,IT,45.866401,11.550691,0
dd1e99f81bbc419c934095a7d8ec4430.jpg,Italy,IT,36.799302,14.490966,1
4c4b34db9c704f99be01a8397e4ea24a.jpg,Italy,IT,40.07073,9.609386,2
25f1fb4e90ac4216b2fcbc6cf1bd8f36.jpg,Italy,IT,39.010358,8.38455,3
5d2e6d86e15d4a27889b7f21f94acb8b.jpg,Italy,IT,41.170738,9.298414,4
e81c2a6164d5499bb0640083b0ae0327.jpg,Italy,IT,44.864462,11.696724,0
22fc55cc98f84c3d87188d088c07fac1.jpg,Italy,IT,41.551019,14.748481,1
813082040c954eb7907cb0543381077f.jpg,Italy,IT,37.83641,15.096152,2
53836748482e42be987f37e1f31ab5d4.jpg,Italy,IT,38.995319,9.003959,3
80dc873a9f724c7a97c7dad6322330a0.jpg,Italy,IT,41.876557,12.378809,4
88175f5300f6402aac91f6f70e48c169.jpg,Italy,IT,40.986442,9.133019,0
7c19117d8cdb436b8d7159686b8fa7d8.jpg,Italy,IT,38.088568,12.753031,1
221e0c4c4ccb4b0da241ff3b03a1ca9c.jpg,Italy,IT,46.171858,13.020062,2
bd69c888c5284601b34113ce2a72a1b5.jpg,Italy,IT,45.716094,6.949688,3
f101ab03a70548efa2bf04c6991e28a0.jpg,Italy,IT,39.090965,8.386942,4
a3190f50c5a04b079ebd02a45cc7b4c7.jpg,Italy,IT,40.46751,18.178468,0
85b735cb824f4708b30c72368f1bc29c.jpg,Italy,IT,43.14721,11.893615,1
3228c7d266af459abeb6c29186a8f3e5.jpg,Italy,IT,45.632604,11.001466,2
3b4ff63f86d140b4a9a8625ffdc72d97.jpg,Italy,IT,43.209444,13.776906,3
0b2faa4f68a64d43981e9a15d1e532bb.jpg,Italy,IT,41.222383,9.189538,4
54b729bf5133456bb314f3b010ad2612.jpg,Italy,IT,40.972457,9.235749,0
4c0585aee5de458eba9c60d3a2f9c57e.jpg,Italy,IT,43.498535,10.724185,1
e68afffe7abc49e79a971cd5f32ee9f5.jpg,Italy,IT,46.44734,11.906221,2
83ba44b689ee4f79aed37580b844c788.jpg,Italy,IT,42.187856,11.745818,3
8f44a674fd2747a1b8bcf2db8987ac38.jpg,Italy,IT,44.18213,9.863866,4
72b6a452560c4ee19f21ef6d709051c5.jpg,Italy,IT,38.650059,15.846778,0
389b5f7196034a9ca94ad19de43d6e34.jpg,Italy,IT,43.86446,10.850804,1
bf61e1a878d946b481e80266b3750854.jpg,Italy,IT,45.24649,11.006934,2
9bc8f56e99c241a0a92b4468b05532b4.jpg,Italy,IT,44.541313,11.105077,3
a6dba9d930d6472b890030f738cde815.jpg,Italy,IT,37.856413,14.921862,4
fb690ee86298461eaefa632774658342.jpg,Italy,IT,44.7331,8.365771,0
281677b091e545538414b06ca375eb7f.jpg,Italy,IT,40.854212,8.960839,1
ed1d7419b83a45a8ab60ca2c40fce4c6.jpg,Italy,IT,45.184477,11.00811,2
70dfc9b9e9fe4524be8e852cbffe6976.jpg,Italy,IT,40.732306,16.46995,3
061e5dfca3b74607ab295f97e3f05dc2.jpg,Italy,IT,37.805217,12.451233,4
c2645711c5804e7e8693125703eef092.jpg,Italy,IT,44.219594,9.731962,0
b04f4ef8a98c4c18ba49962ea4bc077e.jpg,Italy,IT,42.163085,11.764379,1
7b7db7a464a34d659c79e40ee3616aac.jpg,Italy,IT,41.189527,16.414301,2
9ac50314b518479c9e1a78ddffaa46ff.jpg,Italy,IT,43.696067,11.406921,3
5cbca56b8cd34f279fd209ebb4b658d8.jpg,Italy,IT,40.89337,14.610598,4
6978ff9f560b4179a34b00f2bdbcf038.jpg,Italy,IT,38.999769,8.419701,0
c389c15f458d4f91835d6863e4f5c66c.jpg,Italy,IT,42.035478,14.837423,1
807d7390f054434b89323840b11d9711.jpg,Italy,IT,45.16209,8.148381,2
5d99f58344f04bd6bbe15992a05aefb3.jpg,Italy,IT,44.064179,10.441614,3
c47509fe8154495e904e352dca1ff087.jpg,Italy,IT,39.150201,9.403848,4
5aa619b0e691400386b2f7774a46ba0d.jpg,Italy,IT,44.686585,7.20671,0
dcf6ce56f5ef4cfcbb80f1abee5057ac.jpg,Italy,IT,42.918409,13.889585,1
961b78d2f6074a5b8177a12e70f7c082.jpg,Italy,IT,40.569379,16.577708,2
8c04ddae3b954dbb88eabcaf184134c2.jpg,Italy,IT,39.254742,9.064711,3
d917dab31ddf4665bab4736f899e8de0.jpg,Italy,IT,46.694114,11.443871,4
02c6972865ba4b38911fad8198854591.jpg,Italy,IT,39.046161,8.424981,0
476dd95ea00644eb99764da4960cf7f0.jpg,Italy,IT,40.736772,9.103658,1
59407328268b4001a7d9e1d49c42f05a.jpg,Italy,IT,36.740933,15.116421,2
9095e99b98514904b834fffd2f58d012.jpg,Italy,IT,40.731563,8.816723,3
2da0f13e6f564748bb8027f2a3519089.jpg,Italy,IT,41.549988,14.692774,4
561e9649a4304384960bbb45425badf4.jpg,Italy,IT,39.010606,8.384201,0
1192f67601a744fca467dd67dbcb4a03.jpg,Italy,IT,39.014313,8.417081,1
e14da463ea9b42e5919b92828f95e7c8.jpg,Italy,IT,36.948878,14.603721,2
2ec5f6324d3e459b80e197e4b13b586b.jpg,Italy,IT,40.486163,16.302527,3
aa70b4a35d7f4478bd278e6b6e75b4a2.jpg,Italy,IT,45.401273,9.600237,4
1a62516cd3c24fe6963d75d1883b47c3.jpg,Italy,IT,40.215792,9.009714,0
c99b642c4a344ac4bc6f64b30d42ec49.jpg,Italy,IT,43.530462,10.540627,1
f7b3ff5bcf0b42868b35457fb8d51730.jpg,Italy,IT,40.860294,9.335879,2
5322e9acb8524b3b91976b4280057bfe.jpg,Italy,IT,39.300522,9.091151,3
3a2b85b684ce42db9bc9ef494e85392f.jpg,Italy,IT,44.588406,7.61681,4
2024c5b3ad014d25a59eae2ef7a4872e.jpg,Italy,IT,43.476839,13.638583,0
c946d14fc9d74419bdf7ec0c8ab822d2.jpg,Italy,IT,45.520621,9.687131,1
95dd69bb6a464c91b53f40de7f081743.jpg,Italy,IT,40.590029,17.465996,2
652e9b3936ae46f9bb0d1bd4f2ecca99.jpg,Italy,IT,42.224476,14.481409,3
90029bad59ea4c3cbaee881c9e657f97.jpg,Italy,IT,42.739112,12.076198,4
5827971369aa4e7ab123678f478dd668.jpg,Italy,IT,43.387667,11.82205,0
e65ca9f0c9f946239fa257bc20a1df6b.jpg,Italy,IT,40.593841,17.773062,1
5e590e9f044c43a2b3b47c645e5a1341.jpg,Italy,IT,40.662733,17.496178,2
6f74d4f7f048422eab16a2929d3ad8f9.jpg,Italy,IT,40.921129,9.093526,3
677a503a6d40464d8138caa249819c86.jpg,Italy,IT,37.040093,14.390464,4
57872818da6344aeb3c685031a19c995.jpg,Poland,PL,53.457381,19.72589,0
97896d2991344c66bbdd4227fca2d052.jpg,Poland,PL,51.959381,20.573478,1
5f755cfe7d2247e092ee66bdad535ecb.jpg,Poland,PL,53.176312,23.226686,2
ba53bf7be3dd469db6a71bd7d43bbd46.jpg,Poland,PL,51.560992,22.015205,3
3cfcde5290c549d5a4a32a38a14acd24.jpg,Poland,PL,53.961078,15.11695,4
376fb561a9fc481f8093d9c020593675.jpg,Poland,PL,51.637279,22.765666,0
1edb3cae3406464e8ab64aa842ddc1d3.jpg,Poland,PL,54.088204,19.858568,1
95e6f481e6034dc6a1df3ee486d1622c.jpg,Poland,PL,52.190449,22.462574,2
9d4bf0d13584456cb86afced3d09a8ce.jpg,Poland,PL,54.227283,16.347459,3
6082e74c430b48d6b9ea43cf8f41aa72.jpg,Poland,PL,52.061518,22.292929,4
ef7c14a4016748fa9044396a3e3134f9.jpg,Poland,PL,54.701546,18.358303,0
f97a2b77f558420fb0039eb376b440fb.jpg,Poland,PL,50.504938,16.459517,1
10b7e15b41984100a3996eac0f59d9eb.jpg,Poland,PL,50.079363,22.039848,2
c7562e8b08354d7f943767cec66dab6e.jpg,Poland,PL,53.166212,15.520818,3
82d5a904db924e048b4cb8cd2364e60a.jpg,Poland,PL,54.357282,19.679806,4
cfa23435cc7b47eb930b41668736127c.jpg,Poland,PL,53.177938,23.147298,0
200163d1fbbb49dd9e6639586c8574e6.jpg,Poland,PL,52.590765,18.989648,1
614448c661dd4d169ae7206c372eb721.jpg,Poland,PL,53.46728,16.200415,2
76bba57c9a0c4484bb056d8861d9ca65.jpg,Poland,PL,52.994736,18.514644,3
ffa69e9cf4254c0080e436741c49a828.jpg,Poland,PL,53.158673,15.928122,4
2668769d64a944febc24bc26fb60be1c.jpg,Poland,PL,51.138468,20.857708,0
c4538f85d6f14aa88b5b35f80aa5d295.jpg,Poland,PL,49.75507,21.693078,1
d80ab1e4fdc648b3a827e4d6392871d2.jpg,Poland,PL,54.493868,16.485006,2
6808985b1e4e4e46bbabcb97aa6c7338.jpg,Poland,PL,53.795289,16.441727,3
9b420012c8a346ddbeb1b79954bc71c3.jpg,Poland,PL,50.565075,18.543061,4
76e8593d7c1d479ab8a3ac7e588d43e0.jpg,Poland,PL,53.335505,22.458968,0
674218920d084e0fbf8a666a01e7253f.jpg,Poland,PL,53.736296,22.358612,1
a2bf157f560b4574b3f36986ba704b98.jpg,Poland,PL,54.317714,22.658353,2
81b867ad4c6f4ab49a7a7faafdcc0453.jpg,Poland,PL,52.996647,18.508637,3
d9fc18c633de46b0b89c90abdc5420c6.jpg,Poland,PL,53.373192,20.919251,4
93c71275ddf2481a87015edc431caef2.jpg,Poland,PL,50.063179,19.236026,0
7ae0782a33504071b4fb57e6839440c5.jpg,Poland,PL,50.913585,23.17104,1
507eb184124a400a87a19a61b0147d13.jpg,Poland,PL,51.369177,21.069261,2
902cd971f2f74bc194df89c58aa07870.jpg,Poland,PL,51.050043,23.521041,3
03cc568ab0ff44b99ddd24421bed6a5d.jpg,Poland,PL,53.172641,23.041911,4
f42c28eecb1b44089d84abc483444f66.jpg,Poland,PL,49.724352,22.049223,0
a36d4c6b190948b4818b1f351b370997.jpg,Poland,PL,53.499282,17.855084,1
5bfeaaea8ccb4d51ae263f7d6c6d2f8a.jpg,Poland,PL,50.400502,17.688158,2
18d34be8d3914cddbb046e82ffb41258.jpg,Poland,PL,53.120276,22.122432,3
45f4fe7c2fc44a769ebb4cdc5112f9d2.jpg,Poland,PL,53.600136,21.043647,4
36858a27a64f47629f6df066a43398bb.jpg,Poland,PL,51.855839,20.928795,0
3f2112b91f9a484da917572ce6f01ab4.jpg,Poland,PL,53.633352,22.476651,1
532ebea3682b4b119bf42a3a57c20ee0.jpg,Poland,PL,53.393314,22.424097,2
25744a896e4941d697457403c57f4184.jpg,Poland,PL,51.31431,23.130998,3
441acc01a81343fda84cffdca08c5d19.jpg,Poland,PL,49.476253,19.672129,4
5e5d2a9d45f3472cac372faf2f2888ae.jpg,Poland,PL,51.458535,22.453649,0
b1f5f9cfd95f43109b43dcaffbe20c32.jpg,Poland,PL,52.190118,22.102179,1
0bb6fe7689af4d16951fcb007716d19e.jpg,Poland,PL,54.632306,17.50353,2
ab6daad9fbd54d438ac8b954efcc6b31.jpg,Poland,PL,51.290018,23.02246,3
66ae147ec1ba4dabb77d1114ade4eb6a.jpg,Poland,PL,54.322859,18.85807,4
207e5dd876cf4189b0120a09dda56a56.jpg,Poland,PL,52.560982,21.082013,0
96f03ae8fb80446991a91be42accb493.jpg,Poland,PL,54.659429,17.629052,1
270b5703255d4885ba822206da37362b.jpg,Poland,PL,51.493983,23.54388,2
dee42019f4ac4b3fbde9577d52941580.jpg,Poland,PL,49.777361,22.067226,3
9327cb2fcdbd4b6f8d86b020f5c38578.jpg,Poland,PL,51.383318,22.457828,4
8f59660f2c164deabdc66d894ac23789.jpg,Poland,PL,51.550652,20.045998,0
bf595da5fd7445daa99fe01beae1e23c.jpg,Poland,PL,54.055262,15.50284,1
bf76d1f7e310497bb4020dec0da462a8.jpg,Poland,PL,52.095664,23.548437,2
79fed9c30dee4d33955776617bf5990d.jpg,Poland,PL,50.260003,21.853498,3
335a7efb9f294bb6ae95810ed182df09.jpg,Poland,PL,52.070997,22.293914,4
f8b27286fe2a407c93617669f93b7f17.jpg,Poland,PL,51.777759,23.654926,0
feb1bc22d3f44e548716a76fcf21efa8.jpg,Poland,PL,52.642068,14.608754,1
fe0a4999d99a42b38ba57d1fdf8d38f1.jpg,Poland,PL,53.796838,15.015389,2
472827412cb347c8a73374d556cf7c46.jpg,Poland,PL,53.090603,15.516402,3
87b8cea675344184835c758c98044e00.jpg,Poland,PL,50.002377,22.262985,4
f60581b8c1a5481a8a1cde5923745bcb.jpg,Poland,PL,52.835021,15.060811,0
846de83ac8244171a1dad42dcfec41ed.jpg,Poland,PL,49.388712,22.127969,1
7aa5ab98b15f42e9bb5148aea5b49d3f.jpg,Poland,PL,51.89062,21.342192,2
56217f80dd824336ab17ac089b9d6499.jpg,Poland,PL,54.149144,18.71395,3
555b8ce22a1a4c928ff4b3de3c15a75e.jpg,Poland,PL,50.650905,20.961143,4
15fd31d2aa5e4460bf11f8f1b603289d.jpg,Poland,PL,52.399153,20.160652,0
3bb7fcd162dc431791242c6a2d9736e4.jpg,Poland,PL,52.293588,16.743928,1
242af8f742f3440698882c50e170b10b.jpg,Poland,PL,51.484899,21.609688,2
51b5b202eccc48f1b1e4caed0b03920f.jpg,Poland,PL,53.242185,16.493044,3
faeec5868deb4426bdea507933fd805c.jpg,Poland,PL,53.32512,22.456766,4
55344917bc2e4657a6be6166975f7bbc.jpg,Poland,PL,52.4992,20.909518,0
69e2d1dddb924151a737b39d3222440d.jpg,Poland,PL,51.137637,23.395299,1
def009ce4aa04e34a1fad2d0991c5471.jpg,Poland,PL,53.048158,17.680281,2
a293bc868efe4f0dbdd8f0dbd3b82743.jpg,Poland,PL,52.915904,20.531135,3
05de84694a26477b85651132549583d7.jpg,Poland,PL,51.436566,22.366222,4
067ae679d02f4287bda87f93198b1cd6.jpg,Poland,PL,51.503922,23.561949,0
c4cf52b905ec452e9510a36c2a2a4e16.jpg,Poland,PL,51.460447,16.121583,1
34516d071f6945aba424ec7abed64377.jpg,Poland,PL,53.602058,21.045088,2
03854bcfed7148c6aefb69bfe00a77a0.jpg,Poland,PL,53.87808,22.345465,3
c201fa4d177a45909aec6092433a7ae5.jpg,Poland,PL,53.058895,15.165917,4
d3ae424fe5404599ac6599f7703fefed.jpg,Poland,PL,52.45754,16.61844,0
e9e1f2104ecb4763b1eb4cd7a3ff2dd3.jpg,Poland,PL,53.541766,20.967552,1
c9cac0d0cb714dcaa16086f660d1dfac.jpg,Poland,PL,50.720034,20.673634,2
a2fccdc7602447d281578ac4f21da84d.jpg,Poland,PL,51.869744,19.088298,3
f7b7aecbdf264663814c760f09276378.jpg,Poland,PL,54.238702,19.528148,4
ee9d2773566048ecb5fc9ab875297910.jpg,Poland,PL,51.283682,18.192478,0
63c22be16f3e49518e23dab955683065.jpg,Poland,PL,49.64458,18.874802,1
acd05668cc654ebcb489020c6d03ae10.jpg,Poland,PL,50.567062,21.676632,2
b76566addbe1478c9f2ed275430c530f.jpg,Poland,PL,54.150583,20.444417,3
9f58cf8f997444d6a0dd724095f2ffde.jpg,Poland,PL,51.416347,15.600969,4
a7c4256781774e8b91afe1639b83feb9.jpg,Poland,PL,53.442279,15.482306,0
30c106b2bc774bddb44de055a5f62e4b.jpg,Poland,PL,53.518461,18.9922,1
430ccc2a578947ea991458bbb24be358.jpg,Poland,PL,54.120034,22.86413,2
cecc440f3e144a3ab90c63bf9d68ba30.jpg,Poland,PL,53.372913,21.292822,3
06148a313b5a4ef19b7b84eb0c000b1e.jpg,Poland,PL,53.283219,18.8963,4
ce64b8549cf74df28e6764169cbf9148.jpg,Poland,PL,51.521863,23.076633,0
254a9398941d4137bf73225360721380.jpg,Poland,PL,51.591271,21.981203,1
9c52975ec4ac413b80dfed54b0a205a8.jpg,Poland,PL,54.184116,20.105549,2
703187fe35b8470fa7aa17f5831c3501.jpg,Poland,PL,54.171557,20.331593,3
3c455ebc64c64e25b6cdf7e0f37d1ff2.jpg,Poland,PL,49.775246,22.072855,4
2b36f98118f54b4d9d0b740176d4bcb1.jpg,Poland,PL,52.737514,18.097224,0
5fe03cbc8f1048a38f24cd93cff54bc0.jpg,Poland,PL,52.990085,15.705428,1
7fd0e092766843a3a4453c80e7591fe1.jpg,Poland,PL,53.51364,14.679513,2
104eb4eae9a34904a11ed21e571584c7.jpg,Poland,PL,51.59892,21.47512,3
6ec68418e61844a2b5766b0c24bac9ae.jpg,Poland,PL,50.517603,21.604167,4
c65415c2ea4a4b4d825a8a1832162bc9.jpg,Poland,PL,53.681477,14.631165,0
cf0a0517558e4744bbc6d7357364903d.jpg,Poland,PL,49.96007,23.0958,1
2a406ef5503a4568b166e2da04ae2ded.jpg,Poland,PL,54.294721,22.650151,2
162c790b10204e2d8d32e3cf3a9d38c7.jpg,Poland,PL,49.652752,21.183051,3
d8a755ced1fa4dddb8765ac0e5fa6b43.jpg,Poland,PL,53.35988,14.698634,4
1f8c3c79465245299140077597121835.jpg,Poland,PL,54.721762,18.31907,0
aa5baa9a889c424496e947116facdb33.jpg,Poland,PL,52.046645,21.271491,1
239328d8e80b4db2bca93d22e08204fd.jpg,Poland,PL,54.788806,18.378749,2
0886888ee7b744bc80ae7b10ce051c53.jpg,Poland,PL,53.981866,17.070246,3
32cea9c8cffc4c9499ea2de1a79e5d07.jpg,Poland,PL,51.39295,21.102648,4
9e5e0cbc3b894a3690f538ce07bed268.jpg,Poland,PL,53.645694,16.594057,0
ffe62bcacaa64013a35ba11dbf5d742d.jpg,Poland,PL,53.152705,14.355501,1
32d3d2538de042bca4a79a9c559692ce.jpg,Poland,PL,51.745468,20.852306,2
57060e4fde8547ff965f7b5ef718d036.jpg,Poland,PL,50.670544,18.027604,3
ae42d17b569549ecba4196bb0f1bed76.jpg,Poland,PL,51.921287,19.385935,4
98198146c0df4f7abdb36736a664e2cd.jpg,Poland,PL,53.178506,16.535285,0
d1fdbd4677074e58bfeeed3ea8cf2c69.jpg,Poland,PL,50.796866,19.300308,1
7740d39ea17240d7ba90d6f8a9abcccb.jpg,Poland,PL,51.058772,21.282071,2
dc0f7bf3cbb94ed1a2dae7cf66a0525e.jpg,Poland,PL,52.4035,22.644182,3
d709601a4d6d40afacd53341fd963446.jpg,Poland,PL,54.039116,19.90708,4
4ad45eb66e8a4ed0883ff94cb7175f92.jpg,Poland,PL,54.244746,16.563825,0
89ded064137a469a8ea76b8874e65a0e.jpg,Poland,PL,51.768065,17.709702,1
ce1b466d152a4e4893b6c68d96587b18.jpg,Poland,PL,54.464849,17.203659,2
5e8acdf293014163ac04efb173e88ab3.jpg,Poland,PL,49.872003,22.176226,3
044cb462376441d3b3f91753383bbf44.jpg,Poland,PL,51.188283,17.165946,4
f5f1f89b04da43c49016541209ddbc80.jpg,Poland,PL,52.602289,21.496234,0
35d9ffffa237438e8313f81b6ac0f31e.jpg,Poland,PL,49.875124,22.373807,1
4f8fc88af2364e8899ec81c4ef8fae31.jpg,Poland,PL,53.767071,22.965163,2
e14161cd892f4a6e9d132bbdd99eca2e.jpg,Poland,PL,50.808045,16.10328,3
561959572d854ae49426efe58e367876.jpg,Poland,PL,53.495405,19.912589,4
da605cf0ebc5431baf6fb23930d7bc62.jpg,Poland,PL,51.459902,14.943839,0
f7fcd9ec8b0f4d74b05607cac7f20f5c.jpg,Poland,PL,51.644384,16.925847,1
76e28923263148aeaaf7af6fac3b3694.jpg,Poland,PL,53.548595,23.768023,2
e28d0cf62ef140f79088240fabdae06a.jpg,Poland,PL,51.749842,21.770093,3
5a13245540aa4d04805ea6bf1a03b73b.jpg,Poland,PL,50.840575,19.054758,4
038210b687c94694ac5bccdc77a48f61.jpg,Poland,PL,54.729503,18.23875,0
5c4b2db433fe41e8b5043782ef866bcb.jpg,Poland,PL,53.92782,14.903873,1
fe4e7b98eb6a44d8b28f07912dff0d5f.jpg,Poland,PL,53.158329,19.180374,2
45dd66538d8a451a8e160eaed75af595.jpg,Poland,PL,52.668403,16.880072,3
a886f634989b449ba2e8fa02dfa3896d.jpg,Poland,PL,52.124093,22.754503,4
69cbbda085e34d31a6d8d83e5833bea3.jpg,Poland,PL,50.182643,20.083175,0
ce085b99a96a464d8158ba3d5c0cb721.jpg,Poland,PL,51.855126,19.405695,1
8299a3c325bf4070bc5aa8c477fb4f9a.jpg,Poland,PL,54.577809,16.933604,2
2941224309a94f7e92da65daa5e32868.jpg,Poland,PL,51.482222,22.082534,3
3f513374635445a2a137b287f4329342.jpg,Poland,PL,49.888544,20.051033,4
c679384554594fddaa0fb43f82a2aa6a.jpg,Poland,PL,49.683824,18.974864,0
b153afb267a34141b409b5c268d044c3.jpg,Poland,PL,53.797447,14.643786,1
630345fdef4d4e378b6c37de9238e1d4.jpg,Poland,PL,49.35731,22.090883,2
8bc2c24fa31f44c7b9c0616b7ef31ca1.jpg,Poland,PL,50.726885,20.283916,3
0d07ddc16cac4de58e2d85891e55f943.jpg,Poland,PL,53.087998,20.518187,4
d7579180096d47dba2894ca0042c697d.jpg,Poland,PL,50.291373,22.248856,0
61e679e78d8e4766b7a37d5a5ddef115.jpg,Poland,PL,52.447733,21.646522,1
31fb16d950bb420587c52c3e4bdffa28.jpg,Poland,PL,49.98295,21.479,2
734bb652ee8145cc8695a634099cedb3.jpg,Poland,PL,54.259701,18.250377,3
435964c0279a43378b9a1eb2954951ee.jpg,Poland,PL,49.671829,21.483944,4
dc417e308ee048b9a50460ce3d96f560.jpg,Poland,PL,54.493944,18.334285,0
facd234f95a54c23b28a3fc2b54796f9.jpg,Poland,PL,53.835336,22.914931,1
87d0ad6575934821a348f78f44fb1385.jpg,Poland,PL,51.509025,21.739742,2
797b1b195c614fc69c6053afe0613199.jpg,Poland,PL,50.431655,18.610298,3
6aafb9e2d2524da889f4ce7e078ad160.jpg,Poland,PL,52.942967,15.38666,4
26a10a933cb144688388465e839858a3.jpg,Poland,PL,51.736012,20.807461,0
768558dac2c542958d615c85b58551df.jpg,Poland,PL,53.36517,22.439988,1
e89644a369db4bab89e3cac1a61559ec.jpg,Poland,PL,50.410904,18.917081,2
7f8df816d7c0434fb5ec2a5b3a10343a.jpg,Poland,PL,54.778922,18.236675,3
f4cfd53c29d241ce8eaa29dd159a7049.jpg,Poland,PL,49.814308,22.31293,4
59c65cc9be1e4e45a402bbc11fa9fa83.jpg,Poland,PL,53.02475,14.663969,0
8de8c8ed6fb84d7f918ef93e815b23cc.jpg,Poland,PL,53.350906,16.431747,1
9de8153db73e475ba049af950343690a.jpg,Poland,PL,53.061291,14.953235,2
c4714208d9ab4240889f29869955310e.jpg,Poland,PL,53.051852,20.436047,3
5370e9b8fd7a4fc185b1dd0b3851e8a6.jpg,Poland,PL,51.820743,19.28101,4
5a7706c79f0647b984ecd0cbaad95645.jpg,Poland,PL,53.488128,19.349458,0
904085cfb2494273b6a6e1495481028c.jpg,Poland,PL,53.766513,20.547057,1
9e23949f09fd4065acccbb488b324fd3.jpg,Poland,PL,51.164924,18.605441,2
49c483e304794edf9a6e2ee131af0340.jpg,Poland,PL,49.34303,21.719716,3
092ab4fea8544b3cb1395e61c6a5f45a.jpg,Poland,PL,52.670618,16.823882,4
c73d1489c45c45c3919b933b136f3370.jpg,Poland,PL,50.370395,19.72776,0
d0b52124701b4d688acd31c9cbbec99a.jpg,Poland,PL,52.206483,21.358505,1
9910ea5d40ac406caeeeec497a6abb75.jpg,Poland,PL,51.334549,19.996041,2
d88d92d2f5f64dee98904075ecd4bc98.jpg,Poland,PL,51.470528,21.53391,3
40b8ef040ccc41dba253eafd5f72da11.jpg,Poland,PL,51.85543,21.38546,4
057da527503d45cfb5bab9d39611fa09.jpg,Poland,PL,51.654388,21.585578,0
cb1510eef2a542e09e26b80bd7974f1a.jpg,Poland,PL,50.644666,22.685262,1
032f919d7b6f480a95f3c007eb5e8701.jpg,Poland,PL,54.705999,18.390373,2
f6b61460669949d2b63bacd6702ab005.jpg,Poland,PL,53.363175,20.9101,3
59fea02ee1af4f6d9e2132ed2278f56b.jpg,Poland,PL,51.039568,15.907589,4
67b14323708447649d5729c07cec5c30.jpg,Poland,PL,51.704639,21.234442,0
a92494d9e6044861aa88b9799898b9fd.jpg,Poland,PL,54.254955,22.271033,1
489b6bfd610c4ceda0b2203c21ada439.jpg,Poland,PL,49.595965,20.583141,2
f210a2ad9ab44d2caca0a10d16d0ad69.jpg,Poland,PL,53.485627,16.796975,3
18140d75644a47d7bec1dcec88d015e0.jpg,Poland,PL,51.12895,23.3736,4
06213ba7082d4e4c9bfe58075df5ecdb.jpg,Poland,PL,54.327182,17.281965,0
03a995dbc48140b5860ff87d1cd69873.jpg,Poland,PL,52.205789,23.17661,1
c6f330e4316041358550d690d37671d0.jpg,Poland,PL,53.651157,21.508732,2
30686c35b76c4977864c2251d7fdfe7b.jpg,Poland,PL,50.746038,20.947442,3
042748125d7a4d99bad3aea7843856db.jpg,Poland,PL,50.23943,18.938704,4
6c66ed2a408a4cfdb83c05cf0ab5918b.jpg,Poland,PL,52.514,19.825603,0
1ca4174cdf6746f29d16c35a604006e0.jpg,Poland,PL,49.630833,19.916428,1
2d18fe69ec2241188d2a7469b613db29.jpg,Poland,PL,52.234214,17.385475,2
f0bfad0068404c04a991aa2d21983564.jpg,Poland,PL,50.378046,18.303696,3
da1c83845a3d4084b3725c5d940c61c5.jpg,Poland,PL,53.512277,15.547433,4
5db8a5dc91614eff9da0932f202e50ba.jpg,Poland,PL,53.476695,16.56726,0
7815cfaadd7f4c68a1fdf99183cacbac.jpg,Poland,PL,52.410689,21.622174,1
9400f27675c2479fa8019cf7642f2f9a.jpg,Poland,PL,53.338786,22.460341,2
0726b3e6993142cf919907ab58259ad0.jpg,Poland,PL,54.339018,17.856196,3
9423ef877e9047808c97b07ae33f08d9.jpg,Poland,PL,54.511241,16.551489,4
1a9f78d5e941420a86aea2f95d4feaf9.jpg,Poland,PL,53.829135,16.141221,0
9636b37324f4456e8d815496e7bd24da.jpg,Poland,PL,50.849987,20.273811,1
4e41ac2ef8df483fa868f6054ef75011.jpg,Poland,PL,52.976018,14.694,2
2ba905e1f89843d3944528415aa3b116.jpg,Poland,PL,51.285489,19.610177,3
8d53bb2f84bd4af584f34742762b4578.jpg,Poland,PL,53.351449,19.228265,4
8bcc678546154bb39c8fb936b5b8d46a.jpg,Poland,PL,53.620308,15.154359,0
2099b1b8b4a347f8a2a2819efb6ec21e.jpg,Poland,PL,52.786791,15.17262,1
db1492d7ec5a4c42916ad358509f379f.jpg,Poland,PL,54.301681,22.635894,2
3adb4faed0c8428c8cfe6e01d9dbce16.jpg,Poland,PL,54.104391,16.979914,3
0ad511428b7246088d0358ff665b654c.jpg,Poland,PL,53.282632,19.370504,4
a6a1b8c67dfa4c2b9caf5f0cccfbb809.jpg,Poland,PL,54.785546,18.407208,0
fa780a8abe6a4248a5dbab9a05757cff.jpg,Poland,PL,52.693814,21.751113,1
82c34408d6174caaa4a0ffc0b9022feb.jpg,Poland,PL,53.400241,17.958947,2
1763ab04bfbe4e7fb386c291ee5d751c.jpg,Poland,PL,50.488038,17.569168,3
79ad47a32dd84107b5335c5d243d5ba7.jpg,Poland,PL,50.530526,23.535872,4
81f6f4c375f8415fb89211f0d925325c.jpg,Poland,PL,50.797647,21.165974,0
b9fef6e33b074e02b32c3bfd8b52af70.jpg,Poland,PL,51.288355,18.564826,1
2b541dbd35c44f74b233f486c9fe7747.jpg,Poland,PL,50.436426,19.690969,2
29cb7e85af4c4c40a382c1068faf8a4e.jpg,Poland,PL,52.059005,21.261986,3
abd96472513144c29bfde49d1c631949.jpg,Poland,PL,51.024972,16.210393,4
16ce42a32615444b84ab498963a49e27.jpg,Poland,PL,53.702436,20.417915,0
a04ef04ae8364cb3b58222f52c5e7966.jpg,Poland,PL,51.483719,22.260235,1
fc9bf866dd674fe4b8a0039fe8d6e3c6.jpg,Poland,PL,53.472505,19.348571,2
49647dc63b0a433bac377411d5df4d3f.jpg,Poland,PL,53.652491,21.184921,3
9ae0a7adcbe04286b06051e5a402ad25.jpg,Poland,PL,51.706544,17.966264,4
bacf1f20a2f64bb5bc90755749e562c7.jpg,Poland,PL,53.262339,18.173125,0
36bdf1023798430caaeee86b1f338616.jpg,Poland,PL,53.664052,14.32877,1
ec852f5c42d84d81a05225af8ac77627.jpg,Poland,PL,49.511956,22.093264,2
10b0a4828d0545c9955605fbe290de85.jpg,Poland,PL,53.387679,23.45866,3
d2cf12237d834b14aabe5e7a3e22696d.jpg,Poland,PL,50.078093,22.372012,4
c3f5065e1ece4416b0e6fbd5e7b052c0.jpg,Poland,PL,52.44037,22.918828,0
41eea71515c9438ebde0658065b67c81.jpg,Poland,PL,50.119176,22.265293,1
73f516773fc541cc889ab8f93c644911.jpg,Poland,PL,51.587893,22.071876,2
d726f86006bf43a98ee11b328b293280.jpg,Poland,PL,53.138968,19.265042,3
6e3368fd21e34f2fb5a35f9ffcc4571a.jpg,Poland,PL,53.74462,22.747075,4
2145a302fc124d459434bec351823b0d.jpg,Poland,PL,51.235949,22.498242,0
dff89e9605ff4c1c965b0ccf0e6ec61c.jpg,Poland,PL,53.423191,20.512171,1
c2c4ab459b81464cb0580cb926e9b877.jpg,Poland,PL,50.075198,22.174122,2
2c4f622b4eb0425e95b21a5e3094b7e6.jpg,Poland,PL,51.274621,22.959957,3
cbef4d287391499f9a222c6ed3ed2a14.jpg,Poland,PL,49.557217,22.066757,4
c0c77ed313024921ae360658bf47bf9c.jpg,Poland,PL,51.613886,17.733664,0
843f2a498fa14563b43702de09a2c0e9.jpg,Poland,PL,53.634273,20.755456,1
093c8be81efa4f40917037e5378e480f.jpg,Poland,PL,50.708475,20.561708,2
9c91f0de1d50480d8e7cfb3c7bd9df41.jpg,Poland,PL,50.721512,20.585252,3
d0690f02c6ed447dac104c173a549d78.jpg,Poland,PL,53.312511,18.594576,4
c279b3619ce34b5b8c699e68d7c79ee6.jpg,Poland,PL,50.120978,20.399961,0
b8cbbc485a2e443bb6ea89dd5c8c3a18.jpg,Poland,PL,52.381076,21.122096,1
c1ca5b45adfb467cbd8f9731b698f0a2.jpg,Poland,PL,51.397263,21.517702,2
be77201d8f52483f910b5628f79281f2.jpg,Poland,PL,52.003294,20.090784,3
f0305b072cba4e499e8ce806c2632b48.jpg,Poland,PL,50.533499,23.761766,4
3088526247c44cd4b2e92ff75c3dffbd.jpg,Poland,PL,50.428953,22.467613,0
68c2bf605bf241ec9e26678f7405306a.jpg,Poland,PL,50.574659,18.525898,1
2fbaaf8ea3524184b7eb9f064c49ae93.jpg,Poland,PL,53.367162,20.778366,2
9d45e9b1aaab4ab28404453884998fca.jpg,Poland,PL,53.076853,22.148214,3
379efd9ac6504b059d77ae5967a00ac3.jpg,Poland,PL,50.349326,19.188116,4
11c9d87cb56b4552b99b5e9718e98561.jpg,Poland,PL,53.879468,14.577397,0
bf6eb818345d4881927d64fb0595829e.jpg,Poland,PL,53.172059,14.614218,1
ab818fdd12e54b0fadde93fb3a9d3703.jpg,Poland,PL,51.793037,22.527617,2
4a83b2da5bfc4acda678fd108d055550.jpg,Poland,PL,49.636277,21.137074,3
0417f7e29a564468875c73edaae482fa.jpg,Poland,PL,51.349278,21.054446,4
a45e67d9ac814ec29f0c1141d39f324a.jpg,Poland,PL,53.049617,19.737671,0
f8463dfc4fb44c5fb16d6dcb7829f95c.jpg,Poland,PL,50.759628,20.4284,1
b65469d62782470fae14d0a080f34b4c.jpg,Poland,PL,53.226021,14.644797,2
1c02335e81274f6b847ab9576b81b242.jpg,Poland,PL,53.584296,16.220974,3
ea4a97bcaf0f4fc6b4573d3c4dcbc499.jpg,Poland,PL,53.186151,23.258711,4
c6e9bcb94a1243e6884d1a193d18b0f7.jpg,Poland,PL,51.284343,22.524664,0
ed7907097dbe48c99d52a578690ecc11.jpg,Poland,PL,54.518449,16.553223,1
6b276f72335d46129c03c789e448faca.jpg,Poland,PL,54.790194,18.408566,2
6a24ba458ac943119d97ded53a2a743e.jpg,Poland,PL,52.415844,21.623862,3
710ff5b811054213a9ed5cd960c24e36.jpg,Poland,PL,50.686864,20.293262,4
48328b91043343429411f11f3413b691.jpg,Poland,PL,53.42637,17.16252,0
d6a8bdca603c40b5b147f8381680bb38.jpg,Poland,PL,51.593643,17.674859,1
5bfc5feca961479b87520e938120cdfb.jpg,Poland,PL,50.830596,19.069896,2
5f6f35f6152748bbbaf438d05e18f0e8.jpg,Poland,PL,50.562511,18.547283,3
4948cc6bcee4437b80e8e9443937ef8b.jpg,Poland,PL,52.746049,19.235066,4
000f2b81d53847fa840df9bd0d59f9cf.jpg,Poland,PL,51.659431,17.800406,0
89ec029b9ac0486994e02e6b20a15f33.jpg,Poland,PL,51.476517,21.652104,1
6b3fe9dff2944a9580f2affcc1df8018.jpg,Poland,PL,53.039459,20.444335,2
81f568e096f14c6c86bb4c67021767e1.jpg,Poland,PL,53.362034,22.443575,3
03a611932d1142008a2bd85c70ec7682.jpg,Poland,PL,52.519537,21.122723,4
1afc891a42de4ece87248e812e486334.jpg,Poland,PL,53.057406,19.086073,0
31f9d2e9c3ce48a3b5d2f83d524957af.jpg,Poland,PL,53.873889,17.48176,1
599a4338b8ce4319a91c7d0c3e52bf88.jpg,Poland,PL,49.511805,20.239689,2
3b0f9dc9175b482e947b28670acfda7a.jpg,Poland,PL,53.415636,22.45583,3
3a86ae89b0ff443aaae58d5c74be1fa0.jpg,Poland,PL,52.976343,16.32581,4
78f09b52389b4334bef78d76df0b1429.jpg,Poland,PL,51.657181,14.814421,0
ec0db404a8a9481ea629f14cb74bf791.jpg,Poland,PL,49.94108,19.893478,1
a962072285ce49e28c23c131d79c7d17.jpg,Poland,PL,50.71346,17.368136,2
a52d0a3ff2af4044bca62d8d8db06021.jpg,Poland,PL,53.41582,19.552727,3
ba01242936e941599b0165160d5210c5.jpg,Poland,PL,53.591454,21.039176,4
bef2c08b68874a95935eaec815355f84.jpg,Poland,PL,49.982188,20.912998,0
44060e0b05ab484b97d6dfff46372740.jpg,Poland,PL,51.943577,20.214282,1
5e6b49233f4145e7ae49d6f6e915266f.jpg,Poland,PL,54.081659,15.948296,2
cac7cb3f83414cc6a64a9805258fe69e.jpg,Poland,PL,51.181999,20.859972,3
56266918870f4dcc96dd42448a7f2856.jpg,Poland,PL,53.394029,22.5828,4
7fa776454db24996a48a4d346388c363.jpg,Poland,PL,50.099361,18.16786,0
cfd9f5c9f56a4676a17de1f0318be452.jpg,Poland,PL,51.314027,15.585624,1
e6d7e11a34ca405385bd998d4bf784ff.jpg,Poland,PL,51.445891,22.003607,2
0717813125104e7f8e092094da9d047e.jpg,Poland,PL,53.568379,20.879217,3
3e0bafe5481843908e5a9dcbb4cd313f.jpg,Poland,PL,51.248668,18.540473,4
fa34a89cd5934cbe9d563666ae5994ca.jpg,Poland,PL,49.819205,21.424565,0
c08b541a39844157ac4e35268d17b083.jpg,Poland,PL,51.730112,19.630377,1
4a2f7b6515084375add5c68c81b759eb.jpg,Poland,PL,52.511746,20.645253,2
68247bec11b2469f8e2a5a708e9a0ded.jpg,Poland,PL,53.297828,14.655551,3
0d0ae6edeb564796ad083f7d32d8fe5a.jpg,Poland,PL,50.884844,17.027788,4
13c4030cbab54e919d5b4b999ec5e8c1.jpg,Poland,PL,52.864569,14.793641,0
7f0a9917bff4425780750bda1c952b96.jpg,Poland,PL,54.581144,16.905119,1
15543e72f73746abb99ac34fa38a540d.jpg,Poland,PL,53.996756,22.465873,2
d236a443549141cb97e43f1e141f9016.jpg,Poland,PL,51.501128,23.5424,3
165f710811d14b1880a2dd9ccdebf906.jpg,Poland,PL,51.699425,21.005155,4
ab8c574ab43c4894b529bc2740b03ceb.jpg,Poland,PL,52.389206,20.430847,0
ffd6286ef15d42c680e80e7924cb42ee.jpg,Poland,PL,50.1903,19.7965,1
c874a50013dd4580878b8eb4b2473d23.jpg,Poland,PL,49.527902,22.331513,2
81bd8fb350a44a7c83db1b1de9942668.jpg,Poland,PL,50.299603,19.418888,3
eb5c419f5b924d68837709c0ec8d9424.jpg,Poland,PL,53.778424,21.421163,4
e30bc573eae64321ae13e8f193f134ac.jpg,Poland,PL,51.15941,17.05631,0
c38d3c9eb55d4799bdaf30548202db73.jpg,Poland,PL,53.271944,20.220767,1
a9778d0f9ce34291830dd803c218521a.jpg,Poland,PL,50.524787,21.191122,2
75e7dc7ac1c2495997d2cc3ed6f640c4.jpg,Poland,PL,52.321906,17.676167,3
276a2b938d7a4757b9cb3d3b848fef5d.jpg,Poland,PL,50.006581,19.87459,4
08be0ea1af9143899029ca76a7328c36.jpg,Poland,PL,53.036349,17.428155,0
8c8a412c4aa24bd892f430fa6ad1c191.jpg,Poland,PL,52.28413,18.843314,1
9cf9872cb5fb404ba9334b58903de367.jpg,Poland,PL,51.878234,19.0428,2
9aef2ff7825d470fae5dd78dde52b1ec.jpg,Poland,PL,52.165235,22.743178,3
c9a14648d29848b08d2c8689d99235cc.jpg,Poland,PL,51.687807,17.921345,4
57c6b009a2274362bab34f13429b78bc.jpg,Poland,PL,50.494027,22.356792,0
630bec0cb0644b0d95df55e07752e95c.jpg,Poland,PL,49.855607,20.438508,1
4d2f3148ead44c21a915ce1ae96cd237.jpg,Poland,PL,54.421319,16.862323,2
309d5b5007b54e6e820064aac8222815.jpg,Poland,PL,53.546419,19.41316,3
745f1b42d3064c5688496d7807ef7ed9.jpg,Poland,PL,51.349824,22.590907,4
d618fe649bb342dea23ac0529c53efd5.jpg,Poland,PL,52.785263,14.495926,0
271b3229c4da4846a51e15a80490155b.jpg,Poland,PL,52.900615,19.226635,1
2d738efabd54430e86a378b3fbe813e4.jpg,Poland,PL,52.69867,14.552196,2
05550b4621dc49928cbb6059972eca9c.jpg,Poland,PL,53.604102,21.047086,3
f863654c1c484750a386a1472ed04622.jpg,Poland,PL,50.010116,21.124314,4
7752ea1410fe4f36b2e4985a973ed0fe.jpg,Poland,PL,50.868982,15.800364,0
c312fab61afd44a3a9a8f64890eb2a96.jpg,Poland,PL,52.415285,20.754915,1
549734156d8d4a19bd912d177626c99f.jpg,Poland,PL,54.075558,16.19808,2
aff6175979d3418aa21491091735fae8.jpg,Poland,PL,53.723756,16.290387,3
c1eb55cc75ca469ea8d969ff395ff03f.jpg,Poland,PL,53.050563,22.161029,4
ce7041b3282948e482f02130789f608f.jpg,Poland,PL,53.307398,15.500943,0
137545a07cee4a2ba38534a042623314.jpg,Poland,PL,51.44814,22.611754,1
1abc3ee95a814349bfee54abcdd1fa9d.jpg,Poland,PL,51.531879,17.850895,2
67c9a7980e5043e9adbe81e63bc33ec2.jpg,Poland,PL,49.034874,22.353636,3
7daa10289fa44b048fbf7540fc4d40b0.jpg,Poland,PL,51.044551,23.041529,4
034a22002d0d414e9147a873a065d059.jpg,Poland,PL,51.29785,22.142687,0
e8383c6aa70f43599c0dbb4cc486044c.jpg,Poland,PL,51.31873,15.663962,1
ea4b73c9afb54c6fb23ca17eb99b912b.jpg,Poland,PL,53.650505,21.515647,2
9d4d936aff614329a2040c68fe24fc29.jpg,Poland,PL,53.527641,15.071945,3
2f6c09e93b0d436f9884c2a31d8ff7c9.jpg,Poland,PL,54.407548,16.515417,4
1afcfd1da36b4b54bfa43fbf41407cf6.jpg,Poland,PL,51.216945,18.478352,0
4f3bf18737884f9ea5f9f6be80767d0f.jpg,Poland,PL,53.357798,21.259635,1
55f20740d5394ac3a8af7e18ee26ef57.jpg,Poland,PL,52.629169,15.864195,2
c454a9c85e5c47c88863a50e3a5c6e68.jpg,Poland,PL,53.239749,23.146864,3
19da798f4f0a4c01a43d361044c345d7.jpg,Poland,PL,51.788596,23.387368,4
64d8de0d778b4997ae7a03a9f78326d3.jpg,Poland,PL,51.444503,23.271385,0
6bd3fca2408944729264714fd6c67fc1.jpg,Poland,PL,53.608257,15.107757,1
d51eeacf35f5474d9994227cd7784d68.jpg,Poland,PL,50.822544,16.428628,2
2d5aa113f655469e9575650972d15b6e.jpg,Poland,PL,53.230998,15.531438,3
a954af64fc4343ee95aa4816c0aff385.jpg,Poland,PL,54.659258,17.34502,4
f84986dcdbb44e079ec8059c60b2659a.jpg,Poland,PL,54.453439,17.239374,0
aa366d0825a8460bae71130f24f295d1.jpg,Poland,PL,51.458339,22.453319,1
1ff241ad7da7434d944727192d701049.jpg,Poland,PL,52.270825,20.353836,2
ed8f010463b24b1daf17590a4156b530.jpg,Poland,PL,54.199624,17.384906,3
49b65c91ac5d419e8ba080a6a7f565ce.jpg,Poland,PL,52.944761,20.487399,4
4fb99e061ba84d32b2f541e772caa901.jpg,Poland,PL,51.349538,15.610458,0
d40ac3b1156a42c08c84aae47528ebaa.jpg,Poland,PL,53.401443,22.421509,1
7a24b2a25e0d4d8eb9ccfac043cef4fc.jpg,Poland,PL,50.980623,18.732433,2
1d4868b595cc4158a183639c3bcdb0ae.jpg,Poland,PL,53.360994,19.775542,3
c3ccbe895afd49c5bddaf005edd3571d.jpg,Poland,PL,54.330621,22.66959,4
dcb1538711e04e5188a07b851a8e1b75.jpg,Poland,PL,52.963439,18.912273,0
cf97127bd2b5431bbf90309e2580c86b.jpg,Poland,PL,52.560906,15.874136,1
b291ad5c1ccd47f0893f398fe16e0930.jpg,Poland,PL,54.757664,17.655163,2
558f08bd24504f1f9962e576adab0f4e.jpg,Poland,PL,50.485841,23.449191,3
f4b1c58c82844a3cae2f0b747445bfa3.jpg,Poland,PL,52.408238,21.088938,4
f21a38ee383f4b3ca26cd0e9de4f21f6.jpg,Poland,PL,51.49432,22.559617,0
6b878ee4a04c4d8293be246f956cddb7.jpg,Poland,PL,53.489522,14.243927,1
5ea10cb149984bf9b1d4f71a4567a5f2.jpg,Poland,PL,52.513536,21.678572,2
327520a12fea4577963b4c2497feb981.jpg,Poland,PL,53.7192,21.319966,3
59e454eeb9b643bbadcf2c738e4985f6.jpg,Poland,PL,50.124413,22.104306,4
585583be64f64fceb90abc156f5a82f1.jpg,Poland,PL,50.634421,18.476624,0
7ac8206b046c4c53bfbdd772b60584ee.jpg,Poland,PL,53.297362,15.434612,1
8fe3bb54096240d38f450192c0ba71b4.jpg,Poland,PL,54.31331,22.651942,2
ed77153662d3492daff38aa246c9d212.jpg,Poland,PL,54.477609,16.584071,3
bf138e73863f47f7a6c31c72cbdb03b8.jpg,Poland,PL,50.57829,21.275213,4
8c2165e6fd884965b28baae76df74cb6.jpg,Poland,PL,52.987858,17.37358,0
2b6160080743487f8809867d0edebc3e.jpg,Poland,PL,53.907523,18.338616,1
c42b627fbd294614b7e7b51e9e11ddeb.jpg,Poland,PL,51.568029,21.591807,2
62ea81fb96204e2e8154821c1a2b979b.jpg,Poland,PL,54.352818,22.711807,3
029b77143bc645849e89ed967a36190e.jpg,Poland,PL,53.979933,16.029387,4
67da2b4be0f04fca8ce14c88e161ad71.jpg,Poland,PL,53.87098,15.568784,0
acd23838920f4569bf5f5721420fc1f1.jpg,Poland,PL,54.233978,17.47706,1
a7ac43fe24944f93a8020c9ddc0bfea2.jpg,Poland,PL,50.427603,22.746244,2
b7c3f2771c134a16a8f3f724f45e9b04.jpg,Poland,PL,50.948484,17.287538,3
9f39e60bbc574c618b37b45a13e75db7.jpg,Poland,PL,52.001249,20.673199,4
dde14dc6a0a144738a6ff9a8cd20646a.jpg,Poland,PL,51.589535,18.659561,0
a9a6cd9245ba41f886f184cb675e68e0.jpg,Poland,PL,54.30194,18.313491,1
c2a01823b6d24fbeb0e3f16ed1f8615d.jpg,Poland,PL,53.636443,21.094383,2
3f4d08beb15c42349e7c136c2b8ad91d.jpg,Poland,PL,49.97559,22.024228,3
1329806b387347e28e2fc67e5f97ee0e.jpg,Poland,PL,50.970347,23.18315,4
3db2180216664f748930db2e93168b92.jpg,Poland,PL,53.463383,15.645853,0
512bd6f1e419482fa0a7ce92891ad07c.jpg,Poland,PL,53.602737,17.182047,1
742815144e3449de960c4349b68bb9e1.jpg,Poland,PL,54.679728,18.19492,2
7e01f13387ef4f3791224a2fb8ceaf3d.jpg,Poland,PL,49.573315,21.508974,3
314cbce466a64555aad37c2fe8ff11e8.jpg,Poland,PL,51.460756,22.642346,4
31a18281806c4ac189a7cd54ca02a514.jpg,Poland,PL,52.039385,20.549024,0
319fee43d8f1476daa0079e2a2480c93.jpg,Poland,PL,51.950391,20.947679,1
dde6f58ecfa9432eb049e084083efc78.jpg,Poland,PL,53.467173,22.665945,2
d1c31960b4ba48e9ab22caa5a7fc2c9f.jpg,Poland,PL,52.922097,20.516812,3
ddb99c4f6af942ae98c927eea3b979a3.jpg,Poland,PL,51.270098,23.158438,4
18d5d71c8a024263b1e77a1ef47e524b.jpg,Poland,PL,54.449775,17.316472,0
f34b99722eb647e995004541fd2c2680.jpg,Poland,PL,54.135739,18.721373,1
8c789793daec4d23b3bc0722f8017fdc.jpg,Poland,PL,54.214683,16.01653,2
6138bd75c01a4ccaa62b1207f65ade43.jpg,Poland,PL,51.310961,15.575394,3
709c66922fba48f19d4499e77abff974.jpg,Poland,PL,52.740526,20.298494,4
f6618891611e41e794e8c0fa85ade943.jpg,Poland,PL,52.452773,14.719045,0
2cdd63214a3543e4bb60b469fab1bdc9.jpg,Poland,PL,51.03647,17.120138,1
ae2371b16a6349c4a035f42799e4107f.jpg,Poland,PL,52.788137,14.489191,2
e96e006d474342ec8b341d4b75790b53.jpg,Poland,PL,53.109642,23.731904,3
a0a626946bd64108a6ee6cca73d05f78.jpg,Poland,PL,51.969015,22.365206,4
835ebaa823174d508c33f00d0d29f067.jpg,Poland,PL,52.669271,16.906546,0
2185e4d7728b4fbb8182c04d66c28f39.jpg,Poland,PL,54.299092,22.482157,1
16894d9874fc4c38b5b3cbb20a2f9590.jpg,Poland,PL,52.880253,14.812698,2
f63ab21dc8d845079b834990fc77f078.jpg,Poland,PL,53.804509,16.139411,3
d0b4b63a9b5c4468a445c74f1c9e0bf2.jpg,Poland,PL,53.469542,16.197437,4
91d5bec970c64637a1bf0d5b00d2e328.jpg,Poland,PL,51.790897,21.726338,0
f952a0a69ec9445db5921fe2ae84c252.jpg,Poland,PL,53.109285,20.695099,1
4e150508ae9c448aba24afc4d02a2ca6.jpg,Poland,PL,52.062701,20.281456,2
7e72cd7b46a94f50851493773b173a2e.jpg,Poland,PL,53.733038,21.331534,3
5702fc3f9c3c453daf6686e013314a97.jpg,Poland,PL,53.94172,19.025272,4
a1633111b6074000ba47b70cda600a19.jpg,Poland,PL,49.982251,22.019829,0
50d39fade944467c9688d76300acacfe.jpg,Poland,PL,49.965293,21.311014,1
7f7c617bc160405ab8e3e3e97dd5dadf.jpg,Poland,PL,51.664633,17.799788,2
6a8b9b87785c48c1844af07a83002933.jpg,Poland,PL,54.300536,22.633293,3
377acd998ea647688ce9ac0d01f37299.jpg,Poland,PL,53.426352,22.590535,4
e6c4ad8b0e784f419b5e6f47c755bb8f.jpg,Poland,PL,52.331743,18.299378,0
ff62a682757b44b382a67917d6d9c313.jpg,Poland,PL,52.000945,20.672922,1
572d42e07c824661ba6209a383896b45.jpg,Poland,PL,51.704219,15.607054,2
a345b49efe4c4811a2576785d1f9662d.jpg,Poland,PL,53.420427,19.543763,3
a6f57f1b193a4194b95cdfd31db60209.jpg,Poland,PL,52.045399,20.544355,4
d91407e392be421ababfcfcb3c95af40.jpg,Poland,PL,53.091977,14.944766,0
44fc5feb886440b0933d83e5b7612ff1.jpg,Poland,PL,54.244707,22.397196,1
4fed5bdde12d4b61aba083f67fcb5545.jpg,Poland,PL,51.149424,23.576359,2
7147affe6e6f4de1aa6c872e2ef8f8ab.jpg,Poland,PL,50.672373,18.001684,3
fa756ac81f624d6b86291ff94fee0d64.jpg,Poland,PL,50.955054,22.288029,4
7b5008c0d7ee434aa4a9cbd1856e3b37.jpg,Poland,PL,50.821065,22.736292,0
c4d01f8baf4940a99d8d312623cd306b.jpg,Poland,PL,51.512592,23.389521,1
042c08df840a4c739149122c891e1489.jpg,Poland,PL,53.366503,14.817662,2
043a0f459d924d9b85729de4c2feb65a.jpg,Poland,PL,52.366013,16.249205,3
d6cab49c2607490b862dd21db9b6ef06.jpg,Poland,PL,52.806005,14.632244,4
4c0afa34f1eb428599c00dae7d5fe47d.jpg,Poland,PL,53.70956,17.000648,0
582b2e1f8a124f488027eff8e8aee417.jpg,Poland,PL,49.548284,22.183546,1
3ea0eda9be824a9680a449b3d7e01794.jpg,Poland,PL,50.754494,20.284491,2
1bbf4ed3565c47c1838e761a1df30d31.jpg,Poland,PL,49.876104,20.242047,3
65845d84ea1a4d36b7f04b5d6c29a02a.jpg,Poland,PL,53.519438,20.579973,4
92f2491f4d2744bf983e7cbc8dc1de7a.jpg,Poland,PL,52.094312,20.56517,0
634aa52bd2794a42868ae5462cccf702.jpg,Poland,PL,51.623804,17.772306,1
5ba340beb7374f3cbf383079566867d2.jpg,Poland,PL,51.33529,19.687185,2
cff94417e670405c9fa817f159b61bac.jpg,Poland,PL,54.556743,18.317263,3
0549ff1cb8cc4dc5b234ff5f52be5522.jpg,Poland,PL,50.02902,19.80091,4
d1cd6bd791284884be1d10cef7ba8eaa.jpg,Poland,PL,49.867404,22.268105,0
6c682a48e2584784b0b3605714bff9dc.jpg,Poland,PL,51.624028,20.764479,1
9a6af165444848aa9e8844e2e82953c1.jpg,Poland,PL,51.445328,17.822866,2
8093198986424fa384fff75c08ac65b1.jpg,Poland,PL,50.799043,15.716091,3
d9d610b3e38548da95afd7324637ad4b.jpg,Poland,PL,54.192542,18.632349,4
4766caf29fc04401bf9d415fb970c8eb.jpg,Poland,PL,49.872828,19.04911,0
38be77c4de3d49c394a785d457f0939d.jpg,Poland,PL,51.111214,20.875588,1
d2fd08644cb541adbce83c6b710b1c2e.jpg,Poland,PL,52.84196,21.492498,2
63d9608f39234682b9990bb3bd86a197.jpg,Poland,PL,53.520456,18.97656,3
2252900de3714b6daa418002f822fb52.jpg,Poland,PL,54.299711,22.401978,4
d3a51a9ae259448fb1bb92037c94502c.jpg,Poland,PL,51.831564,21.682899,0
04e3f7d876e24d5aad780ab92cd1426c.jpg,Poland,PL,50.652778,17.136212,1
d15b60d85700460e9639eb556b9ffd60.jpg,Poland,PL,52.55412,17.44755,2
78655ebce85640adac3c82594aa5ef86.jpg,Poland,PL,53.271296,15.959102,3
f3db6bc43f6e4cdabb884018bfb32ed7.jpg,Poland,PL,51.556028,23.426825,4
4d0a6c08843d4b3b8f5fa38615a8b285.jpg,Poland,PL,51.585864,20.067955,0
0b1dbc6f5beb4f8899b24fca13a217e1.jpg,Poland,PL,52.806897,21.16421,1
94ce3b435ead4606b06bb0119e15867c.jpg,Poland,PL,54.160756,22.818042,2
b89418002fb74f9fb147d095dd64405c.jpg,Poland,PL,52.964016,20.474304,3
7bbb166f6ca24e8db9a56394b5f3b290.jpg,Poland,PL,51.351261,22.736211,4
b1da0471edfd40b195438ce0e0fc050c.jpg,Poland,PL,52.828788,21.225611,0
05fef6dcbaf34d51a15406d68f2e63cf.jpg,Poland,PL,52.666524,21.186827,1
8b427be849f44e178e554ead70ff7f4e.jpg,Poland,PL,50.159738,22.159174,2
20accffb199844758d52f1c3ddca1855.jpg,Poland,PL,52.565391,21.783652,3
e4112e3764654322aed5ab05429b6dac.jpg,Poland,PL,52.65959,21.578185,4
3d58b895f9af4e9fb4febc4602bf102a.jpg,Poland,PL,51.547684,22.477425,0
0d152b008ccb434b97a055708489245c.jpg,Poland,PL,52.232031,17.99012,1
a36e40d71ad64e7a9400053306085804.jpg,Poland,PL,50.668366,21.761074,2
7ae71a31a5b142418d87e0ee7672a86e.jpg,Poland,PL,50.394373,18.682511,3
dbe0294e238f487c87e9fd2fcebb886b.jpg,Poland,PL,49.343511,21.718802,4
3b80a8eccaa54266bf45ed96aa240b43.jpg,Poland,PL,51.518615,22.055374,0
005852fdabaf4d25bc087086a51f36ff.jpg,Poland,PL,53.517441,19.013004,1
0411b94983444843a98e5b84bb3a57d4.jpg,Poland,PL,51.478109,15.268282,2
767bc055b1f14e1ea420b84d61742424.jpg,Poland,PL,49.763993,21.386187,3
e0209fe2c418410f9fff28af3b655a24.jpg,Poland,PL,51.277312,22.526944,4
23a0386827424c97b10d6ec501e8dbdc.jpg,Poland,PL,53.808104,22.966898,0
4abd3570a9af459899cc7d4f68ee7da3.jpg,Poland,PL,53.249277,23.148083,1
ec79f9a917044b73b807cb8be6592c8c.jpg,Poland,PL,51.171407,16.079057,2
13c1b39e68d6402980906e260491e40e.jpg,Poland,PL,50.008563,21.832757,3
e1068c37708444709b5e4c41c3d0a048.jpg,Poland,PL,51.541406,21.812038,4
1d4c37e2338d4d4aa66457590797eb71.jpg,Poland,PL,52.225771,17.352686,0
07bcf7bfb8234bbdb123103989a3d912.jpg,Poland,PL,51.581611,21.773624,1
5246f8df50b34a22abcac35fb48381b0.jpg,Poland,PL,49.641643,21.339885,2
c822d7891c534881b3a9106bf4504ea2.jpg,Poland,PL,53.133284,22.897056,3
9350f2e9a89f4c43b7fec534f0c4d310.jpg,Poland,PL,53.526849,20.592238,4
5ee2bcfc065e4582a6fab283b139acf8.jpg,Poland,PL,53.752754,17.775208,0
1b7e2ecdf4ff4b2287b67212daaef6f6.jpg,Poland,PL,51.005699,17.185646,1
cc941f82c76d4113952f9c3df0859570.jpg,Poland,PL,53.165173,18.16467,2
24972c1615264aa5b4855dba3ff368d8.jpg,Poland,PL,52.165458,23.394654,3
0241c8cb9e7845c0a58ba7a608fe289c.jpg,Poland,PL,50.670538,20.29991,4
eebdfe5201824fc8a8a45f740ee0dffe.jpg,Poland,PL,50.242799,18.643505,0
502c47587e944a5bb364ee50e24ec562.jpg,Poland,PL,53.211752,20.848399,1
a7da4036e230480885f925325360d036.jpg,Poland,PL,52.603242,21.496226,2
a9b79796ebd64d8a8ca300724e4b2ba7.jpg,Poland,PL,51.078533,20.378458,3
67da3cf6b9af44ee999b15214cd4329f.jpg,Poland,PL,51.488531,22.078139,4
258070bb9b3f43b5a0964fcc7d2fe3e0.jpg,Poland,PL,53.988527,17.05107,0
dc4ac182db1d4169a1f01c2c902406b3.jpg,Poland,PL,51.968555,20.950895,1
32fbe0ee6b06412d9f8bea9a0b07a0f3.jpg,Poland,PL,52.315758,20.87587,2
a72f41169ebc4203bfeb355a8751d62b.jpg,Poland,PL,51.198162,18.589177,3
1e51c0651be5414d81c678d6ba1a5f70.jpg,Poland,PL,52.670344,16.90103,4
0d92a782a296458aa3523db4508a3250.jpg,Poland,PL,50.638338,18.479008,0
a384367916324b6d96356ae19755860d.jpg,Poland,PL,52.545181,21.069081,1
1c70fd1a6a104fa68dd979ca2c299076.jpg,Poland,PL,51.69893,21.003915,2
b7f68508911849fc94ef7624c260a5cf.jpg,Poland,PL,52.610269,21.494867,3
6a39ee239fa84a45b6957747b7e3d2ce.jpg,Poland,PL,53.839714,22.872442,4
d897fd1f91454061ab6836ae44ee5c64.jpg,Poland,PL,49.979629,22.021666,0
9052d173d0f74c9aae99773a2cb3cd55.jpg,Poland,PL,53.116062,22.8425,1
e22e8f3fd0fa4c7dac5eff91416a4eea.jpg,Poland,PL,53.134505,20.73796,2
71b1a738f4f24d97b13477aebf125770.jpg,Poland,PL,51.471647,23.539138,3
6317d9d71b02446eb6c0c51abb625b39.jpg,Poland,PL,53.435936,19.84439,4
1e2d3ce2259e46e0a03b1bb46356189b.jpg,Poland,PL,51.732649,19.625978,0
00bfe0e7da0047bfb7c78f14ac33dae8.jpg,Poland,PL,51.794583,19.422899,1
bbab17d93cea4f52b22f47afab6301ae.jpg,Poland,PL,50.200852,19.78557,2
185147732f4c4fb9813018fb7742020d.jpg,Poland,PL,54.686765,18.189703,3
1dbdf20054024aa9b9a2263bd07decff.jpg,Poland,PL,50.435721,20.945649,4
ca7997cad3dc444b857e530efb5965f4.jpg,Poland,PL,52.903416,19.472434,0
fe346701e4a1408f890a54bf4e3eb174.jpg,Poland,PL,50.092875,20.309997,1
71ae4078900e468683714371970e0b82.jpg,Poland,PL,52.06282,21.374085,2
da94c8411f7b46a8b20d9cc529b0fa0c.jpg,Poland,PL,54.191621,18.633119,3
3a77cc5462cd4e1c8941e5f97d912a4f.jpg,Poland,PL,49.654955,21.269644,4
ed51e6633d3a4fd68533dd8637e38743.jpg,Poland,PL,54.496962,17.060184,0
2678c4de09794d7fb49c07e506b0be50.jpg,Poland,PL,50.742406,17.71424,1
d34a3ae3a2af474e87697eccaa2fd8fb.jpg,Poland,PL,52.692555,21.134764,2
02e9f0d9c7194f4aadc7bcecca1e4717.jpg,Poland,PL,49.809913,22.510039,3
398fdc84fe8c4a9f92051e64adec1645.jpg,Poland,PL,53.089796,14.485743,4
fa81bf692e0947948c672ec77ab5c3eb.jpg,Poland,PL,54.171599,21.927083,0
184ee7010638466c9fc44099844230c4.jpg,Poland,PL,54.223719,16.521671,1
dba9836d73dd4a5fad4f0d4095f39dd0.jpg,Poland,PL,54.66179,18.408865,2
abcc1d0a7ada4721abc08018eb19ffa6.jpg,Poland,PL,54.757293,18.515729,3
606e95933517401c9c338c09ee837e54.jpg,Poland,PL,53.564135,17.297759,4
8a492541af424d68b10a08d51a64e58f.jpg,Poland,PL,51.975139,16.539871,0
bbac1159056a49c8913cf79d9e46956a.jpg,Poland,PL,54.645518,17.683472,1
7e21581ac7f34bc19ad95a992d8aa671.jpg,Poland,PL,51.954862,21.573184,2
d454c41c7af64770b61312af3fd83c42.jpg,Poland,PL,52.126161,21.198164,3
a43eed1145a84abd96cb08edb4dc033d.jpg,Poland,PL,52.328847,20.620727,4
6704a4d03dcb41e7970cf2048a43f4d8.jpg,Poland,PL,52.310723,15.356755,0
aeaa75dce092445194990c14ade14021.jpg,Poland,PL,51.332313,22.085814,1
122764ab69bf43e1a4a66ae85e14cab8.jpg,Poland,PL,51.177042,16.067112,2
c80f5d8aedf44c5e84199ee8b59a4f71.jpg,Poland,PL,52.479205,16.535006,3
4ebea882e4f64e70be4211049459051c.jpg,Poland,PL,53.931246,22.399695,4
db05b2c24f8f4ce79940acfe802487b1.jpg,Poland,PL,51.123472,23.344456,0
a79768e8fbce47ec8808783b95d86be7.jpg,Poland,PL,49.96434,21.611205,1
03cc694911264258ba907f8b818e606d.jpg,Poland,PL,51.480985,21.469338,2
d26f780f87284d4b9ff52ce61056d25d.jpg,Poland,PL,54.151466,22.841456,3
60288a2f022541ecbb9df56bc721f580.jpg,Poland,PL,54.231867,16.533357,4
f6001f1ffdd84b23bb37fcae6093a7b9.jpg,Poland,PL,51.57047,17.83131,0
9dfdbade880f4068b8420862368474c6.jpg,Poland,PL,53.258525,18.671283,1
d66139b5c62e404a835eb21d0dbb0fd9.jpg,Poland,PL,53.419538,19.544101,2
0a45ffce3db6433bb493a40c52204936.jpg,Poland,PL,51.503991,23.53475,3
c9f9da4a1cfc4b25ad2df11744ee6907.jpg,Poland,PL,54.776636,18.405332,4
bbde42aa3251468d979b638a1866ca30.jpg,Poland,PL,54.146887,22.931552,0
8b8c62c3e23b44d396c6d86026216f4d.jpg,Poland,PL,49.966726,22.051367,1
9bb86b166f5249efbb7c9ce3c33162f7.jpg,Poland,PL,53.746728,16.614275,2
79192ecdc21a4fee8d413a01aa33eabb.jpg,Poland,PL,51.548366,20.067223,3
212d0507cfe94eb2853c52b37ea9aa23.jpg,Poland,PL,51.929485,23.61029,4
589f027bbc5e42fb8759a55d80167fa4.jpg,Poland,PL,52.21186,17.238567,0
40e39188d7d740b5a80d021ae986f117.jpg,Poland,PL,50.726732,21.215563,1
c454b40ff5cf4dca83e0aa223d8230b0.jpg,Poland,PL,50.786003,16.064801,2
5aa4730b9f2c4ab7b908815233f9a173.jpg,Poland,PL,53.541907,23.698013,3
b0c001ed9e424825a36ab23de39ef781.jpg,Poland,PL,49.477097,19.671189,4
f5a8718081cd4b6b9b797ad3fe1d1ef8.jpg,Poland,PL,51.53143,17.850981,0
f65d2c1c3d944288a49da5a4ac2b11b2.jpg,Poland,PL,51.589805,20.070908,1
5ca9a803184240b680a5b43037c0ee7b.jpg,Poland,PL,50.68331,21.141001,2
5e3c7a0e87614dfc812751050eb80c8e.jpg,Poland,PL,53.689347,21.614721,3
3bd0d6113dfb438880cbad9d6d12f238.jpg,Poland,PL,53.729954,15.779017,4
438b37c59fb9477a82600a1ff19f2156.jpg,Poland,PL,52.65476,21.56889,0
030f2ae46f984a799859b11139a9e2ed.jpg,Poland,PL,51.494168,23.545667,1
51972d7bc70e49418b8f706e7ea3a852.jpg,Poland,PL,54.232511,19.540087,2
035982c6a0c643b183021b308eeadf04.jpg,Poland,PL,50.115604,19.793347,3
dea72f2fe49b49f3aff2a9602410bb30.jpg,Poland,PL,51.445416,22.022853,4
007111be52084672b8eed21fa7298449.jpg,Poland,PL,50.379338,19.758415,0
9093a497190d4061bd9b8280359c1369.jpg,Poland,PL,52.430364,20.737443,1
84d6ae8c2697468582c4a5735f2e4d98.jpg,Poland,PL,51.216971,18.478096,2
29efc8ada9364acdab75f86f33c29097.jpg,Poland,PL,52.357226,20.306168,3
9e75dba79763497c84dcbb668a8bd851.jpg,Poland,PL,49.933161,21.362856,4
762db6177cff4e418149f0e946b11b58.jpg,Poland,PL,49.76887,21.718858,0
bfaa3c67f8884a6da495324500b9e5f5.jpg,Poland,PL,53.553129,23.7307,1
6ab89b421ed64f5c9398a70b7991bd56.jpg,Poland,PL,50.597929,22.41422,2
1bbac00df7fe4650baf9657bb53459a8.jpg,Poland,PL,52.242688,21.261324,3
a36b6c6977f54506a78dd7270ab58afe.jpg,Poland,PL,53.096039,20.677067,4
afab1a6dd2054f469827c6a0f139e6bc.jpg,Poland,PL,50.408685,23.429446,0
f10ad5b8ec794b0aad0b26cf23f3eab7.jpg,Poland,PL,53.935259,15.435788,1
ba187f703e0849dba394751cb4b3fd7b.jpg,Poland,PL,53.434827,19.342615,2
a51ab4b73d6c4db1ae44a398f8f1dfe9.jpg,Poland,PL,50.930164,22.253328,3
2691e23b3d634ffe9ec948fa039e6639.jpg,Poland,PL,53.256726,20.852975,4
808bba9c5c0d4a908da236dacadfb6d8.jpg,Poland,PL,51.470775,23.541651,0
b1f24f42a8db4a458cba3e70eb0a5dfe.jpg,Poland,PL,53.799178,20.078828,1
b81df6b5c5b441fa896fb8c5d56bb981.jpg,Poland,PL,54.160846,17.942825,2
6e1d07af14a14842aeaa404508f6e2ae.jpg,Poland,PL,51.801518,19.796015,3
02ce317562c24466bff1177201f4737c.jpg,Poland,PL,52.841454,17.986882,4
fcfd731625aa45b4876e36b3633b56f5.jpg,Poland,PL,51.597294,18.654489,0
9a1515966fa24c36b8e59dbe5e107588.jpg,Poland,PL,53.002843,15.012551,1
d3d667a31ff947d8a23052db0365782b.jpg,Poland,PL,50.862499,17.141652,2
b61f6f2e2a8e4168a48d4615b71295d6.jpg,Poland,PL,50.800048,20.826291,3
a67085b2223f42ae981857cec4103f2a.jpg,Poland,PL,53.761527,16.681334,4
b5c48e895d534dfbb94825cd49d52863.jpg,Poland,PL,54.075742,15.637246,0
f7be483ddbce41a0b267f3b009773548.jpg,Poland,PL,52.085213,23.574169,1
ff3e11af7a324d37aea0cd096bf54c37.jpg,Poland,PL,53.657928,21.345181,2
11bc88a242d84449bef178c7ba49cbe3.jpg,Poland,PL,52.723981,21.322033,3
59c2dbf45dae4a61a4ed3b12b5a11f4c.jpg,Poland,PL,53.033603,15.373936,4
7bfa3892e10b4159a9b5ab66bd48ca73.jpg,Poland,PL,52.481525,21.639197,0
ac2719e6eb3f4eabaf13d03cacb6a5f2.jpg,Poland,PL,51.623764,20.768016,1
f0d76725c03d4ff2a93fd65a2595865f.jpg,Poland,PL,53.50781,22.569973,2
cdf6cc99febf499e82a6d0b5614f1afe.jpg,Poland,PL,49.920997,21.317046,3
530f320e19a5466d84bc4ee6ed0c6355.jpg,Poland,PL,53.438824,19.221802,4
c4cb71fb92764073be2433274d6634bd.jpg,Poland,PL,52.492906,23.117211,0
66ca54008894487b9f1bd0750fbbe8c1.jpg,Poland,PL,53.274467,22.617074,1
d3e73a59527a44b9b146b9287a9c007d.jpg,Poland,PL,53.392691,22.582994,2
1e4e4c3d93d94792a1266206d8b82f6d.jpg,Poland,PL,51.61345,21.292811,3
c96f99461a7f445286ef93601d6394ac.jpg,Poland,PL,53.386119,22.583956,4
045cf067c8d54f42800e777f015cba32.jpg,Poland,PL,49.3573,19.036121,0
32c405037e84406e8c1155081c337a4e.jpg,Poland,PL,50.760494,18.026754,1
2a77208882a043958043b04b2319e6f8.jpg,Poland,PL,54.62042,17.806495,2
11b41fa31c004c51b2b38a61a1f8d900.jpg,Poland,PL,50.475649,22.737598,3
a7332c9dee164a73974132da8e6685ab.jpg,Poland,PL,53.672103,21.289722,4
2d7c34adf47c4b3a80da041900a79097.jpg,Poland,PL,52.045783,20.412294,0
5e63258843c341f7be2ebdbc594a42d7.jpg,Poland,PL,54.641503,17.66953,1
4be7a66add0142d6a84bfa6011166404.jpg,Poland,PL,50.385045,19.301235,2
3bfc08911d344f96ba5e1f3765a55135.jpg,Poland,PL,54.0757,16.198357,3
221b72b74637413fb16f17a9603145fd.jpg,Poland,PL,53.275009,20.226282,4
bfe64f355c5f499aaf088a6f2084f97f.jpg,Poland,PL,51.462011,14.939367,0
a011f86446124fd2ac15983aad1e6318.jpg,Poland,PL,51.392458,21.773709,1
73a8bec47aaa4ce5957ed7577447fb76.jpg,Poland,PL,49.809902,22.387182,2
33ee62c6417b493da766eafe888099fd.jpg,Poland,PL,51.249482,20.375315,3
1c7985bc37d84a0ba2309ab38b73226e.jpg,Poland,PL,50.755842,20.886815,4
eb3bf4e5875a4de591016605b3d8daca.jpg,Poland,PL,52.397456,20.844057,0
f656844f686a47579acb57e474006528.jpg,Poland,PL,49.670334,19.784017,1
83e14e96cbe44c73b63258f2ebe088f4.jpg,Poland,PL,50.743407,21.304398,2
f69ae7ebe11747b5adb8b686cd7e83fa.jpg,Poland,PL,53.595567,17.822527,3
b81778b1d78d4fd3928e7790d1d1132c.jpg,Poland,PL,53.367215,20.7613,4
4ed4713e101d468f852882d7f11669be.jpg,Poland,PL,53.288425,15.765717,0
d91232ed6ba447f2afde0a4ae5cdcdaa.jpg,Poland,PL,53.246982,20.898107,1
d8b1b5ab017a494681d8cf346e70125c.jpg,Poland,PL,54.641596,17.728339,2
db712da765e54188a8ca072c2189959d.jpg,Poland,PL,53.297792,22.454951,3
33a19a5c799049ac8742026c23193dc7.jpg,Poland,PL,50.9688,18.746015,4
6c70a72445554d609655e79d038ad384.jpg,Poland,PL,51.615178,21.660435,0
fe3730cf2750424084412216a8e7dc6d.jpg,Poland,PL,53.092148,14.501921,1
debf9b1e36d449f78d574bb30164f47e.jpg,Poland,PL,54.493315,18.335167,2
01900cbbe46d438b83a69a4d47c552d5.jpg,Poland,PL,53.359897,22.445979,3
31ab0aad9004422b892423c1013172de.jpg,Poland,PL,51.151336,15.457783,4
78bdeca3aa5f452c9cf4ff42c0123ba1.jpg,Poland,PL,50.008248,21.076695,0
3ebf262263a04cdab6907d3595b50264.jpg,Poland,PL,50.39645,18.997926,1
eaf07f5338e1477a869e10b999543d04.jpg,Poland,PL,52.873533,15.784907,2
dd0d3a916da44c228ccb018026934ec1.jpg,Poland,PL,51.241954,16.275818,3
8d75a469716b42b292f9e2ef408e6644.jpg,Poland,PL,50.631738,20.773438,4
0041ded3d11848a29e1b5f3e2a795dbb.jpg,Poland,PL,51.776288,21.16491,0
2ed2cc340d204296a8c9e148c8b98ac4.jpg,Poland,PL,49.752054,22.020726,1
665098909b5242bc842acc7eb6fff6ad.jpg,Poland,PL,54.077492,15.635424,2
cce1b1e6ecdf4406a1405c27c02cf90f.jpg,Poland,PL,51.474873,21.499704,3
adcebc84dfb945f59d29db0e5745d574.jpg,Poland,PL,53.513195,20.685154,4
984494e0ed6d444f8a71221865867f2d.jpg,Poland,PL,53.323399,22.455967,0
478d11c4239e43a48e852f3f661dc5d6.jpg,Poland,PL,52.71391,21.36695,1
810d6b9708c3427cb8aafe16598d3cfe.jpg,Poland,PL,51.434176,21.663046,2
617bc02fd9c6485a95cf303947924081.jpg,Poland,PL,50.220824,21.505372,3
8a646525236342f19285e58126244ae0.jpg,Poland,PL,53.018656,20.452052,4
0e7589d51d8444c4a1ec3fd448bfe233.jpg,Poland,PL,51.448208,22.497414,0
ee49763f4c4e4198a46a26fca71e00f2.jpg,Poland,PL,54.412743,16.72552,1
081fad65b6184a74b9525d282327919e.jpg,Poland,PL,53.463153,16.367078,2
9717df7aa94b4c1c85959223c18d7244.jpg,Poland,PL,54.164718,22.931409,3
71c119b7692642d08e1c07413b72b84a.jpg,Poland,PL,54.353226,22.727182,4
a795732bace84989951cff791fe8046b.jpg,Poland,PL,53.658057,19.037787,0
4683115ae8ac435481b69293468c312f.jpg,Poland,PL,53.961425,17.107625,1
e4b5afb7614d404ba66d3d67b4c10943.jpg,Poland,PL,51.640919,16.019571,2
d7b1ae4ae3564d849a2dc7981229a2a2.jpg,Poland,PL,49.944497,21.327826,3
1c3b404a780842f6a6f915dd64f7f0fd.jpg,Poland,PL,54.167212,18.716769,4
9a353bfec89046a4b6addad2e126e13a.jpg,Poland,PL,53.561039,21.217042,0
ea6666feae514a5f9447be3610710106.jpg,Poland,PL,52.360964,14.779414,1
db60f68d85fe4cfca14e36901bdec9b3.jpg,Poland,PL,50.489723,23.45322,2
73ca97fc24b240c0b4a6935c077ff8a3.jpg,Poland,PL,51.276147,22.951713,3
6ed69c13bd104b1bb5139a685bebb5cb.jpg,Poland,PL,50.342451,18.939051,4
b9dd266db1574c84ac58643b7349ba58.jpg,Poland,PL,51.828378,19.426653,0
9d67ba7244f7443997f595001c4d3aac.jpg,Poland,PL,52.404748,20.329306,1
465117e2b5504ef5bc48120a4bb0f59f.jpg,Poland,PL,53.465329,18.030376,2
337679d312974c2887e9db5672e0ade6.jpg,Poland,PL,51.075489,21.281689,3
4b239e91a4b447e69ea2b93181e2ca4c.jpg,Poland,PL,50.561307,20.209516,4
58cadc07049a40f7ae0f419e0a68bc0a.jpg,Poland,PL,54.185701,16.090026,0
1b1af6f424224170b269d24dbd8d925a.jpg,Poland,PL,53.485434,22.551007,1
55711f3841904305bd8ac2cc6e9466e3.jpg,Poland,PL,53.172981,14.583945,2
a5f115899dd641f9a433016f980a3e2b.jpg,Poland,PL,50.024387,18.58598,3
d5a8eef77dc340ce932976d99c5929e4.jpg,Poland,PL,50.786399,16.053235,4
27fffcad2e634435a748cf263305001a.jpg,Poland,PL,50.027773,19.307024,0
eaad98ec139b4e6197032a09e4c2df50.jpg,Poland,PL,54.451978,17.244233,1
1036d8f3a68344f299b9451dbfd79b11.jpg,Poland,PL,49.816805,22.183074,2
367a1e8370ac4447a69c3738ef351a80.jpg,Poland,PL,54.590646,18.404967,3
804fae2f48e0416c93af5cded9f70974.jpg,Poland,PL,50.645644,21.072279,4
87be0b1c49c7474089b2e332bf1da87b.jpg,Poland,PL,50.226132,19.729764,0
c8b7e36900864fbba953f6f7bd7a4553.jpg,Poland,PL,50.688506,22.983528,1
cf93d833fd3846879455e2f059b182dd.jpg,Poland,PL,51.625104,17.810958,2
45733f459f324a689102f2e290306cf8.jpg,Poland,PL,53.674267,21.260253,3
5e218f9bdb184d7c85d684b1562cfb2a.jpg,Poland,PL,53.476343,17.240533,4
f84a915b88714d6aaccdc80a33716719.jpg,Poland,PL,52.095703,21.152452,0
c56f4f29defd4297a48a7ef9c1f95125.jpg,Poland,PL,54.702913,18.356784,1
547fc890d3ec415aa42cbabb47955110.jpg,Poland,PL,51.599964,22.717425,2
9e08605636a746f7937d7c4de2c3dbd5.jpg,Poland,PL,51.060931,21.743771,3
e536d777ef5a43a5a13af671eb5bbed1.jpg,Poland,PL,50.515252,23.491901,4
6a0044af9b64415bb35a037fea97984e.jpg,Poland,PL,53.611816,14.8481,0
9b42f937a39e4dbd96a46900bbd83064.jpg,Poland,PL,52.906779,14.341461,1
c00ec28de45c4bbd8080f8c28e8664b4.jpg,Poland,PL,50.952942,20.547024,2
739cf92b2d1b401b9fba7478ccb54d16.jpg,Poland,PL,53.944871,16.024034,3
2df79f2af0684748a0e150c325d8d204.jpg,Poland,PL,53.98536,15.022793,4
b4d83995f9e24801a8fb18abbc129f73.jpg,Poland,PL,53.737002,21.607902,0
57250710187145859b7a7d7b90e1efe4.jpg,Poland,PL,54.548395,18.549657,1
c117dd80026747d0b45cf5e6f25213f5.jpg,Poland,PL,51.649793,22.902276,2
5d99145a0eb24488a6e0b59b0cf350f2.jpg,Poland,PL,51.90814,20.097567,3
b523ec4803ba4ebab62b8cbfc5677a86.jpg,Poland,PL,51.909656,19.865053,4
b3274e2930f8421a9f244465992d5dab.jpg,Poland,PL,51.04334,20.41802,0
84f8dc2800684712b4c4fa5191e84722.jpg,Poland,PL,54.177344,17.500245,1
f87ee743e3344748b5bf37507c9289de.jpg,Poland,PL,50.741745,17.345065,2
7631ce4d62094b3cab47bcddb3d55004.jpg,Poland,PL,51.725976,18.003765,3
3924d254a72c447d9a2e92ec8428f62a.jpg,Poland,PL,50.474981,18.337896,4
8a373b64602e42d6a7c40ba04a5f028d.jpg,Poland,PL,50.138131,19.0465,0
6046239bc6b1484db82231b6ba6330fe.jpg,Poland,PL,53.28925,20.263466,1
30c88a74dba94a90a4fe5edd5c87da1d.jpg,Poland,PL,52.336978,19.357841,2
06b619e4fd1f40658f44a435226f9342.jpg,Poland,PL,53.749904,17.771071,3
c5e2b8a6b2214219a69182a697cd8d07.jpg,Poland,PL,52.087487,22.298821,4
c91dbc8fa2434037adb243b9477f4a77.jpg,Poland,PL,54.209287,15.927798,0
877f9c9fede9481487e69f941ab58fa0.jpg,Poland,PL,53.297707,19.960543,1
cb9661e867214c0785de7c62cce0e083.jpg,Poland,PL,54.137405,23.291993,2
7550b526932841de8357b2c1e81a6086.jpg,Poland,PL,52.656384,21.572273,3
09eedc1f4c244103885bd178d8e38bf1.jpg,Poland,PL,52.105639,23.540185,4
6602f55d2452410384da69ffe2da157c.jpg,Poland,PL,53.94893,22.440389,0
e315bd46d3c5469a8067adf99e00ccc1.jpg,Poland,PL,53.447354,17.202095,1
b89c0fd10b794f17a8c3eae49f51b761.jpg,Poland,PL,54.116298,22.867048,2
145bd530daac4edf8976bdbbd7b20a66.jpg,Poland,PL,50.410322,23.428899,3
a6206b4814b449d1949ec57e9358d94c.jpg,Poland,PL,53.721142,20.472132,4
474258f1525d4fc98d5587c0e6924af6.jpg,Poland,PL,54.201122,17.516614,0
246b139a4bf24543811916ae3c167b52.jpg,Poland,PL,54.595764,17.256314,1
b49a956354ab41399170a4e2e03a5453.jpg,Poland,PL,54.587087,16.912196,2
439d798fd3924042964faa9793219446.jpg,Poland,PL,51.021673,22.656825,3
2b36a32d743448c19ce6adcbf863a72a.jpg,Poland,PL,50.411218,22.418742,4
14ea88c026994f128bb65ebd890d53c0.jpg,Poland,PL,53.528839,20.726184,0
92147138b99b46cb8aae780529466f45.jpg,Poland,PL,53.726098,21.32721,1
78f71fcc71634166b50a68f3d018c8e3.jpg,Poland,PL,52.930359,14.45134,2
ccdf3ee406e640a2a7c391ae5660dccf.jpg,Poland,PL,50.535552,23.735592,3
f225321ffb5145b7ae93f8e700d4086c.jpg,Poland,PL,51.657159,17.780654,4
cf76a352cb2f4de0b7184da8c06133ee.jpg,Poland,PL,54.147412,23.398492,0
19ab042d1bcb4be497af1b71acf9d0b0.jpg,Poland,PL,54.657691,17.633573,1
4851780ec4fa462297493ce8d7f60e69.jpg,Poland,PL,53.767322,19.94884,2
e0acd1bf808a439d8c991a6fd3c2caac.jpg,Poland,PL,50.788273,18.594351,3
ac584830efa44ccaaa8e937f77b3fe26.jpg,Poland,PL,51.590299,21.329363,4
caa5f203cb764a5186e073251aa0c92b.jpg,Poland,PL,53.261,19.447744,0
a240f2cb45af4ea3ac1d9ce7583bf78f.jpg,Poland,PL,49.97578,20.508276,1
69c84de971774cb4826bd1e272928d42.jpg,Poland,PL,50.482974,23.446198,2
8a802adab8ba483281baa7cd99e47ae6.jpg,Poland,PL,53.20664,14.969101,3
503e297ed4ec436489c3701117964902.jpg,Poland,PL,51.770393,19.204202,4
1dba87f3350b48fc8f9be194ba77eaf7.jpg,Poland,PL,53.870583,14.615887,0
331ac14005c54cb79f4d1757fa838f49.jpg,Poland,PL,53.147455,19.187651,1
dd25c30609764683892902f0fefc3081.jpg,Poland,PL,53.034655,20.444992,2
ddaad89ae09f4e4f8a65a64f4db94311.jpg,Poland,PL,51.324173,22.48517,3
6dbc08546b9c486492c784f66b8040b8.jpg,Poland,PL,51.350279,22.732794,4
7b7cb0f84c884b0f9caa87e9d60216ae.jpg,Poland,PL,51.195742,16.018528,0
53bea958d5b74596a31c3783ba78da97.jpg,Poland,PL,52.286545,18.265577,1
a8138af298b6429b9fef53114e2cc460.jpg,Poland,PL,51.591838,17.720545,2
7369358ec0b14234a7cc98141b79abbc.jpg,Poland,PL,50.233471,19.709155,3
adccd57173b84073937d279c35a2f524.jpg,Poland,PL,52.496954,20.877391,4
5308da84d0e049d9a67d15aadb708e22.jpg,Poland,PL,51.034292,22.532073,0
4dadc0fe90c54e93bd2adc7a7a9692c5.jpg,Poland,PL,51.420163,22.260113,1
b916d042af4943fc8f4cb77be09b177f.jpg,Poland,PL,51.135537,15.399941,2
edada394fa914141af23a5c422867a71.jpg,Poland,PL,51.312087,20.988604,3
92fe2c87182f44f0bd2f48d10dbbb498.jpg,Poland,PL,51.435748,22.381817,4
d2ec969dadbf4c3b9a4380602a91e600.jpg,Poland,PL,50.488328,19.321573,0
b5912e78f81448e5a23ab7a0062a213a.jpg,Poland,PL,49.613406,21.880444,1
dd1c0073f09c453996a752332963043e.jpg,Poland,PL,49.908786,21.51994,2
99ff36cd08f541fda056d8690d3b43a8.jpg,Poland,PL,53.137884,19.208704,3
8debe4811cb74b4f9ca0a8e83015d121.jpg,Poland,PL,49.787482,22.117257,4
6a2c5d35a7d84dd9bac5215236d4b1c7.jpg,Poland,PL,50.232401,20.707802,0
e61ba178d4a84f95a130eb67bf6fdcfd.jpg,Poland,PL,53.187499,23.261098,1
efe65d9a8c4e4d739051507c1783f3b3.jpg,Poland,PL,53.025056,14.898744,2
b70c6ea2992e4c1fa4d338162268046d.jpg,Poland,PL,54.447917,17.321039,3
dff1d9125f4546dcb0a70ece41bea886.jpg,Poland,PL,54.163802,20.232255,4
625d4b3c4c254479bab3aa80e98b5793.jpg,Poland,PL,54.19818,17.391315,0
6f97e7e2ac6045d6b0e95c018acfdcf4.jpg,Poland,PL,51.72534,21.06443,1
0ef40bf105c3497cacce52bd2300ef26.jpg,Poland,PL,53.293662,19.363324,2
9729b8a0bb104c04bc3f5e64ae0c15dc.jpg,Poland,PL,53.885053,16.160569,3
69a2375003c8476ba27cb4cc908d95d3.jpg,Poland,PL,53.879826,14.621169,4
edddf2385052488f8b19b24dfbffd104.jpg,Poland,PL,49.970286,20.305502,0
c4f18661607743dc8be1ba3e66bc4289.jpg,Poland,PL,49.557724,21.517636,1
8944b150888240ceac0acd3300a6c8fa.jpg,Poland,PL,54.219154,23.127467,2
49365e89447c4f82a2681336826219ea.jpg,Poland,PL,53.414738,20.056454,3
72bf6d7f30644054ab4ed76f5e6f0d26.jpg,Poland,PL,51.932388,23.612608,4
bf987cdcb08448a1a23b675de6ab3981.jpg,Poland,PL,50.679042,18.650596,0
5b4a34b6ca494159bc9289112ecfe7b4.jpg,Poland,PL,51.204089,18.585356,1
dbfadcc8e58c45e586b8f7e92ebf43e5.jpg,Poland,PL,51.307027,22.118108,2
30e80816db7e483bb4501694bb27be90.jpg,Poland,PL,51.578738,21.78193,3
26dbc2a4329443d6a1b8cdb74ec81389.jpg,Poland,PL,52.254153,18.917164,4
6755d665854d4cd1a1cc9ab56649c04f.jpg,Poland,PL,54.456285,17.402512,0
05a58a4338ee49db808e82fef2205d12.jpg,Poland,PL,53.402382,15.550994,1
c6fe5f627bb447f19cce19c1a7c695f2.jpg,Poland,PL,53.625239,20.765498,2
ee34f24a86724ec8a1b9f33b33677237.jpg,Poland,PL,50.195557,19.791221,3
a03d4573fb2d40faa4abdcf161d87357.jpg,Poland,PL,50.661393,21.845422,4
231346db3e724dcfb1510a856a078402.jpg,Poland,PL,53.643215,16.190676,0
68caed8442c84d26b3e6937ebb7d6701.jpg,Poland,PL,53.47703,16.187632,1
4421531570f14623929fc300778ad13d.jpg,Poland,PL,54.212391,17.48138,2
82952b4bd0394a84aa524116284b69e6.jpg,Poland,PL,53.892177,22.346202,3
2508e9b2fde248faa66e3e6bfe4a46fb.jpg,Poland,PL,53.181008,23.241389,4
25ebd48114cc48c2be765fe3a068b4bd.jpg,Poland,PL,51.129701,17.098093,0
8b972d130d1947e49bab37dd6f7d6d38.jpg,Poland,PL,49.918228,21.314189,1
73932da3b3e24be38e44fb3e0c27bda4.jpg,Poland,PL,53.439261,23.552421,2
1b39392ed708442c8d566ef9ee2f60f0.jpg,Poland,PL,51.900117,20.21935,3
a0b06d379aeb421ba1d72802891df3f1.jpg,Poland,PL,50.479941,18.552559,4
c1290e401e984551a4bc064b0817a93f.jpg,Poland,PL,53.363876,16.263603,0
9d57183d8e6b473fa3fa3b543a0bc278.jpg,Poland,PL,52.71076,21.374986,1
b6a4ee8d445240b5abde88ee66841a03.jpg,Poland,PL,54.187498,17.434092,2
d8dfdc4903ca4c688caada520aa0eecb.jpg,Poland,PL,53.958856,15.121846,3
120682ff1427405d874693dd89e3375f.jpg,Poland,PL,51.386758,21.629585,4
4245f572722b4f3791090e2e6825d3a3.jpg,Poland,PL,52.251102,20.400186,0
9d2e3d10dbb242d8bd72d3eef6225855.jpg,Poland,PL,51.491333,22.06491,1
3c1ab940b79c4d54bf33600cfd4bea66.jpg,Poland,PL,49.958614,22.179809,2
f6ef04b61cec4e33bae7d83a5cce54bf.jpg,Poland,PL,51.706416,21.022276,3
594181d6de51417bb676397fe48ca939.jpg,Poland,PL,53.245927,14.654734,4
702e1adcc1ac43a497aef0fcbc0e10c1.jpg,Poland,PL,52.673718,15.121732,0
3932d4a4f645434f8e782aea5119847e.jpg,Poland,PL,50.836457,20.373696,1
1c3ba18bf967421a8edd3bbd9791636f.jpg,Poland,PL,52.010138,15.211582,2
1ce1d663856e4dfb99e05f0099f0038b.jpg,Poland,PL,54.163186,22.93154,3
72f833fb23f440f2aa7c1f0eb815fcab.jpg,Poland,PL,49.990135,19.213565,4
5d8af69de52d416aa8a8a2f2233ab751.jpg,Poland,PL,53.186024,19.20996,0
283db82b3b674af396ae3cccb6f605c0.jpg,Poland,PL,49.444208,20.299785,1
7ca3b5a220bd436ebd81a37ab989bee8.jpg,Poland,PL,50.188165,20.063231,2
af945398e8b042e8b418c69300770fa7.jpg,Poland,PL,53.022099,15.400656,3
5f736dafc3ee41b8a33cca2b504ec758.jpg,Poland,PL,54.111781,18.691341,4
e98782822c9949029ffd50553514749a.jpg,Poland,PL,50.549568,20.725968,0
a81b11105be440a48b10faf1555f84b2.jpg,Poland,PL,53.806069,17.245581,1
0a819750fe844721930b4f5342f47c7c.jpg,Poland,PL,52.063263,15.221163,2
cbba5e4b8a4b490595c3b6eb626eaa44.jpg,Poland,PL,51.387745,23.158787,3
d5d634652de9455a87fd994ee41c9fa0.jpg,Poland,PL,53.219027,23.190687,4
26b1365ee11d4e44b0aa0985d0f2d544.jpg,Poland,PL,54.028042,17.784184,0
258b967008a54040a6c47be847367f36.jpg,Poland,PL,52.691226,22.540962,1
d01566a404d2446ea55293fec7fd18d4.jpg,Poland,PL,54.449772,17.297416,2
d2caf518717f436d9731b9840bb9670f.jpg,Poland,PL,53.802028,22.970308,3
c1a85e0f5d4743d3b503b307f92ea04c.jpg,Poland,PL,50.62943,16.827918,4
73990d89e2684d3b9a680d5798a5c1b6.jpg,Poland,PL,51.707041,19.483812,0
650bf0b7ec27484ebceeeefbb9dcac0e.jpg,Poland,PL,52.715865,21.362382,1
312cc70ae223405e8be6652898fb97c6.jpg,Poland,PL,54.007672,19.974641,2
e981878048ce408d97b26267d82a5882.jpg,Poland,PL,52.072733,20.369645,3
34db83d9e5ec4afabd05268e68f76ad0.jpg,Poland,PL,50.976933,22.312752,4
c2c8cc65e88b424cbdc5c5267cb60cfc.jpg,Poland,PL,54.769101,18.337994,0
ecb347b86bc6483fa27a25587f9e93f1.jpg,Poland,PL,51.269849,20.158565,1
d4d6b0420c494770bb73f6dfbcd78368.jpg,Poland,PL,54.459904,17.887855,2
a0830a419b484eca952ae98c67b78f5d.jpg,Poland,PL,54.770229,18.401537,3
857a30a4dbc14250ae217fb2a2e70421.jpg,Poland,PL,51.480548,22.084133,4
13b9714998bd4002aeba81dfc96f67e5.jpg,Poland,PL,53.993526,17.961104,0
66f5271f82254553b1ba123698307c70.jpg,Poland,PL,53.604248,16.195481,1
be6483e53ee745d1a8961393a03a8b42.jpg,Poland,PL,49.885012,21.584136,2
84dc159fcbe4499abf285f8189a67823.jpg,Poland,PL,53.019846,14.684518,3
8b0560f1d9474a81b6c14c4a5b4e7fce.jpg,Poland,PL,53.123049,19.517809,4
2487ffa29d014ca18d11f7069eb8e5a3.jpg,Poland,PL,53.39409,23.471246,0
e8ba7053627a4cf18b0918e8310e743b.jpg,Poland,PL,54.515728,16.534236,1
cddc96460bf84d6296cf69e8a5334a3a.jpg,Poland,PL,49.925468,18.65265,2
dc64387355b64b1085e70c393ebe1bbb.jpg,Poland,PL,50.319569,18.945857,3
9e73d0d4346f4ae7948696d29c7adf8b.jpg,Poland,PL,54.612728,18.389594,4
b15d9145bfd0458c81f4b911025da733.jpg,Poland,PL,50.627179,19.834788,0
dd108f386ffb4edbbbe83217c053f6fa.jpg,Poland,PL,54.169744,22.931066,1
16bb1630ad3845c79feb34e2979733a8.jpg,Poland,PL,52.59466,21.182191,2
a885374bcfe74e32b1c4c86c13d68542.jpg,Poland,PL,49.300481,22.602961,3
9a4f40fb9a174f5eba37b2fd6756eed5.jpg,Poland,PL,53.41419,15.383925,4
711aee5b71f6475898db2b5ef23af815.jpg,Poland,PL,52.51427,21.678668,0
7c3ed6d9171144959c185b1b57d2cd86.jpg,Poland,PL,54.443978,17.330704,1
0fc3b69c6d5c4d14b472e05ce66d5365.jpg,Poland,PL,52.695279,21.122538,2
bae8c484458e4c5bae9e50e1f27ea8ad.jpg,Poland,PL,53.459805,18.412207,3
de85ba0380d14036ab22257acbc254de.jpg,Poland,PL,51.515595,22.057653,4
1086e7de868e432b90b0da06c0936385.jpg,Poland,PL,50.482034,23.445203,0
04ee18e47b0a4e328128a22b0b5f5afc.jpg,Poland,PL,53.671599,21.313249,1
f3da3488be1e4c28a8a761e4e274da7a.jpg,Poland,PL,53.577163,19.022798,2
20338f46c9f249e0a5f2a08935b90ede.jpg,Poland,PL,53.026707,18.565428,3
f6b745b09485456c889f3fc8fe8cf3f9.jpg,Poland,PL,54.45866,22.409054,4
6228fbc8d28247dcb719feb07f36733c.jpg,Poland,PL,53.926638,21.468402,0
ac93b0ca8e1f4518bf5ab67c55dd72d8.jpg,Poland,PL,53.436462,19.843187,1
32a8bc6160bc4cb6a58a8b012f30938a.jpg,Poland,PL,54.777025,18.237397,2
d7b1ef767b5b4559a1670f25552b2355.jpg,Poland,PL,54.166092,20.218158,3
0d8e91e4e4104719817cf042fdb8568e.jpg,Poland,PL,51.429984,22.494215,4
810a23d7fe504041a62aa87cb4da2b97.jpg,Poland,PL,54.832648,18.287463,0
8703888589d547838d6734e451a328a2.jpg,Poland,PL,53.824566,15.064171,1
ced986feef3f481a8a5a8a4427f5b488.jpg,Poland,PL,51.646708,21.904922,2
34ae18cdbdd24b1996ba6901368709d1.jpg,Poland,PL,53.969097,19.657122,3
9d2f44362e82432b948a493535b9a052.jpg,Poland,PL,50.674478,18.649124,4
d00e57b5c3d44f3baf5d64d84aec55e9.jpg,Poland,PL,54.50764,18.317357,0
3cf6b1a2172d4d80a9f61b1ed4fca197.jpg,Poland,PL,51.307329,22.695685,1
05bf355c878b42b199c9b2a6164feabe.jpg,Poland,PL,52.681865,22.297236,2
9e67a7e7bc5c4983b0772e3126e7f831.jpg,Poland,PL,50.726613,18.631957,3
51a99e554d2547829fc1a117a6ca8661.jpg,Poland,PL,49.52454,18.993086,4
146a223c4eb84c7cb4067693886d6cb2.jpg,Poland,PL,54.613234,17.37637,0
74380ce68d07493cbf2a60232c968a2d.jpg,Poland,PL,49.729022,19.328733,1
c5cdb55e97a640dfa5ea13594ed1d3e0.jpg,Poland,PL,54.337051,17.848722,2
6afe3d41a91d448eba83353dc3afc344.jpg,Poland,PL,51.802244,19.727956,3
3d7bffdf0ec445849ef6a2670112156b.jpg,Poland,PL,51.924201,18.982082,4
67cfaa470704417fbd16e6619ff45319.jpg,Poland,PL,50.082249,22.375839,0
5c8ee20385ba4d5d8364a986fc7f893d.jpg,Poland,PL,50.701176,22.491471,1
2207f99540284852864874624fc4a1ad.jpg,Poland,PL,52.116149,21.240248,2
a8e54f085526471597ef2907bd7d4991.jpg,Poland,PL,52.325643,20.854815,3
99621534847948ed83f5cf6e903ee9c4.jpg,Poland,PL,49.949015,21.651658,4
7998dd0eec87475c9caff95a8776806b.jpg,Poland,PL,53.296035,22.455261,0
a0cca3aa16da45d8b2499c3cb2fc733a.jpg,Poland,PL,52.902897,14.330751,1
d9d62bf41a6c4c139ebc39cd0f0e3388.jpg,Poland,PL,51.529984,15.604478,2
ef6b23c5bd6a442aaaf8b8737add6dfe.jpg,Poland,PL,52.937182,17.389882,3
c24e3b0a52fd404abcd6dc33336a0977.jpg,Poland,PL,49.857184,19.364878,4
f51a23b12df24211823c5f17b46f5e2f.jpg,Poland,PL,52.322636,21.565853,0
21b41764126147de81d719accccb750a.jpg,Poland,PL,49.340849,21.723146,1
65c2ea3b19e543f7a8cba41347aea06c.jpg,Poland,PL,52.154218,20.195148,2
09964dc091bb4b1aa261dd9074216b53.jpg,Poland,PL,52.510563,19.830219,3
5ab91dbdd3e346a3865b9b0be2f7d228.jpg,Belarus,BY,53.734126,30.452856,0
c9629448ce914c88a1cec044b7b1ef0b.jpg,Belarus,BY,54.261009,28.668641,1
1d8f56ffc4a841fbb0df1319f40e52ef.jpg,Belarus,BY,55.534247,29.976472,2
a5d1583f784848efa048d825b34ebc5d.jpg,Belarus,BY,51.636377,29.080056,3
a0d1ff5ca1144090ba91d4c964818043.jpg,Belarus,BY,55.588243,28.666912,4
60772e0f36ec40aab4b337f88af6cc83.jpg,Belarus,BY,52.275684,31.100535,0
fc722dbdfec24e5287331fd22ee2e345.jpg,Belarus,BY,55.92554,28.647401,1
06411dab4a8b4ef8903e40f6af2af1d7.jpg,Belarus,BY,53.985837,30.465967,2
d321b4622c224f208ce68dfa48ca16b2.jpg,Belarus,BY,53.0376,25.627371,3
91454d7a758b4b1c9d023b7f4508cdf9.jpg,Belarus,BY,53.622429,24.729773,4
1e98cea4e6d647608a81cca8005b0965.jpg,Belarus,BY,52.523961,24.853925,0
3e233cfc6d654071a335a0e8a9610a55.jpg,Belarus,BY,56.030857,28.69149,1
11be69381d084aa5bbdc98e676d8c6fe.jpg,Belarus,BY,52.776318,30.752613,2
24da27c6ea6940fa80ce4a635be29966.jpg,Belarus,BY,55.234733,29.962289,3
b0af8395aacf43d1a171418d2ee3af5e.jpg,Belarus,BY,52.597127,25.57838,4
20b7071ffc9a42f787c39b898eceeb45.jpg,Belarus,BY,52.691053,24.356228,0
2beb6991ea92404b9c920bf87bde5530.jpg,Belarus,BY,55.527125,28.822805,1
e7c604b8a8fd41cd802c819fc2e328dd.jpg,Belarus,BY,54.236407,25.992668,2
b67f7d7396244e81b3711a4fc94cbc50.jpg,Belarus,BY,53.731438,30.457817,3
472168a1177a4a2ebd3d6fb52b018152.jpg,Belarus,BY,54.400628,26.096383,4
c0dda294a8364d6d886087b852cef6c9.jpg,Belarus,BY,52.213974,31.486914,0
dd7cdf92b5bc4faeba255ae565a040d3.jpg,Belarus,BY,52.082157,27.448349,1
822543db051b4b029376ef5a179f1a9e.jpg,Belarus,BY,51.871743,29.944619,2
91ec8ec9d98140f59733023fb57112b8.jpg,Belarus,BY,52.361655,23.64767,3
e0f1e54416fc43c0a12326d338c145c5.jpg,Belarus,BY,52.729419,30.322465,4
0562251be34d4897bb2713ade1341d3e.jpg,Belarus,BY,55.015351,29.406464,0
7c7d4672ed34426ea8b1307e2c6dc257.jpg,Belarus,BY,55.236971,29.917374,1
c4a1464c9aa84587b52721b11b2bbc15.jpg,Belarus,BY,55.997854,28.645426,2
c261b6824e9a4fa9953fe03b3e921d3e.jpg,Belarus,BY,55.06955,27.385304,3
225b2e4a79d9407c8888607e166fae83.jpg,Belarus,BY,55.262017,29.765111,4
147e994d334047428673e3e3fa8c8740.jpg,Belarus,BY,52.372673,27.460245,0
94d1091a3ec243aeb22e643cc8db9c54.jpg,Belarus,BY,55.706538,28.262722,1
8e2c56d3283b48d5953f490838568ef3.jpg,Belarus,BY,52.149481,27.890113,2
733d3659aa65465f873de5cc564c7ee9.jpg,Belarus,BY,52.993727,27.295023,3
4c72a4aaba754925a3db77d024fb464b.jpg,Belarus,BY,52.064618,27.75813,4
73020128ddd24201b514f92f421edee9.jpg,Belarus,BY,53.187543,28.730799,0
e5ae2cc17b5e49b69db525d1c8eea6a6.jpg,Belarus,BY,53.936709,30.204444,1
04934daa3305414ea8f6474011d04931.jpg,Belarus,BY,53.287655,23.939854,2
6fecb935dbde41dd8bdbaedf5440896e.jpg,Belarus,BY,52.803155,29.4057,3
0d4c172d1cc8401891b2fa10be90855c.jpg,Belarus,BY,52.290326,25.682711,4
f4bc5341fa2849ffabdae5982aa4e7bb.jpg,Belarus,BY,51.928438,29.576374,0
2f823a12f35844978e819f66f7c55196.jpg,Belarus,BY,55.458284,29.925911,1
b5d7324e036a41c6b6d92290e38da628.jpg,Belarus,BY,55.888191,28.605694,2
60fb598262a74af387a5a1c39a3e0b5a.jpg,Belarus,BY,55.618486,28.426372,3
15f6840bf24742a1959b9b31c04bf9c7.jpg,Belarus,BY,52.991452,27.226969,4
c37b5ea64af04b4ebd6838cce9d52c87.jpg,Belarus,BY,54.335391,28.57044,0
dc823f33221345868436236d513d8525.jpg,Belarus,BY,53.13244,26.063628,1
4ba41ff7c9594e74a908929e1c195575.jpg,Belarus,BY,53.973585,30.466683,2
8536e86cbb71438cbb3a6419d8d17e84.jpg,Belarus,BY,51.666827,29.123838,3
21eaf9824d8843af9f5f82338bc8c269.jpg,Belarus,BY,52.636384,30.840298,4
2a05aca8aed64b4f8095d7f9dc61e69c.jpg,Belarus,BY,53.707494,31.762454,0
10fa5172d2af492aa14189a4bbbc8053.jpg,Belarus,BY,52.481454,27.475619,1
318492400fd74ec5ba2883b37627574f.jpg,Belarus,BY,52.304898,23.661191,2
f09e811a0f2447d8b9db7af6af2b77cc.jpg,Belarus,BY,53.579059,23.875464,3
41fb5f7ad0e44875ade13301ef9e1196.jpg,Belarus,BY,53.870872,29.21401,4
6f687b7b823e4865a986d00d3b243482.jpg,Belarus,BY,55.203145,30.363007,0
7878ebc11879402f8620a03af6216515.jpg,Belarus,BY,54.058433,27.539105,1
cd05c31532f046e9b3f038e9af3d2f6e.jpg,Belarus,BY,54.998211,30.923392,2
e299d405424843cfbffc85c3555fac3c.jpg,Belarus,BY,51.702531,30.34821,3
8f4c9eb6d731463985d2079f0d456f38.jpg,Belarus,BY,53.605371,25.764625,4
828f311d89dc45ecb8faf702d4afb4a3.jpg,Belarus,BY,52.132036,25.538637,0
b6b817ce9e34458cb7123c2ee7624c70.jpg,Belarus,BY,52.469873,29.280301,1
aa1826b0e0a840ef9af77262abc3114c.jpg,Belarus,BY,51.648441,29.108183,2
750de2e4475642d8ad4ab67b7466b4ba.jpg,Belarus,BY,52.323339,25.629617,3
126dc9ff2a814993a0f09335b68dde49.jpg,Belarus,BY,53.714018,27.466959,4
40a1502d513a44b3b477ade0f0f9518a.jpg,Belarus,BY,53.889962,27.337632,0
21bc237aecfc41029e8fe3228ecbd6ea.jpg,Belarus,BY,55.145295,28.758273,1
f2804a8ada974d56be48816e4b6d15a3.jpg,Belarus,BY,54.430478,25.983176,2
8ac610cfe7dc4392bb069ba8ccb5ccef.jpg,Belarus,BY,51.853463,24.217093,3
0d4e8dd6419244b6895775e0a3812ea3.jpg,Belarus,BY,54.489111,25.836298,4
d00bb0f9feaf49a8bea97057da601b0f.jpg,Belarus,BY,52.304732,30.914933,0
c1cde1d9a2b443ec97d420d408ef4260.jpg,Belarus,BY,54.187928,28.585545,1
3f9a72628b3b42f488690b0f9f2ac970.jpg,Belarus,BY,53.549295,30.34094,2
8a42a5f65dea4813ac569db045a4bd21.jpg,Belarus,BY,51.916183,26.679605,3
266e3b057759429b9be658f3717421db.jpg,Belarus,BY,53.441361,23.930519,4
dc8b4db7ada6417ca5177ae666cd3698.jpg,Belarus,BY,53.706774,31.742789,0
96f1587669194e49a391b4d284c28f2f.jpg,Belarus,BY,52.05554,29.432712,1
c745df6da9834378bc65592b0e47c1ac.jpg,Belarus,BY,52.211255,31.537906,2
e177b3d5e8524f25b32f1cf8b62ffa01.jpg,Belarus,BY,55.311983,29.553656,3
eb4e4b5f83e1461ca7bd99998ddbf627.jpg,Belarus,BY,52.648692,25.48476,4
80f36a102ff54b018e717f5636bcfde2.jpg,Belarus,BY,53.613238,27.465405,0
ff4f708244c3461db67bd2f2b30ea4b0.jpg,Belarus,BY,52.212441,31.532717,1
8edd1ab60dfd4fd2b5d8b2651040ee23.jpg,Belarus,BY,53.529077,27.473949,2
b8b86f2dcb7b42f39be257a2059bc90e.jpg,Belarus,BY,51.649419,29.109509,3
2cb5b2c85d794f4faf980218dd47e37a.jpg,Belarus,BY,52.157202,26.091599,4
33b6d4dc811147d0b7f6778577815a4f.jpg,Belarus,BY,55.391099,29.244449,0
3f9035789d174534b1c678f92bcd389c.jpg,Belarus,BY,55.147994,27.730156,1
c97504e2de9745b19e62a6e608849184.jpg,Belarus,BY,51.699058,29.142993,2
e3a7c4bb86ba42aba499b4f8b455c12a.jpg,Belarus,BY,52.179945,29.901519,3
11f5105981854d03b7288e73c1f6602f.jpg,Belarus,BY,53.846884,30.336635,4
3a99c15303f54304be478221496c0f20.jpg,Belarus,BY,53.481031,28.098315,0
c350a5d8e2844ccea6229496839dde0c.jpg,Belarus,BY,53.721923,32.024923,1
7dbdeac43360449589d44d8268f5cf2c.jpg,Belarus,BY,53.342035,29.578723,2
5ff3efdc318746749a095d3ef1c304b6.jpg,Belarus,BY,54.525636,30.160792,3
1f9f7ed3b1ef414f9669fbc22179429a.jpg,Belarus,BY,52.084291,27.536428,4
15ae0f1a290d4d7295ff57c5f8f20660.jpg,Belarus,BY,52.219565,28.526037,0
7a24310b00d2482c9eb0b304a69ccd42.jpg,Belarus,BY,52.13798,26.096416,1
4b22b45a094840ff8deca548fccd23c0.jpg,Belarus,BY,52.676982,30.817168,2
58071eb2a63b4eb4922d344bfdc8d513.jpg,Belarus,BY,55.184134,28.923001,3
1f42168e6646466fb41db94776725a75.jpg,Belarus,BY,51.643276,29.101404,4
dae04dc70c844523aa241312417d2a76.jpg,Belarus,BY,55.115881,30.517368,0
19ed3b73b03d4662950b7a448f5eb902.jpg,Belarus,BY,52.205125,29.303011,1
7ebb2e69568040919c7d1d63cf7e8632.jpg,Belarus,BY,53.13568,24.258322,2
a25c581affc147128626ef104c3b96ad.jpg,Belarus,BY,54.600417,30.442764,3
9be3870571ff4f53b355b3644742e179.jpg,Belarus,BY,54.653524,27.963787,4
e05c79a3a5014d4c86a27c538e3ae8d3.jpg,Belarus,BY,52.23129,29.306069,0
6d038d02124642768360c5b6bb13e5d0.jpg,Belarus,BY,54.990735,28.868015,1
5a7a3bc3f4fc45ab9122b064ea8a9f3c.jpg,Belarus,BY,52.293504,30.937077,2
6a728da95ee24ebda4101c6eeac2e081.jpg,Belarus,BY,54.166565,26.461252,3
7dabdd85d17140f093762d1604aa8f87.jpg,Belarus,BY,51.910855,29.797803,4
58f8a43c264c4ac18388a4d1a2b07a72.jpg,Belarus,BY,51.920299,26.672082,0
e95fe25983584ce1a0a8611ce1862169.jpg,Belarus,BY,51.712439,30.349922,1
4254750a27f9426a93657b6fa58ddf9f.jpg,Belarus,BY,54.493287,30.028954,2
b5fbaa7beff5470ea4f0d4977864d065.jpg,Belarus,BY,52.231507,28.878247,3
899d1459a151443f8265999832ce421c.jpg,Belarus,BY,55.032563,29.304935,4
a8d88f893e4447d08ceba60ec035d042.jpg,Belarus,BY,52.927886,30.010687,0
c8cead672fe243ec8b4ddebb58cf5710.jpg,Belarus,BY,55.719023,28.244802,1
ac3f5a6a6a9549ef8d1b500a958b77d3.jpg,Belarus,BY,54.246893,26.328196,2
5da2003faeb646a6a718ca7f4f7d4d2f.jpg,Belarus,BY,52.986032,29.816624,3
cfb8582ca1e64cd38a4d106a609bb0b7.jpg,Belarus,BY,54.488927,27.859328,4
0aeefa2e3da14ecc91c0476bf92eb341.jpg,Belarus,BY,51.694168,29.13805,0
cac003c3e5cb4f2989c2954de43ea239.jpg,Belarus,BY,55.839809,28.608745,1
12aa0c351c6f4f8abe3ce4d6dde306af.jpg,Belarus,BY,54.614456,30.438109,2
f6129ed314a7430595cd822a2d0a3395.jpg,Belarus,BY,53.074939,25.264171,3
5a6e480d5280404c98843bcb6405a945.jpg,Belarus,BY,53.900517,27.997902,4
689f14568fce447ea3b35608342bd542.jpg,Belarus,BY,53.947913,30.46807,0
405546594ae94458be762d5801c6657a.jpg,Belarus,BY,53.06727,29.42321,1
0ffef3446cad4e67aad6f06c40b8c37b.jpg,Belarus,BY,55.442516,28.658833,2
cc2560cc4ada49cd8369131e51ec11fc.jpg,Belarus,BY,52.579324,30.836043,3
55fe85c134104bdc8698785294b5170b.jpg,Belarus,BY,53.529282,26.249698,4
529a87ec52774692a1cca23415104d73.jpg,Belarus,BY,53.005676,27.456991,0
50aee7f0d91b4840a391b1403fe3f8dd.jpg,Belarus,BY,53.722179,32.027986,1
7bfe38871cfa45dcbc590bedbace4181.jpg,Belarus,BY,52.643996,27.464947,2
b2822f3c42ea46d89260ea1ce714c163.jpg,Belarus,BY,55.889598,28.534682,3
e0a90de085624c509fdd58c4384ef38e.jpg,Belarus,BY,51.635884,29.09308,4
b09c19609f254624a7f326f302fcaf19.jpg,Belarus,BY,52.355726,25.023144,0
d531c0f33de94a0f9eae1f713b983e2e.jpg,Belarus,BY,55.617705,28.271003,1
978fe8e7e9aa4594b850dacf0f854d42.jpg,Belarus,BY,54.529284,30.725436,2
ce6979988cf749b1b7206798ebad8f1d.jpg,Belarus,BY,54.657055,29.149103,3
bcecf57423154314a092d40f95323807.jpg,Belarus,BY,52.214749,31.520143,4
8f2945bf29c64450a6d11b58578f9796.jpg,Belarus,BY,53.232172,30.586757,0
58a31109d4034333b1b959f1d970df1e.jpg,Belarus,BY,51.668089,30.401324,1
a13e606acdeb497ca6fbf345eac0888b.jpg,Belarus,BY,52.536277,25.684381,2
e948972689f74453912f3910fc3eb1bb.jpg,Belarus,BY,53.666846,31.647785,3
aa2e8992a889401e8dc9f03bd0a7cd1a.jpg,Belarus,BY,52.288532,30.960008,4
d975665caced44948b080ab62b57f57b.jpg,Belarus,BY,52.239405,27.511104,0
3cc945596f704b62aa781dca0ce4a9e4.jpg,Belarus,BY,52.965765,29.875026,1
c1b5479d2aef40df839308aa857a84d4.jpg,Belarus,BY,54.238388,28.468573,2
0f0200f522c9440784933bb98322ef8c.jpg,Belarus,BY,55.200697,27.876219,3
bf6a03631dec4b65afc0041277f6fbf8.jpg,Belarus,BY,51.856763,24.21061,4
a388deb2d1ba491b91e07ac0ed6771c4.jpg,Belarus,BY,52.93188,30.636684,0
402c6d4f453b48388f3ee1a83200b276.jpg,Belarus,BY,53.211421,29.39387,1
5123e246fcb64b9d9a1bb6baa2ca2f6e.jpg,Belarus,BY,55.717488,28.585856,2
894305e391444efbb1417d24717f034c.jpg,Belarus,BY,53.902245,28.001327,3
6588874218d1446fa3829c93d029a2cb.jpg,Belarus,BY,55.51477,28.894869,4
e3c32bf041be4dff8a022b390be68ea5.jpg,Belarus,BY,53.119865,30.489643,0
000ff4ddb5fd41408eb4adad85c37e7b.jpg,Belarus,BY,53.227725,28.685234,1
9b420c52f2654a61b2dced21e04d08a6.jpg,Belarus,BY,53.596944,30.343356,2
91d63f5e738d4fac9c42b80707d1b5d2.jpg,Belarus,BY,52.300298,30.924334,3
7947270b17c74e0ead67354790840d82.jpg,Belarus,BY,52.138815,26.096308,4
59dba2f3c7cc49e08ebcb5167349993c.jpg,Belarus,BY,51.644104,29.102623,0
d61545dfa4f14269af451f0a51e4ad70.jpg,Belarus,BY,52.233295,28.419575,1
3b1d0f89f0614768881a4e3f080a66b1.jpg,Belarus,BY,52.488209,24.926014,2
7492980d51a549348ebbd946267652af.jpg,Belarus,BY,52.286438,25.992935,3
d0eaf71683124d248a6952fa15cf3dbf.jpg,Belarus,BY,54.632202,27.931331,4
a31a8ec59d184ae98b289c50bf30ead2.jpg,Belarus,BY,53.800393,25.368167,0
0d0ff1ac928941f284e0f122b88ca02d.jpg,Belarus,BY,51.697184,29.141048,1
ad05ebf1660649e484a1df35992d94e3.jpg,Belarus,BY,52.205268,29.302858,2
8d97fde285c145809c7c25dc470ad731.jpg,Belarus,BY,52.499828,24.811231,3
8c12e2a32c194381b1e3e6fd8f8b0ecc.jpg,Belarus,BY,51.934283,29.55821,4
ef6325ba65d340749b8b70b3e9d88976.jpg,Belarus,BY,53.706641,31.740746,0
1339a8666de945ffb1ee8871fef9f52d.jpg,Belarus,BY,52.476774,25.571403,1
c967869654c846d2b98dbc87dc82c503.jpg,Belarus,BY,51.674486,30.364488,2
1db8a2cba3dd47b4861bccf08853186a.jpg,Belarus,BY,53.976447,28.063213,3
7d30e9f331654414b160bb6885c3db6e.jpg,Belarus,BY,54.19014,28.587532,4
cbcd5e7c55e9471d9ee768bec5b51ea9.jpg,Belarus,BY,53.4829,26.400855,0
005def1af56347558723886d9ddfa48f.jpg,Belarus,BY,53.790706,30.93654,1
2ed31edf91bf49d0b14e5cd75af7420a.jpg,Belarus,BY,53.5122,27.475016,2
52206436258e4e2abe2da284979d8989.jpg,Belarus,BY,54.08566,28.687496,3
c3bc827247eb41d3809152baaf7ed6a9.jpg,Belarus,BY,55.670459,28.194004,4
c7ddf4ae47be4a038f11aca2c55fa417.jpg,Belarus,BY,54.75235,25.93075,0
46c091ee0cc34fd59de8c3b1a129c41d.jpg,Belarus,BY,55.190765,29.026062,1
8a4a61b966cf4694a2c37be8d85dd358.jpg,Belarus,BY,52.064753,27.757462,2
8fb512f6aa684f199d63f3e2ea09e1e7.jpg,Belarus,BY,53.510827,27.381564,3
1be431ed96954724a3e260eb00e04ad0.jpg,Belarus,BY,53.518425,30.2718,4
b6ff936157e345ce98c6e099b90bc1f2.jpg,Belarus,BY,52.207007,27.865883,0
a071ff25acfc4457b93091e0ce8ffbe7.jpg,Belarus,BY,56.033711,28.376573,1
32840df2f5d9410a88604e596bc40624.jpg,Belarus,BY,52.992978,27.272908,2
0c9926681e244ac3852b24ae46fa9e74.jpg,Belarus,BY,53.391882,28.53611,3
c38856319e154aa184880d3bf2e859ed.jpg,Belarus,BY,53.919451,30.469573,4
c6bdf7b7903e40ccbcfcaaf1eef68ede.jpg,Belarus,BY,51.638658,29.095422,0
998840eeeaaf4d7ebad157366820d58d.jpg,Belarus,BY,55.481654,28.81624,1
462ce21edae5486b9a5c317a250fa75e.jpg,Belarus,BY,52.941395,30.629448,2
2e34a356599f48d3ad47d39df61155af.jpg,Belarus,BY,55.862421,28.605279,3
b59ac730da714ccd85d94c160eb3d711.jpg,Belarus,BY,52.446246,24.283131,4
265848a62e8a4028a535c1640642a9f6.jpg,Belarus,BY,54.8711,28.711919,0
e8411b633a9241308747bdeaa83a30a6.jpg,Belarus,BY,53.473673,26.419556,1
89c84f3090034bde974922e08348f000.jpg,Belarus,BY,54.000322,25.890224,2
c8af7cd1c7b4414ba6064f233769d97d.jpg,Belarus,BY,55.273499,30.125186,3
3a8cf6d45d194ebcb938cf7e68d885bb.jpg,Belarus,BY,53.454697,26.679343,4
ddc2e5c843794115bed98b69b3942403.jpg,Belarus,BY,52.749695,30.771588,0
0ac2d4fb01844ec2967bf8f9a55b91ae.jpg,Belarus,BY,51.750612,29.180054,1
549435058cfc40ec95336cb606b7d6b5.jpg,Belarus,BY,52.179286,29.907571,2
9bceb79664bb47ba9b690edffaf5e38b.jpg,Belarus,BY,53.724558,32.05704,3
87a9c80df4354589b2f4b9581ac26b5f.jpg,Belarus,BY,53.769295,23.839714,4
8372bf9902234faaa66c1ba71ed5208f.jpg,Belarus,BY,53.795493,30.991835,0
ff10123e1b2a4f1e8493d35e117f1c24.jpg,Belarus,BY,55.665773,28.210474,1
488f1711cc014f8bb42660fa08148c06.jpg,Belarus,BY,54.111764,26.608062,2
ae7a4053f94d40be9eee84e3fb387976.jpg,Belarus,BY,53.10895,29.66455,3
f614e7dd26c14771982bc6b390b634c2.jpg,Belarus,BY,52.320203,29.341797,4
66488f1e79ff4650ada7b407e378c777.jpg,Belarus,BY,55.264923,30.112058,0
ea59f149dfe9467aa48051acc66ab59c.jpg,Belarus,BY,54.659489,30.436626,1
ee4938a137124097864cfde8b2bbac50.jpg,Belarus,BY,56.002778,28.645259,2
6e858db7e3554f58aaac8c46b95f4ded.jpg,Belarus,BY,54.470087,25.861052,3
e04541d63e5b44c0a136f4c5b77e1ab3.jpg,Belarus,BY,55.615416,28.28619,4
5f5d72a1773e425085062ddd5c5d883e.jpg,Belarus,BY,53.024953,25.699509,0
9fb1e13cc78c4642b8522c14db6e0f98.jpg,Belarus,BY,52.112886,27.848929,1
63368c5d15c9461391387dbd0a2f1d41.jpg,Belarus,BY,53.043558,30.550454,2
f4be506630da4d21b46b5d292c10e2d0.jpg,Belarus,BY,55.083097,30.634929,3
a7a15509624e439e96c74338512c2eb3.jpg,Belarus,BY,55.450088,28.672523,4
fd2f08d9da914961bc00f4ed68d3f710.jpg,Belarus,BY,54.454921,25.890965,0
73c44db3d40945bd95328790604a2101.jpg,Belarus,BY,52.413007,24.339019,1
0a951d24f4084b3ab2d096dff456e4f0.jpg,Belarus,BY,55.431243,28.746471,2
f5cabc089f1d4977950c694ff2bd37ff.jpg,Belarus,BY,54.473022,30.504516,3
86b6ffe1d7dd4c3c994ddb20257ad2d1.jpg,Belarus,BY,55.391993,29.086734,4
bafeb197c67142539c304ec449859337.jpg,Belarus,BY,54.121223,26.590901,0
7a19f501deaf434e9ca139167c0609a6.jpg,Belarus,BY,55.774632,28.603931,1
c3310661adba460ab8324cf4d729e3f0.jpg,Belarus,BY,52.831895,29.388148,2
cd2f4c4918cf45eeab969880d3954521.jpg,Belarus,BY,55.954649,28.647406,3
e3c6d573797d4a6bad64a13b0f617f8e.jpg,Belarus,BY,54.056359,27.54656,4
d9e554220cef4d4fa79a33cff2bbc3a1.jpg,Belarus,BY,51.697883,30.346838,0
89b0ec494f2c4a8481f6bb727e96f550.jpg,Belarus,BY,53.205248,29.125134,1
3eca4ca1885f4c3fad210c6022434c92.jpg,Belarus,BY,54.594797,27.894512,2
8dd6cb1b657442fb951a956d977e5441.jpg,Belarus,BY,54.114087,30.458509,3
e677c92141a944caa15ae927c32daec3.jpg,Belarus,BY,52.971279,29.261425,4
be0982f4653344c7b2f8f33ff8c00c9b.jpg,Belarus,BY,54.597116,27.896206,0
76139860517647fb9ca1ba083b14ff36.jpg,Belarus,BY,52.2402,27.498884,1
1d832eaffc814b9f99b80aacb48a0d7f.jpg,Belarus,BY,55.101897,30.262836,2
455f23d1d087460488c8c2a78ec111eb.jpg,Belarus,BY,52.078378,27.702365,3
80d7bf9652654dcaa3aa9e3d15b967a9.jpg,Belarus,BY,55.291132,29.619615,4
516df726f2334468be3e2d4e3817895c.jpg,Belarus,BY,53.471437,30.369359,0
c8bd5688de2e4ce084bfda7a92e67cb7.jpg,Belarus,BY,52.346379,25.983258,1
549591777fa74368a66c6a46d2491a81.jpg,Belarus,BY,52.629367,25.510171,2
0fe113ef6897421c9d8948af227e0f71.jpg,Belarus,BY,51.63326,29.090205,3
9b8c821f36e340d7866886d52a51263f.jpg,Belarus,BY,51.657872,29.119244,4
1d21bf6d85ba464697ce22758e9cb91d.jpg,Belarus,BY,53.666497,31.646924,0
7a2bd7dbe0954c13a1f88f5ceb6b0777.jpg,Belarus,BY,52.092505,27.799804,1
3e09599b48284905973fa19872d8b37b.jpg,Belarus,BY,53.072627,29.964033,2
e34d47daed9c4c29a916b90daf64f690.jpg,Belarus,BY,52.281076,30.30096,3
e446fc06bd5448898d94462da750c0bd.jpg,Belarus,BY,51.925605,29.257046,4
2acdaf5a47264c8e9289286537a6f758.jpg,Belarus,BY,55.279425,30.326543,0
f2251982b4354c3481cd3c2e50f4d8c7.jpg,Belarus,BY,51.979109,26.979143,1
dcf705ef2806488ebbe344b190c2fe60.jpg,Belarus,BY,55.149879,30.242859,2
f1bc19889f614a3584814416ff145093.jpg,Belarus,BY,52.216834,29.300354,3
a929a6ab62c9495faad31732d8314c25.jpg,Belarus,BY,53.130191,26.07328,4
3f43791b34b3425e9f658b2c3fd6b3ed.jpg,Belarus,BY,53.747626,30.13845,0
312bfc6e809b4fbdaf7c8247eb8bd89c.jpg,Belarus,BY,55.858154,28.605743,1
2da64c659a464501b2f655c7a0eb4b10.jpg,Belarus,BY,52.395899,30.871754,2
ec0d6c9a750243ef8aedc2611d3b9527.jpg,Belarus,BY,55.900901,28.624499,3
2b450f3fadc1473e82cf1299efd1c2a3.jpg,Belarus,BY,54.791226,30.414827,4
9339adea2765410fabe936c2a29371d1.jpg,Belarus,BY,53.065991,27.86868,0
3d9f3345c11b4a8b86b0bc1a82577329.jpg,Belarus,BY,56.028141,28.370143,1
1cf2b784cbbb4f2aa7128289579c4b82.jpg,Belarus,BY,53.48928,31.125004,2
a8f86f3fd0ad4cebb42519ee3b8a25d4.jpg,Belarus,BY,53.582155,23.925059,3
9499f87ca9b04fd5838861a53f1b055f.jpg,Belarus,BY,53.019013,30.5697,4
f5e8ed85171343679b570ebfb352e5b8.jpg,Belarus,BY,51.710682,29.154923,0
50c533fb0fa047cfa65d32bbbaa796dc.jpg,Belarus,BY,51.705636,30.350234,1
0e519c0648674921be7f57dc6f490a14.jpg,Belarus,BY,52.665017,27.459763,2
5b49b21266ab4afe91012649f6494f6f.jpg,Belarus,BY,55.314605,30.317659,3
c6813d4da36042b6992825fa1de7c083.jpg,Belarus,BY,53.706728,31.735741,4
1fb03553d15549d98122a2a3b8172cb6.jpg,Belarus,BY,54.725033,30.433098,0
af2c5333079c4a9a8fc11c6852f4f669.jpg,Belarus,BY,51.654212,29.115745,1
bf4161afa7834060b34d0f790c046a3d.jpg,Belarus,BY,55.477076,29.076364,2
d010d71663d943d3ae93e2048a568a44.jpg,Belarus,BY,54.701385,26.107248,3
59d02e32839f4cc5bfda58f10d54ffb1.jpg,Belarus,BY,52.330604,30.850796,4
15c7be2c77264c8f8873098658dcd02f.jpg,Belarus,BY,51.649546,30.440048,0
f00bca50869941778d25481a9834b3bc.jpg,Belarus,BY,55.266033,30.331848,1
f39faa2ddce047e0a3d112d58d2606fd.jpg,Belarus,BY,55.517583,28.874466,2
331ced815a344454893a898c88de0d24.jpg,Belarus,BY,53.088784,29.240259,3
45b86a6a8887478c8d2e0823eab45d77.jpg,Belarus,BY,54.508769,30.127898,4
575d8a9301c64a0fab0933c949f19dff.jpg,Belarus,BY,51.635535,29.082124,0
0a53e35c8aae45af9f1f8b9c0416805e.jpg,Belarus,BY,52.219465,28.715956,1
aa12f3ccbf31427184a4c6267506ef63.jpg,Belarus,BY,52.516798,24.397048,2
6c4966892ef54e46a62e581c9d413206.jpg,Belarus,BY,53.975007,30.466634,3
bca250974d8d4bd9b0a4a526f98cd22e.jpg,Belarus,BY,52.527682,25.580347,4
bd8150879a9c4ce4967e2ef8d16a4ec5.jpg,Belarus,BY,52.016769,29.288228,0
f191ad0259e6438db8bd4e38aff9c67e.jpg,Belarus,BY,53.672121,26.905508,1
39f9314a58fd42e09d20a4642ece1a83.jpg,Belarus,BY,52.37157,25.591842,2
fea13d2107254dbdac4057b3bf28079a.jpg,Belarus,BY,52.214147,31.482324,3
eb4bcf7fb0a447b78f77c488e2fd96ec.jpg,Belarus,BY,51.682127,29.131744,4
708e243f35df46cd9491edd630aad5ed.jpg,Belarus,BY,54.72232,26.048922,0
52cd3b82a4fd48239799720e87619332.jpg,Belarus,BY,54.869129,30.391498,1
d9c5bb43824a40e983a956298fb28d40.jpg,Belarus,BY,52.636229,30.84029,2
97742c1f209345379fd8eb8395eae5e3.jpg,Belarus,BY,55.08743,27.148609,3
69496590056040e4bb0cce28271084b8.jpg,Belarus,BY,55.169436,27.053138,4
f0abbedd3a264fa3aeef15e739bc56c4.jpg,Belarus,BY,54.177744,28.471877,0
d9ba96a641624561901992c1f22977f1.jpg,Belarus,BY,53.917087,25.845466,1
dbf865f29a2c424d8b2061fc5f890966.jpg,Belarus,BY,53.247073,29.444726,2
134fd3c4fad742cd890827d26d004e59.jpg,Belarus,BY,52.211135,31.538348,3
9a346f22fc9647c9ac4ebca65ad32424.jpg,Belarus,BY,52.239056,31.443447,4
2caf6ca78b6244cd93b4f571b963b644.jpg,Belarus,BY,54.472024,30.503969,0
4e779c5e64b646f480af283cfccf76be.jpg,Belarus,BY,52.237194,27.55566,1
85518587d47445ac980b5d0fca8b5208.jpg,Belarus,BY,55.298547,28.780012,2
43d97d79f53b45e9a7166ef7e19e93ff.jpg,Belarus,BY,52.996703,27.388711,3
82f26707093e47cf8349fb36db15525c.jpg,Belarus,BY,53.057885,29.463351,4
78a10aa2930b4c23bc06a1bd03cf3327.jpg,Belarus,BY,51.638285,29.094991,0
9207dd2c84cb4b07b43f7971ae9780f7.jpg,Belarus,BY,52.755659,29.398282,1
6ba1d8b5c59148d7b7e73d9211a09e72.jpg,Belarus,BY,54.410293,26.06306,2
06fb0672fb3e4609bafa12da5236b2a0.jpg,Belarus,BY,52.223114,28.797792,3
13e6b8a7f6304f83a76eb33ab79df2c7.jpg,Belarus,BY,51.703745,29.147891,4
b0ce98920b654dfeb6ada19b74cffdc6.jpg,Belarus,BY,54.025024,28.292726,0
91ecbdfd3fe7494c97920acb4aa6ce0d.jpg,Belarus,BY,55.166443,30.321166,1
a9497bdfb44d46afb5cd3697a7ac0790.jpg,Belarus,BY,52.077767,25.558038,2
aa4aef2d9e524f70bf4a2abf2cc788e1.jpg,Belarus,BY,53.201033,29.13893,3
ef95d45cc0d54169a51bd83951185ff9.jpg,Belarus,BY,55.273471,29.700741,4
95eeed993f5f41afadfbc612ebb97428.jpg,Belarus,BY,51.677604,29.129361,0
cadc567de38b4d989d51a22916e5e183.jpg,Belarus,BY,54.736175,25.831063,1
b3656db2f23148ba8babdbe2cc4ed6b5.jpg,Belarus,BY,54.497546,28.823381,2
0456324f85d943a28d8be72e7ddea2da.jpg,Belarus,BY,52.947802,29.924348,3
3c4d8402ce24423b9ddd39e5b62e00ff.jpg,Belarus,BY,55.77185,28.605137,4
88d828bc736149e39cf116bf3a7a9606.jpg,Belarus,BY,55.196303,30.364669,0
d0d9f555f35d419e9d5fe6b6756ce7fb.jpg,Belarus,BY,53.644553,31.586142,1
b4e47626b1e342a181ef0f5674387892.jpg,Belarus,BY,52.975289,26.774521,2
4cc5ac3cf5ec48899032f0f32f41710c.jpg,Belarus,BY,55.707782,28.450978,3
4edf4ec4758f40a59a98e1aad2154427.jpg,Belarus,BY,54.773036,28.184641,4
b61043876f9e48909c57a480ee7e6c14.jpg,Belarus,BY,53.669267,31.654703,0
960dc65c4846430596658469c7be179a.jpg,Belarus,BY,55.589331,28.575888,1
b27e97e47ad04d9ba3ff9aa2dd5bf6b8.jpg,Belarus,BY,55.887978,28.546971,2
577bcdfb91464d66a45ef5a60dd15093.jpg,Belarus,BY,52.821826,29.401338,3
e048c696fb18497eb220b35f745bd11d.jpg,Belarus,BY,52.468177,27.474117,4
441e2dc1ab82457ea3574951a2908896.jpg,Belarus,BY,54.542672,30.719123,0
67e8066cbc874301b8c1c4c0afc72b6c.jpg,Belarus,BY,55.46987,29.093657,1
6f19ac4a099041aaa5b8e650be062c14.jpg,Belarus,BY,53.002563,25.796617,2
0a4923622e694e4ca72e427817ec71ae.jpg,Belarus,BY,53.013864,30.573783,3
b75490fd7edb4627b77efb7a2512a476.jpg,Belarus,BY,52.531325,24.568612,4
0dfdabdcf0cf4487881f5c67963c44fb.jpg,Belarus,BY,54.090335,28.270595,0
b6088233090545d18b56226ad176a4fe.jpg,Belarus,BY,52.980358,26.912436,1
8334f10090574b9c9ceda27ba4c63db8.jpg,Belarus,BY,52.891529,29.312066,2
5f071cd179d346969e775b8440ae25f7.jpg,Belarus,BY,56.015009,28.652042,3
1e1f0068fd2c4d32a46719cd6cad30ce.jpg,Belarus,BY,54.632554,27.931983,4
ba1f92ff871a4c6b87f8de80909216a9.jpg,Belarus,BY,52.926781,29.985242,0
7786d1c7e92a4006b1b4fb76c762ceb0.jpg,Belarus,BY,52.209566,23.969911,1
dea227c03f9b4b539d877e04c3ef6fba.jpg,Belarus,BY,53.587528,30.362386,2
6f2e1c04acb047abb5d3537024027f85.jpg,Belarus,BY,52.467558,25.84126,3
7ebf95132d5b4186b44f32aa77330a85.jpg,Belarus,BY,52.797969,29.406642,4
0ab351d2784b4c0a8600d942274821b3.jpg,Belarus,BY,52.887352,30.670181,0
57fce20494db4d478478217bc11bd875.jpg,Belarus,BY,51.694414,29.138182,1
faefca788997419e9002002221499e75.jpg,Belarus,BY,53.079021,28.735148,2
b71d95ad7c7046798702f95f5c1567a8.jpg,Belarus,BY,53.545808,23.784002,3
831da0efd39c42b894059cadd55db8ff.jpg,Belarus,BY,52.316614,31.368534,4
d2f161f973ad429691f16ba61f476306.jpg,Belarus,BY,51.981033,23.929482,0
54c6f9c47bdf4abe8cb608c745186f36.jpg,Belarus,BY,53.518493,30.268511,1
70b60c17875b4bd59a0a3123e0ca0b16.jpg,Belarus,BY,53.480877,28.098512,2
dad75529acf444818e0b48e15b6e147e.jpg,Belarus,BY,54.738382,28.081374,3
ad19416ac088481fbd837467ade364c5.jpg,Belarus,BY,52.156136,26.091831,4
54b176fa57b54d2fa06227bc26e3fd84.jpg,Belarus,BY,52.467516,29.278039,0
bfa070b0086243f885cec8b64762c9f7.jpg,Belarus,BY,52.851645,29.352829,1
5b7672710a27499787f7b016efa7f4c8.jpg,Belarus,BY,56.002339,28.64517,2
6831984c03db4e23a1093ab5549cd4fe.jpg,Belarus,BY,52.283926,30.310338,3
85437818ce7d4ce788e6db2cb9bae219.jpg,Belarus,BY,53.093124,30.308757,4
fc7ed0bbd573470d937f363cd71d6927.jpg,Belarus,BY,53.268626,30.658973,0
0e2835c2d8354ebc9bc2c9f0e9eed273.jpg,Belarus,BY,53.096538,29.767143,1
1fd9cb4ba92c4ecfbf007bd3a6c68a93.jpg,Belarus,BY,55.267098,29.738412,2
3e3ae442277b40e0a49f908e9d6479b1.jpg,Belarus,BY,52.939448,29.293456,3
23cebf03e2ba4dc1b479faf624e65cdb.jpg,Belarus,BY,54.427992,27.893968,4
a5195f103d0c458a910ebbafee8d98c7.jpg,Belarus,BY,52.69189,24.354945,0
9f5ff1ece4bf49a4bf5077bc6a40289d.jpg,Belarus,BY,55.814841,28.602642,1
4910b6de715e49aebe9def606c6675cb.jpg,Belarus,BY,53.860604,27.902789,2
075c181e1782453abd4f2fe6f2729b54.jpg,Belarus,BY,55.534009,28.755448,3
4f5dcaf1d3014dc3bdcd5a02916aea60.jpg,Belarus,BY,52.508711,30.817148,4
04d131ec538b46ba8d68de0af396242e.jpg,Belarus,BY,55.16685,30.316846,0
bb5e834d61414dd58dc49bdfdc03b7b4.jpg,Belarus,BY,54.580498,29.004764,1
632a063e2842459198a47eb11cb275ee.jpg,Belarus,BY,53.227805,27.292169,2
54fef4db8b994a7fb8721c6b864d8443.jpg,Belarus,BY,53.227654,27.261457,3
532d7d96767547019d44b955c1a905ca.jpg,Belarus,BY,55.674621,28.179766,4
8bc9aa58fa464f4daafd67533cd9d6a9.jpg,Belarus,BY,55.271661,30.330927,0
03fcc32521a942c0b0c860fa6e1f26c6.jpg,Belarus,BY,52.519364,25.027114,1
65377aca196946a7a9c2529e7595bedb.jpg,Belarus,BY,55.896482,28.617981,2
e233df8f2efd41e39867de256c36106a.jpg,Belarus,BY,53.960304,30.467409,3
557c6c61b8834ca4992035cc000d5e36.jpg,Belarus,BY,53.092916,30.511326,4
62c1960bc7ef4c8db6667433a54f6f50.jpg,Belarus,BY,55.111064,27.621802,0
9752e03c3f93437d8b1add8badb63753.jpg,Belarus,BY,52.902924,29.309302,1
85dbca0321b341cf911e393aaae26b0f.jpg,Belarus,BY,53.222774,29.099408,2
99ee45d59c0b408bb9a0db15bfb7b850.jpg,Belarus,BY,53.688484,25.606208,3
3f6a3da0691f448e954f324eb9ea9f25.jpg,Belarus,BY,53.612217,26.177462,4
13a9fbf52dc948829f9fff2f299123e0.jpg,Belarus,BY,54.660839,27.972902,0
fd296eecd74e4d4e99ee5a2d33db6d77.jpg,Belarus,BY,53.726094,32.076557,1
56541ba7868041378fab5aa3abb55d94.jpg,Belarus,BY,52.896863,30.377933,2
1585ce8c2805411cbdd5fbbe0f14b610.jpg,Belarus,BY,52.2617,25.68012,3
0fe2bed47ad347d7a6e4f12231d23616.jpg,Belarus,BY,55.364061,29.16154,4
209b7df6f079498295857654e0702cc4.jpg,Belarus,BY,52.018814,26.3394,0
f40c9f3c52d04d91b47e7ea1afbf9708.jpg,Belarus,BY,53.721031,32.014413,1
fc21b90c3dbf434293f4a43187284cf6.jpg,Belarus,BY,53.07766,30.272276,2
a10ba1e3bf8440cc975758f4ec066a74.jpg,Belarus,BY,55.526331,28.832483,3
4472581da8ad4fd79abaa2634652e0ac.jpg,Belarus,BY,51.907063,29.815212,4
32044b0f25f140eea8b825e6232283c7.jpg,Belarus,BY,52.544515,25.668468,0
344b6b26c18244fabce10b333e8f2f60.jpg,Belarus,BY,55.21089,30.024358,1
80b4522250f74527a792bd130705be31.jpg,Belarus,BY,52.62256,27.470244,2
0f3241f875b046bdb15dfadd11fc2729.jpg,Belarus,BY,55.157076,27.763945,3
8a91ba79d19c4e268e913cac4e12115d.jpg,Belarus,BY,54.187906,28.532601,4
9264dc1e93cd441f8fa39cae80d3e158.jpg,Belarus,BY,51.922898,30.420236,0
0174315f89f74b86acb944b581740335.jpg,Belarus,BY,53.793169,25.37485,1
d28b77bceb8e4f5a8b6781f8135d9f0f.jpg,Belarus,BY,55.427191,28.585467,2
59f92a1648f945d3949f3f465f3ff56d.jpg,Belarus,BY,54.98423,28.839587,3
38c4ac8828894c7dabbd4431b3b60b8e.jpg,Belarus,BY,54.41224,26.048687,4
f4b7c9e6f6334b269e9d5dd2f460c6de.jpg,Belarus,BY,55.661182,28.366563,0
af0c69bf2db84884a12c9180fc6d2c67.jpg,Belarus,BY,53.474426,31.078883,1
ddeba4e2976a4561b61cf4cf6d1ceda1.jpg,Belarus,BY,55.441259,28.657214,2
b0603eeb45da4d18a3c6ab5f87e75934.jpg,Belarus,BY,54.418489,27.896168,3
afd66ab99eb44d2e8ad1547b14c70d81.jpg,Belarus,BY,52.048745,29.441186,4
cbcaa6ca914a44028aadf065888ad0a2.jpg,Belarus,BY,55.228763,29.98036,0
6f81092c7294439b98f2703a8f9ea175.jpg,Belarus,BY,53.205981,28.69684,1
bac3a624cfa345b8918de150bf344ff6.jpg,Belarus,BY,54.120284,28.221065,2
74ba3481e11a4172a46aa1e3fdd55028.jpg,Belarus,BY,52.825518,25.466509,3
22de519bef544ee69c3ccbdffdf0651a.jpg,Belarus,BY,52.661699,25.421355,4
e7c62f45938c4cbd99f35063b3a2e5f7.jpg,Belarus,BY,52.067379,27.738618,0
17ecac0ea05d4495b6a4f01072699fb4.jpg,Belarus,BY,55.933738,28.650292,1
03afbf5bcb444bb3927a6fc5d91c8654.jpg,Belarus,BY,53.416355,30.389823,2
3a3f56c5748c4106a19262afb56664be.jpg,Belarus,BY,53.596233,27.861862,3
40687b3c8fcf446e88e36b3e75daeb4e.jpg,Belarus,BY,53.138475,24.304861,4
ecb473356d34404d91bb504e300714af.jpg,Belarus,BY,54.515672,26.915273,0
89484c28049f466c94aa9afe0209796c.jpg,Belarus,BY,51.688986,29.13527,1
668a5c2133084ff28aa8fbcfd56f1542.jpg,Belarus,BY,55.083012,26.87828,2
a470ac98942a4653849d40d9422471ce.jpg,Belarus,BY,53.528624,26.253894,3
72ce6f0827ab4e93987115f5ac124e14.jpg,Belarus,BY,53.900822,25.93554,4
30de04267e524f52bb58b46063ec8cd5.jpg,Belarus,BY,52.294388,31.224907,0
b158368942274803a27bd3a726bdcfb2.jpg,Belarus,BY,55.296359,29.610909,1
2557c1401b8a4649ac5adf784257e71b.jpg,Belarus,BY,55.527597,28.815137,2
c1e1d7c4bc734db2bcd604d741521c18.jpg,Belarus,BY,52.704815,27.450029,3
a895043956294b9bba63b73719ffc7ce.jpg,Belarus,BY,51.675431,29.128281,4
4d36d6f05d5641debbd178f35760cc26.jpg,Belarus,BY,53.998808,28.631085,0
1d8fa2f3383746688b80a1e512b4dc63.jpg,Belarus,BY,53.916971,25.798598,1
04372647afb8401b96814eccf9c92dcd.jpg,Belarus,BY,55.054708,26.893652,2
75538e3b8fa14e588ea27b2a4c0af2f6.jpg,Belarus,BY,52.504842,27.474795,3
f4c672f1ae8d451eb8f4982cb480bca4.jpg,Belarus,BY,55.824072,28.609025,4
65706a7f1e8a455382647dded0ed5cbb.jpg,Belarus,BY,52.971379,30.606732,0
36c96491fbcb4cf5bae2cc8d5e202717.jpg,Belarus,BY,53.464886,31.049135,1
e85b19a15394446488ba4a5537a62f53.jpg,Belarus,BY,52.49801,25.843634,2
ff687b1702044507bb48b1ab59332705.jpg,Belarus,BY,55.306854,29.586746,3
c886416efb40481ea916e3dcd0133dfc.jpg,Belarus,BY,54.113735,28.348562,4
98ed1aaa3f07497f9629d240adbe9a11.jpg,Belarus,BY,55.205567,28.756769,0
63b286ca705642678712d58761ed1190.jpg,Belarus,BY,53.940111,30.468523,1
8a7a18a41d6e40fca45260ac71e3c4f4.jpg,Belarus,BY,52.766799,30.759434,2
9e00b875045648acb0506ef97f040a01.jpg,Belarus,BY,52.214232,31.52437,3
0ddfc9865f7f45aa8648ed8d2ea8cda6.jpg,Belarus,BY,55.59862,28.659509,4
b6a7ea44af5143f3bc3cfee85d58efd2.jpg,Belarus,BY,52.311227,29.335801,0
567198b474a2475c9ab5fb5a89521da7.jpg,Belarus,BY,52.024361,26.333486,1
5db42385b6c84f518f3ae8aaf40ab0fc.jpg,Belarus,BY,52.226357,31.44655,2
425c12f148124fdba35ddf5c3f7a0a83.jpg,Belarus,BY,54.112503,28.346867,3
bfc37dedee8444859a55620884307adf.jpg,Belarus,BY,55.769048,28.604265,4
cc1797239d914e6692690fc7d407ff6d.jpg,Belarus,BY,52.306639,29.334034,0
625abb5eae7945cda47c8b92b3072aae.jpg,Belarus,BY,52.215612,31.511348,1
8904fc4e4c2749f28d2e41b7cf2f683e.jpg,Belarus,BY,52.063951,25.552393,2
83e945a8da60476abb53dd5adbcf2330.jpg,Belarus,BY,54.048763,26.800842,3
16df52bef748451381102fede487fa5d.jpg,Belarus,BY,52.256911,27.858082,4
081a65cc23014d8b877041aa86ef88a2.jpg,Belarus,BY,54.654211,25.991482,0
5a5d65b63610472ebaa7dbf145d11e31.jpg,Belarus,BY,53.931219,30.469006,1
78f584f6c31b4f5aa78b01eca3ae58e7.jpg,Belarus,BY,55.316771,30.306301,2
0715f79e6f7a4597ba2b634f9593dfb6.jpg,Belarus,BY,55.511598,28.975066,3
135730551c0c485da116ba71c8ef0058.jpg,Belarus,BY,54.128382,27.348824,4
ac875daf2fd442598999c6d9bcd39d28.jpg,Belarus,BY,52.078902,27.700558,0
16a5612695894c4a9fc16e21a0bbf0fe.jpg,Belarus,BY,52.213219,31.529268,1
5b55d2ba369b410ba39d93d4f37e84bc.jpg,Belarus,BY,53.93057,30.195273,2
02dce6ff9a0a49fd8c970a1197095ced.jpg,Belarus,BY,55.780868,28.601226,3
9c0c92af3379454f94d3c1b833271cf7.jpg,Belarus,BY,52.080309,25.558226,4
1beb6e3e973b43b3b4cc09e9e80dcdae.jpg,Belarus,BY,52.218979,27.866041,0
1e879f168a8e4dd8a177914a096e5243.jpg,Belarus,BY,52.681635,25.370844,1
29f561e3ac4640b39a9a5e4b2b4f7b21.jpg,Belarus,BY,54.501975,27.159349,2
4bee275cd2cc4d02a966a0c6c3678c9d.jpg,Belarus,BY,54.959434,26.626166,3
c8f7a4b8bc854fb7990c06b00eb10f54.jpg,Belarus,BY,52.212085,31.533958,4
8c840681c3aa4754bb48817884126593.jpg,Belarus,BY,53.926451,25.246678,0
f76fff62fb1848ec86b860ccee8c44b0.jpg,Belarus,BY,53.032695,25.655488,1
431545cf2af443428e2282ad692fa240.jpg,Belarus,BY,54.934577,26.909147,2
cff5594dc0634a31863b4fea1d5e247c.jpg,Belarus,BY,53.951475,30.467951,3
4a0d8378f5974233bd0bf4252c80789c.jpg,Belarus,BY,55.842148,28.608072,4
0ddb618eb4ee47e48ccd6563369a0eba.jpg,Belarus,BY,51.992676,30.469642,0
9703ec512ee446e1a14a36d31e255c2c.jpg,Belarus,BY,51.676373,30.35687,1
e5f220258a31401da3f07a2094baf9d0.jpg,Belarus,BY,52.556565,25.069216,2
2d805b33a95b4a859dc8061a24971b1a.jpg,Belarus,BY,55.149659,30.243115,3
0c24eeb0af0d47e0a4f93eaa0f4a9537.jpg,Belarus,BY,54.144518,26.462357,4
207692800fc14a8fb1825ad2f07e1b87.jpg,Belarus,BY,54.58316,30.447457,0
6d91d98381524b65acea9ddd89c5cbb2.jpg,Belarus,BY,55.609078,28.367715,1
2999d42c116d4a449fd023412389908e.jpg,Belarus,BY,53.98308,30.46612,2
3b04fbafea5141b9a656807755bad639.jpg,Belarus,BY,55.226738,27.949491,3
91f4eaead9df4602b06f3a2f1d7e9f51.jpg,Belarus,BY,54.698617,30.442176,4
d8113286669346ef8016b26f6cf095bf.jpg,Belarus,BY,51.711651,30.351019,0
75a57046081b40b4aee2678add90394e.jpg,Belarus,BY,52.606424,29.374216,1
92e6c1a625fb4e81a2407be78cfc6589.jpg,Belarus,BY,52.470588,25.842221,2
d5c75a2c01434716885a037266208949.jpg,Belarus,BY,54.628375,29.088931,3
62e288aa0802415491dffac3b14cced2.jpg,Belarus,BY,53.471605,26.705499,4
07407d6170c842ff8633e059613ed804.jpg,Belarus,BY,53.399106,27.105411,0
acb1a31121d9482a8ded71029296ad27.jpg,Belarus,BY,53.454596,27.476346,1
7c635f9f95f24358bc593bea231c187c.jpg,Belarus,BY,52.028638,23.79877,2
6167a80d6d2f4be39495c21dc36be60c.jpg,Belarus,BY,54.559428,30.454213,3
7d8e332668e3480b983c461b06d6e453.jpg,Belarus,BY,51.659761,29.120256,4
27f81a724d4e44868cfb2f8738cc71b8.jpg,Belarus,BY,55.905667,28.631758,0
dc4a4f3ed1cd42a392063567e71904b9.jpg,Belarus,BY,53.783178,30.113307,1
c13fc4e503934f6eb20386c89c9b338e.jpg,Belarus,BY,53.131743,26.941672,2
ce88d4488a9943febed9a71065c740f1.jpg,Belarus,BY,55.978685,28.646452,3
aa18f50e75594c86b12365c9266cf3d6.jpg,Belarus,BY,55.381749,29.110177,4
c365a47d03bc479fb514c08ee0ae6920.jpg,Belarus,BY,54.885285,26.889033,0
9c3f596a97f245a0b42ddd885be1fc38.jpg,Belarus,BY,54.768076,28.446439,1
eaf5167524bb42a68360e0fe4d678976.jpg,Belarus,BY,55.257495,29.787999,2
36cb6ba55641406aa2141e7b682b6b28.jpg,Belarus,BY,52.239269,31.266029,3
ec295d48222048148131d13cdc64f42b.jpg,Belarus,BY,53.073406,30.526977,4
d5024a253c0344359b198c83afde373b.jpg,Belarus,BY,55.782069,28.600845,0
4198b8f0d2bc4b848e338a1abbeda4c2.jpg,Belarus,BY,53.200141,28.697516,1
c2e9d7b622a341c6bba153ca2968ac82.jpg,Belarus,BY,52.310419,30.9,2
44bcc6eaae1044bfb6d7a48f553e54ba.jpg,Belarus,BY,52.611246,30.853699,3
8b5d4be6b14e4bfd92d262a5e593241c.jpg,Belarus,BY,52.222396,27.867509,4
bd662ec478234b14adb1369aec93b9ba.jpg,Belarus,BY,53.044577,29.567911,0
9f53c5b1dbc841d1948a56d3b9b6fa52.jpg,Belarus,BY,53.596495,29.935068,1
7e37119aac77426a9fa9624bfa0eb777.jpg,Belarus,BY,51.895484,26.862559,2
f587e1daa0b7437ba2bd8b0cc8e033cf.jpg,Belarus,BY,54.525192,30.48863,3
33cfd6f159004228a87b584177f9cb42.jpg,Belarus,BY,52.0407,30.50996,4
a9f1eaded87e4e0cb4fbf0eceaab6a79.jpg,Belarus,BY,52.612203,30.853534,0
17f7424b77644c64bf39b76d5ff05bc2.jpg,Belarus,BY,56.027649,28.378369,1
efcddc47084b4e288f4268c27817bd6e.jpg,Belarus,BY,55.088826,30.61525,2
ead46208d4fa42f5a110b409dca43621.jpg,Belarus,BY,53.021574,29.710862,3
7db606f3a36546c8af378f723adf60da.jpg,Belarus,BY,53.195771,27.524467,4
90ddc53715fc46ba80dde03c0d96593e.jpg,Belarus,BY,54.085518,26.669591,0
99c17d510d1a4e339f911187e9c33d0d.jpg,Belarus,BY,55.809204,27.973134,1
4788c8f1b5514b7a8757e5c494c6065b.jpg,Belarus,BY,54.770011,28.255829,2
99a527833ffb4bf0889509ba7cf5c5c9.jpg,Belarus,BY,51.695666,30.346586,3
63cdaa5c9d894699ab84cc3c24c96984.jpg,Belarus,BY,51.673509,30.368234,4
5f3e42ee8c68479786bf56c281dfe8ab.jpg,Belarus,BY,51.676078,29.12862,0
d219dd4c3ac64dd78022433cb170d6b2.jpg,Belarus,BY,55.767992,27.963082,1
212f77af74404254a6e4608e51cc936a.jpg,Belarus,BY,55.188323,30.089116,2
36685b1e29e647399a87dbdf235f0156.jpg,Belarus,BY,55.774886,27.965713,3
e9f2cf3a4afc48c4bfcd9fb31af66cca.jpg,Belarus,BY,55.210578,30.143778,4
bb11441d9db741c1ae22a179f83b6fbd.jpg,Belarus,BY,51.930592,29.25956,0
4a1ddfe2c4ef4eac80ee2de9289dfe2a.jpg,Belarus,BY,52.215032,31.517818,1
b7221be5c4e149d48ae34f7b73491b50.jpg,Belarus,BY,56.028425,28.326887,2
b871d007bd3f49dc9fbfbcd97184d351.jpg,Belarus,BY,52.493733,26.31525,3
bf7fa6c60c8f4724a0d8dec03fbd29fa.jpg,Belarus,BY,55.02568,29.370973,4
1cab2bcc4dfd4e02a2c2948ec0f09b23.jpg,Belarus,BY,52.359167,30.632976,0
9c14eb2fd7d94ae7bfa286b4b375cc46.jpg,Belarus,BY,54.513904,30.500189,1
36c0fc647bed458eb2b1b0d165e8b440.jpg,Belarus,BY,55.453307,28.6804,2
86f0ddb71b1640c29a14d59b7cd48e34.jpg,Belarus,BY,51.92111,29.704705,3
bf2afb328f0442a9b4785f1c18e577e7.jpg,Belarus,BY,53.181685,30.451467,4
e95e5907d216495b9d1a2d4def7d052e.jpg,Belarus,BY,53.733242,23.818957,0
50a1d6e17e314fb5a42d434691f261a2.jpg,Belarus,BY,54.144475,28.492804,1
af1c01e4f53c4012abae13e36b1d0799.jpg,Belarus,BY,52.464061,30.946138,2
338c4d8a11a54d64acdd40e6c3f0a982.jpg,Belarus,BY,55.35547,29.22418,3
9c49f6359ec54d1ba263acf11d474a3f.jpg,Belarus,BY,55.959831,28.646283,4
f72ca373207d412abda5fe4da70eb840.jpg,Belarus,BY,52.368024,25.59693,0
6e8512f919d34de9bf991f5e76badcf9.jpg,Belarus,BY,55.605185,28.466964,1
8819a23f306f4cba90c625c2e7ee51f3.jpg,Belarus,BY,54.538322,30.18654,2
627236279e934cb0bbd7da42de36abaa.jpg,Belarus,BY,53.733883,28.486307,3
182bf2e6b4194555bdeac06a2fddd1e1.jpg,Belarus,BY,53.781052,30.926095,4
0fcf8fc120ce422e8a62cf4ee74cda37.jpg,Belarus,BY,54.185632,28.473198,0
0bcf949135154c1f806d35e068a39344.jpg,Belarus,BY,53.226471,27.316008,1
7427cdb122f248daa4516a9781c28dbe.jpg,Belarus,BY,53.652873,23.979197,2
cf001b82590743a8b632ef5279038992.jpg,Belarus,BY,52.175239,27.881594,3
a8cd0323affd46cd88e128e5522fff72.jpg,Belarus,BY,51.901973,29.853323,4
4168a19762e0404f831a12df091371ca.jpg,Belarus,BY,52.041552,26.320185,0
4ea5f1a7a390432890c06ad5ddf9c8a4.jpg,Belarus,BY,55.332986,29.38598,1
cf301554d546481c9ba4036f137f4928.jpg,Belarus,BY,53.021904,29.709603,2
5cee517aa5684231840cf24b60bf8e37.jpg,Belarus,BY,52.270312,29.320298,3
77c57c58a657484e93fb004d944d715a.jpg,Belarus,BY,55.34547,29.332742,4
4b62c2b463b047bca751f1a527d12e99.jpg,Belarus,BY,52.345096,25.017779,0
55642068b98b411a8a53cf77231249ff.jpg,Belarus,BY,55.107721,28.758977,1
0dd508436ad0424aaa4ac5f922d5f3a4.jpg,Belarus,BY,53.5521,27.054928,2
3683a8ac228c448b956d40e25f5053a7.jpg,Belarus,BY,52.269168,25.682699,3
18d29e708ab64bf9b480cf48d98a8a9f.jpg,Belarus,BY,54.174509,28.46868,4
1812b172a150450488e5a12acf576cf4.jpg,Belarus,BY,53.200885,28.69736,0
31967290288b4558b5f6f144662e4f53.jpg,Belarus,BY,52.212593,31.531959,1
d749b5c6d12046289856583dc4201418.jpg,Belarus,BY,55.215464,27.91274,2
2d6ed2843dfd45398fe204bbafaef4ec.jpg,Belarus,BY,54.137322,26.550506,3
3c8e820ca98f4fa0ae56f1c491a0d89c.jpg,Belarus,BY,55.07434,26.87851,4
1aaa07ee406a42b2a6ad6c518bb25d1d.jpg,Belarus,BY,53.142493,25.946456,0
8f49d71593394a0eb108e7a60b2baa8d.jpg,Belarus,BY,55.267192,30.111688,1
ecfaab28a2bd4e788ea0d61b7d1f13de.jpg,Belarus,BY,55.617381,28.64715,2
73723b6e62fc4532b5d375bab911ac60.jpg,Belarus,BY,54.500752,30.066451,3
d21120ed4d074f2c98be3ce32bf4e0a5.jpg,Belarus,BY,53.378681,30.394388,4
1fc2cb4d5846440aa291c55a14b1d78c.jpg,Belarus,BY,52.351118,27.455812,0
03ab636551bb45d4b2f5f4cd4500bafd.jpg,Belarus,BY,52.493844,23.717723,1
1027d9cd902c4a78b8ca6ba7a3b321e6.jpg,Belarus,BY,52.603505,25.570415,2
c9d6034ea34a4156babe69e2264d6021.jpg,Belarus,BY,55.161528,27.130061,3
515dd87b42f04b488f0ec46d4d3749db.jpg,Belarus,BY,51.969796,30.447273,4
6c2f2418c5c443aea76e1c427b6a9954.jpg,Belarus,BY,52.233854,30.133002,0
6c184d674f334ca9a51b83e1393e26a5.jpg,Belarus,BY,54.483817,25.84286,1
5883d39fee034eeb9a55d354e6be2cb0.jpg,Belarus,BY,52.031283,29.46461,2
e27fb3e17d0a40c492d9ff655b5b73ba.jpg,Belarus,BY,55.394973,28.44172,3
3ebcaca0a13742b7b6064cdc5c795151.jpg,Belarus,BY,55.314532,29.494894,4
3c46aafeb6bf47b6b1c0660cb1e25ae9.jpg,Belarus,BY,53.041046,26.254608,0
fdd1ddc66e85414d9aa99ad15d188002.jpg,Belarus,BY,53.089221,25.250501,1
6bd7de803e9941c5b87afc1ee10d930e.jpg,Belarus,BY,53.300528,29.521461,2
eaa5fde5079b4b6d804e2cd35286ac9f.jpg,Belarus,BY,55.125597,29.793207,3
f715a4edc7124a7880e71a03fca22adb.jpg,Belarus,BY,52.215322,31.515105,4
f7c4ba97cfa84e4599a46ac30616d331.jpg,Belarus,BY,52.022771,30.495758,0
79b5d00c42d842e38228b35e293f3328.jpg,Belarus,BY,53.062149,27.917112,1
c49dc5c58b2545229ce61f9d7f493b3a.jpg,Belarus,BY,55.926252,28.647646,2
f2a9a8a7173d46da80f0043e52b241bb.jpg,Belarus,BY,54.764447,28.500617,3
c75939874a064dfa87120014839b0139.jpg,Belarus,BY,55.835571,27.927842,4
2a590083953e4310aeff0bf63e732b93.jpg,Belarus,BY,52.586723,29.367822,0
8909110dcfe54048a0e889499b483a5b.jpg,Belarus,BY,53.461111,30.381493,1
dee952aca0b74b9db4dfb03da6de35b1.jpg,Belarus,BY,52.161358,26.090681,2
59ca02599789483c89c5512e2b67d341.jpg,Belarus,BY,52.986225,29.815658,3
a64889e5442344daa14514d27c7f38ea.jpg,Belarus,BY,54.218213,28.62032,4
9b2ca5b6bbaa4d8ca5501fba09a764bd.jpg,Belarus,BY,53.278618,30.417545,0
56982f9d1fd74efaa091615e3d899cdf.jpg,Belarus,BY,55.459073,29.127048,1
7400642df39e4f1e9303664bef18f640.jpg,Belarus,BY,56.028255,28.367618,2
2d341e3b17884c56a18a36ef0dbcd398.jpg,Belarus,BY,54.591302,29.066843,3
88804c1dc28e4823a352b237b3934c8e.jpg,Belarus,BY,52.37505,27.460804,4
7234b11de106401b8518eedb957def05.jpg,Belarus,BY,54.014512,26.387756,0
2a90d64121ee4436be636d5965f792e6.jpg,Belarus,BY,52.472231,23.949335,1
64f3f00e05554be1aa21cce8bf376f29.jpg,Belarus,BY,52.174942,29.341089,2
7b2ca5ebd5914c6b8aac571dd1acffe4.jpg,Belarus,BY,55.333601,30.257192,3
22fb4a10195145b79be63dffc8113f21.jpg,Belarus,BY,55.605946,28.465349,4
7c6198e1046d43c79f20e6bacf13f12c.jpg,Belarus,BY,55.966783,28.646306,0
f4b8edd537dd46a1b92c6817eb3f3df7.jpg,Belarus,BY,53.524904,31.236663,1
b4ff0c84ebd64c609eec13ab3529ccba.jpg,Belarus,BY,52.569924,30.830132,2
e2efc11997c1479f8304711be6567b19.jpg,Belarus,BY,52.164541,26.090011,3
37b4f6f825b04391bd5f9f8bdd526b66.jpg,Belarus,BY,55.528486,28.798667,4
9c623c71f50845638166ada34f9e414d.jpg,Belarus,BY,52.774372,30.753937,0
2caf0da1276d428599ac2ea4740adf8a.jpg,Belarus,BY,53.906388,25.910875,1
1d663a2fad7247718351dbbf0ad95d81.jpg,Belarus,BY,53.562941,25.837863,2
01478ceb6bc547a09464029f3e8d0c64.jpg,Belarus,BY,53.513809,31.201687,3
cdd1f2fe73ca46ed8ad38f6f4660bac5.jpg,Belarus,BY,53.652064,30.039781,4
a09573984fc7435bb60a767e211af81d.jpg,Belarus,BY,55.364771,29.336371,0
aa20a95148ca4acdb73ee4b42b257abb.jpg,Belarus,BY,55.607787,28.311598,1
1dbe38c35db74f83b077159a031cbbc1.jpg,Belarus,BY,52.198832,24.3497,2
5bda3b9fadda4c9a84c5c1a379213d14.jpg,Belarus,BY,52.081156,27.385775,3
155d0015019a453dbb42a0e73cfcef09.jpg,Belarus,BY,52.129349,29.42728,4
a06b6b916eec49fabe0769717d7506d4.jpg,Belarus,BY,53.479446,31.09432,0
2218e7860f2842e8ae2dda0c0bf6ff49.jpg,Belarus,BY,53.743533,27.689026,1
4926e98ec1b64b488b0658783633be26.jpg,Belarus,BY,51.701238,29.145248,2
b7e7288db38f4e7daa543815290ff460.jpg,Belarus,BY,53.187424,28.73116,3
b5994d714e954067ba87386f99e0a3fb.jpg,Belarus,BY,52.529622,24.581232,4
daed0bbfe9af4a4c96868447e1fa82a4.jpg,Belarus,BY,53.530242,30.234568,0
49a37900c6dd4052a3b64d9ba6120c73.jpg,Belarus,BY,52.758301,29.398353,1
d97b42e85643404a8a9ebe549e4102fc.jpg,Belarus,BY,52.537745,30.816128,2
3fc372d8638c491c86b958038047ff1d.jpg,Belarus,BY,51.8645,26.797806,3
1ef510ba7e9e4caa8dfe78612e80cf3c.jpg,Belarus,BY,51.978862,30.45619,4
3163ee09d526434daa9ab5a5e5da74f4.jpg,Belarus,BY,55.189069,30.098317,0
9e5534e4f21642eda86754f07c30b386.jpg,Belarus,BY,54.121541,26.599128,1
21b452e2024f4cf09e454060ee314584.jpg,Belarus,BY,52.373761,25.950151,2
ab7795925f8a4233a821fc7f4a5d5884.jpg,Belarus,BY,55.256431,29.792636,3
4da259ccb9c248d19c69f9be2f4ce27a.jpg,Belarus,BY,54.514199,25.782936,4
dd7a6ed0221e4ddbacb3c559be95a5a5.jpg,Belarus,BY,55.197378,30.364605,0
57ac4d950d7d463b9df2c5d976119e3e.jpg,Belarus,BY,52.287632,30.984972,1
888ee0b8cdbb4aa6835d1580aec8bd48.jpg,Belarus,BY,53.617119,31.510237,2
a78df26c86594ba99c8844d72abe5fb5.jpg,Belarus,BY,52.261333,31.215857,3
23215980412240909ef243a801b9048b.jpg,Belarus,BY,53.264946,30.422466,4
9eb73c5b43bf4fc4855c80430b2e804f.jpg,Belarus,BY,52.112949,27.848882,0
4b015a45c1134acca0346a0128878215.jpg,Belarus,BY,53.058261,29.458239,1
98322252e47b4c579826fc8765fb7e3c.jpg,Belarus,BY,55.2054,27.890054,2
8bf76e38e83547f18d16eacf499dd994.jpg,Belarus,BY,52.944118,29.93437,3
82ccc41c692146ff922bea2b6668b80c.jpg,Belarus,BY,54.632033,30.506119,4
49aad7c10de9414e9ed30554109341f8.jpg,Belarus,BY,53.129083,29.487088,0
fa18ff8d981d461eb728e07b0a064aa1.jpg,Belarus,BY,55.299091,30.152382,1
d9140e2023834d4fbf0ef3756e84bee0.jpg,Belarus,BY,52.981241,26.936207,2
aee20a907e584c2db219c12a4075d2a8.jpg,Belarus,BY,55.491046,29.045592,3
d1e8a9b2f13a4227884587b3d1c484d5.jpg,Belarus,BY,52.561028,25.039784,4
52f5ef59154b44828aaf357f5c0ba586.jpg,Belarus,BY,52.570355,24.242677,0
ac1b6318d29f4aa6b116b09c411a9658.jpg,Belarus,BY,52.321045,30.86769,1
a425e5d83caa4096b9010275cb352033.jpg,Belarus,BY,55.234503,30.347759,2
516e2688e3174ee080908cf880532746.jpg,Belarus,BY,51.907775,29.810411,3
4199e165aaf441d3b91b6db8fea6da12.jpg,Belarus,BY,52.083983,27.563951,4
dadb9ba799bc4f188ce63919707caa93.jpg,Belarus,BY,55.20902,30.147288,0
ae789be49b93430793afe3f12c79b883.jpg,Belarus,BY,55.91802,28.644719,1
704906b6bb9341b3a94cdfd264970247.jpg,Belarus,BY,53.518783,30.256336,2
ba2c533561ec49d491f65d98d23f5990.jpg,Belarus,BY,53.186159,27.342766,3
8d14d9d5ec04444294f095decf1a61d0.jpg,Belarus,BY,55.866851,28.605033,4
e76993a291ca43c49cffbfd3a7927f43.jpg,Belarus,BY,52.41927,24.358441,0
26c2c56cde024985bf61e80532597028.jpg,Belarus,BY,54.571474,25.739879,1
bfb372b200ae446fa3c464c04cc71dbd.jpg,Belarus,BY,55.170947,30.072181,2
284757a25e164e4dad73520894656dc7.jpg,Belarus,BY,54.266668,26.305497,3
8e1412518e5842e2a1d0c7ba343f9157.jpg,Belarus,BY,55.260661,30.112753,4
589d88448bc74539bae710570c2cb468.jpg,Belarus,BY,55.912787,28.64226,0
512cb44a09664d699407a44c5d178254.jpg,Belarus,BY,53.397301,27.10569,1
5902af5a09364093848070b4d4f26b33.jpg,Belarus,BY,52.212889,27.864871,2
43b7fa22bfd244238bc454229de33051.jpg,Belarus,BY,53.681016,30.050874,3
69485f12c5ed4e3983e9aefdec5699fa.jpg,Belarus,BY,53.215572,28.692562,4
5b89d5c323da44c788da3f713e1cab05.jpg,Belarus,BY,52.238617,27.52356,0
c95e624bfea54a0b994ee2ebd9c79ffa.jpg,Belarus,BY,53.630588,24.742174,1
46dc8a54a4b7414098eb59488ad993dd.jpg,Belarus,BY,54.421805,29.029361,2
d4214a21a4da40a99f7c82bfce835ba1.jpg,Belarus,BY,52.278918,31.085183,3
44289fc632f54d468a5808d4c01a802b.jpg,Belarus,BY,55.827938,27.94152,4
728a19b9f3f04ca29385872a359e36cb.jpg,Belarus,BY,52.278699,31.08658,0
07b86ab8f80b483fbb11a70291b170fd.jpg,Belarus,BY,51.70836,30.351906,1
7eb20104d5e34c3da9dad1a4e48186a4.jpg,Belarus,BY,55.27113,26.495818,2
d4892f54dd8340688c8ebd3ed609c669.jpg,Belarus,BY,53.578153,24.318129,3
ece0fe0cccfe4ca0863e0f1e398f1106.jpg,Belarus,BY,51.634234,29.091938,4
ff0554dba41646a380f808378f4e14b5.jpg,Belarus,BY,55.148837,30.34275,0
125025af89764fe79a525415e1e48b1a.jpg,Belarus,BY,56.027343,28.347565,1
47633e9bc31a4e8d9bdef42945761c8d.jpg,Belarus,BY,55.198349,26.393961,2
18a1c4cbac164c78bee0379ee474623f.jpg,Belarus,BY,54.561715,30.453413,3
36d31a08f10242a5b8a2bd3ab1708a65.jpg,Belarus,BY,54.511927,30.501918,4
c1b0b7b1e1cc427f9cfe8786fe8780cd.jpg,Belarus,BY,54.429813,25.985527,0
7f055be8382644ea81fad3cdf2d467d4.jpg,Belarus,BY,52.214834,24.867859,1
ef3e5c860a4e4d22b8b517cc2b506375.jpg,Belarus,BY,52.09437,27.813359,2
9510b2bbdde245348bcdc1f274524459.jpg,Belarus,BY,53.924427,30.469325,3
420b02b4f9924f94a5b78e4be014116d.jpg,Belarus,BY,55.167441,30.312024,4
f8954a1729c348629df307918c8a3fcb.jpg,Belarus,BY,53.032466,25.656718,0
56c02a65547b49c4ae95b9a91180785a.jpg,Belarus,BY,55.309685,29.56766,1
8b4024705fe0406abc8038fa2c5787a3.jpg,Belarus,BY,55.515581,28.88616,2
2f28aa485cbe478d88c6acca447317f7.jpg,Belarus,BY,51.923326,26.666495,3
b8d2293920034bf682c5aa72dd0f0fa4.jpg,Belarus,BY,52.772357,30.755418,4
ac0af944223c41779d50ffa53754035e.jpg,Belarus,BY,53.919431,25.841653,0
7adec232e87e4ad9bd41e97e0cc02dfa.jpg,Belarus,BY,53.445583,26.508028,1
f6a03cc5091e459ea15c763797c20cc5.jpg,Belarus,BY,51.951409,26.516594,2
b41d0eb27f61486c9dea3cefb5663b9e.jpg,Belarus,BY,51.63395,29.087356,3
ba658a10334247438e4ec001e44b0f72.jpg,Belarus,BY,54.025989,27.952648,4
1d8641511ae24dc7b36194f8703356be.jpg,Belarus,BY,51.990212,23.905724,0
5407ffd629594478858f595f097053d5.jpg,Belarus,BY,52.629622,27.468486,1
b361d4aecb45439e8cdbf696671b0aa3.jpg,Belarus,BY,56.027971,28.372816,2
1c86e4bbf5554e0fafa012fca2617431.jpg,Belarus,BY,52.387331,25.933383,3
5df11daf818f4b24b47fe1262b558fa7.jpg,Belarus,BY,53.475745,30.3643,4
52d21375d2a743d88119e4b7e7378497.jpg,Belarus,BY,53.616386,27.465608,0
a6b22673bcef42f88707eeacfcdb1cd4.jpg,Belarus,BY,54.477797,28.654856,1
f0105006df5a4a6698a0fdb836afeb07.jpg,Belarus,BY,55.226249,29.985494,2
89a235f82e704d068f7dfbe39039073d.jpg,Belarus,BY,52.48026,25.174993,3
72ab1a08c8574da78b15770cb9aa5f51.jpg,Belarus,BY,53.051938,25.544566,4
d66a9867b4914bdc9a6f78fa1ace2fab.jpg,Belarus,BY,51.97453,23.946428,0
219c04d0994e4e71961def9c9ed172d2.jpg,Belarus,BY,52.21648,28.554789,1
4c010f7b36e44c2b82169d92cd561659.jpg,Belarus,BY,55.77786,28.602544,2
8d1a517a22bc4232aafc065e1a428c88.jpg,Belarus,BY,54.559285,30.706093,3
31dcc9e61f854a949e1edd7c77169387.jpg,Belarus,BY,52.577014,30.504958,4
c6765193c03b47caa7e9cdcd1fbbed79.jpg,Belarus,BY,55.61922,28.264955,0
554d10314c934eb19668d3779390f62a.jpg,Belarus,BY,55.992684,28.646943,1
fdf339cd3d71461ead52b221fb91a3ff.jpg,Belarus,BY,52.037737,29.454729,2
d2ffa60a0a574eeab068caf61d4bc137.jpg,Belarus,BY,52.169271,23.93522,3
c2c851fceb564678896c211e2813b6a9.jpg,Belarus,BY,54.806652,28.647409,4
4bb1417857d24acb8118bb72c4e5d4e5.jpg,Belarus,BY,52.927488,30.068844,0
05f2b4f174f648eda5b3f15cf41ca437.jpg,Belarus,BY,55.700056,28.212646,1
21b01950df62434fbb3749e2ca5e4017.jpg,Belarus,BY,53.835998,27.26832,2
7774988a36c846acbc6089e4369be4b0.jpg,Belarus,BY,52.845918,29.36257,3
66f3e57b97844c2e8b6e910ef1bd2786.jpg,Belarus,BY,51.708689,29.152945,4
659e862bfe5d4643b4847810309cd934.jpg,Belarus,BY,53.353437,29.594617,0
f9a64741027d4d3aa55ddef96f3f9531.jpg,Belarus,BY,51.936005,26.906404,1
2bcb4f3aced947ec8d92c5b8a64ef1da.jpg,Belarus,BY,53.59576,30.370383,2
e7c88d66835c417ba572887b7cf0e50d.jpg,Belarus,BY,51.668967,29.12494,3
d9a0eea85f674ff88ac39e5c5cf51fdd.jpg,Belarus,BY,52.390927,30.849675,4
61a525f522524e04ad5d08b462192897.jpg,Belarus,BY,54.472637,26.397905,0
ae716c57a290455a858a2e9f41fe6973.jpg,Belarus,BY,54.649332,26.91281,1
bd6c5e7c4dc64494b70a97b866722377.jpg,Belarus,BY,53.248953,27.152179,2
ed2a14db10c247ef8287ca34490ebe14.jpg,Belarus,BY,53.086223,29.381603,3
cc5b5e8aa9f04385927956f585fe5dfe.jpg,Belarus,BY,52.922412,30.643774,4
6617592503a6408281d459bda83dc300.jpg,Belarus,BY,55.277448,29.674207,0
c568daae0aa240a3930b0f0e35c56d5f.jpg,Belarus,BY,53.08861,29.832342,1
7f82b6e1c6b544bb908edbdc193d171c.jpg,Belarus,BY,52.928469,30.028694,2
e6f7797e24634d72a7121dba11dce635.jpg,Belarus,BY,52.254585,27.793529,3
c29e36fe0e784442aed70128ee0dc97d.jpg,Belarus,BY,54.584442,25.889414,4
e19e51270d964951960a753582d32db7.jpg,Belarus,BY,53.815977,30.772536,0
3bdd6403b6734a229a67267fe3ea1622.jpg,Belarus,BY,55.197817,28.756343,1
da93772ff94d4bed83c13ea4d194f783.jpg,Belarus,BY,53.02468,30.565446,2
eff62b4956bc41e0a8fbc1c322bddf8a.jpg,Belarus,BY,54.754006,25.96308,3
697307879c95499ab4ebd4030de74d7f.jpg,Belarus,BY,53.649936,30.045455,4
4a057608112e41f289448e742d20af01.jpg,Belarus,BY,53.032974,25.65375,0
4ac401e7c25a44568cfacdee54bc27c8.jpg,Belarus,BY,54.372683,29.225323,1
e4d15732dc914b6986e94a8d940372a2.jpg,Belarus,BY,54.51362,30.497314,2
6b92d6b4c1374bbdb734113ec92d1dd5.jpg,Belarus,BY,54.134407,27.347631,3
51ec1b0fac3040febc10839b327a0aff.jpg,Belarus,BY,54.026925,26.869174,4
75711b9de35147f795f253d5aebeae0e.jpg,Belarus,BY,54.341532,26.20063,0
d46ec6f413054acfaec79a4351991ca7.jpg,Belarus,BY,53.631027,31.548626,1
4a6a2ae146834129bdfc4318d9f4083a.jpg,Belarus,BY,51.634304,29.086037,2
15656ecaa26c44fba6fd9ac590dc2d70.jpg,Belarus,BY,54.365033,29.165801,3
69b2c09dd1844321a3ffc357e007c8f1.jpg,Belarus,BY,54.153845,27.111581,4
2d0bd30867d245c385d1be41bc24523c.jpg,Belarus,BY,53.638394,31.569048,0
6730a93f49b94b1e8363fc553e4f0ef3.jpg,Belarus,BY,53.85187,30.314262,1
aaaccc90a5994527a15b62bae46cb697.jpg,Belarus,BY,53.602233,24.566546,2
793ebea1bb0d4523a1e5c3440a4d1efa.jpg,Belarus,BY,51.912363,29.789544,3
cc24bb56a6484ee8801e718a35f8bf03.jpg,Belarus,BY,53.60858,30.387285,4
6ef79d5a08e54d3ca3c20b17de232cd6.jpg,Belarus,BY,55.461979,29.119113,0
b3424e592c7b4b4e9043b5cc1b6d3921.jpg,Belarus,BY,55.395885,29.23059,1
0e50346ad8f64852b50b411c4d9a6551.jpg,Belarus,BY,55.287074,29.63281,2
3aa36c7f66ed42acbbf1c669d02c592c.jpg,Belarus,BY,55.192509,29.072382,3
ed74e88291bc4280a74dc554115f7503.jpg,Belarus,BY,54.037882,28.235038,4
004d6a54456c4568accb522ab7ef6736.jpg,Belarus,BY,53.483668,26.399052,0
21c7774ce7bb4661b268d6f959ec29f5.jpg,Belarus,BY,52.213847,31.490019,1
ac9989a7d58b4680bd60c224019550ae.jpg,Belarus,BY,52.541932,25.673427,2
7712abf623af450f90b3d0eecf45f539.jpg,Belarus,BY,53.893714,27.338725,3
c7dd6c807c7b493b8ef578fafb9ad372.jpg,Belarus,BY,53.575135,24.339688,4
8d514b3a30b349ff90b3b133f793092c.jpg,Belarus,BY,51.674397,30.364853,0
f9e9859afaa448cdb8d43609848ae3dd.jpg,Belarus,BY,54.532042,27.867387,1
4bd5d1f39ffc47c3b6aec73bed097529.jpg,Belarus,BY,52.077872,27.374165,2
b2250f84a4ac4ad5bb95d5144cfbd6dd.jpg,Belarus,BY,54.516578,26.93071,3
05bb10f8738f4a008667dde7aeb929b5.jpg,Belarus,BY,54.501517,25.876029,4
462d6afbba474cb0a318dd907d7c54c2.jpg,Belarus,BY,53.324103,27.09584,0
640f28d88e404c9a862e634a186c465d.jpg,Belarus,BY,53.813011,30.797391,1
2672c457789b4e4d9c1369c7492d32d3.jpg,Belarus,BY,51.920187,29.714205,2
56e2ba0fc90a41d694a9f5737682214f.jpg,Belarus,BY,53.258407,26.98964,3
5fdb8de3949841c9ac13f77c65c27b86.jpg,Belarus,BY,51.942545,26.923705,4
3a51900beb064df8868381195855dd38.jpg,Belarus,BY,55.740606,28.592215,0
ec05dba4a8314f32864d88fc93de229e.jpg,Belarus,BY,54.516964,25.776136,1
a2c61108b94c49ea84dd7fb53f5c12dd.jpg,Belarus,BY,55.814003,28.602072,2
8abf844e20cd442e9a33adcf60f53348.jpg,Belarus,BY,51.924728,26.664051,3
9dfc0ec323ca45e7ab56e9b86d6b64aa.jpg,Belarus,BY,53.615614,27.465529,4
472ad7bc8c1f40059b2cf408f809eb04.jpg,Belarus,BY,53.246339,29.443691,0
8e24db1c1e284e3aa576471ba581bd8c.jpg,Belarus,BY,52.769769,30.757316,1
cc6fca223d114094b24cba7ebd10d3c5.jpg,Belarus,BY,55.020927,30.852418,2
9d126f0a09f149a3b559215bcd38dc9d.jpg,Belarus,BY,55.035073,29.332589,3
fb0c85baf3414d3e9081aa4ccfec6bdb.jpg,Belarus,BY,54.215786,26.352915,4
8cb7147624eb4a5fa2e0503cde6db741.jpg,Belarus,BY,54.747235,25.901959,0
379e23197c4a4a38973ca76bc02dbdc7.jpg,Belarus,BY,55.656174,28.615098,1
0a670064d4804cfc81f500a7379e5357.jpg,Belarus,BY,54.702159,26.105111,2
b04daf5fa6574e0a9860dceede9bae8d.jpg,Belarus,BY,54.814024,30.407963,3
3570f8ba997047d19831e4eec0b1dec4.jpg,Belarus,BY,52.979181,26.881763,4
0ff0c158d00b4c1cb0da72c3ec70d8ff.jpg,Belarus,BY,52.470551,23.641035,0
187f3ed7673f402780598d637c8fa2e0.jpg,Belarus,BY,54.554917,30.455503,1
274988a784304aaba61a2fb27dc9d18a.jpg,Belarus,BY,54.596199,30.443418,2
0ca525c5da1546449018defe42cbf74e.jpg,Belarus,BY,54.014187,31.041907,3
03b6cdffb18d444faf01788645b56ef1.jpg,Belarus,BY,54.611587,27.909403,4
ea0bae1b48254c758dc60855b2f1297d.jpg,Belarus,BY,54.160862,26.455054,0
d3394540e74346bf8ead3534e1fbfe80.jpg,Belarus,BY,51.640983,29.098483,1
7659e671ff3544a99e798e734dc7510a.jpg,Belarus,BY,51.956651,25.564037,2
ee70aa45d38f4bd2a423cacb43588cb8.jpg,Belarus,BY,53.310833,27.234816,3
ebcd296351f84bbc95747ebb147e92c4.jpg,Belarus,BY,53.060888,27.930829,4
f1c6cf2deaed48089d05eb7a208c2590.jpg,Belarus,BY,55.317235,30.322307,0
215dce81306f4e3a9530f8090d16881e.jpg,Belarus,BY,53.692451,30.066095,1
9579f4968e0a48028b90a4f55329b603.jpg,Belarus,BY,53.547298,26.173013,2
a7de0810e6b14d36927021684565fc76.jpg,Belarus,BY,53.049825,28.063994,3
727e7972c442477193d8d872575f9f08.jpg,Belarus,BY,54.238541,25.994534,4
665f381ff4274a58b325383bdc2309c3.jpg,Belarus,BY,52.633636,25.503006,0
c5c87b90000e4225bac418d2174195dc.jpg,Belarus,BY,54.606572,27.904786,1
7c93fcf6246146f28bdd9cf3193f1e07.jpg,Belarus,BY,53.456701,23.890183,2
b7fb713f97e4459bb6235d0bd0440c85.jpg,Belarus,BY,52.358937,25.024378,3
bcde4965e211444091d6e0b2f00d019a.jpg,Belarus,BY,55.781766,28.600869,4
4a14781e28494a2c978d686aebd1ed3c.jpg,Belarus,BY,54.73364,25.983014,0
adada265911b42daa014b0a1e1b71616.jpg,Belarus,BY,53.853226,30.30094,1
0d37c1fea6804683b8b983bbd9927803.jpg,Belarus,BY,55.103895,29.695055,2
5b59e0f0a1c74c61a5d7cfaa4095f5d1.jpg,Belarus,BY,54.143277,26.533328,3
7bdf7280e6e54c20a8c01b81d5b8b102.jpg,Belarus,BY,55.114673,30.31978,4
8cd6baf3a49741c39b8b093bb5e010c0.jpg,Belarus,BY,53.786645,27.717729,0
693b55d035254cf3b472e07f4813f375.jpg,Belarus,BY,52.393926,25.059868,1
2a776375956b4b739626b14608a40a54.jpg,Belarus,BY,55.845742,28.607153,2
f42a635dc0594a4b84075399bfbc3d80.jpg,Belarus,BY,54.558931,30.45421,3
656c2600fd3949e497d0d46f026459ee.jpg,Belarus,BY,53.420691,27.122306,4
6e95a1069f53417ea42690f018545cb7.jpg,Belarus,BY,55.590397,28.572301,0
8912b4aad37547dd977b45b4718f90a1.jpg,Belarus,BY,53.870101,30.163003,1
e59145f579314201aaf50dfcc21fdfab.jpg,Belarus,BY,51.857816,30.011153,2
d6c1d619758a4e6399aa3c65809f0c0e.jpg,Belarus,BY,53.201203,29.138262,3
c95c603375df4497a4349404fdd2983b.jpg,Belarus,BY,55.289707,30.322642,4
4e43bb2e49434f1096d2e47dd6e0f679.jpg,Belarus,BY,52.795608,29.407099,0
77cd79df319d48b6a3e4d7cf73f86c9f.jpg,Belarus,BY,54.583553,29.014996,1
9085852649ea48b39b892e98b98f6c2c.jpg,Belarus,BY,54.16981,28.472372,2
5312e1e3b70c45618d3a62e970f98607.jpg,Belarus,BY,53.59516,25.862332,3
49ef73ac9eeb4be08f94fbd622271e7b.jpg,Belarus,BY,54.007957,28.166794,4
976ffb53200a4aeaaa0e21a3d31f7a7a.jpg,Belarus,BY,54.542515,30.194909,0
bcdc1b6fac53495285951e1fb8cb9e1f.jpg,Belarus,BY,51.648639,30.4409,1
08c9fa7896814706bb852c471ffd48dc.jpg,Belarus,BY,51.653464,29.114803,2
051210daec1749d6abedd84a5b386716.jpg,Belarus,BY,52.520251,24.638502,3
115f30c50e2b435e83b173910724ee17.jpg,Belarus,BY,55.774583,28.604109,4
096c28b6bfd24895b1e7b5a798359304.jpg,Belarus,BY,55.316826,29.447743,0
33dd5e389b4340888c01b134b79b6d75.jpg,Belarus,BY,52.348957,27.455395,1
ad06d6c69ae04b7e80989423788319ce.jpg,Belarus,BY,52.612886,30.85318,2
bf260f0c4ced4699a67dc965ed4b7412.jpg,Belarus,BY,53.235941,27.234075,3
f76c180ff6db4ab999c4975ddb59e460.jpg,Belarus,BY,53.069735,29.987999,4
0de387c61ad942608c9e043aba0eb2e8.jpg,Belarus,BY,52.740559,30.777972,0
95c3114efafa4521a9757e27fac8da9d.jpg,Belarus,BY,52.218044,27.865128,1
89b7187cb9234b24b41c67af7e69072e.jpg,Belarus,BY,52.584972,27.471658,2
801cbd2f21a648148a9e4cc6d9888767.jpg,Belarus,BY,55.171312,30.072595,3
63aae00d022c44778bfbe4c3c4c29b3e.jpg,Belarus,BY,53.604489,27.464654,4
98cce45934b94f738b0be72b470a12e8.jpg,Belarus,BY,56.027359,28.354016,0
99e7824cb34446e6bcd1fb2746d9dab0.jpg,Belarus,BY,54.500964,25.875252,1
959bed3fcc774b74a70efa88cb0bb966.jpg,Belarus,BY,55.576146,28.678711,2
5b1ad4aeebee4116b7bc2474a5c19d29.jpg,Belarus,BY,53.777156,30.363924,3
bc203c35c31043a7968c4e416a471061.jpg,Belarus,BY,54.120733,27.364927,4
fb6ff9d3da324568ac1d490b92658b04.jpg,Belarus,BY,52.707747,30.798691,0
e60d8019387b4532936955bb269743bc.jpg,Belarus,BY,54.064275,28.436898,1
736f2a670c8b4f799a3e6cb1d54cc6d4.jpg,Belarus,BY,55.316556,29.450466,2
468f0f3a3bb24a58a1978acd20654eff.jpg,Belarus,BY,53.538152,28.25623,3
47a1a0687840443185aae557746b06af.jpg,Spain,ES,39.350222,3.184964,0
6e053b67ce054f0190454bf0952e2d4a.jpg,Spain,ES,43.410494,-5.207877,1
1110ef3e08404ba499942cd995e7f8e3.jpg,Spain,ES,41.606105,-3.056588,2
d6241068e91d45718c6b088715831517.jpg,Spain,ES,41.308427,-1.730046,3
3d0759ee5d8e406ea796f723c25ca356.jpg,Spain,ES,42.725483,0.960231,4
50537e6c4bac4ae786426f3de267dd5f.jpg,Spain,ES,39.66495,3.267195,0
643635be216245fc8afa8f371b059fd4.jpg,Spain,ES,40.625846,-4.1109,1
d7e2de7c526941fe831ad8aea27c73a9.jpg,Spain,ES,27.935426,-15.593087,2
f1ac4750ef15474f8b2149a3e5313fa1.jpg,Spain,ES,38.763785,-3.178379,3
6cee474bac854a3c9b346639e437d3ce.jpg,Spain,ES,43.656914,-5.844533,4
cef4aaef02c94435bec5c8b7a329fc22.jpg,Spain,ES,43.253107,-8.435583,0
36383a6350374ba48ba0e5c8e01d8878.jpg,Spain,ES,38.627017,-6.36858,1
df3900fcd2c7445d9bfd980df4442f4c.jpg,Spain,ES,42.386986,-2.166759,2
aea42d6c4f9c4281bf7b4c54f03b3eaa.jpg,Spain,ES,38.883886,-3.023357,3
ff8af53bc8504abbac7d9677ef38544b.jpg,Spain,ES,41.058017,-1.252225,4
98181bcb19fa4c3b995a221a2305c187.jpg,Spain,ES,42.072375,-8.74651,0
6433b2e0d66747d79a97438bce3edfd3.jpg,Spain,ES,40.765362,0.561859,1
8f5ef684c2dc48e7aa764ce462e836f0.jpg,Spain,ES,40.684517,-4.620094,2
263d5457f27a4122ae6c4fc6d56126ab.jpg,Spain,ES,43.345176,-8.308373,3
5c6ca0864d98496d9dd9dcfbb3c2d100.jpg,Spain,ES,42.454776,-6.144019,4
20c1e9fae6b941b5a20b84ee27481505.jpg,Spain,ES,39.395902,-3.503788,0
756799cde5304c92815e41bbd906692a.jpg,Spain,ES,41.470259,-3.683737,1
6416db792cc745088cdae904261946ef.jpg,Spain,ES,37.621898,-0.782052,2
3af9d4fdc8184f43b7eb7f6a2a075bcd.jpg,Spain,ES,43.623597,-5.80019,3
27bc613702ac46f79fca1b54dac9294e.jpg,Spain,ES,37.622885,-0.782986,4
fbe4d6c4f69d4fb1ba0e5b13d1813308.jpg,Spain,ES,36.775086,-4.109316,0
64f7c999e57a4801afb58aee00666f21.jpg,Spain,ES,41.057206,-5.854759,1
812d882163174fe7b38627dace086df8.jpg,Spain,ES,42.306883,-7.615863,2
cfa1f3583553443d9dbcfa22fd926407.jpg,Spain,ES,39.000437,-3.927812,3
4deb8e697cfa4125a7657ba236040cd1.jpg,Spain,ES,38.791971,-7.048533,4
8d75a1dc007d4d4fb8e6d7c4240a223f.jpg,Spain,ES,28.053565,-16.596215,0
744c32383f264fbbb6844a5da918d24b.jpg,Spain,ES,38.323799,-4.979309,1
6dcc57e8eaf34f9abfa46af0c18c827e.jpg,Spain,ES,28.652656,-17.929139,2
c4e68dee284844aeb0e0ded040f8d9b9.jpg,Spain,ES,40.186107,-4.989147,3
2cdd764a9159486fa22c73d3f0b59bcf.jpg,Spain,ES,36.736364,-2.205532,4
869244e4d311432ca7a5e94e2495ac3b.jpg,Spain,ES,41.776543,-2.851568,0
9790a075e09f45e695fb8aeb4f3fb931.jpg,Spain,ES,27.96411,-15.602765,1
39a2919946f0482fa52131693dc24178.jpg,Spain,ES,39.572638,3.108003,2
af6db44e9d3745e9a0245b58011358f8.jpg,Spain,ES,39.281877,-0.403333,3
62a8628a1fff48f8b9dc2629a8655d98.jpg,Spain,ES,28.08008,-14.482755,4
8fa4d3bc67074fea8652917dd8749491.jpg,Spain,ES,39.939438,3.909834,0
d7d37a98633741ad934c469c6cb26571.jpg,Spain,ES,38.916251,-1.823491,1
e0e6bf9f7fcb4ef4874fddc574e8e1f2.jpg,Spain,ES,36.151285,-5.823768,2
ecc55e797ee549fd9f4f231ace69c74a.jpg,Spain,ES,28.078733,-14.433039,3
4128a7d6c1924516ace06c456a88ae50.jpg,Spain,ES,39.861441,3.19788,4
31beda404ff24ebe9424cbc6e2ba65ec.jpg,Spain,ES,29.044595,-13.679358,0
90d856ae76f64b2590ab824496b139a2.jpg,Spain,ES,38.407039,-0.551021,1
b94e26452c8045ae8c911df2da3a1b7d.jpg,Spain,ES,38.93908,-1.759518,2
0201f303a5d94aaca31ca53a3a809b88.jpg,Spain,ES,43.65764,-5.843969,3
8c4cd664baaa4ad68a7942afe4f60eb1.jpg,Spain,ES,42.489206,-6.440836,4
1ebd42d4b4a443c9a9394bcbb80e88d9.jpg,Spain,ES,40.815562,-5.83758,0
866bf71488314aa9bec7342f0e0ba6d9.jpg,Spain,ES,43.016551,-8.431304,1
466c6893c8784e0db887fcaeaf22aa7c.jpg,Spain,ES,38.75797,-2.897876,2
07bf964a49b4433394ade596fb41a298.jpg,Spain,ES,41.933008,2.843993,3
d30233cf7e674ed1825316806d1c49c7.jpg,Spain,ES,42.827971,-2.169901,4
b7a65b2c6a79485fa719f156a3753be7.jpg,Spain,ES,28.64289,-13.899496,0
3c3e2e9d254b4d48b43affe99155a024.jpg,Spain,ES,43.657099,-5.844271,1
e2b16b46839c4f34b53d02364e7bceaf.jpg,Spain,ES,36.788237,-4.718055,2
e5d0a036f2774c0d939b47bcf4213167.jpg,Spain,ES,38.727639,0.037565,3
e4c37ad2607d4f6780a1fcc0a371a724.jpg,Spain,ES,43.136153,-2.933564,4
cf39b8ddc4614b599d31dae58b3a4eab.jpg,Spain,ES,39.469883,3.144428,0
6decd53a63174a3980ad1d03c58a8f69.jpg,Spain,ES,38.3433,-0.568651,1
09230bb430ae4216a0fb1c0431cdf6cc.jpg,Spain,ES,43.421806,-5.08755,2
90a4c95f07b045e5ad8321454e8b3bbb.jpg,Spain,ES,38.908586,-1.663589,3
75728f07e40340a08100634b547da30c.jpg,Spain,ES,38.550228,-2.980345,4
a24402e0a2304df89bf63c766e639f6d.jpg,Spain,ES,28.789493,-17.802436,0
064a70547b1f43a6ad878ad8f3c68959.jpg,Spain,ES,37.717789,-1.579756,1
f1c2d38820b64e4d9c3d8d2c0aa358fd.jpg,Spain,ES,28.777242,-17.963019,2
58f63dfe72db4b118a2b4884f8ce477e.jpg,Spain,ES,39.510918,-0.386116,3
da6550d9bfe14ae3b6414b733146191c.jpg,Spain,ES,29.009596,-13.528003,4
588033d809064273aaa8fb8c7966b97e.jpg,Spain,ES,39.563084,3.237049,0
e78fbca6f40d405ba715fc6e8ac9a3dc.jpg,Spain,ES,38.097347,-0.721066,1
ac65ef5195374bc69ab02b6f8d52bf97.jpg,Spain,ES,38.922759,-2.947073,2
105cc978b7c94ad1b2dba66d7d4683c9.jpg,Spain,ES,41.732599,1.24984,3
027ecf3cb22b43458e094200e1e8dfeb.jpg,Spain,ES,42.546068,-6.545819,4
875c70b54f9a45bb80e96a20f3534eac.jpg,Spain,ES,43.346965,-5.019349,0
79506195a3b044fbb3ec84c5377f420e.jpg,Spain,ES,28.546269,-16.21618,1
8cfec5a53478492091eea2d69a611b78.jpg,Spain,ES,42.147474,-1.545109,2
555f131458d74c8ab45df922f3792a1d.jpg,Spain,ES,41.888569,1.072057,3
464de76d89824b89805e347415e0c8a6.jpg,Spain,ES,38.626391,-0.544308,4
c0fb71a5df894890bcc03052b6f3ec96.jpg,Spain,ES,43.13162,-6.073977,0
739d6ba0b0ad492ab8dac3e0ba1ba966.jpg,Spain,ES,42.090583,2.17068,1
66d9f4fd551e42f59cf676cfedb30555.jpg,Spain,ES,39.051851,-3.597225,2
4bc87b870fe24739964addd951dbaaa3.jpg,Spain,ES,28.068589,-14.418014,3
db4e4618328d4c4da3f6cc5ea41aad73.jpg,Spain,ES,40.811192,-4.611317,4
9e4c9641c8444e2faa11bbdb6208543e.jpg,Spain,ES,38.679685,-3.062568,0
dfd2d37cef5d4bacbd32739d54e2ba5e.jpg,Spain,ES,42.458516,-5.42088,1
3a9e667c2bf94fbe8bd49983235b0447.jpg,Spain,ES,38.394037,-4.295581,2
2ee15790f73b4fa4bbe00294b8a3d34e.jpg,Spain,ES,28.535116,-16.198652,3
21215fa75acd48469e6fae1f7e25c5ed.jpg,Spain,ES,42.549467,-8.864157,4
e75be9808672455c92c9aea75c5046cf.jpg,Spain,ES,37.30302,-5.924733,0
c41872292e9f4515b154575962969a45.jpg,Spain,ES,40.49764,-4.676647,1
5a6a9bec29c549a1984e39b891fcb099.jpg,Spain,ES,38.744243,-2.878849,2
cc6c04f458ca456f93c0b5ff2c8d7874.jpg,Spain,ES,41.762114,-3.893498,3
64c4d83a8ce24b0989e1e73c74821470.jpg,Spain,ES,40.485412,-5.594538,4
2dc7a0f80b404589927b2797200bcbcd.jpg,Spain,ES,37.630485,-0.799938,0
f8f87b4286304ac8be4c01a3dd268175.jpg,Spain,ES,28.77719,-17.909895,1
8750b34aa33a4093be06c114c5749cfc.jpg,Spain,ES,36.751636,-3.184364,2
01237c2c2f254c609256cc01a6f4944b.jpg,Spain,ES,41.724769,1.426922,3
2df5629baa76401bbbaa0df0c630304a.jpg,Spain,ES,42.04,-8.839769,4
5f0acaef615b45e1abcbab8395dcd28e.jpg,Spain,ES,37.908469,-4.053255,0
bc7426e4bf3a40c2a1296f6426186bec.jpg,Spain,ES,41.947476,3.120049,1
44f88dafc469493b9951760fea87d138.jpg,Spain,ES,39.882023,-4.019389,2
5ad7870bb0214b4b81e6a795e638103e.jpg,Spain,ES,41.567747,-0.628485,3
29f1f2c725904b30bca272a91285f3c5.jpg,Spain,ES,38.5898,-1.689196,4
ff118951725a459b99cc1acaf77cc8db.jpg,Spain,ES,39.700225,3.101041,0
6fcf935ee70e470ea11ee66e8c7459ef.jpg,Spain,ES,41.956977,3.048326,1
6c44076d052d469195a0f1184ec57eb6.jpg,Spain,ES,37.557241,-4.051856,2
8a263e6347304f50af9f77999579b490.jpg,Spain,ES,42.758555,-8.426856,3
cc7583e10d904e64bc62237d826fdf24.jpg,Spain,ES,28.055768,-14.36334,4
2d39c42173fa487d8453739d6d2456c0.jpg,Spain,ES,40.419082,-6.125988,0
21653ff365bd402db5ba763ddd4b4ad7.jpg,Spain,ES,40.242464,0.191044,1
32bf8d193d0a4da6bb0184561e31584a.jpg,Spain,ES,43.352743,-3.930528,2
e0ffb156a45e415e9016075fec99e778.jpg,Spain,ES,28.776976,-17.914003,3
99e9f730da1a412cbe7dab9049aff46c.jpg,Spain,ES,42.048934,-7.662925,4
818d12c7f2c842a6a240547db45c769a.jpg,Spain,ES,42.248432,-0.648802,0
111c594c0a904eb4bf8c41531e24ddbf.jpg,Spain,ES,38.876163,-1.270941,1
5cd91769d1dd400f81c2cfcc6ec5541f.jpg,Spain,ES,41.461754,-4.599391,2
497ac899463c47a6b85872cea6a23250.jpg,Spain,ES,43.656494,-7.599338,3
abce2f6fd7e147f9a371fcb19d2aa905.jpg,Spain,ES,39.349653,3.008196,4
616969d3267b4bd3ad4e369b7124dbfc.jpg,Spain,ES,28.556135,-17.868935,0
5832a97d0b414c51b8bdf3c3877865ec.jpg,Spain,ES,43.625927,-7.604067,1
0be23bf5e599415388af8e47de8b1f7c.jpg,Spain,ES,43.144848,-3.580289,2
fad9438989fe4c0db830a3f618ecc352.jpg,Spain,ES,43.071382,-7.643514,3
a6df43a46dc244e6ae00b0c91481c474.jpg,Spain,ES,36.748422,-3.511172,4
e1a874c119b245299e20ad88e879280b.jpg,Spain,ES,39.822238,2.81467,0
5c04f092df1445b38a180a066e45c4a8.jpg,Spain,ES,39.450358,3.153892,1
1229c52a29c644a4828c6eab8341dc35.jpg,Spain,ES,40.74463,-4.023616,2
be44f17b8fc84ac3bd06f8fe5ea07e0c.jpg,Spain,ES,40.418266,-4.058182,3
b657ecda6449426c9c1a9b4280bc1262.jpg,Spain,ES,36.849531,-4.130738,4
69f00ac93bf44a5983cf6120122400e7.jpg,Spain,ES,40.643455,0.307422,0
1256c952cad9404a8a15f99a2f3804bf.jpg,Spain,ES,29.098322,-13.555655,1
58d3f023adfa44859df36c3f079934ff.jpg,Spain,ES,28.049872,-14.330039,2
58abd84497914cc4ac68bd8e4bae22c6.jpg,Spain,ES,36.83652,-2.155481,3
c918f61d7a694d85b5992d16291187cf.jpg,Spain,ES,41.734647,-3.858999,4
253a274552b244ea905200e96a062671.jpg,Spain,ES,41.472738,1.810738,0
33c27840fe8e46ff9e7dad8350c12b78.jpg,Spain,ES,28.127267,-15.470364,1
b0f0fe66d90e4c51b8bb5ec93611689a.jpg,Spain,ES,37.564146,-4.298141,2
88e0f5c5a5724580a64ae1e5139dca8c.jpg,Spain,ES,39.861605,-2.564393,3
8529017f9e06438caa2ab10c074068da.jpg,Spain,ES,40.451703,-4.685186,4
8d38d5d42db348009d50dc835bcf47b6.jpg,Spain,ES,42.309565,3.056967,0
88622b48b36f4b64a1a7bf80d1e7f574.jpg,Spain,ES,39.930903,3.826913,1
db742f8536f540c3bdcd8f22b6910b86.jpg,Spain,ES,38.068431,-0.585952,2
34e02cce5be443ddb1955bba29532f6e.jpg,Spain,ES,28.414392,-16.507797,3
d233556d65e54071882b7536b40e0a54.jpg,Spain,ES,42.968903,-4.979859,4
2cd808922e1b4c0fa3f4ceaafbe05eeb.jpg,Spain,ES,43.420778,-3.508698,0
ae663b31e61845ae8513925ef91784c4.jpg,Spain,ES,39.680318,-0.322079,1
4c36c3e30c7a43cdab3e860954136035.jpg,Spain,ES,38.860503,-2.209342,2
6b1eea489ed6438c87cfa811c05f5188.jpg,Spain,ES,41.080506,-1.04089,3
ee69d07bab764530b99a8aae1032dbd1.jpg,Spain,ES,41.69301,-3.279932,4
b6b30a5b78e84ff3afbc7a0a8b7c8a12.jpg,Spain,ES,28.500504,-16.197217,0
5144cb76d5c84fd5a61f4d19b3e8e5c2.jpg,Spain,ES,36.879965,-2.592287,1
bb1ac9c6b78349d58a04ad774bcee320.jpg,Spain,ES,43.458657,-6.983937,2
0faeff6bd8904c02a80e663bfc58843a.jpg,Spain,ES,36.724255,-2.871589,3
b993f4c63b5d4fbaa9156069b7bc4618.jpg,Spain,ES,40.514723,0.251152,4
64eb428b397b48feb560ceadd558e9b6.jpg,Spain,ES,41.906628,3.146519,0
bc0af7a3ba98410e81d2c78de61a30e2.jpg,Spain,ES,41.347832,1.178807,1
620316c5cac447028810b532b84d7479.jpg,Spain,ES,28.053033,-14.353589,2
81dbb6a2c22045aab0be82c8892f657d.jpg,Spain,ES,36.806134,-4.124499,3
b4a0ba9c227e49509d789eb7cb902520.jpg,Spain,ES,28.050318,-14.358446,4
12885c39917d451981d1f3edbdd7f7c2.jpg,Spain,ES,38.89953,-7.061542,0
617717ebceb84f5d900a73c602d4725e.jpg,Spain,ES,42.92849,-7.663963,1
c041b6efaca44623a049152191c84c5b.jpg,Spain,ES,41.147517,1.013315,2
1c53eedb68c4431eb38c3479f8cab058.jpg,Spain,ES,37.70403,-3.378868,3
a018353626c8458aa13c1e777ea9a6af.jpg,Spain,ES,40.017907,3.870115,4
70a539edddd2424ba1b8ffce40edd8c9.jpg,Spain,ES,36.593456,-6.085507,0
3760290f79b048bfb3f4dbc8ef0d258a.jpg,Spain,ES,28.939055,-13.629443,1
234167d3129347f890bae0e65342f476.jpg,Spain,ES,28.9583,-13.570205,2
72a9c1a044ca46a3a54de061400f4e9f.jpg,Spain,ES,43.745292,-7.717619,3
cc6e0a01436a43a8983350bd80c5cac8.jpg,Spain,ES,39.413736,3.136744,4
444368c69c6541e3b29ba0834b2fcae1.jpg,Spain,ES,29.184797,-13.5011,0
f5562fa3f2ac4fe5b580f8a3a9815c6f.jpg,Spain,ES,37.950606,-3.533241,1
f429308185f54c9bad90513c3d7220fe.jpg,Spain,ES,41.569444,-1.119207,2
97e3289c30554c899b2e551a68700307.jpg,Spain,ES,41.208792,-3.973133,3
3860d93fb0f046bf847dc98ae8b1fc9a.jpg,Spain,ES,43.654934,-7.598379,4
21da9f65b80242feb060a74892c3cd6a.jpg,Spain,ES,39.122062,-4.133688,0
d7283b877a8445a493b47aff0ff9b736.jpg,Spain,ES,41.596439,-2.519617,1
01f9471bda184521a7d9d773c2c0f74f.jpg,Spain,ES,38.533243,-3.493837,2
c472375c6ac04401ac624db019590693.jpg,Spain,ES,37.69595,-1.696125,3
6ed2a6fa88b54cf9870860f6faedb3ad.jpg,Spain,ES,39.512541,3.281414,4
6cc4cca0bb354241a6b636c7eb83a559.jpg,Spain,ES,37.248216,-5.396022,0
86230a89bad54e20a2e3771703c11eaa.jpg,Spain,ES,28.673789,-13.908279,1
84bf333eb83c4ee68cbbd90b92666de6.jpg,Spain,ES,39.173629,-4.177186,2
eb4f6263d98e4892bfcd91e57b07e021.jpg,Spain,ES,40.34227,0.125926,3
7ebb453e1a194219b33897fa326f461c.jpg,Spain,ES,42.266787,-0.679079,4
5944fd3257924f6aa48fc4e0b859147d.jpg,Spain,ES,43.363381,-8.308468,0
4c9f825a096f4e5e93e412801a189058.jpg,Spain,ES,38.992529,-0.582944,1
cad11f64063b4c379e16407f8772d0fc.jpg,Spain,ES,39.440571,3.235009,2
1d616ffc2e91453292d1359929dfd1e9.jpg,Spain,ES,40.019312,3.873187,3
f32c94c24e45430e82785be7a53951ee.jpg,Spain,ES,39.998115,-0.586682,4
95922ff2ca2045459d0d8300d26d7c6c.jpg,Spain,ES,38.822757,-0.511819,0
608ba4a6cfe2489abc520a037c9287f4.jpg,Spain,ES,40.107538,-3.841539,1
2b6819a569ca4509873858209f2355a5.jpg,Spain,ES,38.298615,-5.950485,2
0118eaaf3af34a029ac85c82b7e13c61.jpg,Spain,ES,28.952993,-13.669843,3
433ee5299c194834b53ae022b8d831cd.jpg,Spain,ES,42.78306,-8.467047,4
8e8e380310c24794994adbfb301a7dd0.jpg,Spain,ES,41.084325,0.625073,0
892f235a2c2b486b87c2c4c8fc2f384d.jpg,Spain,ES,28.67346,-13.907615,1
7801ae27003844ec9fca278a5f7b8da8.jpg,Spain,ES,28.992357,-13.741676,2
679b1ecba6c643978899b59550ac92a9.jpg,Spain,ES,36.912708,-4.170116,3
5cf8e6b4838e425e8eadc3a8d7481b8a.jpg,Spain,ES,37.788112,-3.843595,4
c0215e96cc6f49b99240117b4fb9a992.jpg,Spain,ES,38.781029,-0.440526,0
a76e710b307d46e29ae434326808dbcb.jpg,Spain,ES,29.008471,-13.531969,1
b17327b60efa486c9c42df1a043224d1.jpg,Spain,ES,36.752177,-4.119478,2
e0c7197ccc424913b759de3ca0eb2fac.jpg,Spain,ES,39.859379,-3.993268,3
5be5e2c40e1f4039896474d8bf8380fb.jpg,Spain,ES,38.521515,-0.616833,4
a34d38810c59485a891a36534da20643.jpg,Spain,ES,42.18495,1.797577,0
bbc2d0eeb83e4a0498ec7be663e7fe8c.jpg,Spain,ES,38.171952,-0.864267,1
97c564a26b8a485f8afa180bdce19416.jpg,Spain,ES,36.874605,-2.586271,2
57841c7558b749cfbf38c2b494ae0d89.jpg,Spain,ES,28.117826,-15.556121,3
506ec462589c420183b949f562f2584c.jpg,Spain,ES,41.690568,-3.776182,4
46521ebb8b934ccd835104b0e228e611.jpg,Spain,ES,28.66924,-17.772322,0
21437a16b96d456f907d4d9c1f517789.jpg,Spain,ES,36.327563,-5.956903,1
f115289d31df4c36b44cbbcfa4ad663e.jpg,Spain,ES,28.653805,-13.831862,2
264e4fe27cd747e397fbfde6ee7c8594.jpg,Spain,ES,38.70182,0.081773,3
89c6d7d9dc61441da12b7e6480e217ad.jpg,Spain,ES,42.709318,-9.015408,4
6f0f7f1195e8414d9fe56cd53786d03f.jpg,Spain,ES,40.968212,0.638726,0
707be99dd934485dbd048304dc72c008.jpg,Spain,ES,37.635803,-0.792813,1
fdfc553f08ed4ac796a9997d3904c049.jpg,Spain,ES,41.101402,-1.187275,2
259dc057949e4eafa20bba2a6be1ef5c.jpg,Spain,ES,28.409751,-16.5097,3
04201d82064b486a963192ee906c1d10.jpg,Spain,ES,40.358605,-1.086697,4
9c7861d1b77e46f7bd8eb20e477e1adf.jpg,Spain,ES,28.079542,-14.485114,0
2de254252857416280df341269690540.jpg,Spain,ES,43.337925,-4.992945,1
ef017763bff947f4a6b6abe90f17318f.jpg,Spain,ES,38.40381,-6.006755,2
bbef5510e95249b9970c3a50decef669.jpg,Spain,ES,41.201817,1.597578,3
81f7a7c50ed445b3ae52fe821a2d8823.jpg,Spain,ES,37.809949,-0.880417,4
62a73fd37614483d9dea37c478073805.jpg,Spain,ES,37.655278,-0.808124,0
027116adbe8f4ecc80545f4da6fb6687.jpg,Spain,ES,39.435311,2.901971,1
a527b76dab874c1685206d7a7e0de848.jpg,Spain,ES,38.820351,0.043384,2
934d984e0ee04a2287afc2986cc35c4c.jpg,Spain,ES,36.701993,-2.839804,3
9881e45c544b4e9badee57435a0ea734.jpg,Spain,ES,40.931791,-3.830881,4
c8beb4643028447090006cfe8f8db2ef.jpg,Spain,ES,28.049279,-14.345004,0
a8be64145a08481f95f7d0e5712ee53e.jpg,Spain,ES,43.237431,-8.196038,1
d9bd4a9ac3224c498b2aa276119262f6.jpg,Spain,ES,43.124558,-5.171307,2
5569e62717e14931a85dc4bd8b388550.jpg,Spain,ES,39.178813,-2.109953,3
ff29568e27b14d9ca51c8b994d190e74.jpg,Spain,ES,37.635711,-0.774701,4
c92cbb469b7344369d7acda8fb9271ed.jpg,Spain,ES,41.172185,0.928257,0
488ca10cc6f444498de348ceddd3012d.jpg,Spain,ES,41.924559,2.850483,1
ebeca6ade3194498b4ef2b15fb8c5fcf.jpg,Spain,ES,41.682547,-3.252902,2
91edda6b52554a86b648db31d919c170.jpg,Spain,ES,39.057861,-3.375256,3
d63ee4d510524e30bcdbc38022cc1b3c.jpg,Spain,ES,28.3558,-13.958432,4
4584bbd67f7d41bf879b11ef3a8fd639.jpg,Spain,ES,41.80035,2.830866,0
996aa77cb3354fe5be6b8152e4b0fd2e.jpg,Spain,ES,43.620952,-5.801134,1
e423e167f47549cea51b3f107db9f6e9.jpg,Spain,ES,36.995387,-2.690404,2
6ffefd7106db479e91ea53463b8926d3.jpg,Spain,ES,40.882199,-5.579537,3
b261c1d1da624c988dd138b20b4cfc80.jpg,Spain,ES,40.79926,-4.466284,4
64449580db8546339c7816a692375449.jpg,Spain,ES,28.050793,-14.356028,0
156bb9b2b4b6498f8350e83c0ebcebe1.jpg,Spain,ES,38.320639,-0.513346,1
b8f8fd30d68a4601a079d683a80a9dc1.jpg,Spain,ES,36.771577,-4.109197,2
c35fe0cb05fb473981a06e8ecc5a5f91.jpg,Spain,ES,42.425237,1.903293,3
8772ffa234584c86a9801cf688c63747.jpg,Spain,ES,42.764643,-1.10566,4
3fa23c58766b465eaaeabaa9a1e65528.jpg,Spain,ES,28.084991,-14.434785,0
b697f7ccca3b4a2c822eefdf7f526164.jpg,Spain,ES,38.719957,0.062116,1
1285d790691742a18870a479efcd96c4.jpg,Spain,ES,41.618882,1.510704,2
053bc32603d147d69461b9d8a2a9574f.jpg,Spain,ES,42.422668,-8.715862,3
25261d18df6c452eaaab4cc097c37ac3.jpg,Spain,ES,38.665632,-4.182748,4
bb6f2a78ac6c4015ac4328dbc85799eb.jpg,Spain,ES,29.003776,-13.7654,0
4415a1cec9f94abbbf271e82a344f52d.jpg,Spain,ES,42.804393,-2.905447,1
fa1fa02e6ccb400b9400f2a013c1c9f9.jpg,Spain,ES,41.897548,0.983651,2
d64ade0b877847ed993412b8550163d6.jpg,Spain,ES,38.53533,-0.623838,3
072b8a94f3eb4c64ac48e804607c7c03.jpg,Spain,ES,37.031067,-4.544283,4
62627e5d49a7453c8f307656b79b18a4.jpg,Spain,ES,43.064829,-4.784311,0
db06f0b29d6542d2afca4166c2ac836f.jpg,Spain,ES,38.324859,-0.537684,1
1438e7321cae4e2a9f2a773abbe849f1.jpg,Spain,ES,43.664482,-7.601549,2
b71395fbdc1c435990c064d32b2778c6.jpg,Spain,ES,39.562354,3.239057,3
ec44b5cb04854b1cb94df2f53ae95da8.jpg,Spain,ES,42.105874,-0.171407,4
60e23adb910c44b89dd09c265610497a.jpg,Spain,ES,36.836365,-2.631628,0
6834b94943af4a179c2f7d9ad1145b36.jpg,Spain,ES,42.075879,-1.640609,1
13610a0d6bf94f26baa4d8cb3fee1c99.jpg,Spain,ES,38.722033,0.11158,2
aaae791be39047a89b911fcae0bf84aa.jpg,Spain,ES,36.267012,-5.941844,3
6e0899342e6d4a4182b6ccdb3e6e8f2f.jpg,Spain,ES,37.634291,-1.058203,4
1ea219378a264ddb95a9a4de7e212d2a.jpg,Spain,ES,41.947661,-2.942214,0
f038a17e43ee4c29a8abb0411d512009.jpg,Spain,ES,40.231349,-5.160796,1
cd984122072b452b8e99aa6c20ac317b.jpg,Spain,ES,37.930522,-4.082318,2
b7e19a6ebe2b4b87bbbffef8978e2c1f.jpg,Spain,ES,29.030033,-13.555363,3
df44420d3f0d427684b50a6bce87081f.jpg,Spain,ES,28.926679,-13.700971,4
20769741711f4702ad1ce8ca997b6235.jpg,Spain,ES,28.067931,-14.415897,0
a357cb29443a4f37bbe90d1abf22d19c.jpg,Spain,ES,40.659997,-3.603688,1
a579bb66f42f4d85af3ca9b4f662060a.jpg,Spain,ES,41.547165,-3.20571,2
69482c585857462288b7df95b1015c2b.jpg,Spain,ES,28.780737,-17.936621,3
d70ed2a9d18c48bc97c4fd3f0948e6d0.jpg,Spain,ES,39.437633,3.234857,4
6cb5d4e4808b400abfee10b0e9ceac39.jpg,Spain,ES,39.56841,2.770324,0
ad54f49597614f13af4e5ff8cf17baab.jpg,Spain,ES,36.776369,-4.106447,1
cbbac95e196d45e29862ab141380120f.jpg,Spain,ES,39.488512,2.814789,2
cfbbdc4180a049a39faf03931a8d49e8.jpg,Spain,ES,43.346276,-2.652936,3
84d9cfb1006f4382a3706e3fa30ef6ff.jpg,Spain,ES,28.982436,-13.744076,4
4c0473fc8e0d4d938c9d189c5f3c52d0.jpg,Spain,ES,39.035976,-1.904517,0
1cbc234e527f4c0baebca8a2a607b390.jpg,Spain,ES,29.001438,-13.544938,1
d5322c22900042d299f824ff9b1e4c05.jpg,Spain,ES,36.847025,-2.620719,2
8a4a8a19ddf647beb2b94d632be8a2ce.jpg,Spain,ES,41.658411,-3.485947,3
3763ab3dc6ee4b1b8765e27976c3198e.jpg,Spain,ES,43.729027,-7.718543,4
f2a6375d32e04080a9f4140b8739f609.jpg,Spain,ES,43.748229,-7.723766,0
edbe03a5244441b1a4a6e83a1c3c00cb.jpg,Spain,ES,29.063582,-13.58522,1
09e8e00631684b6b9e14b7b21dc2130f.jpg,Spain,ES,40.453107,-4.687721,2
dd357feed81a4338932dc64d5c32631a.jpg,Spain,ES,36.853396,-4.13325,3
a20537094ee2412a8c21d2a4656871a8.jpg,Spain,ES,40.212322,-0.012824,4
6d60d6562a904a85892a7043c71ad77f.jpg,Spain,ES,39.64826,2.698728,0
9013440e930a41498b821f11d1030a61.jpg,Spain,ES,41.84419,-0.797108,1
104a126a4c954fc99b70455879e26710.jpg,Spain,ES,36.696693,-2.788844,2
e8b1719945d644858968aa96b8079d7c.jpg,Spain,ES,36.328017,-5.928258,3
1443911d65b14207a02dd0871e4fb430.jpg,Spain,ES,29.002457,-13.551451,4
41117ac72f2d487996a27a5d6425b14a.jpg,Spain,ES,39.440593,-0.39641,0
526c42fa6efb49a5872ec6c95b98f17d.jpg,Spain,ES,36.861208,-2.638043,1
6c92eff98394438087fa72bb1df5255b.jpg,Spain,ES,37.453851,-3.940316,2
c74c43b4a95446029d356132065c6cf6.jpg,Spain,ES,39.814303,3.053184,3
f491216b218f4078ac08900bac0a5420.jpg,Spain,ES,40.550758,0.243943,4
a3928a161b1c4e1f8beec90d6bfcc972.jpg,Spain,ES,42.116313,-0.068642,0
588bd69d58f6467f8f5af9c86602c971.jpg,Spain,ES,40.833984,-2.709432,1
d2cfb82d0a494f3198fb0f25fd652d6f.jpg,Spain,ES,42.789596,-4.904219,2
42d6a1be87564913a35402c85bb67265.jpg,Spain,ES,39.971872,-0.58087,3
44caa0e234db47b5adeac1a17f83f6c3.jpg,Spain,ES,28.055729,-14.354486,4
e0b5cb0b545b4eaf86fb642b52bd2ac1.jpg,Spain,ES,43.651568,-7.600131,0
bc2b5821c3a2433ab7b7cbf10efee1e9.jpg,Spain,ES,39.612311,2.646076,1
d36fbfc78ed846839907d0e145d44654.jpg,Spain,ES,38.216162,-2.4546,2
67fc95c07ef240f4b73c02bc511b355c.jpg,Spain,ES,38.412792,-0.633893,3
9f3ede3fae7f45a08fa99b7ea976b1d3.jpg,Spain,ES,38.850565,-0.495731,4
642f37f17b714353a819956e40fcc93b.jpg,Spain,ES,41.809055,-0.713363,0
a6fdbb7078744a398ae00e7218a2304c.jpg,Spain,ES,37.107374,-3.412285,1
b9b7ef5249724cec9c5236d086f89872.jpg,Spain,ES,28.931113,-13.701749,2
f6090d04543749238eef456862ddab02.jpg,Spain,ES,39.39569,2.977685,3
bdbfa0432bdf4366842b6ef21f434720.jpg,Spain,ES,41.88132,-1.756906,4
52f45cdc851c469c8d4e774532e0d67f.jpg,Spain,ES,41.935253,-6.724018,0
e75a980b2c824b6ea8a900cbb1d842f3.jpg,Spain,ES,28.958284,-13.573914,1
0403a4f730194dad9f34bd1e7f178e31.jpg,Spain,ES,41.739356,-3.171023,2
73ef64cc0ee249278ebcb49561b23d93.jpg,Spain,ES,38.20467,-0.723269,3
eb3eb7c2815440cd9ebc85f6c3f079ce.jpg,Spain,ES,39.348074,3.005866,4
2f9fe0e77efd49408c23b5e550c53017.jpg,Spain,ES,28.180057,-17.246246,0
c2827b92f3a04ccea64114122e8a8ff3.jpg,Spain,ES,39.029208,-3.670766,1
c614fe30b80b4c1eaf3fc6e26e31b317.jpg,Spain,ES,41.624908,0.431304,2
866cbacb94b346e79725fc7cbaa81fa3.jpg,Spain,ES,36.852367,-4.133562,3
2ddc35db117548e0a257c04c7b5fc5ea.jpg,Spain,ES,41.539384,-3.203965,4
b94712069ff94b989f38a670a53d5304.jpg,Spain,ES,36.519239,-5.045007,0
8ec82ed733ed46279d36a188b34a57db.jpg,Spain,ES,42.766292,-8.451231,1
41f4cea541284428b49541d9cc87be3b.jpg,Spain,ES,39.742311,3.168865,2
54c0a2fdc7e5466b9aed3bd2e351b5f2.jpg,Spain,ES,39.548292,-0.442968,3
8716709bd75d49629b6db0dc86780736.jpg,Spain,ES,37.362366,-3.824284,4
951874f379e54813a5f837d02e584c3c.jpg,Spain,ES,36.709956,-2.804122,0
9deb681cccc84464bd5e0e74d276a2c7.jpg,Spain,ES,39.476626,3.248868,1
1f83e1447070428995b0eafb27b84110.jpg,Spain,ES,43.63631,-7.601866,2
ad76a420bbaa409e8e990fdb6e799b3d.jpg,Spain,ES,39.496615,-0.500438,3
78366bda8c774e63872ecc52031d5d12.jpg,Spain,ES,39.857179,3.19553,4
ac6e515fa1db448cb4852f0a038f622b.jpg,Spain,ES,37.94765,-0.711221,0
f5e8ceb7285048b996b81751f3087141.jpg,Spain,ES,38.681827,-0.051148,1
4af197ce4534472692c80829e1335a6b.jpg,Spain,ES,28.670361,-17.80403,2
d019b5e9baa14fd8936d3667b2f41b8c.jpg,Spain,ES,41.897049,3.144593,3
148d1a6829d14d88b84f930731316411.jpg,Spain,ES,42.48693,-6.760733,4
27fb5b360a0c48b7840ea1f7c144537b.jpg,Spain,ES,39.666768,3.234908,0
85be254c6cfa4622a932f712280681ea.jpg,Spain,ES,42.024263,2.986053,1
2511cb978dab4a48b132dd71a3175082.jpg,Spain,ES,42.774184,-2.908426,2
1fd5d17c142e40398659d8581a29748a.jpg,Spain,ES,38.444642,-2.770463,3
a04acb862c8f4e56a48c87f35050ce54.jpg,Spain,ES,37.167563,-4.552014,4
903e778da5884793a56bc637a08f2626.jpg,Spain,ES,39.53824,3.246388,0
7960ce176849463ba6fed1e701e989f3.jpg,Spain,ES,38.436571,-6.38455,1
f013a67d45f841b0b294a4e4536af75d.jpg,Spain,ES,28.049119,-14.331713,2
a6344033a4f9423b8b2dfbe7999f4be0.jpg,Spain,ES,41.242587,-3.820675,3
1d6d2431f50b40efb1f4a7de55b1a5b5.jpg,Spain,ES,43.028325,-8.427142,4
8f5654ec1b7442df8dfed6f8ef9656cc.jpg,Spain,ES,40.607515,0.280419,0
423592dbea714c7e856911d88ca49b66.jpg,Spain,ES,42.462881,-3.152802,1
932c36c4532740c89e8ef9db918fd4ff.jpg,Spain,ES,37.420785,-5.912494,2
d32dc9ce860047f1966700e1dbe6c3ec.jpg,Spain,ES,39.540822,3.236818,3
400b1f77ceab4c85b5fcbab85c07b24b.jpg,Spain,ES,38.591771,-1.689358,4
e8f7c69c8edb483fb2d620f263afd2cb.jpg,Spain,ES,42.417108,-3.284499,0
60384eab246b42c4ac9269bedec63731.jpg,Spain,ES,28.929767,-13.701559,1
d5e3321d595e429d9e926cd0192ee4b2.jpg,Spain,ES,40.000982,-0.586141,2
724d4643fe6842b7a1db9050bf4f88c3.jpg,Spain,ES,42.554245,-2.946299,3
315f9cbcf9b84128bc228c90fce1f535.jpg,Spain,ES,41.363281,0.913832,4
042ebf6ccf084d6eb0d8dc69c49cd455.jpg,Spain,ES,40.05615,-3.071862,0
f074a87333524dedbbb60cf46a165539.jpg,Spain,ES,38.804812,-3.012269,1
f9cc9016d3ea4b11b5f51ded1c696807.jpg,Spain,ES,28.91187,-13.783046,2
3575ebc3c7c2463da8fd9e5b472da6f3.jpg,Spain,ES,39.703891,3.087014,3
24ddb99739c640c2b7b6752c5df710c3.jpg,Spain,ES,39.413275,2.901878,4
7338db5403a94f28aded124908e11960.jpg,Spain,ES,41.006985,-6.4127,0
a283698af4984f6fbc8bed654a7f3972.jpg,Spain,ES,28.953952,-13.6672,1
e2af99ce162f4892a9f798f785eb288a.jpg,Spain,ES,27.862246,-15.502188,2
5c44222d0cba4b78b518228817c0b11d.jpg,Spain,ES,41.612038,2.26656,3
d435856fa92840db83aac6a70236d0a2.jpg,Spain,ES,41.65757,-3.485564,4
9ddd5deb03c646499b83af29baba8437.jpg,Spain,ES,37.009124,-4.488741,0
a7f441ebf7364f0e8bf77090654ee429.jpg,Spain,ES,40.66797,-6.625292,1
8840fdd055b642e5abe99b6e845a7f45.jpg,Spain,ES,28.778223,-17.908003,2
6225b8d079c84cfb845db45c27ef01bd.jpg,Spain,ES,36.526572,-4.664411,3
7dd13a1f978d40d3a87a4e43fa5a034a.jpg,Spain,ES,41.058264,-6.453487,4
3439e2c9237c4e89b9165c517b42c06d.jpg,Spain,ES,41.485077,1.660827,0
38e192e5f7514abb9a3207190095531d.jpg,Spain,ES,42.837018,-5.15426,1
e2ade4950c8a4ab487f0cf13e7d95dba.jpg,Spain,ES,36.986576,-5.944767,2
8ad016978b444b08b51945130dd00368.jpg,Spain,ES,39.048829,-0.243978,3
2fbb7a2d805849f2947ff1fb00336aac.jpg,Spain,ES,28.348655,-16.514013,4
6e9c4b333d49483194e63759019b689e.jpg,Spain,ES,39.625231,2.648001,0
99410ad31e8a47dfbb21ee21f5d85ee7.jpg,Spain,ES,39.408563,-0.333925,1
5013b8587bd14a629743c7c467fc706b.jpg,Spain,ES,38.790542,-3.408166,2
ea95c2c5689042c6a89d3c5e9569ae18.jpg,Spain,ES,28.776841,-17.911587,3
e310b5a1f58d4ff7ba2de9d5cbd161ce.jpg,Spain,ES,37.698318,-3.3798,4
1d07585c3abf4331b772268d3997ed72.jpg,Spain,ES,28.782205,-17.764522,0
d954aa9beccf46789707fd8f5d6827e5.jpg,Spain,ES,38.859999,-2.20809,1
fc57f74ede7b461185c18d7554d1ad04.jpg,Spain,ES,42.19732,-0.315043,2
9713b6e62bba42c0858d84d8cfaf0eb0.jpg,Spain,ES,42.835696,-1.649348,3
3abb4306dc024259a037ed1d420b0e06.jpg,Spain,ES,43.168306,-3.44145,4
cf0271799a29476a832fdb66950a8f28.jpg,Spain,ES,40.217411,-3.591323,0
3a0a86814ed64d4d99bffa384a413367.jpg,Spain,ES,42.063605,3.048623,1
f6c79228aa8840c69d8dfce0922b7612.jpg,Spain,ES,43.484456,-5.490774,2
ca761d8517cb4eb783623f0779aadc66.jpg,Spain,ES,39.514096,3.283268,3
ec22902aa00345d28cf0cd62133dfad4.jpg,Spain,ES,43.390259,-4.375276,4
d53e4f6b6df0468a967af8212cf74b53.jpg,Spain,ES,39.736992,2.910084,0
f9844277936e4ba8af7a4eef28ddc32b.jpg,Spain,ES,37.884983,-4.369356,1
cedc3ecbb4b5480fb30528b2e5f3dc13.jpg,Spain,ES,40.099926,-5.961746,2
d5cabf673fe44580aeb30c55f5d9ddf4.jpg,Spain,ES,37.955624,-3.791662,3
63c81a921f764cb2bfe119d15db5304f.jpg,Spain,ES,41.241776,-3.779279,4
7ff09852d5ac4ba7ad2a0bbfc44e77ab.jpg,Spain,ES,43.238659,-8.570288,0
f7691ecef47c40238e7ec878ac3b5eaa.jpg,Spain,ES,41.623925,-3.05308,1
0cbac50e0330481a8010cf9ddf0b483f.jpg,Spain,ES,40.575808,-4.174801,2
82e199268bbd4225aebe6c24e3a9c34f.jpg,Spain,ES,28.502986,-17.847634,3
6950642bb1224365992f6787a2cf9cf9.jpg,Spain,ES,36.73528,-4.239885,4
d47c9c823cd34529b53bd60ced128745.jpg,Spain,ES,42.790364,-8.1145,0
a76ef1e2b84e4510a7bb033d73fc219b.jpg,Spain,ES,39.351836,3.034461,1
fc219f4a89d0491e8db67b818710c999.jpg,Spain,ES,42.742614,-8.961322,2
83808b436edd4a0bbe6b1cad41c91cd7.jpg,Spain,ES,37.62893,-0.796453,3
e1589ecfd155424d8f124142288a2fd2.jpg,Spain,ES,39.189768,-1.427061,4
838796ecbeea4d5aa30d45a655b5c2de.jpg,Spain,ES,28.651457,-13.832023,0
740e24084a794d308a837b3ca3e34c33.jpg,Spain,ES,36.738374,-4.238682,1
ed1e3c1a278f4270b479b3001af39605.jpg,Spain,ES,39.570543,-3.851466,2
7ae7cf3272e748ee95ba3c11424460dd.jpg,Spain,ES,37.817728,-0.819055,3
0bbd0d872e6d47fd948ca115b34555e8.jpg,Spain,ES,38.675353,-0.043177,4
d17280b9dbaf4c329d629fe18a3f8662.jpg,Spain,ES,39.317202,-0.407377,0
cd309689b2f844ce9ebcf0bb2da83617.jpg,Spain,ES,38.313329,-1.482958,1
623990350e574bbc98a1d3c4569f827c.jpg,Spain,ES,41.117823,-0.944057,2
074fed94959f404b846b1d5e8d7e07a6.jpg,Spain,ES,42.224638,3.004793,3
0178f2f56de942f2bdc7976c3174084c.jpg,Spain,ES,43.036498,-8.797333,4
a70fb62461d4468080097b072defc914.jpg,Spain,ES,42.205774,2.756201,0
ea055f0bf72b41bc9263a7a0781937b2.jpg,Spain,ES,41.442299,1.558577,1
fa0c2868975a46e283785d1501d74174.jpg,Spain,ES,39.573799,3.111763,2
fa9b6201c8ec4f418b19a795cfa234b6.jpg,Spain,ES,42.795317,-8.12744,3
a8379a0f089e4fc691068e8cdba05e06.jpg,Spain,ES,36.713366,-4.327232,4
1e10fa10a7064203ba733351ae554abb.jpg,Spain,ES,41.518674,2.125268,0
6efdc09c9383483f9622deaf10d5279d.jpg,Spain,ES,43.245141,-8.196915,1
47f74254501a4173a1a1a2a1f2534603.jpg,Spain,ES,39.926597,3.825969,2
8f29aae40ce24ad59e464868792b0db1.jpg,Spain,ES,42.671309,-5.599272,3
441727e3878f4625a71d1ebebe84f484.jpg,Spain,ES,38.409107,-1.565166,4
7540e184f7a7400c944b08499064f4ce.jpg,Spain,ES,38.904918,-3.390347,0
182f8e586adb43fe8855c78e794633f2.jpg,Spain,ES,28.953111,-13.669556,1
9a372404781640d9a61f25ec5e96492d.jpg,Spain,ES,41.682114,-3.251621,2
914b224c060b48c18f4696de577b9fdb.jpg,Spain,ES,39.662993,3.223561,3
256056b757a8459da79c6a7ef7095436.jpg,Spain,ES,42.009427,1.716789,4
7afdce6279594ef4baf8777ab84294cd.jpg,Spain,ES,42.173015,-1.553286,0
fe2712590da643fdbfd1054f70fcf062.jpg,Spain,ES,28.061374,-15.503301,1
90d701af831c4c2fb9c07de1bea542f2.jpg,Spain,ES,43.238764,-8.565685,2
f4cbe4b268bd4bc8ab643d07e262f580.jpg,Spain,ES,42.785904,-4.843574,3
b9ec286cb1344ec59519dc136c520a15.jpg,Spain,ES,42.978351,-2.233785,4
963c8bb568644d89a556603bfe947f37.jpg,Spain,ES,37.133307,-4.74244,0
ba2c38769b5f4ec79a3ec611b9873991.jpg,Spain,ES,28.317492,-16.565578,1
b942cbe13db74b80afb32737066ee622.jpg,Spain,ES,43.064733,-2.715558,2
619f89ad6e4546558ef4abd6cc27e213.jpg,Spain,ES,28.226926,-13.990521,3
aa53882888f64beab318912805332aea.jpg,Spain,ES,39.704498,3.242097,4
9c0a48447ae84e4b997875fd0bfe7ca3.jpg,Spain,ES,41.332482,0.810697,0
c799dfcfc0704fbda65f66bc0bbf4757.jpg,Spain,ES,28.991314,-13.59759,1
2f668b8b81264835b8d4f724987b3429.jpg,Spain,ES,39.440062,-0.337933,2
835095a6158a43328569b87c853bed7b.jpg,Spain,ES,28.472232,-16.424577,3
e9178cad114f412c8fabdbf7466bef31.jpg,Spain,ES,41.34192,-4.110246,4
8b85419ea95a4177a698379256581184.jpg,Spain,ES,42.19852,-1.436046,0
bd60e14b356f45f582def310f9700050.jpg,Spain,ES,28.049492,-14.331906,1
05d836fde40d4ec7870de47778b12f27.jpg,Spain,ES,41.990718,2.75894,2
df592e4494eb4d23b9e8b7d387143599.jpg,Spain,ES,39.5648,2.676283,3
46ac073844e045f1971766b5273daa6d.jpg,Spain,ES,28.368709,-16.849223,4
d6f3ec535e344e20be2cec7eac2465d9.jpg,Spain,ES,29.104045,-13.469375,0
5464b0a76c3446a69969269388a83206.jpg,Spain,ES,40.683782,0.338429,1
73e4f0cf474f4e80961952a1bc01fe73.jpg,Spain,ES,42.834054,-1.630367,2
e0d150f78c2c457895a733259eeb1176.jpg,Spain,ES,28.974354,-13.748667,3
6ba94773690540f99da75a0c40794abe.jpg,Spain,ES,39.554201,2.703213,4
f44c6110a00a40c082e0d04cf9a90e7a.jpg,Spain,ES,28.963853,-13.568601,0
1d02f349d0314b5e9e4993e1713c840a.jpg,Spain,ES,36.820921,-2.253433,1
3b52a150216b41f5b36ad2b68b67831d.jpg,Spain,ES,43.727791,-7.72416,2
beeb8d40f76549a1b638044fdf7035ba.jpg,Spain,ES,40.913776,-4.262271,3
2dae7fa55b9b4ddb95695f1c97acd263.jpg,Spain,ES,38.370117,-5.961787,4
7eb0dd3189f847eca81c4bb91b93ca57.jpg,Spain,ES,39.371857,3.011853,0
29a8996ac80745b6815a45f24f4a3700.jpg,Spain,ES,39.576326,3.142679,1
75c2d16dd7fd444bb4053f3f373a4080.jpg,Spain,ES,42.034048,2.45752,2
c5a853fd0f1442cc9943ebef7081374e.jpg,Spain,ES,39.758108,3.061792,3
cbf2ce80d97748139bb3704d427228fe.jpg,Spain,ES,41.966884,-3.113328,4
d7e85ed9f6754abfab36844ac3014088.jpg,Spain,ES,39.371854,3.147691,0
2cb3ddcf296e4ad8a38b78e3ffa0b634.jpg,Spain,ES,38.762131,-3.36504,1
633a26949bde43019ee17c71c6b66865.jpg,Spain,ES,38.268901,-6.032707,2
15c45a20066941d296bc1b4dfbf64b8e.jpg,Spain,ES,42.737937,-8.852663,3
5d2bbca369664a95819884cb8a318711.jpg,Spain,ES,42.027822,2.977389,4
707505a48d7340e3b3059b285b8d9fc6.jpg,Spain,ES,42.892322,-2.135828,0
3c16551c087f42a18bed2a76f6094ca1.jpg,Spain,ES,43.219451,-3.165747,1
5012a881ec6a424db628db335a861487.jpg,Spain,ES,40.054278,-3.613566,2
10c6a71477114b6191e4a74522241c4b.jpg,Spain,ES,37.696448,-1.701581,3
9a3e754c81134557a6d1e54c1107452c.jpg,Spain,ES,39.567145,3.078549,4
1d89727a3a74485699b5b58c8627e69c.jpg,Spain,ES,28.078552,-14.490019,0
78b17f3ca1814ec5ab23c0204752019e.jpg,Spain,ES,39.817117,4.246226,1
8c4299de71c043dcac5e6730f988f426.jpg,Spain,ES,41.884146,1.077756,2
a6db341ea9e541159904f0b248d1a21d.jpg,Spain,ES,42.768897,-7.515129,3
2c4c18d460b54a06b83f8f9feb06349b.jpg,Spain,ES,39.321286,-0.410527,4
fb42f24215844aa2a59929b6e3e25073.jpg,Spain,ES,28.958852,-13.567067,0
1ae5d0ff65ef4398bf62bb5266ac21a8.jpg,Spain,ES,42.39558,-2.239427,1
bea00a7a03974e4fb08a8e1fa0df936e.jpg,Spain,ES,37.883491,-4.36503,2
f197d01d00f341d88149dd8bc992b603.jpg,Spain,ES,39.640661,-2.331965,3
dbfd5aa6eb474b788dc4254376ad9f5f.jpg,Spain,ES,42.70811,-9.01727,4
e84c3ed3379842bcb20fc6c771365236.jpg,Spain,ES,38.036032,-4.107785,0
ba461c6cec34475686f4389bb3b9f6ab.jpg,Spain,ES,39.947188,-0.56801,1
8044c67826174b54b5b23f1ec36df0c4.jpg,Spain,ES,37.332484,-3.276836,2
23032ce3bbb24e62aa15233b988c9a6a.jpg,Spain,ES,41.973599,3.028578,3
7bb97f91b3d841d5af8fc2b55bcce73f.jpg,Spain,ES,36.580595,-4.707666,4
e9a8a530831843e08758b8b72ba84e83.jpg,Spain,ES,39.986563,4.004188,0
18efebb5cf8d453dbdcad44b79d63ece.jpg,Spain,ES,38.808391,-0.463231,1
de903128f3dd4a528151c80f326518cd.jpg,Spain,ES,40.601257,-4.899767,2
cb7ee566e0dc40af91ac383d1a56028d.jpg,Spain,ES,41.968908,2.867241,3
9d1faf53681e460fbfeda001d90265b4.jpg,Spain,ES,28.141437,-16.456745,4
bca547e2ff9344ac9d8379511d23d3ce.jpg,Spain,ES,39.795769,3.071751,0
ebd7601d972d4aaba07e57852b8377be.jpg,Spain,ES,36.861112,-2.552078,1
14b44d59c2a64e988e8c9488fcdafd31.jpg,Spain,ES,38.021713,-4.168902,2
4edb963f05654ab79318d0e9aabad4a4.jpg,Spain,ES,38.949775,-1.883028,3
6e112c8ddb1b479d8e47c0fc8d30ce11.jpg,Spain,ES,42.656992,0.926214,4
4fbfd7ab4a48463ab93e4b0ba9ea8574.jpg,Spain,ES,39.383733,2.998294,0
e53895b9ea8447188cb6c8a5f95e2aac.jpg,Spain,ES,37.486248,-5.626076,1
1b25616ce4654966b733d1e464dfb326.jpg,Spain,ES,39.741528,-2.42178,2
abc0fb23eccb4cf0abe71d37de1569e3.jpg,Spain,ES,39.747495,3.165364,3
25177c85620e40bd9a0e1f71fc651c90.jpg,Spain,ES,28.884392,-13.832873,4
a63113c80dae494faf37141a64e62e1c.jpg,Spain,ES,37.891619,-4.723106,0
9fbb966e7e48489a904c01d1ac3e93c6.jpg,Spain,ES,28.723323,-17.785369,1
5e3ca3bd90a04b8ca4507f4dce2d4a8f.jpg,Spain,ES,38.754138,-3.103558,2
7870e82e9f544591a5f6c2499136aa17.jpg,Spain,ES,42.668631,-5.598399,3
af1280e9ea72484f8d023d8cba708709.jpg,Spain,ES,41.968898,3.031821,4
ae1d385034d54842a461b8efafc89791.jpg,Spain,ES,41.897388,1.320002,0
18b88af6b34445e5aa92f0d62a6c5382.jpg,Spain,ES,28.943769,-13.797922,1
848c95881e71466e9fa4ca3fbeda30ef.jpg,Spain,ES,37.247248,-3.743202,2
285270386a1e4826a31c89c1b3e10c03.jpg,Spain,ES,38.328932,-6.046175,3
dde87a96dae74dd8acf54fc7f5a821a1.jpg,Spain,ES,43.294698,-5.136941,4
0087f52cd0b9428b9b8f1576f3bf91f0.jpg,Spain,ES,39.351556,3.132722,0
95f2a083d45c46b1882773e233a6da62.jpg,Spain,ES,42.771244,-5.038867,1
12b15f9504fb429fb99f7481522d58d1.jpg,Spain,ES,43.628609,-7.603044,2
36d54d5b749e44afbf8af6e555309b02.jpg,Spain,ES,37.196295,-4.795081,3
82014ae6a43a4092bd161da9cc86533a.jpg,Spain,ES,42.018403,2.707649,4
56920d8fc4d5418a8705498f10898e48.jpg,Spain,ES,36.746373,-6.047217,0
e09047fab04145d3bc779eb1f6b67418.jpg,Spain,ES,42.131636,3.064628,1
c8e2d3727997453181a10e319536ccc3.jpg,Spain,ES,39.661345,-2.371593,2
596f057a1d4b4af7a4526bfb4c6aae4d.jpg,Spain,ES,37.325082,-6.834047,3
60e9c4a323d44c03a86b6c7454445ecb.jpg,Spain,ES,28.248965,-14.040299,4
e3c89cf1d91d4396977bf51ec7908626.jpg,Spain,ES,36.761358,-4.061577,0
1475e382e9064b228b3f2072eec64f48.jpg,Spain,ES,39.650529,-6.893954,1
768bd34df71a489e87e1ea1e0179ee80.jpg,Spain,ES,41.758081,-1.084571,2
970d368ab6d04e7a914ff814a93f844e.jpg,Spain,ES,41.627697,1.028547,3
a9660b7323554246ace052c3865fcdfc.jpg,Spain,ES,37.987135,-3.212737,4
d6ff0ef8f1a049a5a4b91f8891765a3e.jpg,Spain,ES,43.08801,-9.219305,0
c352ab6b058c4fc8ab4894ca41e56703.jpg,Spain,ES,43.273342,-5.597113,1
caa81d8e18274645bd5636a1343c6ef2.jpg,Spain,ES,37.648457,-0.786052,2
8a4bca34187d4826ad07cf9e206c447d.jpg,Spain,ES,39.058698,-3.375289,3
d50f1aead7464f9d88d0d72179477bb6.jpg,Spain,ES,40.21861,-0.937353,4
484eb66f9ff64a5f8948907557d04726.jpg,Spain,ES,42.494222,-3.07377,0
ab1f2525ce38410fba32b82806faa611.jpg,Spain,ES,38.005728,-3.820097,1
1d21acc2c83e4dddacde8f0f20b3b817.jpg,Spain,ES,43.730344,-7.692376,2
331bf744be1d4371b16d44128371ffe3.jpg,Spain,ES,43.63922,-7.60211,3
7a48ec4d2f9f424bb3aa7cd4b3509a8f.jpg,Spain,ES,41.947239,3.124821,4
cabf3663ea674f8e82d7dabd89fc1ba1.jpg,Spain,ES,39.701123,3.262162,0
428a559cb1014fb2a0690e9a9436821e.jpg,Spain,ES,39.765064,-4.072511,1
8b23688f5bec41ffb744126cd791a985.jpg,Spain,ES,43.633525,-7.601127,2
003c69a1a1344a9b9706180523b39e7b.jpg,Spain,ES,38.132169,-0.951758,3
7422582bcc8444669a52a994a9b7a1eb.jpg,Spain,ES,38.525041,-1.675094,4
af8242d4578f4e128b1981d03521421a.jpg,Spain,ES,43.188915,-6.076391,0
9129fcb95bf645d29ff8ebfe25461fc0.jpg,Spain,ES,43.112036,-8.146786,1
76e815a060584630b98d878a24dc4204.jpg,Spain,ES,42.513018,-5.420392,2
82f88ec891cc415684ddb6e004413505.jpg,Spain,ES,38.828085,-1.751089,3
52c44844da2f4d25bae8a42506b547a1.jpg,Spain,ES,37.84299,-1.040445,4
04267539a7b64e52bb6bc5eb0180fdbf.jpg,Spain,ES,39.485393,3.158413,0
2583a11356664d1d8e49f88801196636.jpg,Spain,ES,40.609998,-4.115545,1
adda6d46629f436f8a9b03f6e8df024c.jpg,Spain,ES,39.059711,-4.178951,2
c80773069d634a0ea5303b846b9935df.jpg,Spain,ES,37.604184,-5.757007,3
ab0e5b2bee1d450f80b26a17f801ff0c.jpg,Spain,ES,36.808881,-6.061391,4
385d192460d54bfe969375ddf2c0f44c.jpg,Spain,ES,38.653473,-3.469571,0
32386b2fdd9c4a0d907699e0d65e3384.jpg,Spain,ES,39.186763,-2.12374,1
bf2a416aa108447c9592408d942283c1.jpg,Spain,ES,39.430252,-0.340393,2
c51e5c5e49614fae884bdbd043d7979c.jpg,Spain,ES,39.560402,3.244096,3
34451a545ae6436094522677baeb1dd4.jpg,Spain,ES,28.074514,-14.424764,4
19a1eb53b48549698ba29db113655d3b.jpg,Spain,ES,41.762404,-1.119712,0
4e626347583a47c599d24950dbd76071.jpg,Spain,ES,39.395155,2.981089,1
488ed25437cd4b53972d061c56a2c9b8.jpg,Spain,ES,39.086575,1.520939,2
cbcf8f9f4f7148a88d54b51686ac4552.jpg,Spain,ES,41.73234,1.264926,3
f075e3d19df742f1b56c6084070dc986.jpg,Spain,ES,41.980902,2.868287,4
a3278a0c476f4a3da78d3139075690c3.jpg,Spain,ES,39.873513,-4.017265,0
0ace5401a1c54c4594f63f8540e81549.jpg,Spain,ES,39.704267,3.105209,1
f4d919e2033a4848971f7d7779629b58.jpg,Spain,ES,38.24058,-0.599177,2
3cfd0cf4890e444385ab25e043765015.jpg,Spain,ES,42.835816,-5.206527,3
d4344279911846648babb425aa7cc3a7.jpg,Spain,ES,36.717956,-2.874764,4
c193f5b488004bf894f1bffb516688f4.jpg,Spain,ES,28.713276,-17.749737,0
c17bc827f8944ac498a5687e2796fb94.jpg,Spain,ES,28.075177,-14.495811,1
958b96d8876944518e0df85271f276a4.jpg,Spain,ES,41.720909,-3.184258,2
0f9338e522a94ea4ab4de3636c5f43e0.jpg,Spain,ES,38.87021,-1.778505,3
a84c5868c1e143d59f05ffb7ab5cb47f.jpg,Spain,ES,42.015788,2.711862,4
1e12ae57e3e04008a2afd408b4d28ef6.jpg,Spain,ES,41.188478,-4.449763,0
57863a7bdf624cec979acfd92b5a7a6a.jpg,Spain,ES,39.655976,3.250847,1
e114b6f98ea54d94aebbb68543340c91.jpg,Spain,ES,36.713784,-4.274085,2
8ce4580387e44113a1139e4435519f3b.jpg,Spain,ES,39.442867,2.898983,3
6a8e0ee5b7a845c08f33730565817cb3.jpg,Spain,ES,41.618922,-3.053264,4
92036c7e75c24f5b8e29a270007d6476.jpg,Spain,ES,39.373791,-0.566865,0
09b6425fee2b4a72a2d1af4463cfa63e.jpg,Spain,ES,36.733591,-6.089131,1
a7253ff54d4641fd9333024cc4d5af5b.jpg,Spain,ES,39.357139,3.19963,2
5bf1da7806a44084b8bd1d695d82c831.jpg,Spain,ES,40.330093,-3.448117,3
a1f391e67f8f49be998c42118f9ff52c.jpg,Spain,ES,37.669856,-0.925546,4
9ef7504123074ac2909d5fde40ce5ee9.jpg,Spain,ES,43.363021,-2.667998,0
88f4424f055144a484dd3ef0047d1404.jpg,Spain,ES,43.368403,-4.450061,1
460a8a022d8c4c72ba958b87dcaa61fb.jpg,Spain,ES,41.491975,-2.85175,2
dde44d125741404987dfa62faeee48c4.jpg,Spain,ES,42.035623,2.96726,3
1e8c433d73f5476398f798823a2d4048.jpg,Spain,ES,28.546979,-13.94608,4
4423ca07772d415b925eeb7438712312.jpg,Spain,ES,37.051734,-5.929738,0
549d291ec5514c82ae51f92784c06cb0.jpg,Spain,ES,41.817488,2.730802,1
6bc7e5d5218442c296a25b66e54c9a31.jpg,Spain,ES,37.693668,-0.867995,2
f170c00e3a2b4606b3883d54ca391ca0.jpg,Spain,ES,39.625408,3.295713,3
47a38cdfe6dc46e18c28a0b430e93460.jpg,Spain,ES,41.254274,-3.897115,4
b88c1d8201024156bba8bb3c49cad1fa.jpg,Spain,ES,28.778991,-17.962548,0
3aeba931020847a69e6aead006a82c04.jpg,Spain,ES,39.477224,2.895489,1
a0f277a8d26347e6bd3a4383ddae4984.jpg,Spain,ES,43.369474,-5.534352,2
8f85ca4dedd74cbcaf861c071aaf8cf3.jpg,Spain,ES,36.579329,-4.70816,3
5e53189ed13e439188e42a739b35751d.jpg,Spain,ES,37.126415,-4.367489,4
bd15b78817ff4024b113088fe7e54ad2.jpg,Spain,ES,37.845897,-0.788254,0
8c7758bd5d3f4e70b5a254878d5a7203.jpg,Spain,ES,39.358262,3.131218,1
e7981e03a0c4455397ffaec3e4b32068.jpg,Spain,ES,36.320238,-5.951542,2
cc812aa4b6924ee98605c450fbb27b0a.jpg,Spain,ES,41.426208,-0.12885,3
eeb85d489778420abc7a8e1ce86e2673.jpg,Spain,ES,38.929961,-2.941693,4
8f4ea52c02d4495eb88f73687f8baf4a.jpg,Spain,ES,37.169503,-2.875597,0
dd745b3bcc1a4101b691577462a1fbb8.jpg,Spain,ES,43.02848,-4.858196,1
b7f5b26200f24322bc10b3a575eb3912.jpg,Spain,ES,28.052552,-16.600723,2
033e6317d30b4bef820a948dc4efcb64.jpg,Spain,ES,43.042244,-4.216932,3
06a126a9fa3248b591188a4ad3cf32e2.jpg,Spain,ES,39.421305,2.896097,4
6d0743d582fd479e9e4c4337ccedd2c2.jpg,Spain,ES,42.83402,-8.739643,0
adbb1d31331446f3a7b36658dc1e4e44.jpg,Spain,ES,42.95604,-7.530611,1
a7b9d465909448e8ad72808c8d859b9e.jpg,Spain,ES,39.37136,3.147322,2
f2d1b4e96c954484a61fceb697c5e46c.jpg,Spain,ES,38.757073,0.104518,3
252b3721e033410587754e85faee1b8d.jpg,Spain,ES,43.343123,-8.304673,4
8b5c4cf7c9bf4d85b965952e9efd7680.jpg,Spain,ES,41.028628,-1.658791,0
ccf77e88bf2b4a0292e0698dff936fe5.jpg,Spain,ES,38.199715,-0.679126,1
9765691dadc54289accc6c39f7485458.jpg,Spain,ES,38.565102,-2.3343,2
efcdfefffe1c4c91a9c6407ed5932983.jpg,Spain,ES,41.949002,3.105779,3
d0494f711f174096beeaff330773b50e.jpg,Spain,ES,36.782111,-4.104239,4
397fdfdaae78469db47d6156f03ca292.jpg,Spain,ES,38.63579,-3.471639,0
71c708752b3944169d5c7e765a52534b.jpg,Spain,ES,42.921475,-5.292561,1
8639a55627074c82be69fb494285de9b.jpg,Spain,ES,39.36108,3.128669,2
75a77ebba7c4431f9ba48a7e8ce35c3d.jpg,Spain,ES,36.55719,-4.656322,3
a865cf84866440018fa570db90d5576d.jpg,Spain,ES,38.011527,-3.838726,4
436789acb7714cf8a6d86f1f0724b209.jpg,Spain,ES,42.662281,-4.792326,0
1f8fec0eed7545d298adc77dea9138c6.jpg,Spain,ES,40.258936,-3.762033,1
df13603d6ab94e3180048a4bbc382d0e.jpg,Spain,ES,39.99515,3.845783,2
54625e0622e34c3780a054c1a5ffb6b9.jpg,Spain,ES,37.366487,-6.941043,3
b0239a6738f94dd791f6820078ed84d5.jpg,Spain,ES,37.286284,-6.994538,4
8a9903d416324c85bcbdc72bc00d173a.jpg,Spain,ES,28.940975,-13.802124,0
16a2217cc22f46ab82b4b4e0dee9604b.jpg,Spain,ES,42.145193,2.610324,1
15856a48e54d41a69c9c5b7d2a31f203.jpg,Spain,ES,28.063086,-15.64629,2
f71ab43544b649eab10aca9b4f744856.jpg,Spain,ES,43.263024,-3.176075,3
408194b16195447fb1b0f877cf8c34ea.jpg,Spain,ES,28.397363,-13.87153,4
8575c8b667464578a22c77e2db25ab13.jpg,Spain,ES,28.774627,-17.962095,0
db2477067c0748feae622051d5ab2aec.jpg,Spain,ES,38.094182,-0.712794,1
1370cfbaa5c6471583fe303e68fef0e0.jpg,Spain,ES,38.99189,-3.388267,2
6c2ba431b9b14fb2a2d4138dd2a411b6.jpg,Spain,ES,43.332439,-4.691646,3
27b82bf79f354f168299c7fa13e9b5f0.jpg,Spain,ES,42.728825,-0.525206,4
f3d4254fc5d843c58f388ff7364cb213.jpg,Spain,ES,37.335646,-5.949848,0
27dee0ad5c854078b5ad9bed3235a3fb.jpg,Spain,ES,43.118106,-4.776254,1
b9a9f0e92fa541c5aa08759647bc70d8.jpg,Spain,ES,43.313204,-8.421903,2
c4cc4879069a499fb157f46d0f56d2a1.jpg,Spain,ES,37.523033,-5.245947,3
75bccb44f893431bafc91f6a23b04d19.jpg,Spain,ES,39.992107,3.845867,4
dad44bce4f414940bbc85ff6348c0339.jpg,Spain,ES,43.746086,-7.720213,0
76caf926fbe04298983dca2466d1b7e1.jpg,Spain,ES,40.381443,-3.478168,1
f088661c239c4dee90e4d42632215935.jpg,Spain,ES,28.651833,-13.831988,2
722200b96e4b425c82fa71cd1f83e2c4.jpg,Spain,ES,38.978974,1.466092,3
82182e486a93418c9ab08038886d227a.jpg,Spain,ES,43.220112,-8.985345,4
a0528c71ce87443383db865598ab91d2.jpg,Spain,ES,38.144099,-1.127657,0
0abaceb0173a4b7c9e4464eb03550517.jpg,Spain,ES,29.102668,-13.555302,1
cdf95745ff074fd08c700bfc6ed8aff5.jpg,Spain,ES,37.084424,-4.375483,2
65cb260d998e4677870750568d8480ad.jpg,Spain,ES,42.862874,-7.908033,3
f206b807a8a449adb89145deaafb92ae.jpg,Spain,ES,38.751334,-3.390746,4
7bb2581efdc448048aa42de7056cd1e4.jpg,Spain,ES,39.520292,3.28774,0
f80351ccedb14f0d81c53e2999af7199.jpg,Spain,ES,42.497455,-2.723674,1
0c4afdb6610c49cca1892b89bf38a93e.jpg,Spain,ES,39.35609,3.122808,2
8c1ae140b2754c5e96639d3c51f70681.jpg,Spain,ES,42.437567,-3.07748,3
73f4e9ee9c0d434f9f8f2b4da430ad96.jpg,Spain,ES,28.951643,-13.673207,4
87114556f920458e9e17041b290ecd94.jpg,Spain,ES,39.488821,2.809053,0
d2c9ef824391480aa7e332a9c222fb67.jpg,Spain,ES,40.795479,-4.455789,1
bf4104f65da5494a802dbd8b33b6eb81.jpg,Spain,ES,39.54071,3.237928,2
2c58d0657f6546abb7c4d4ab9862b0b2.jpg,Spain,ES,38.186952,-0.809817,3
c01f5a1393f14bacb2a37876a6be0803.jpg,Spain,ES,37.869634,-4.31212,4
0f5f53aeaa3a4647a85873d42874ced8.jpg,Spain,ES,39.489617,2.805731,0
0b76c1c2882d4c79a89dccaecdb24324.jpg,Spain,ES,41.875876,-0.768468,1
fb91efbd30884016ac45c95ed357b23e.jpg,Spain,ES,37.636477,-0.904824,2
20ca9a0528bf4fa5aa8ed8f17ea0bdd3.jpg,Spain,ES,28.126868,-15.470195,3
a3c62d8755c24468aa02fca28d18c022.jpg,Spain,ES,40.575921,-5.031685,4
3f259c4276f445e0b046d72774245e97.jpg,Spain,ES,42.455701,-6.13377,0
20fbd737b2ef4185a30cd9df68be4100.jpg,Spain,ES,28.500037,-17.847227,1
ca9b1c4149634e6d9dce882cd1c709a8.jpg,Spain,ES,42.128849,-0.061443,2
721e38d1e4c44a04ba84e5629c104188.jpg,Spain,ES,41.449719,1.785866,3
32d91b0bd0da4000a4cd680364198443.jpg,Spain,ES,38.509096,-1.654367,4
d6f9596d72824c699e730eab578f31cc.jpg,Spain,ES,43.64486,-7.603017,0
e734af15ea2b4d289c33e9cb535ce1a7.jpg,Spain,ES,39.999973,3.850715,1
bfde9309fbe74ee293a5e55722a435f0.jpg,Spain,ES,39.359798,3.129493,2
c8ea1a447f6f44249f5007addf1e2ae6.jpg,Spain,ES,43.353079,-8.313255,3
37ed19eb6fbb4e508934697db59c2576.jpg,Spain,ES,39.719718,2.886209,4
1b6c9f70ed2b4e78b135c1fd3aa24d46.jpg,Spain,ES,42.558481,-8.791144,0
5ea9f05335464c45ba5838bfa1cc0ae9.jpg,Spain,ES,42.541244,-8.799373,1
b2afb01808f14751a12d9364080eb9ae.jpg,Spain,ES,43.162239,-8.182833,2
9fd793360f4c41259af345ab0a62041b.jpg,Spain,ES,28.052437,-14.363509,3
720fa8650cad4405bf42a4a1b9938317.jpg,Spain,ES,39.520131,3.287639,4
e0bc1db834c447829599723da04dbd9d.jpg,Spain,ES,41.929049,2.729045,0
9acd3535f2ab427fb6a347b3fc8cd7c4.jpg,Spain,ES,39.360402,3.200645,1
6ba0456d23a643f887b9756d555df818.jpg,Spain,ES,36.859071,-2.635936,2
4be60f9a30a64b17929a32ba4cd39ed0.jpg,Spain,ES,42.019372,2.992918,3
237b963f619b4bc3acb3e1513918592b.jpg,Spain,ES,41.630391,-2.515324,4
bbf4078296c04376ad16295f603ffa6f.jpg,Spain,ES,38.311814,-0.516901,0
e2ee48fdad064990a24781341dc573c6.jpg,Spain,ES,41.187775,1.484347,1
bea8430e81a2401c9d5976511766edce.jpg,Spain,ES,42.858055,-8.19622,2
2f49aa0285f745fa841e677fb86d4837.jpg,Spain,ES,41.642954,0.902941,3
bc059c7ae4b44ffe812425a5135bd460.jpg,Spain,ES,39.057264,-0.596209,4
51d734d5d4724d05a5263c637e99c04b.jpg,Spain,ES,37.29686,-5.712545,0
17ebfbaf5fad4524b6b5ccc74f86495b.jpg,Spain,ES,40.693348,-4.105842,1
6970bd2a91ba452195a8c1d4a900c1ce.jpg,Spain,ES,42.355281,-0.738097,2
a684c83ca8984cee84c9bdb6599ddeb6.jpg,Spain,ES,42.850424,0.736042,3
7826090d1de44516aaa9051bde6ee107.jpg,Spain,ES,41.613388,2.266637,4
8e5c1cf9d3964e6eb6baf3bab07f277e.jpg,Spain,ES,37.622647,-0.78506,0
68f802c83d6441a8b319bf322f8f1860.jpg,Spain,ES,28.777887,-17.763926,1
011ad31d608747d2a606e95e15766468.jpg,Spain,ES,43.728035,-7.716684,2
aae0851b5a194bac8385d0b2b310a85d.jpg,Spain,ES,42.038953,-1.601847,3
1bc1d50e7554495492245e048dae9e42.jpg,Spain,ES,39.931881,3.827084,4
f31a4cf740b344509f1f09d32b35b060.jpg,Spain,ES,37.674876,-0.889448,0
5c458acdb12d433b96a83f771b9c6661.jpg,Spain,ES,39.524434,-0.531218,1
e5758cb903d547cb85e835156a684d2e.jpg,Spain,ES,42.490784,-8.651602,2
5bbd41fd5c0d41108f537e45bb4be47b.jpg,Spain,ES,41.755253,2.798435,3
523c8a5fe8654463931f705b3747b95b.jpg,Spain,ES,28.498568,-16.206482,4
980a9332abee4ba6a2ab5ad028ac2957.jpg,Spain,ES,35.881251,-5.506237,0
b489aecb21aa4c1abf79d5d09c0cc647.jpg,Spain,ES,28.917154,-13.709456,1
e5498799b7da44e78234fb62c0d72b92.jpg,Spain,ES,39.693464,2.634018,2
829c0208a29d4fc5855aa679e0fd88cd.jpg,Spain,ES,39.292,-2.203284,3
dedd5f8cd6fb4f14a4f782c730818f03.jpg,Spain,ES,43.12634,-7.518212,4
d8f42205c90346c39fbc01e099de6446.jpg,Spain,ES,40.824865,-4.65736,0
304bb15946c34ddba2f3edc2a4aec346.jpg,Spain,ES,37.856444,-1.400201,1
9bfb2f9c54f84411ada8dc107c124eb5.jpg,Spain,ES,28.080808,-14.479183,2
ae75b4fa21be4770b1f767a33ce70ce0.jpg,Spain,ES,41.982467,2.870921,3
8875b3ee497a4d618f172b70d5c4efca.jpg,Spain,ES,42.177951,3.033926,4
8d9e5516e64d4c6fbc16cd70fb43b609.jpg,Spain,ES,38.28622,-1.458351,0
57dc49440fb34394a5fa9b0f252e6b73.jpg,Spain,ES,28.053232,-14.359174,1
e9591b5cc9d046e2bac48359fa6de31a.jpg,Spain,ES,43.018288,-8.835299,2
9c40632726d045af875f791701fcbca8.jpg,Spain,ES,43.241758,-8.195742,3
ae608f2b8ca94186bbc2d51eba04f6a1.jpg,Spain,ES,42.436649,-7.705097,4
9503f1cd02e347edb4490d2416e361f1.jpg,Spain,ES,41.887766,-2.790526,0
d53ce4407b8b42fb922f863265e0fb35.jpg,Spain,ES,42.150664,2.611594,1
23e6ff535ffd44c1b015ee47552a22a2.jpg,Spain,ES,38.832412,0.06347,2
69d7f37c233b46beba0a9ce533705c2c.jpg,Spain,ES,36.146006,-5.448637,3
4fd0e4aeb450408690c86d54a2280a87.jpg,Spain,ES,39.501628,-4.214675,4
c8d64dd3be644a5f8da44aff52c2e12e.jpg,Spain,ES,36.849494,-2.621772,0
b26b8ef0ab09491b8308e11cb6b855c6.jpg,Spain,ES,43.728971,-7.690226,1
7895e8d5ba4a489bb72c3965bffc554c.jpg,Spain,ES,39.709139,3.014539,2
e0bdaa53c08e4bc881e4d765f5cb928e.jpg,Spain,ES,43.255797,-8.865562,3
c85ff9f7094d4fe98bfb2667b497eb2a.jpg,Spain,ES,43.323964,-4.681338,4
c731d8a2c1944e05b8243bae7590d3b7.jpg,Spain,ES,41.94892,3.106373,0
166254930f4b4628b35fa98ca79c5c4b.jpg,Spain,ES,41.256836,-2.19453,1
0a368a3febd144028f047badc4c0c495.jpg,Spain,ES,39.560526,2.981222,2
fbfc26430f454c11b457caa70fed7b93.jpg,Spain,ES,42.632736,-5.743861,3
6028864566084c35b12666b511a7c50b.jpg,Spain,ES,36.853029,-4.445483,4
16bd673a39e14138a9a80358dff79028.jpg,Spain,ES,38.315256,-0.662891,0
88a901a3f2be4022b5ffc9ba7d0bb46a.jpg,Spain,ES,28.075436,-14.4952,1
6e33b1e905ce4f56a5067982a3a16d09.jpg,Spain,ES,39.020087,-1.80578,2
a234b87808754643b2f652653316bee0.jpg,Spain,ES,43.027356,-8.427511,3
6765e7d602b942a19897c059c44f87df.jpg,Spain,ES,29.123607,-13.467053,4
8cedf59b490e49de9fc1c8270055db8d.jpg,Spain,ES,40.121653,-0.741161,0
9a1b1a0f6111468e84d12279638dd04e.jpg,Spain,ES,38.940215,-0.187837,1
fd84a6ec9319410fac588fbcaac4d54f.jpg,Spain,ES,41.115125,-3.847091,2
b794fdd066e645dfbcd9d0351800289d.jpg,Spain,ES,39.412506,2.902598,3
86c7743d6e064b778e7af55450128e68.jpg,Spain,ES,39.467666,2.899223,4
9d25d13304a64f3cb40532d850aad049.jpg,Spain,ES,42.535643,-0.386954,0
9a36eabf377b43b4b6df3b8afa1033fc.jpg,Spain,ES,42.112021,2.774026,1
720fe66c90f64ef3b8afedd750b61f00.jpg,Spain,ES,41.660931,-2.504293,2
1219c9a3abc64558b989cb65965f5f9b.jpg,Spain,ES,28.88029,-13.832304,3
da13b852ce5e45b68bededea47586019.jpg,Spain,ES,38.996304,-3.800679,4
0851331bf1014e9c9f758a4be29563bc.jpg,Spain,ES,39.636156,2.650821,0
287e39baa43a4c9f9ac1913d6610d6c3.jpg,Spain,ES,39.562417,3.092888,1
a640586e30db4908bf576536c0ceb716.jpg,Spain,ES,40.448122,-0.219346,2
690fffb604ef4a3a973b20fd27b23957.jpg,Spain,ES,28.780436,-17.962977,3
175ebea3c0f94be98c2bf9d1145d8dc6.jpg,Spain,ES,43.623804,-5.80003,4
1494b44b14a649f3a355d43c4212f8f8.jpg,Spain,ES,28.779701,-17.963034,0
1b5f9a8721044c3b8c926c05fcb6c657.jpg,Spain,ES,41.183955,1.423057,1
544d4e7dc90f4ff0891002a80d0830db.jpg,Spain,ES,38.734116,-4.090279,2
d9c845779dba405c91da0a3628aede7c.jpg,Spain,ES,28.703118,-17.778465,3
7dcd72b0ed384a109d3ab17d75a92d26.jpg,Spain,ES,28.661902,-17.816287,4
e5564907a969409f8c45b6c2b6356224.jpg,Spain,ES,40.768182,0.555726,0
97237497b3a84fc3854c2e08415e4190.jpg,Spain,ES,42.421361,0.013808,1
b4648d3f0fe24c62b2aa35e5bf83de88.jpg,Spain,ES,40.17504,-0.869698,2
9793f53ef4f74b4f98ba95eaf22f14b5.jpg,Spain,ES,42.291636,3.208021,3
00c1b46f23a742efb330ae46aa173c56.jpg,Spain,ES,39.561229,3.249621,4
2bc59026debf408aad8e0b6a4978d076.jpg,Spain,ES,40.092081,-3.855985,0
72a2046b3d9f4fe3b50bf98c9d4bfd9f.jpg,Spain,ES,41.543066,1.543423,1
19291bee9a1d410db0ce2e54f27619e1.jpg,Spain,ES,38.881421,-0.751503,2
39efc958e50f4356a1b792ae2e202b8b.jpg,Spain,ES,36.72425,-2.880668,3
f2b8efea02ef40d08f7d0c477ae69031.jpg,Spain,ES,41.977911,3.025598,4
219fed205109418aa416b72f8898be80.jpg,Spain,ES,28.108701,-14.388042,0
bf722bae5b9a483c92e9c21ab7d19d0e.jpg,Spain,ES,39.256442,-3.75607,1
dc75c7d2ba5647e7a401d09df9f17de7.jpg,Spain,ES,43.744959,-7.693173,2
b5663c9450a0447e82ed25a4d8d86d32.jpg,Spain,ES,38.186114,-0.810082,3
1c718d69698947009b28a10b9b2b0d18.jpg,Spain,ES,43.662866,-7.602585,4
27460fd465b54124af98d41cf1e32abd.jpg,Spain,ES,29.00024,-13.544474,0
b3761049cd80463a97f3e031c3493f1c.jpg,Spain,ES,43.165531,-4.370305,1
eab8adc9ad6a431f8bc00c61de2e3fc9.jpg,Spain,ES,41.526576,-0.356535,2
fa301e586bd24c4ead8bb22b52193393.jpg,Spain,ES,28.436264,-13.87063,3
a142c979f36146c8a734f2127da6d10e.jpg,Spain,ES,43.371682,-5.375104,4
38ee552026fe46be90ed4d611030edbf.jpg,Spain,ES,38.437479,-6.377121,0
bb6dc57e430e42b6a2c7adbff485c16d.jpg,Spain,ES,36.863494,-2.573487,1
ee3cf36be4204f799f365bf0ffa025e7.jpg,Spain,ES,40.73446,0.820519,2
e5334fad3442435aae369e7613034518.jpg,Spain,ES,38.628848,-6.369292,3
9e9fafb19cd3437b90bb3e3d762ad6bd.jpg,Spain,ES,42.783271,-8.467285,4
6a555120a2b0458bb2645204ae026095.jpg,Spain,ES,43.729278,-7.687743,0
06a25a04965043cf854a122b822011b6.jpg,Spain,ES,28.396482,-13.870392,1
a657bca4c28d4e25970badabc76bc8e4.jpg,Spain,ES,38.839954,-4.690554,2
ebb4e40d0038499faaf282a3c1361837.jpg,Spain,ES,43.646794,-7.602612,3
b88cb6c9c84549c69a17ea5193cca448.jpg,Spain,ES,43.412151,-5.207642,4
4150faf6f8794d37b9078af2f3ac7429.jpg,Spain,ES,39.680307,3.322305,0
3807cf18fd024addb280ac57c401d9f9.jpg,Spain,ES,36.745051,-4.236473,1
1696e55b599e4c8b99ffe98ce31db4a8.jpg,Spain,ES,42.987156,-8.130525,2
16a1d346e3df408ebdaf259e5274b398.jpg,Spain,ES,39.358193,3.226798,3
96b369fb65554bc9a7f219cdc59dc13b.jpg,Spain,ES,39.026074,-3.925277,4
54ffa6086649492f86ffe2ecebb33d36.jpg,Spain,ES,36.323847,-5.954856,0
01a838bfc1014b62bb3669ef272b0678.jpg,Spain,ES,28.928276,-13.652843,1
4622fb64ab414d5792c1885f35f0ac4a.jpg,Spain,ES,28.912315,-13.780146,2
677d520acb144e6fa1c7d8eec6222bfc.jpg,Spain,ES,28.859315,-13.804984,3
f2921e410505418fad687b4f43c2a332.jpg,Spain,ES,38.369385,-0.704071,4
4171cae3f6a948748b5b1363568f96e8.jpg,Spain,ES,41.639021,-3.604182,0
d7c57dabd2eb444d9787b4b841819541.jpg,Spain,ES,42.920351,-8.203875,1
bd32d254fdbf4be391d9945910a2f7be.jpg,Spain,ES,42.092848,-1.650321,2
3e2daafac886454cab9c2e200a9f6ff6.jpg,Spain,ES,29.007375,-13.598629,3
fd227fa9dfc44688b97320dc664c6cd6.jpg,Spain,ES,37.356047,-2.029078,4
76a6a5cfd9624afdadd5e53083d720e1.jpg,Spain,ES,28.279178,-16.816588,0
5b408c45d90c44d18ff853177914d8ae.jpg,Spain,ES,42.8591,-2.355799,1
e4e24f30925049728052b2e9c4c6b185.jpg,Spain,ES,39.552361,3.345915,2
b16cb45da50640c28c0fe8479b59073e.jpg,Spain,ES,38.529083,-3.493849,3
a61fbc7a795d4a1193b5997a1b003782.jpg,Spain,ES,42.758768,-8.438119,4
c4d989f7f6c948ca9d782d43e60529a4.jpg,Spain,ES,39.44487,-0.402713,0
b9f3f8cb3fd04942916d81b6ce758505.jpg,Spain,ES,37.543553,-5.04636,1
808ecc8aacb949e5b2d3a1f0487bfa88.jpg,Spain,ES,38.381189,-6.277205,2
22bb33e9ed2c4f16b7099447c6374d48.jpg,Spain,ES,41.877716,-0.768746,3
ee3f5224fd064be0aae17420741c79f7.jpg,Spain,ES,38.935922,-3.386831,4
5a6a1875431142eaa8682c72009ec2b0.jpg,Spain,ES,39.424602,3.150363,0
7955da85f5a841fbad4fc3e0ddc92167.jpg,Spain,ES,39.332135,3.106505,1
d3ea1e1dc6a1486ab4f34fea098daabb.jpg,Spain,ES,41.951466,3.091191,2
9b642c319d6f4860ae31e75da69a6d36.jpg,Spain,ES,40.921562,-4.256722,3
2b1550ac27af48e4a3ae09484a0e1f97.jpg,Spain,ES,42.062302,-3.427818,4
e19d082a1270488f874cc654dac03afd.jpg,Spain,ES,37.467041,-1.961532,0
2bded6eaca7e41b18acbd9ab5cac8e35.jpg,Spain,ES,43.662095,-7.602835,1
2cc198bd70224a8081d4158f644efb12.jpg,Spain,ES,41.207535,-6.270961,2
7455497032294f8994518010ae3ac01a.jpg,Spain,ES,40.056453,-3.612864,3
b97cc74eeff94237a4f02a840aaab16c.jpg,Spain,ES,43.342402,-8.302587,4
7fca2c2e1e6d4450a72f61ae13e685d2.jpg,Spain,ES,41.888753,1.067805,0
47a1be52b77741278a0ade82ba18648e.jpg,Spain,ES,43.622729,-5.800413,1
42c3d8347d6c4ee5afc2edc256d530d5.jpg,Spain,ES,38.322666,-6.137035,2
a8e48b2b9c5b4141ac4d412cf52d354a.jpg,Spain,ES,28.785603,-17.767267,3
c2cf658cd61444058dca4516d24a85ea.jpg,Spain,ES,42.424623,-0.795263,4
6e23488d1d8744f38beafa8a06c098e4.jpg,Spain,ES,39.275893,-2.205168,0
3cb3538cd567483a9ca1987a8796c625.jpg,Spain,ES,38.116988,-0.550413,1
b11d2bf855fd4805948f9ebd840da05f.jpg,Spain,ES,36.77177,-4.109204,2
5279a3e6cdc14b768dc30e6a7870592d.jpg,Spain,ES,40.809254,-4.866352,3
648e34fbe88f420fbef33ce4d8a34f15.jpg,Spain,ES,39.512192,2.767183,4
74b216ffdc584ca58e75595b206caca5.jpg,Spain,ES,41.133848,-4.088747,0
397a8c7ec0414f30b92311b4800861a4.jpg,Spain,ES,39.436713,-0.338528,1
c9aefbd9af874a51bbbeab7592e8c1d2.jpg,Spain,ES,37.641842,-0.788696,2
4380d780853c479890521e0cdae095f5.jpg,Spain,ES,41.561614,-3.207067,3
6a806660db6f4fe3917e348ff87933b0.jpg,Spain,ES,28.076307,-14.42836,4
9bb393d6a4b547699c260b17f31d699a.jpg,Spain,ES,42.683589,-9.022729,0
8c079530afdf40649b366de2b7deb2c4.jpg,Spain,ES,39.688449,-7.629331,1
80bbb792ae0c403f883be412e9885a18.jpg,Spain,ES,39.339619,3.095482,2
daeead3d3179410d96083b98c86c45ab.jpg,Spain,ES,28.771155,-17.96012,3
037031643b474867a73ac8b7ffe9a2b3.jpg,Spain,ES,37.824225,-0.8189,4
6410c53275cf44899404bd5c2c891497.jpg,Spain,ES,39.29448,-2.202388,0
dab8a655e66941b1828b740891aa655c.jpg,Spain,ES,39.41489,2.900536,1
2fae193bbc9143f1adbd2de5cf4192dd.jpg,Spain,ES,41.943851,3.12434,2
e5f99147970947f1ac061baf3a0949c3.jpg,Spain,ES,40.992831,-3.997329,3
dbd9c0fba28d4eccb4c887c725c0365f.jpg,Spain,ES,39.435352,-0.339188,4
a4bbae39be364a1dbd43e8ebd8b76976.jpg,Spain,ES,41.420853,-2.358681,0
2c3498d647fd47b697d919eb46f5633c.jpg,Spain,ES,38.953641,-3.50864,1
b43785dbbb594c70be4507107aeab151.jpg,Spain,ES,39.396212,2.969453,2
fac7a9853ef84d20b7f85b93641b8798.jpg,Spain,ES,40.448151,-5.87699,3
d9c047d65c9f4301a78365ecf75fbf87.jpg,Spain,ES,39.413151,3.137122,4
fd9c3dc73ccf4164a9440460de022fd4.jpg,Spain,ES,43.728484,-7.687987,0
3b62470d3ddf4acda8116ab6144397c7.jpg,Spain,ES,40.006393,3.882051,1
7d3ec3c206684cdba509b0a522f6543e.jpg,Spain,ES,42.863018,-8.636295,2
c5185cc2ff2f4a52b8911cd5a857935d.jpg,Spain,ES,39.564296,-4.236263,3
b00a49e95c2241898c8592ab3c899a39.jpg,Spain,ES,28.54494,-17.810161,4
4dba768ddb2741709bfb2e78ef1f24ec.jpg,Spain,ES,42.432153,-7.703815,0
5d0e830b5cf64742b553f1532a8e3574.jpg,Spain,ES,37.025678,-4.343586,1
bd405f3e56994e5281a410a07882245e.jpg,Spain,ES,42.441843,-7.706388,2
8464d075e90048f491cbd759ea2c1f62.jpg,Spain,ES,39.49673,-0.495994,3
f47eb825d21d442caebd34f3ab23fd4e.jpg,Spain,ES,40.448252,-0.224204,4
6fe32289ead548849b92ddeffe7008fd.jpg,Spain,ES,39.073245,1.536917,0
eecb1453cfd246798e6912115044c096.jpg,Spain,ES,40.806906,-4.539404,1
95b25bea0b844591830186abbeb7612d.jpg,Spain,ES,39.444735,2.899442,2
14ef06351b6a418d81fa39a6eac6f8b4.jpg,Spain,ES,41.434733,-3.677443,3
f1b6763a9e124f4d87d7a5207fec4b19.jpg,Spain,ES,39.467962,2.899158,4
b22456c81fe747dea97b3933b8b280a0.jpg,Spain,ES,43.633118,-7.600987,0
e97ad2782752422c8888b345ff85751b.jpg,Spain,ES,37.395991,-3.442087,1
fc7a991b5dc043e7bec336fdb8e8a690.jpg,Spain,ES,38.743157,-1.682322,2
cd4ca38d83744e71a311957354cb85de.jpg,Spain,ES,38.591922,-1.686883,3
be1a0ce4f5e24652983b03b21168aae7.jpg,Spain,ES,38.143325,-0.934572,4
25f57d335ba945578ec5ea2fdd675c0c.jpg,Spain,ES,36.751616,-4.038974,0
458865b26f7d49fc91ea9abfb5131a77.jpg,Spain,ES,39.522966,-0.529255,1
7e6539407d69449d9af37689404336b1.jpg,Spain,ES,37.384465,-3.829737,2
b1179f5768c145d9b4ba5e72b3aa58e1.jpg,Spain,ES,39.446441,3.236446,3
65cc2e507f6f4c7fa530db226ebae5c1.jpg,Spain,ES,37.880116,-0.940902,4
c4966afb7679489597a3b58a7ce5b6ce.jpg,Spain,ES,39.564654,-3.684938,0
ec48974184144eafa6d48160aa6fe080.jpg,Spain,ES,40.390559,-3.491888,1
6d88e776aceb49d985eb44409d3b8e3c.jpg,Spain,ES,40.969969,0.34394,2
211b982fd1f04d2a93d0082cd973fa52.jpg,Spain,ES,41.910771,2.852126,3
c5b522171aaf42d68344b21452036a4d.jpg,Spain,ES,41.981803,3.022095,4
390cfc0a9d994eb1902d9071306cdcd0.jpg,Spain,ES,43.329453,-4.553621,0
cd67dfb6274d417ab2983a56dedf0893.jpg,Spain,ES,43.376913,-4.516835,1
45f7c7c6e279440ca4f95f0e5458a374.jpg,Spain,ES,38.064573,-0.589395,2
8fed25a30cb04fe88109da919703e744.jpg,Spain,ES,37.966222,-4.462283,3
18cd40760fff4e40852d78a2c567f2c0.jpg,Spain,ES,41.068452,-1.028365,4
56673d86abd3420e9b0349745b7c8541.jpg,Spain,ES,41.807341,-0.708855,0
6558e889119740bbac59e02751801ac3.jpg,Spain,ES,38.482631,-0.602481,1
078010795956474d9823dc43b2250df6.jpg,Spain,ES,36.965384,-2.103976,2
1f90a5d2f9454126bf4f46f6de2dff0d.jpg,Spain,ES,42.791363,-8.121592,3
25ed8bf12eb3484d896bdd3691668b90.jpg,Spain,ES,38.723606,0.028132,4
14ba830dacfb42ec8e0ecce239a733d8.jpg,Spain,ES,39.519581,3.287335,0
5daeb15ca40d413c93a95779ee1ed5ab.jpg,Spain,ES,39.038644,-1.907489,1
f4a24b23c2d84c9cbe58590a337f11a1.jpg,Spain,ES,38.37946,-7.216579,2
c5d4477754474d44887758d2ae17495e.jpg,Spain,ES,28.986756,-13.741806,3
1d8742b44bbf47f284997094e5890abd.jpg,Spain,ES,28.985871,-13.584265,4
f08a271baf0d43b2a865e9c5570e4c65.jpg,Spain,ES,39.391765,3.189861,0
fdd8240e17044d8584cd7508ca033419.jpg,Spain,ES,40.386291,0.095599,1
e49393e12ae24c9f93a07330e2b77587.jpg,Spain,ES,38.317745,-0.514607,2
572c9e823d1642dabb92e23b6909cef3.jpg,Spain,ES,39.673322,2.957416,3
012e938238004624a16cf5740c81b0a8.jpg,Spain,ES,39.994325,3.845642,4
d35d570bf593493cae797d8a4aae0ca7.jpg,Spain,ES,36.701668,-2.717626,0
5f00d0a92ac04ec19b1ed15ed10ab7a5.jpg,Spain,ES,36.229393,-5.843071,1
84b02304316449ae85337566ded168df.jpg,Spain,ES,37.544086,-4.027289,2
c1bbd078b95647c3a8626edbab4d3424.jpg,Spain,ES,37.521548,-5.162227,3
2c55ff6fdc004f00a0bcebc8677f38f9.jpg,Spain,ES,37.494225,-2.772559,4
bdd85b3d0f7d4bf8989a8d515cca7915.jpg,Spain,ES,29.001911,-13.549113,0
6e546039b1eb449ba31ca153a7759980.jpg,Spain,ES,40.456357,-2.544307,1
7ab704addfee46db98333a133ed84ea4.jpg,Spain,ES,41.982395,2.882943,2
8884f168e2df4867a6c8abee91d6082c.jpg,Spain,ES,39.570213,2.829393,3
dfbd876b56d4484fa8239ac5dcd42bf6.jpg,Spain,ES,42.771091,-7.574953,4
b6be25de2f9945d6ad25f7ec0e0870f8.jpg,Spain,ES,39.354319,3.132359,0
0484a47f65884c1a949f9e1dc2dfd01e.jpg,Spain,ES,42.745708,-0.516635,1
b9269bb9436e414d81de312ac480bb5e.jpg,Spain,ES,41.537821,-5.953375,2
22a113708b3c47a98a22f27bc34aecb8.jpg,Spain,ES,43.420479,-8.135647,3
27338b4ac7d24d08a0bdc39a6125d925.jpg,Spain,ES,36.85139,-4.132186,4
37a3580f78af4ee0b1f2f2c1f98c5d19.jpg,Spain,ES,36.804632,-2.132193,0
251223649b664713906e8f88770dbcfb.jpg,Spain,ES,36.772698,-6.04207,1
fdf698d2922b43a38a0e21981e1f4bce.jpg,Spain,ES,28.070307,-14.420452,2
265d56b9e44441e1b205c03146af13a5.jpg,Spain,ES,39.596871,2.653853,3
389f6a01f09f4fe48f0875d1bd7c142d.jpg,Spain,ES,40.377346,-1.11557,4
bbb65dec6dfc4a28879e90e76fad07da.jpg,Spain,ES,36.480552,-5.038261,0
d7b261a05b3a4de7836754cbc0e7d6ee.jpg,Spain,ES,37.181748,-4.776373,1
f08ebe85dad84f2e99948b7c4b8c8ef7.jpg,Spain,ES,42.154682,2.073288,2
6468175752424e50b95a9822d80057af.jpg,Spain,ES,39.319087,-0.408522,3
92e4c71d7df04e0cbb1de79abec3da07.jpg,Spain,ES,43.171861,-8.3686,4
36b9c3f0beaa4f41beec380c31d98be7.jpg,Spain,ES,29.134745,-13.46356,0
45bda4d8e36d4507b86e11da4ab82a3b.jpg,Spain,ES,39.513313,2.76595,1
48f789b07e2a4fe2bdae3157c89baeee.jpg,Spain,ES,39.364515,-0.653788,2
79290707a123431c907e821ab0fb02e3.jpg,Spain,ES,29.100232,-13.469668,3
3d489fbdd97f44f19d4bc13bab8ce968.jpg,Spain,ES,38.29099,-6.302999,4
bbb30f9400024b4585a77b352a05fc65.jpg,Spain,ES,43.353219,-5.478176,0
41567d286d3d4a10bf92261ced6f3a5e.jpg,Spain,ES,37.243922,-7.319286,1
f186244eedb142ecb9647df72b1f1ed9.jpg,Spain,ES,40.96348,-5.756353,2
8ff62d8b04044c209bf7df509d9c9e3a.jpg,Spain,ES,42.197233,-1.429862,3
01978ef358174653a2a83b2f0bc5c205.jpg,Spain,ES,42.543759,-8.797509,4
29d269f9435442158c0fe6be09e50b50.jpg,Spain,ES,39.514966,3.284247,0
f99ea88f7b4c4e0494f7521f0e65c3b1.jpg,Spain,ES,41.59951,1.400205,1
f540aa42058642e580b373e0dfa65b74.jpg,Spain,ES,40.236013,0.140438,2
e00584ca11744431a09be6c76190a7e9.jpg,Spain,ES,39.484433,2.831271,3
c14e51a7a4af49078c392e0517a0993e.jpg,Spain,ES,39.379797,3.225874,4
2a1355a76fa341d891ae61fe66f4e9aa.jpg,Spain,ES,39.595876,-3.713291,0
5aed9a1566b44fdbba2592bbe052e08e.jpg,Spain,ES,39.134058,-0.305732,1
710857f95b7f4681922a3170acf3e435.jpg,Spain,ES,42.15147,3.026452,2
8403197fac7849e48134084dda6b3f28.jpg,Spain,ES,38.638337,-3.474335,3
00962bcda8a74486be91dc7fe4986b4c.jpg,Spain,ES,41.103312,-1.168238,4
5a1b3bf6b5594dbc90968f23c3fae13c.jpg,Spain,ES,42.501227,-8.779464,0
924ef722dfe641f7a9791ce66aaa527c.jpg,Spain,ES,39.473074,2.895959,1
60b1a4961a154b4697c6a1e4f8757f32.jpg,Spain,ES,39.384622,2.996997,2
a72513de1f4d406e94ab792365a0c345.jpg,Spain,ES,36.847105,-4.451494,3
5e06b6863ae942d2a5673076fff88c61.jpg,Spain,ES,28.778207,-17.942317,4
f15fbc6f19f742d4af4047264becdf60.jpg,Spain,ES,42.423542,-8.718336,0
85c43339f49f400ba34b0d05cb313278.jpg,Spain,ES,40.632187,-6.563168,1
85d25f802aba4c79a5e836914c323037.jpg,Spain,ES,39.026099,-3.374009,2
5f942d62da8f4c418bb30790fffdd5cf.jpg,Spain,ES,42.427271,-5.835332,3
20c88c1253654f5184c7e0a2e59b1aeb.jpg,Spain,ES,39.569032,2.775868,4
4641e1d3f7dd4f5982c3403cddaa7d44.jpg,Spain,ES,38.797892,-2.337173,0
ce55f228a0a549cda0e5af69869b51bf.jpg,Spain,ES,36.619581,-4.707008,1
6922cbb2b1704b8bab342180644f5702.jpg,Spain,ES,39.612813,3.32499,2
38dc96fd9d7a4dc98fe106668df1ab95.jpg,Spain,ES,36.469184,-5.861424,3
7eb4848bab5447c19d3bb5df6914c432.jpg,Spain,ES,43.379525,-4.065546,4
8ff53ab35fbc4c279cef11058178551e.jpg,Spain,ES,38.208125,-0.682584,0
a1fc904f180a4d499a5918a8c5268967.jpg,Spain,ES,42.242002,2.306202,1
29ba6df7c26043d385272993daea6fe6.jpg,Spain,ES,40.804594,-4.345912,2
55bfb5f4a7c0465abc4b3b3349b4bb15.jpg,Spain,ES,40.807184,0.163785,3
a70c2397ce3545cf9cda79742f6748f0.jpg,Spain,ES,41.538885,-3.203448,4
79fba7c9c88c41859e57cc65b306d111.jpg,Spain,ES,28.107236,-14.387761,0
fc4d39a3ae1f4e108564771fadb90e76.jpg,Spain,ES,28.723326,-17.789903,1
ef9af64c9f024440b81bbc8d19574810.jpg,Spain,ES,37.629878,-0.79893,2
7ed64fdd294b4fdc82a3d3f1a707af96.jpg,Spain,ES,38.76998,-1.704557,3
7ac425ae738d4a65b47758b157953051.jpg,Spain,ES,39.394493,2.941892,4
1a1ce7b5facf4db39f51a052afb86d46.jpg,Spain,ES,42.949435,-5.020833,0
d742e97f2b75414885c6370c63cde4d9.jpg,Spain,ES,41.980235,2.868886,1
f3ad641c5d704e1ab1adc05ccbd495a5.jpg,Spain,ES,36.770892,-4.709058,2
1187cad01f6941e2bd2df7c2dd9b0817.jpg,Spain,ES,37.983868,-3.810167,3
1a2b3a7977bc4be0afc84e0c105ebecd.jpg,Spain,ES,41.719467,-2.840767,4
e443dca363254205bc249816c9df6b34.jpg,Spain,ES,37.876593,-6.567868,0
a9e7044022f2455ebed4aa394a59e633.jpg,Spain,ES,28.654008,-13.831868,1
6995f4f45cd8402ca87ad04012c831b4.jpg,Spain,ES,39.561677,3.240939,2
4268ad8cd7304480ad13fc67778936d1.jpg,Spain,ES,42.767198,-5.071515,3
b915b1c6396146199381fbac6e36f114.jpg,Spain,ES,38.996591,-4.344472,4
52093e3ebe424a848c835092ee8491f1.jpg,Sweden,SE,59.577443,16.845407,0
4f4b25e8e1f040bb890f29a8cc3c51a7.jpg,Sweden,SE,64.713378,21.154692,1
9e8083f93e34424b8937833d3cd48cf3.jpg,Sweden,SE,66.027988,21.0946,2
eab3aca3ab7b416eac0f168724ef296e.jpg,Sweden,SE,57.580503,18.377275,3
a0357e6e63344f94859520101cf7ac58.jpg,Sweden,SE,58.899209,12.381447,4
68df4c91085e46eb86a5e0e4118653b9.jpg,Sweden,SE,55.758064,13.728554,0
60b2df22b3e240e4adc5606d8edd368f.jpg,Sweden,SE,62.726654,12.726467,1
2286fd6259ab41d3b64e143daefc661d.jpg,Sweden,SE,65.461734,16.795965,2
d9c897fb6caa49db8ebfa2e879343028.jpg,Sweden,SE,63.727183,20.087109,3
b2e55f84df1f4b4f90949eac615e1748.jpg,Sweden,SE,64.211284,18.842825,4
0d63848f9a6341d381bdcee6e75004ef.jpg,Sweden,SE,67.423026,22.42199,0
cfc3f6a5276f4c30b226fb1a53c71303.jpg,Sweden,SE,55.403192,13.607212,1
49dde64acddc4ecba020d27a42120bbd.jpg,Sweden,SE,61.66414,16.058122,2
982ab0088b724607abfeeafcee1fbe71.jpg,Sweden,SE,57.452758,12.171271,3
247a5964b5e5495e8dcaf47b2d5c28ad.jpg,Sweden,SE,57.466247,18.305007,4
7959f970dead408ca817e3b0288de270.jpg,Sweden,SE,59.663743,16.92875,0
1afa992055da4d2c89bfb846773d2d40.jpg,Sweden,SE,66.676505,20.164274,1
4b4faf799a1a4d7d9c272d3b3626c4f8.jpg,Sweden,SE,59.202594,15.069845,2
26753a3f90cb4b3987d2fd8576064f99.jpg,Sweden,SE,65.66057,19.843686,3
b757a3ad0f754f8e8b88078764d34e43.jpg,Sweden,SE,55.940457,13.492509,4
2ec1c2ea474146da98058c4d39b675f2.jpg,Sweden,SE,66.121516,17.411756,0
fad7a4d8f0db4aecb4a9c13f6e60a48b.jpg,Sweden,SE,66.471514,19.692954,1
66f3870404ef42979c8751ed0c680744.jpg,Sweden,SE,57.557679,18.414362,2
3d301a86d6c84e869b2341ea215e03cb.jpg,Sweden,SE,63.875165,20.662774,3
50d7ad150bae4d688dff0aa74cceeab6.jpg,Sweden,SE,60.569152,12.690098,4
79b2593ef62b4e64bb08aefaf2140ecd.jpg,Sweden,SE,56.958665,18.303057,0
ebc7aff06e5b44279106c310996418e2.jpg,Sweden,SE,67.64169,20.943695,1
d8b599f11f5f49a7a38d401d6daab2d3.jpg,Sweden,SE,57.059921,18.311683,2
fe3b8dd41e6f46aca8f3144322118941.jpg,Sweden,SE,61.933335,14.1845,3
931565d20b4a4adf90eeb1f2821fb271.jpg,Sweden,SE,55.897707,14.195552,4
00bf755ac0f84c9d90fc5a4f7ee74ba5.jpg,Sweden,SE,58.281304,12.745366,0
2e18602c41e74621bad011cae462f8c2.jpg,Sweden,SE,64.400648,15.64695,1
b0f259ef06204c549a5c93dcd6f8efb0.jpg,Sweden,SE,63.748231,19.31819,2
cb4721d71f01438cb5874859ae7a71d6.jpg,Sweden,SE,59.445304,16.488899,3
87232e47e9a7470eb6f3e5b98d764971.jpg,Sweden,SE,56.528036,15.126717,4
adaa6a86ec7344a28fd2f35cafd82e91.jpg,Sweden,SE,60.492783,17.424146,0
75875dab85634008ad6187ca07d09e2c.jpg,Sweden,SE,64.459745,21.116136,1
d52c8821ae4443ad832bda690d012758.jpg,Sweden,SE,62.915515,18.00268,2
78d5f96acd7446b1b30becd71656eca7.jpg,Sweden,SE,56.566563,15.437204,3
b423d1a1304e494ab7d0a2755af69e09.jpg,Sweden,SE,59.75123,17.083948,4
faa09292333b405ebcaf88be924ad0b2.jpg,Sweden,SE,63.716977,16.189461,0
5f4eceb86bfd41438a37255d2088adb3.jpg,Sweden,SE,66.726631,19.844821,1
631854cb13784d259ca0efd9cc81eeef.jpg,Sweden,SE,62.105074,13.714929,2
736664928fe0490bac8a9531c2650258.jpg,Sweden,SE,59.199615,14.399581,3
a51dafde5892499f9db55efdb4b4f32c.jpg,Sweden,SE,67.241422,23.279879,4
dc169df7b0804c33b25763ab3959f128.jpg,Sweden,SE,58.679544,15.315409,0
e8013523007d4aa08edddb8d303ce094.jpg,Sweden,SE,64.063458,20.803907,1
304b5f281e1a44b2a2328e23de1a0c9b.jpg,Sweden,SE,57.488121,18.514754,2
72a81127520f405dbd703331d5ccf5eb.jpg,Sweden,SE,55.683652,13.837499,3
97cb844a6b2e461bb3692973d0596384.jpg,Sweden,SE,66.057486,17.76844,4
8adf3afeb94c4faba37ceebd84bf49a3.jpg,Sweden,SE,62.993485,17.672266,0
db3e30805a0e4c35bd484c895ca9faa7.jpg,Sweden,SE,56.35992,13.852611,1
7deec5f3f8704aa6b5fced46aca0ee2d.jpg,Sweden,SE,65.696885,19.2502,2
3aeba74ebd264dabbf0cbe136116ade7.jpg,Sweden,SE,57.834935,14.084359,3
78ad456b7cf6475c9340da6570d785f8.jpg,Sweden,SE,62.11729,13.215281,4
13d220ec7c2245969c547a84e7117c99.jpg,Sweden,SE,56.946506,18.154203,0
badd65f7dc474d4b92098fefa986fe3c.jpg,Sweden,SE,59.143595,15.166211,1
a26a4fd75dd2479ca5644f822d17f4e6.jpg,Sweden,SE,61.931782,17.263672,2
b065b7620bbf40d5879ce1f68295f5d2.jpg,Sweden,SE,60.946257,15.688155,3
602c0bae33614d21a112c31aab2a8cc7.jpg,Sweden,SE,57.335909,18.484797,4
6f63e2bcebc34bd4a94c2a91c1451dbe.jpg,Sweden,SE,67.964217,19.978608,0
3271f8b024954ee69eb9e5ce4f34b996.jpg,Sweden,SE,65.289103,17.667557,1
4d3873971091447a8fca1690e98a0b72.jpg,Sweden,SE,65.857314,23.60278,2
fb049a6ff2ca46f3a7e6f41e6cf60f4e.jpg,Sweden,SE,67.838997,20.477939,3
def9af6042df4451a64917b4a729b605.jpg,Sweden,SE,65.292876,16.280486,4
4255102bd93c4ac3bf2fa4573348d69f.jpg,Sweden,SE,60.065633,16.139518,0
bff8b4bfe29949608d7a63cce9be5b56.jpg,Sweden,SE,61.379953,15.78675,1
9426411cb22a48bb880808e313a6c075.jpg,Sweden,SE,60.928301,16.355499,2
0bd8b6573d884d9baaf2f660f750316c.jpg,Sweden,SE,64.632263,21.031961,3
6d1a60b12f0a471c99a7889785fbe25a.jpg,Sweden,SE,61.797304,13.505918,4
0e24931aaa6a4fb9b95dedead3095361.jpg,Sweden,SE,67.844216,20.40036,0
736c07df7b5441f6907dea5085f129d1.jpg,Sweden,SE,57.778784,13.293008,1
6ed4147b5e2a4560895208f24e00100c.jpg,Sweden,SE,61.413824,16.572381,2
72d9e932e2ce4170885ed78cca8a5928.jpg,Sweden,SE,66.179612,19.947947,3
96d512aea6d04d3eb895f0f4395f28e9.jpg,Sweden,SE,63.902702,15.253195,4
4faa6b5169234448a05a9db2086ada6d.jpg,Sweden,SE,57.560415,12.015431,0
ac1c823943f64892a8f19f72eef8b806.jpg,Sweden,SE,67.855012,20.621583,1
97ee583e994545acb3cd8a4d56f6300d.jpg,Sweden,SE,64.200565,20.660835,2
c993fdbedaa74497a32d7c73f29d3d45.jpg,Sweden,SE,64.015091,15.303264,3
9e012585bfec4d59bf1e8c45c5ae4c3d.jpg,Sweden,SE,56.276972,12.832465,4
cc4a13036047465da5749c6da4934e59.jpg,Sweden,SE,59.32518,15.793403,0
e59eccec7aa04c57a27cd965faf6757f.jpg,Sweden,SE,56.387257,14.014869,1
7394151152e84aaca41ad7b4626f0eb1.jpg,Sweden,SE,65.185325,19.535845,2
ee7a118a7d674fefacc01ad2dfb649c6.jpg,Sweden,SE,57.314168,14.321065,3
90cee8bd4283491995a58834d08d8daa.jpg,Sweden,SE,56.201712,13.744897,4
a4ca45a908394321ba2d9613e354aa31.jpg,Sweden,SE,62.170708,17.158308,0
e41ec41d17d14b869d7a935d110f8482.jpg,Sweden,SE,64.066429,19.83367,1
395e02953e844e9eaab2bfdb2e49dc92.jpg,Sweden,SE,62.200191,17.495495,2
251feb01ae89484e8c8e67d382fe9a06.jpg,Sweden,SE,56.564804,15.897156,3
685eb95286a44e568ac2ce992145dfca.jpg,Sweden,SE,63.49659,12.470929,4
99ebe7a1c7634e7a966d24420b0ec864.jpg,Sweden,SE,61.9296,17.24552,0
936915736a64478495ec3e9529e95a45.jpg,Sweden,SE,65.017095,17.653996,1
d43c2a1db15f4c379b972b18a2673391.jpg,Sweden,SE,66.060295,17.754262,2
ea18e5c50b584c72abb5171ca8617051.jpg,Sweden,SE,64.255506,18.056481,3
755b059fcc84455e9419c6b8fc6b2c3e.jpg,Sweden,SE,61.330769,13.490004,4
ece7e93ecf314c56b2e8f2de3f755881.jpg,Sweden,SE,67.193841,19.412002,0
f724a277602945c1a90ebbd558596521.jpg,Sweden,SE,65.567704,19.274034,1
f5e91cf5fdfe46afa649fd243e7e34a9.jpg,Sweden,SE,60.723514,17.267308,2
5d5dd4729b2c4ad6a0cb65a7c4b11197.jpg,Sweden,SE,64.242514,15.856424,3
957e88353a454ee8a5be620873105261.jpg,Sweden,SE,57.258961,18.459621,4
50d9b30ee83c4059b95b3fe0f7d4e76c.jpg,Sweden,SE,59.134639,16.45956,0
cc5f73e0196846c0b747ebd48f66d0c1.jpg,Sweden,SE,61.723387,17.301878,1
f9f8088536f04fa6ab33858c65758c96.jpg,Sweden,SE,59.595855,17.129667,2
4ea63ab9e4db448d8646e4d91bc65d4e.jpg,Sweden,SE,64.661969,21.167653,3
f6040e9e328a4ecaa5a86fc1101f3135.jpg,Sweden,SE,67.197316,19.404921,4
7d0269af77604f7894f1f46c90f9c1ec.jpg,Sweden,SE,62.862276,15.080281,0
736152bf5b994f5886d9cebc2d5e425f.jpg,Sweden,SE,56.933192,18.141771,1
45e9929ad19d4d248048541acf0c25b9.jpg,Sweden,SE,65.048335,19.070491,2
ba98f69126d842fda67b7da5667cec66.jpg,Sweden,SE,57.764582,13.363805,3
e4c4e482872141a3972f20848c8ac923.jpg,Sweden,SE,64.118617,16.100121,4
9fe9d70f2bd14ec1b9d8355eca9c95f4.jpg,Sweden,SE,58.396003,15.297691,0
f2477f12a88148438aba37086747e300.jpg,Sweden,SE,63.44018,19.666109,1
78044eafb0014712ac716c12273f61eb.jpg,Sweden,SE,66.564894,20.012352,2
498c1d1d6b244febbd432272b0fb6877.jpg,Sweden,SE,60.058099,17.000642,3
7dad8605721f49d48b887b49e7f0ce7e.jpg,Sweden,SE,59.705361,15.108296,4
bc581ce6f5f145a89a8bbd6eb5d64d71.jpg,Sweden,SE,61.362866,13.531905,0
eaac55db2aa247949c38a20831a236a5.jpg,Sweden,SE,58.864398,16.642665,1
134c6eced64a4626957ba4b9c6e39110.jpg,Sweden,SE,65.615011,18.969683,2
dcac09857ecc46fba3007ee5ddf4facc.jpg,Sweden,SE,59.866461,17.839608,3
f919faabbbd84d12a77802717a3cd070.jpg,Sweden,SE,57.590938,18.362006,4
4810882d3f84479b863f7778f3e8d02d.jpg,Sweden,SE,67.64128,20.943796,0
8fa61e60611f4d35ab18f88be85f2917.jpg,Sweden,SE,59.146031,15.167312,1
6cbd327077bc4428bd511059da28a942.jpg,Sweden,SE,63.771135,20.230912,2
c6deec21b0d94741b88f333637fdb653.jpg,Sweden,SE,60.189463,14.75753,3
52bea8a29b07461e82768e7bd7ac4bc8.jpg,Sweden,SE,66.452131,22.54676,4
6faa39ed51c349e9bd49167f807959d9.jpg,Sweden,SE,57.177718,14.078164,0
53eac838c51a4ea3acce239cf7c020d9.jpg,Sweden,SE,64.551467,20.184813,1
35bd4f50eb7d48ee928ba76bd8c09070.jpg,Sweden,SE,67.297081,19.055061,2
12513a1961034056a2df9e20982ac577.jpg,Sweden,SE,59.07098,15.866333,3
c991406261134b37aa6638241b667ab7.jpg,Sweden,SE,60.134387,15.676151,4
7df88c66e4194044a757f51e7e9d2722.jpg,Sweden,SE,58.680935,14.646972,0
ced1809b14374d7a91bbefc468631a52.jpg,Sweden,SE,63.21224,15.586439,1
af2e28e9781e41a0ab62cd0844960e44.jpg,Sweden,SE,63.134141,14.752372,2
a16db499700349cf842571177a03ca51.jpg,Sweden,SE,64.517321,20.810443,3
ddf2698f364a40f987a583b1873beefb.jpg,Sweden,SE,63.718918,14.298585,4
cc01e860af94488fa8ee55ed03de734e.jpg,Sweden,SE,59.807539,17.982223,0
d9bc5ff6684d4c5db3a8c9c804452095.jpg,Sweden,SE,65.302917,16.766547,1
0c90bcd0ee784f9fa25f45c3e86e0ddb.jpg,Sweden,SE,59.980756,17.149515,2
98887a5fa6724e64b2ffb914d213568a.jpg,Sweden,SE,62.933443,16.216003,3
7a7f5a4cfcca450bb078da914e422836.jpg,Sweden,SE,67.143219,20.855925,4
e6c78f35761d433eaefe4976a5d88da0.jpg,Sweden,SE,63.976214,15.264572,0
41c2abbf866b468683bc442eb17095c1.jpg,Sweden,SE,67.844798,20.396218,1
26ef4eb97bc94259a61b96ebb8844955.jpg,Sweden,SE,57.023095,16.82575,2
6f8400c48e80426fa998301de875daf8.jpg,Sweden,SE,58.308041,14.135961,3
9da9b201b2e0400d8c6c39340d500b62.jpg,Sweden,SE,60.0019,17.515881,4
7597a8cfc4f64258afc967d124243861.jpg,Sweden,SE,60.222838,13.471974,0
280b9ea032b54cf08da7917408559586.jpg,Sweden,SE,58.292968,15.629973,1
2d4d6203dc8b4283ae1640b70d040750.jpg,Sweden,SE,56.969489,18.183153,2
b3d867c81de647edbae60d910c28c9fe.jpg,Sweden,SE,63.916546,20.463167,3
ad35ddf23dae430684bfb6f1780dfa87.jpg,Sweden,SE,57.647849,18.636977,4
7f5df1ddd86a49498c9b36ada9397b83.jpg,Sweden,SE,60.02624,16.218432,0
a6c7821c133341dd89172081498e86bb.jpg,Sweden,SE,59.867246,17.837756,1
e63943f91ea143f6a03c86175708500f.jpg,Sweden,SE,65.301572,16.035351,2
3f91cd99eeff4df29d41822de4b9a8d8.jpg,Sweden,SE,64.183107,15.989083,3
ff731080dffc426cae8af2c3a8835dce.jpg,Sweden,SE,60.030158,17.533171,4
519ef0c852624d22a2d38de6ff021a61.jpg,Sweden,SE,66.59737,19.499125,0
aeac6f5088e24cda87944a85c3017796.jpg,Sweden,SE,62.836156,16.014726,1
2a78759e8a604153b007f05404b568e1.jpg,Sweden,SE,60.306447,17.957528,2
d5b49dfb2aee4bc2bd4c534af909a2c4.jpg,Sweden,SE,64.157467,16.037874,3
7197764d61494cf5bf5074f497983dac.jpg,Sweden,SE,56.354125,15.577375,4
5d5a2b7d4d474b009c0b2df4cb9f2332.jpg,Sweden,SE,57.625799,18.527501,0
67b6c30a16d74c12b26ec21aab54199b.jpg,Sweden,SE,61.215445,17.043153,1
f86933dbea414661a13c46fc253b6e6b.jpg,Sweden,SE,57.859303,16.300495,2
0cc5449bf8664acd916038f1cde6a0ce.jpg,Sweden,SE,58.278021,15.379167,3
dcd5340c71034db5b6b4ceef99cd366a.jpg,Sweden,SE,65.295675,16.039278,4
e5998b4ffadb4191b67638472ffd5236.jpg,Sweden,SE,67.041202,19.79593,0
3491a062da1f45e8b21a6e2f2f16fa01.jpg,Sweden,SE,61.655272,15.003275,1
abb6aee3cb534d589a467523daa6d9a9.jpg,Sweden,SE,64.517069,20.809847,2
24e4bbb4334d43dc92755e4b17cd79cf.jpg,Sweden,SE,61.661723,16.059412,3
49c847324c2a43548590a30f4cdb93e9.jpg,Sweden,SE,66.038811,21.04479,4
034522568c2b4a1aa0ee9d3cfcd16ceb.jpg,Sweden,SE,55.617004,14.199052,0
3e6eb4b2c21042968286cad1f7220595.jpg,Sweden,SE,67.469111,20.606346,1
b5b402e86fa54a34ab8b83d8e8599bcc.jpg,Sweden,SE,56.331336,16.52501,2
c9cd6759614b4f359aa928c3c77aa427.jpg,Sweden,SE,55.402082,13.605754,3
90e2b5b8e3654ab7828afd7cadafeb2a.jpg,Sweden,SE,62.814665,13.08409,4
e4bd18e2368447ce8c90b382165a3619.jpg,Sweden,SE,56.936349,13.06866,0
acbddba5b7ae40bca30e81f249340047.jpg,Sweden,SE,57.34134,17.118944,1
392b7a2b4b094fd3ad2681d86ddc4535.jpg,Sweden,SE,66.243222,17.219657,2
b4b35fbf3c7d496a8f3f38f94a21b5c3.jpg,Sweden,SE,60.694606,17.015753,3
ed0d546b602d491090c024ffa31d12c4.jpg,Sweden,SE,63.103515,18.371347,4
216796a5d5314babbb60b042717c7ac1.jpg,Sweden,SE,57.264275,16.142632,0
dd614a56898d4c04868327086f7bded4.jpg,Sweden,SE,65.86766,23.600935,1
40afb9ebb6e8408fa8d7445650abad05.jpg,Sweden,SE,57.560439,18.4111,2
bfe3a17330f5465f803ab4ab0f197c95.jpg,Sweden,SE,63.812072,17.140581,3
a9201807b1da42d08824d640c463942a.jpg,Sweden,SE,57.775374,16.420735,4
d990a7f05eb0433483cfa93e428e01f1.jpg,Sweden,SE,64.409291,15.626103,0
94cfd4f95e314e6a808810d72d9ef7ea.jpg,Sweden,SE,65.340937,16.04993,1
6cb19d03df7242b384621c28f76e0738.jpg,Sweden,SE,62.160904,17.456813,2
ef5b9d27a7484037b33ddc0568410792.jpg,Sweden,SE,56.808036,14.415889,3
bee531509ef247dd8a7c370fa1e5a16b.jpg,Sweden,SE,56.2453,14.063098,4
145a88dacdab46ff96e8c1e5de011961.jpg,Sweden,SE,65.412038,19.402669,0
56a409530f5f414ba247da86ac24f1b3.jpg,Sweden,SE,61.446445,17.032675,1
097826c071494dec8b21c6651b815e3e.jpg,Sweden,SE,59.3638,15.381951,2
a9760c77c4b444f2a2a7ca6667f2e581.jpg,Sweden,SE,65.585511,19.426047,3
c1eada98579640ba98f7dc508d65cb9d.jpg,Sweden,SE,66.028583,21.091289,4
ccf236830b434612b08d6f24fc8b919d.jpg,Sweden,SE,63.464579,19.660201,0
58b69364aef840e8a1edb83217f4bda9.jpg,Sweden,SE,58.358378,16.576488,1
6ea39a226be046aab743d2d3f6d0292f.jpg,Sweden,SE,63.918676,15.746666,2
ee88c1213d984ddd8708e4da381023a8.jpg,Sweden,SE,64.112126,18.99074,3
77c8e92b955e4e789b7a26a4815968f0.jpg,Sweden,SE,60.737041,16.555975,4
648651894e0d4f2e94fb0292f60f432b.jpg,Sweden,SE,59.174011,16.574551,0
8641d3a048ce48cf8ff43f79399daa80.jpg,Sweden,SE,65.878319,19.462936,1
a99d4bd5ef184cf3ae6a9a3c26decea6.jpg,Sweden,SE,66.119462,22.864653,2
4b21bc3c8d0c4254ad6a34269f3b12f1.jpg,Sweden,SE,56.755647,13.6788,3
99b486b7e20b44a49ad7bf1c515646bf.jpg,Sweden,SE,60.550257,15.774208,4
4b3300fc8f264dc882f088c97ee999be.jpg,Sweden,SE,62.106702,13.385703,0
e17d7edfcf454c92a05d13616d1efcfd.jpg,Sweden,SE,64.917548,15.505597,1
f08110ca890b4366871db243b0ce51b6.jpg,Sweden,SE,59.761521,15.895004,2
a5723eb87c4b44f29080c57927385ca5.jpg,Sweden,SE,66.540744,22.366148,3
5192f5db60be437f99639839fb087066.jpg,Sweden,SE,63.404518,19.019493,4
60d93382db2a4387959fdc15bff0f289.jpg,Sweden,SE,67.854182,20.635371,0
6248425e91be49e2ac54ffb24751cd24.jpg,Sweden,SE,62.357892,17.247364,1
92fefa5dc3864782af75d1157886952c.jpg,Sweden,SE,63.952457,20.022037,2
57119d6b7a1f40dba2dac7f787deb1aa.jpg,Sweden,SE,57.649989,12.065662,3
eb50bf7fb65a4ec69e4319587ece7653.jpg,Sweden,SE,61.796364,16.330615,4
0286769eb75846c3b56da0fd12ea2c0a.jpg,Sweden,SE,61.664889,16.058077,0
3e82c2458d6e41e3ab38effc9d1ed878.jpg,Sweden,SE,65.929278,21.819881,1
04129a2e3f864f6da9278a0ffde6722e.jpg,Sweden,SE,61.710133,15.693805,2
7637c7f4d16e415fb1e6e5db0a3092a1.jpg,Sweden,SE,59.317692,15.910244,3
cd3a6d62956446ebabecf09121b032db.jpg,Sweden,SE,60.066187,16.802166,4
cbf56fee8c8d42279f4e0772373b93df.jpg,Sweden,SE,57.537906,18.517124,0
399646e68637483c83b91d132d497895.jpg,Sweden,SE,58.569469,13.119648,1
ce562e8b050f49e487d1b67e68e2be07.jpg,Sweden,SE,63.838317,19.74977,2
6350974f2c6642d9a67f4dce3d0028d2.jpg,Sweden,SE,66.308424,22.478271,3
c8204a6b1b6c40d1ad7be2053e8feb42.jpg,Sweden,SE,56.625007,15.548624,4
a85cfa2321a84933b1cdc66b7ed42df4.jpg,Sweden,SE,61.707296,15.690005,0
a58454858f374bd592625f74fc63c0a8.jpg,Sweden,SE,65.293765,16.276208,1
56474c7996c348a6bd264a51db2bf4ce.jpg,Sweden,SE,61.58414,14.824924,2
a2367f4a70c740eea841cabf977f244f.jpg,Sweden,SE,61.771532,14.14664,3
e563cdebc7064b79ae5d354e768ae09b.jpg,Sweden,SE,66.214245,17.255986,4
490c9d5d6bba47e6a0832eb06adf0015.jpg,Sweden,SE,58.103369,13.835063,0
f954e528f8e94a37b5a4366237187d5a.jpg,Sweden,SE,63.829296,15.617103,1
c27c457cb5d54655bcd8a429330f9f00.jpg,Sweden,SE,63.020506,16.157757,2
1676135727f14b59b794380065e4b7c2.jpg,Sweden,SE,63.04808,16.777316,3
f3e9b974a49f4e7bb36efaed5497b275.jpg,Sweden,SE,64.081215,15.358437,4
8b53283b91cf4d45ae5cc0dd0bef76cd.jpg,Sweden,SE,68.230622,19.655803,0
7b18be668d1943609b2a2e89e1692690.jpg,Sweden,SE,60.694435,16.023354,1
fd9ed9f6619945e4b36dc04e0b49ae1d.jpg,Sweden,SE,66.379676,22.69366,2
6c661f0fb7ce42969fd1d41c08d5c148.jpg,Sweden,SE,67.026274,19.828802,3
d7f7ff70e74649c38fb9bc2e5a63a055.jpg,Sweden,SE,64.12108,18.964557,4
4bc02f2a1a21419d9f5f623773664300.jpg,Sweden,SE,65.882163,19.462928,0
7494f1a3e1b948de8104315f7c285433.jpg,Sweden,SE,67.292447,21.079796,1
1927c6f2395d466084d0da6732da070e.jpg,Sweden,SE,63.856116,20.540463,2
1fa631746d5b443e904da986bb21ad94.jpg,Sweden,SE,65.159919,16.557663,3
3cebe0d58f2b414bb7ee428b9c997c2d.jpg,Sweden,SE,64.151277,19.685873,4
fbd08c78333446a39a7d27e12951bcac.jpg,Sweden,SE,61.09386,15.173316,0
966727252a934967bac9c7104371be81.jpg,Sweden,SE,67.227809,19.244056,1
3975add91b1c409297b24fd3406a87e0.jpg,Sweden,SE,58.861992,17.82772,2
451a4742da1647f2b24e17cd0386a8e3.jpg,Sweden,SE,61.224562,15.418625,3
d9b9320e17ca4c46977dff95f394e525.jpg,Sweden,SE,62.501876,16.162225,4
a8332aebded845e4b930b3abd869ac7a.jpg,Sweden,SE,62.252036,14.129205,0
f9e8cc39d87748e28a62d48936dbc561.jpg,Sweden,SE,61.662931,16.058988,1
6e54c26f839d48bc8bf1b612115987ff.jpg,Sweden,SE,55.40236,13.156364,2
7f2e2a7a92ce47c68693b1a2a0ab5b6c.jpg,Sweden,SE,65.740243,17.11867,3
d1c14abfd4344b8e8a418692151a2553.jpg,Sweden,SE,62.806166,12.795961,4
ebf3681d51c64322935cd18942e70a7b.jpg,Sweden,SE,65.44812,19.405075,0
586e1a9fba874ee3bf047f32afa41105.jpg,Sweden,SE,66.051526,17.840445,1
d28f2136719544cc9afa29d4cb606442.jpg,Sweden,SE,56.551883,15.140969,2
371c7ac3f3b74716874ac8d02542197b.jpg,Sweden,SE,67.314882,18.955934,3
69a49f72758344cf8c5f6caa90484dd5.jpg,Sweden,SE,62.558781,14.308742,4
cd7591c12072459491066072190b6203.jpg,Sweden,SE,65.713944,19.332117,0
46ed360b39dc46609dffdbc7616297d8.jpg,Sweden,SE,59.670137,16.30807,1
8c004a8c31d545b8abdd2802e318a8e8.jpg,Sweden,SE,62.2577,17.471562,2
1ad2451f7b99422aaa5620b61400813f.jpg,Sweden,SE,56.598384,15.087387,3
356230f216aa4f65a207d97676238e3a.jpg,Sweden,SE,57.251732,17.013225,4
5c22383f65e6475f9b69bb549868eeaf.jpg,Sweden,SE,61.410477,16.597688,0
0c4b6afd3ed14a63aa59e023abe71c57.jpg,Sweden,SE,61.13283,13.921314,1
118299a165744d9da8b7b177b083ac6a.jpg,Sweden,SE,66.650051,20.125595,2
92c5a31731574d28a3aca2d8cb9c1312.jpg,Sweden,SE,63.917194,15.240991,3
439966e5f4764efd87aee2607b3f2f7d.jpg,Sweden,SE,59.252049,12.931398,4
4b6369b167d244a4b8ee1a7605c39b32.jpg,Sweden,SE,57.693462,18.559936,0
2dd426973fb84aa1bac09461774f591a.jpg,Sweden,SE,67.246537,23.155209,1
1a61baf3785d43c4a08a028305528b48.jpg,Sweden,SE,61.487966,15.834431,2
732a1a4fd9314d8aa889718ff18dfae8.jpg,Sweden,SE,63.754685,16.293391,3
fbe7333abd59467a92d49829564adbe2.jpg,Sweden,SE,65.378445,19.451469,4
f696ab43513c46e29ef64da2cab56ec8.jpg,Sweden,SE,64.417272,21.22581,0
034a987fc48b45679a1fdcd0ffe74d97.jpg,Sweden,SE,63.302134,18.523599,1
5c837ead584f49d6bc523933b776757d.jpg,Sweden,SE,65.600684,18.125367,2
4d6953b90b2e4046b324d1fec664d256.jpg,Sweden,SE,59.568743,17.637801,3
1e68f9d32e664c39bb49a64b3986fc33.jpg,Sweden,SE,57.686589,18.384492,4
7f3bf706335f4937bf26a164effdd841.jpg,Sweden,SE,64.290747,15.76457,0
091ee1d354d64f90a89c8fa771f3272d.jpg,Sweden,SE,65.041866,19.086426,1
e03a7e2cc5614f42aa335fa866c3f795.jpg,Sweden,SE,60.285497,13.890412,2
fd002b1a083a44c8a49406037b0fbadb.jpg,Sweden,SE,57.652833,18.653089,3
cd9fe64b4afa4dd39c0f3297ca4f990f.jpg,Sweden,SE,59.37263,18.198585,4
a1cb905331fd4717b0d4f2ff003a73ad.jpg,Sweden,SE,65.057496,17.222034,0
9227d98ba37945fa9f00f43e49d5fb4d.jpg,Sweden,SE,64.199549,20.790814,1
e4d8873f32df4329b0c842f73e8ff41b.jpg,Sweden,SE,65.981779,21.601562,2
ba116696439849ff84aed86e83e50ad4.jpg,Sweden,SE,59.980547,17.157321,3
3100179f3a2e4faf841e5b109a8dc21d.jpg,Sweden,SE,61.642555,14.803993,4
dac315e5720f453b95065c60bb87f369.jpg,Sweden,SE,57.475968,18.623502,0
ce97289e9f384ef1bfcf01479f74d7bc.jpg,Sweden,SE,57.651015,18.38467,1
e135c7558053459e8225f8e2fa14dacf.jpg,Sweden,SE,66.129033,22.8659,2
96f121454bbb482b86415dc69a4fa20d.jpg,Sweden,SE,56.549416,15.448048,3
437fb30cb9fb45a486fc99de66abaea2.jpg,Sweden,SE,65.804743,23.151,4
730dba8e747c419a929791e043ff289d.jpg,Sweden,SE,68.032885,19.835579,0
2f8d2dd61c90449aa91a1ad2031cfcc8.jpg,Sweden,SE,57.574755,18.388527,1
17ae9fa72eae44f8b46041536239f4f5.jpg,Sweden,SE,59.594653,16.761022,2
ee48a23f1a0b41928ef4841861f04baf.jpg,Sweden,SE,63.820755,13.107238,3
bfd3bb2c72c2400c8eef88815375c782.jpg,Sweden,SE,67.086083,20.749479,4
9e6cdc3863e84fa886948551463829e9.jpg,Sweden,SE,59.693365,17.1813,0
3789fdad0b26484494efbd68eef1dfb0.jpg,Sweden,SE,64.537737,20.719181,1
80ee8239670b4dc3b3eb715f8f8576f6.jpg,Sweden,SE,67.837657,20.495744,2
6bd202cac7b4456798793364163da803.jpg,Sweden,SE,55.401168,13.155297,3
b3ecf14e4aba4ea9984709401f25e2e4.jpg,Sweden,SE,66.872859,23.086408,4
b3bbb03d6fab46ffb70f468c427f79fc.jpg,Sweden,SE,62.556967,14.456749,0
85758f949be94f2d9b0be023c4a8a263.jpg,Sweden,SE,67.451696,22.063476,1
b76e203afa8543edae21a58acf2ac8dd.jpg,Sweden,SE,57.56679,18.402924,2
c745ec06afb44082a580d022ef38f97d.jpg,Sweden,SE,60.812208,17.059411,3
3af40ae51ba54adf8ef4531cdaf57128.jpg,Sweden,SE,64.345682,15.702938,4
275fe8d17f20439582e0419fd73f9255.jpg,Sweden,SE,61.98461,14.580846,0
8e64756839c240ef997fd3cbbf55b9f7.jpg,Sweden,SE,55.481991,14.250514,1
99687d3ba5a544e6a1cb97b1ebf8bfdb.jpg,Sweden,SE,59.267134,16.70921,2
f2acec6693004d2aae70b8e193743614.jpg,Sweden,SE,56.95959,16.448792,3
232fefb2fe344f63bf02592dfcfffc66.jpg,Sweden,SE,67.711093,20.740547,4
9d51ded13738405295a14d3a6c4a7c18.jpg,Sweden,SE,64.915074,18.238231,0
d2d4b83634ee421cab7b246559fde7f1.jpg,Sweden,SE,56.955931,18.302545,1
f736264fe144442a9d9f5acddf607672.jpg,Sweden,SE,57.640896,15.68303,2
56d38acaca8a4274b14dc46909fcd372.jpg,Sweden,SE,64.095247,20.140189,3
a9a74f774547491a9de3e4a3e8d2b871.jpg,Sweden,SE,56.245551,16.466547,4
00937a4d0d6b4653b84e010a74a70afb.jpg,Sweden,SE,55.735412,13.860623,0
352bb274fbbe410bb8ac227f06bd1800.jpg,Sweden,SE,59.875023,17.194366,1
bbce07154d454254b3b0a63533119e44.jpg,Sweden,SE,55.794979,13.755334,2
71e93f4ce0d24c68805c5b1436e4e4e9.jpg,Sweden,SE,55.540224,13.765482,3
a9c65c969a3b40df923e0610e58e7c55.jpg,Sweden,SE,66.716755,19.83423,4
b0708d30e9df46d2bcffe717ac83a3f4.jpg,Sweden,SE,67.700508,20.771144,0
6ed284a9b6544b62811adf0fb6a80481.jpg,Sweden,SE,58.751127,15.562821,1
6f8ded3d59a94a9d8add00e42f3ceca7.jpg,Sweden,SE,67.664305,21.300287,2
927f1cb1b25f4aa9b3450fca1246656e.jpg,Sweden,SE,66.330461,19.824736,3
d52c2ceeff0d406b8fe9d26cb094437e.jpg,Sweden,SE,65.74167,19.389552,4
e96126ca4e3b4ed79a26fe37140f4446.jpg,Sweden,SE,59.370079,18.415837,0
016101fe780a4a67ba3424b51c1f95ca.jpg,Sweden,SE,60.237818,13.456887,1
f91fc8648cce477bac9c4240d0813a75.jpg,Sweden,SE,64.354768,16.684909,2
67aec5199ab84536920c5dc5c266db27.jpg,Sweden,SE,65.249473,16.860178,3
987f994eb07048d2bace5db35ce37a71.jpg,Sweden,SE,59.387461,12.176241,4
4eb49ec263bd4bd0a41e357f9dd42206.jpg,Sweden,SE,59.866173,18.137683,0
bec8455f86b845118f8d7403fc8a0e19.jpg,Sweden,SE,61.813616,14.676518,1
120de9b06aea436db952f0ae4bba47a5.jpg,Sweden,SE,63.431467,18.194187,2
848843471e3e4005ba9a10c064036a70.jpg,Sweden,SE,66.548647,19.757421,3
c7c2feb2ecc94c4aa20ff8725521dc07.jpg,Sweden,SE,65.483369,16.92365,4
1f6d477439f04d47af39522411e84c35.jpg,Sweden,SE,59.979023,14.61904,0
a509691309034b2b92fb422c6ebef07d.jpg,Sweden,SE,60.283559,17.945113,1
72d804d39a1945ccb12237eb28bcf978.jpg,Sweden,SE,57.836769,18.626182,2
c1c2b84f4161459f94a674f89fbbc7f8.jpg,Sweden,SE,56.90828,15.525342,3
28c482f1b0874434ae80f33705658b55.jpg,Sweden,SE,60.34533,18.127956,4
c2a8eafce592417d9f2f598d1c266bb9.jpg,Sweden,SE,62.618604,15.658652,0
dc139ba7e8c249488f8e5100baf36315.jpg,Sweden,SE,64.31727,15.727648,1
a4633829ed5645518bf5924753c2f136.jpg,Sweden,SE,55.586586,14.158956,2
055a9caaad774adab888b3b479b228b4.jpg,Sweden,SE,58.983598,18.120278,3
7b7ebe491c0949b4b04b3ce720676622.jpg,Sweden,SE,58.555319,15.597105,4
8d677a822b4047f49dfd05fbeaa3c2ef.jpg,Sweden,SE,65.081853,19.438652,0
e24779a3647c4423b8b5a93d5077ed51.jpg,Sweden,SE,58.413225,14.819913,1
c4ba3d007ddd4b488c50688f684b6a50.jpg,Sweden,SE,55.547789,13.758219,2
eb03a1863d7341d0b4074a76556d94ae.jpg,Sweden,SE,60.221507,13.473628,3
d0f59da6ad9c41b6a33bbfc6e5e05ebc.jpg,Sweden,SE,59.146639,17.574425,4
f82b8f0db4894e3894accf09d2b42989.jpg,Sweden,SE,59.364462,16.071754,0
80eafa01decd4e14be48d09280c27fb2.jpg,Sweden,SE,67.756624,20.07438,1
bac7d427ad3f4f56b28ab193c2b945a7.jpg,Sweden,SE,63.154321,14.227609,2
b87365f30cd64aeea500bed54a9b7481.jpg,Sweden,SE,65.327492,16.635541,3
e9c4695c8047426c89198223555caa90.jpg,Sweden,SE,61.247035,14.767038,4
62ee5aa89fd84a5eb3401b17ae2fb70b.jpg,Sweden,SE,68.248846,19.516152,0
c37eed289a2b49339a1c68872d4d6e3d.jpg,Sweden,SE,65.63316,15.531155,1
7ff5d309732e412aa49c0191f16a15d8.jpg,Sweden,SE,56.80765,14.462141,2
d69b624c8e0242709bd8644d7905b6ba.jpg,Sweden,SE,59.830573,17.998021,3
49023824bfd84b088d913bac84be700d.jpg,Sweden,SE,64.182535,17.452505,4
1d1e872c3d24497b8c2ab349f44d318a.jpg,Sweden,SE,63.996555,15.276591,0
50e327d364da4e4593e72715a63b6bde.jpg,Sweden,SE,64.702715,21.124958,1
e9baff56708f45f0b5c5c4a941a7ef16.jpg,Sweden,SE,60.185555,17.895909,2
4743821144e94881916c3adb7e20a896.jpg,Sweden,SE,62.22591,17.138163,3
b97db2133d3d42f78d6f74f3a5274cc2.jpg,Sweden,SE,61.658569,13.177434,4
11b20522096f4f43b89e2f8abdc7ba47.jpg,Sweden,SE,55.732714,13.55481,0
f6172d08b37140e4817ecebfa2e9cc65.jpg,Sweden,SE,57.46371,18.444812,1
213f929eb5ce44cc8a0ef21084619752.jpg,Sweden,SE,65.576782,19.246709,2
3b0a9c4f1af04f96baea1d4d7c620d10.jpg,Sweden,SE,59.896179,15.078111,3
40ab6aee2c1a422380b4e54651e20fd3.jpg,Sweden,SE,59.820785,15.614007,4
105acb0b22434bb5b5faef91b9c748a3.jpg,Sweden,SE,65.375874,16.126388,0
70f3686e51c54be18c63fac13108ccc6.jpg,Sweden,SE,63.289986,18.400588,1
bc360b0519a34e6e96191e877c92dd6b.jpg,Sweden,SE,64.151653,19.685822,2
87d935c4eee64f50a914ca33a7a65fe4.jpg,Sweden,SE,66.000502,19.792407,3
e6418ce8328347b9b4c90d05453d269a.jpg,Sweden,SE,66.558392,20.08932,4
c884c1f15ec841a8bb4041d71de23c86.jpg,Sweden,SE,60.557113,16.034246,0
92febcc0bfa042e087398059167e0a15.jpg,Sweden,SE,55.772907,13.635375,1
88575b0a42894737b0631dcc97403569.jpg,Sweden,SE,66.656791,21.243374,2
a9d63b942aa040839e04763ad743779e.jpg,Sweden,SE,59.272569,17.511693,3
f301d49cc65d4c33b92f60dd3d9fa1ec.jpg,Sweden,SE,63.224145,18.507076,4
5df0bfe5f0e346d9b2df6c6e7ab698a9.jpg,Sweden,SE,56.34633,13.828332,0
1115d287c68644789fc0c54284adf80f.jpg,Sweden,SE,61.443729,17.123278,1
36f2364f4877413ab3b01f2acae2de50.jpg,Sweden,SE,56.303683,12.767631,2
dcdd0882b36b4ee2821ca7be8cbf13b6.jpg,Sweden,SE,56.369755,13.662614,3
23f1683f497a4dedbb253038844ba894.jpg,Sweden,SE,65.410185,19.684866,4
44c1a84201f149b8b512884d4ac4a613.jpg,Sweden,SE,59.919194,18.925024,0
4561a75d27fe46ee81c3b77a63f2e86e.jpg,Sweden,SE,64.411557,19.289982,1
c326d09f2e724568bf4fcf789f9efb53.jpg,Sweden,SE,58.178218,11.476442,2
5d13101fa12d4cb3a97940a416ac23e2.jpg,Sweden,SE,56.840071,13.511724,3
2b0b47ac87404ce2a42adadf1d00df68.jpg,Sweden,SE,62.159805,17.454101,4
12e0994de06943b3aad08914ccca56c0.jpg,Sweden,SE,57.486195,15.026928,0
e02e4d99efa947a89520314a84301fe4.jpg,Sweden,SE,62.704429,12.524822,1
743c4f5df57b44338f22f0366a5b29b6.jpg,Sweden,SE,65.864086,16.448039,2
25d7897b3e6d46c58e1a41b6b6ff9882.jpg,Sweden,SE,58.188564,13.593602,3
477184d5b8e742849af6d7831725ce3b.jpg,Sweden,SE,64.377302,15.644258,4
787a9b7a9468405783e1d815313fa683.jpg,Sweden,SE,65.081254,21.465107,0
3bba6d6880be4f519f8408903183f604.jpg,Sweden,SE,64.660321,15.633511,1
ab40a062ae5f4fb0bad98a94daba3143.jpg,Sweden,SE,59.716039,18.547291,2
0303bda7f053467fbb6260ca8c762788.jpg,Sweden,SE,60.692346,13.707227,3
3d773591511243f39940e32ae0fe656e.jpg,Sweden,SE,64.073764,14.077745,4
f90c590242584a65b12f0bb428d7f49f.jpg,Sweden,SE,58.420005,13.77128,0
6495d0c8efd244a28a71d2fcfb971a38.jpg,Sweden,SE,64.496185,20.67606,1
0e5e648632254d5790e0897fbe4f9849.jpg,Sweden,SE,58.226254,15.540547,2
7d45daaf01a242ecb95ec32bfe1ba346.jpg,Sweden,SE,59.927678,12.345834,3
3fb3f1190c7c4056a7a71911fcce0a20.jpg,Sweden,SE,60.383603,13.294023,4
8cf76f800ad74eeb86c316b0b6b59b53.jpg,Sweden,SE,63.495025,12.47252,0
42f0c73fd47b4f16a6c8f796eda3800f.jpg,Sweden,SE,64.811529,17.513959,1
4ec0c2fea0484beda5d07a5c1ebc8902.jpg,Sweden,SE,63.829725,15.615979,2
789737b874b54a558ca6d7e3a8674e9e.jpg,Sweden,SE,56.244729,16.46563,3
a8a35faedde44bb9b76b1a305d9b05b7.jpg,Sweden,SE,64.303073,14.958715,4
fa7292766f374708ae4cbcbeb3c43560.jpg,Sweden,SE,60.008483,16.642894,0
4de3b4852e1b425e9e8346be9f2aab5c.jpg,Sweden,SE,55.730081,13.874312,1
56f2552208c240d09cdd3d65cc787b35.jpg,Sweden,SE,59.899823,18.943441,2
faea5d0c8df8408bbf7cece638aba598.jpg,Sweden,SE,58.379225,15.896588,3
c6db762243634a69940dfbc08c7ce562.jpg,Sweden,SE,60.452449,17.161412,4
db2d19c61e0e4ecba628fea3ce91b540.jpg,Sweden,SE,58.319156,12.790328,0
788535faf1f342edbfd6cc352b2c180a.jpg,Sweden,SE,62.875036,14.890709,1
a6b55e0317a54f869afb13287fccb512.jpg,Sweden,SE,57.416652,18.355601,2
a87dfdcdd8164365b216c57640ea0d4e.jpg,Sweden,SE,63.616549,15.043235,3
242256210a7043f6ac63e5b920a684a2.jpg,Sweden,SE,63.68418,19.378303,4
82e9f20547cf45dab501709998810bd1.jpg,Sweden,SE,62.258956,17.468233,0
19ee9782abd34059b5b4173b318d3071.jpg,Sweden,SE,61.368717,13.526002,1
dae7d317dec14fbc9cd3bcf9a2cc44f6.jpg,Sweden,SE,59.972889,17.697901,2
f9b5e737286d4d1d98a5a97962fc2a84.jpg,Sweden,SE,65.704707,18.746816,3
8693964882e24829a766415a02ba6982.jpg,Sweden,SE,67.969163,19.963645,4
2dd0f6b891544de1b6ba445213a5cac1.jpg,Sweden,SE,65.877953,19.462926,0
9281cefe2c0a4f3ba8439b654ec0f2a0.jpg,Sweden,SE,65.922477,22.656767,1
594c7941ca764b0d83a4a7911e31dd8e.jpg,Sweden,SE,63.71669,20.069772,2
bb99fca4ab9d4dd4847846c3a85bc760.jpg,Sweden,SE,65.670617,20.250252,3
b602cb027b2e400ab0ca4b6ca7f6d55d.jpg,Sweden,SE,61.71596,16.844332,4
78120bfc2b474ec8b9a4d2f27aba81ba.jpg,Sweden,SE,66.228021,19.933874,0
c7a2bd358a91459d97d00e15b0a4cb87.jpg,Sweden,SE,61.835335,15.841833,1
388a0c4fd4194ce5a74dfc132d21a2ba.jpg,Sweden,SE,57.561072,18.709824,2
08f21379df8840f89d3d689708a2d832.jpg,Sweden,SE,62.363082,13.781983,3
243299c474fa45938d36a53c8b1d01e6.jpg,Sweden,SE,65.980633,22.866528,4
1b9b5c2d52a14e1ba57d45d088b4a32e.jpg,Sweden,SE,64.46754,21.088204,0
eb06c70880e1424cba8416e86004605f.jpg,Sweden,SE,55.595339,13.722277,1
2fe39d89b88349668fc91ac3afdcd178.jpg,Sweden,SE,64.933543,15.701501,2
765fd0ed9e1d43eb954a70e4f08c614d.jpg,Sweden,SE,64.742749,15.802441,3
2d376fe3d8c241c3bca5d079fcf684bf.jpg,Sweden,SE,60.005599,13.330053,4
6566f95729b44f29832120b47dd82c32.jpg,Sweden,SE,57.577203,18.382213,0
174f76bbb1184fecba1e4db69562f7b3.jpg,Sweden,SE,65.398465,16.128006,1
1359c5c5a2e5457a939b1b2fc5a2f23c.jpg,Sweden,SE,58.72199,16.299303,2
af5f28010b3142028518f403342deb18.jpg,Sweden,SE,62.374068,16.78331,3
f4e7e996d6434d38b1de083ec405bc07.jpg,Sweden,SE,64.369532,15.369096,4
a91362da8e244fd5b5a01b98925fb3eb.jpg,Sweden,SE,58.358672,15.930729,0
d6f0221fb51c40cd9d9ad94f1f57eae3.jpg,Sweden,SE,66.189704,21.154381,1
d45fdf8707bf41f9aaddfd9b7209465a.jpg,Sweden,SE,65.902772,19.472748,2
e1d5b09d1da645e59e4a7e4429afe94d.jpg,Sweden,SE,66.404121,20.684796,3
02a71b085fcf43c0a221177eee9831f2.jpg,Sweden,SE,60.156197,13.536888,4
9231f14564e3438880a318bc6f5260ab.jpg,Sweden,SE,65.321013,16.675509,0
d964f47b6b3847dca923d940771abfba.jpg,Sweden,SE,65.337463,16.14951,1
7f9e0ebe976041c7a721ca86cdfe24a5.jpg,Sweden,SE,61.262393,17.131567,2
33d3c49b0ca04c36991615d0daaefb78.jpg,Sweden,SE,64.324468,15.720818,3
cd0f5258b0fd447cb09519589d2d0317.jpg,Sweden,SE,65.409776,16.123972,4
306ac2671397411f96f30008533975dd.jpg,Sweden,SE,63.810096,14.38629,0
ef7af9833b4344e7842ee968081600b4.jpg,Sweden,SE,57.069847,12.509087,1
ded8c2fc335c4d45888542e0b18a23a0.jpg,Sweden,SE,64.111877,19.328535,2
304c4c5925c8451ebbc3185cafd56498.jpg,Sweden,SE,63.894731,15.282526,3
2f35b8fbfb2a418488b05a9cd6dff992.jpg,Sweden,SE,67.852909,20.948671,4
1c0d3bd4076c42debb89c11a8a2183ed.jpg,Sweden,SE,65.442824,19.37279,0
148c5d2f4c9d49cba595f78cbbd3beb3.jpg,Sweden,SE,60.526679,16.484767,1
d8ec581b90714df9b496c6ac0ecaa2dc.jpg,Sweden,SE,63.821629,14.39159,2
2e7ce7a6290d41a79fed2e90f5e25a96.jpg,Sweden,SE,59.979023,17.101885,3
74c7533dd5de4d3d8f1bcd8572b92a83.jpg,Sweden,SE,66.042989,22.820215,4
d72c8599b1854c2da7a4f924b2b7f752.jpg,Sweden,SE,56.096253,15.850349,0
f4e79bf77cf24d86bb3e8526dc9116a1.jpg,Sweden,SE,66.373814,17.001689,1
bad76e6b4cfc4e4487da87e2c71d6015.jpg,Sweden,SE,62.921735,14.845804,2
d1acc711bf514867a84822607143c7a6.jpg,Sweden,SE,66.473153,20.319885,3
c5bc08edc14e473a80dadca6e3ed21a5.jpg,Sweden,SE,65.090805,18.873469,4
013dab95aed1425185b471f4ec69f0ca.jpg,Sweden,SE,57.972152,16.238288,0
d3471e731ad94298954d8e6fc5ac515b.jpg,Sweden,SE,59.345193,16.025236,1
80758a98b3224ff98632d82e41ee8f3b.jpg,Sweden,SE,66.234347,21.400949,2
2964e3c174684e67b3ff0e052e432940.jpg,Sweden,SE,64.445967,21.521434,3
6eedd2ab914c42929696f45066e12664.jpg,Sweden,SE,62.195182,17.499965,4
193b36805df748c394f61dfede85a735.jpg,Sweden,SE,59.086278,15.035517,0
74266ed23145438881f37fa56d6ff791.jpg,Sweden,SE,68.122348,19.817573,1
593e70fffc7a4cc195fcb39a7adc6810.jpg,Sweden,SE,59.343457,15.833518,2
4870ec802b2a4a07a224e681548dc2b6.jpg,Sweden,SE,62.162712,17.498828,3
1a07a72fd8ba47939af12eaaab6c54c0.jpg,Sweden,SE,61.378246,15.899194,4
e90a2190b7ea41079b641dc0e1d4525f.jpg,Sweden,SE,59.994644,17.713114,0
fdd60ee9a2d24cb182691119dd31a0f5.jpg,Sweden,SE,66.064834,17.689346,1
f17e5394aea1477280b0bb459c86cac0.jpg,Sweden,SE,63.771995,20.226488,2
f051c2404c0e43999d97a6accca1f031.jpg,Sweden,SE,66.99638,19.842569,3
57ec998674b1430d8ff25bce6f13b99f.jpg,Sweden,SE,59.875058,17.397116,4
60071972bf5446d6bf2d2534bdec0aa1.jpg,Sweden,SE,64.111643,20.723022,0
6ba9f7ae03174b01b1a276502a4f2329.jpg,Sweden,SE,64.248047,15.831514,1
dcb1d60139114875a1dcd4019420cd65.jpg,Sweden,SE,57.403763,18.872114,2
66774d096dab4406953e5a0ab4f69d98.jpg,Sweden,SE,64.228795,15.11082,3
6748efa86d5f43409d2aa83ae9eea760.jpg,Sweden,SE,65.593912,21.122561,4
c6f1b725e00c42f9b1a79bf8b33b1015.jpg,Sweden,SE,57.552011,11.966775,0
609fc22847d341ed917640b39aa7ff89.jpg,Sweden,SE,57.287064,18.186874,1
f32df68d63a3407aa020197f3d880b68.jpg,Sweden,SE,65.632147,22.31811,2
80c9fb171476408c975aaefb292d5724.jpg,Sweden,SE,55.531331,13.349853,3
1499c09b8ee74296bdc1388ffa60e4ab.jpg,Sweden,SE,66.038569,22.825992,4
326e13df8ad24ce4a501475634a32117.jpg,Sweden,SE,65.250431,16.855883,0
eb694035e45340f3a13fc0ecfde7afcb.jpg,Sweden,SE,61.159412,15.129742,1
b734489151f7493fb1388fe80e5fcc3d.jpg,Sweden,SE,57.576635,18.383688,2
c9f30c0066be46bfba3988da6cc713d1.jpg,Sweden,SE,63.98777,20.370601,3
b96936ba76fb44a39894ccf8fafc42a1.jpg,Sweden,SE,60.458932,14.736934,4
5de4b43e66864ffdb6fef16e2edb4e84.jpg,Sweden,SE,66.231511,19.932041,0
cfb796b888d64ebf88862d7bf1bc3fa2.jpg,Sweden,SE,63.241942,18.512855,1
e870242443ff47abb168159aa928669d.jpg,Sweden,SE,55.451126,13.932593,2
b440b113c7f84af68159897ed775638e.jpg,Sweden,SE,57.48945,15.023168,3
0b692c60a9144d7b83043a2f5fa5013a.jpg,Sweden,SE,62.185213,14.176863,4
c804ae929c204fc68669136bf3af4e99.jpg,Sweden,SE,66.678486,19.831315,0
cde9b8b497f1445da315caf1c8fb2f26.jpg,Sweden,SE,63.314465,18.988083,1
2f65d1daac184b20b4c614eb3ec4f83b.jpg,Sweden,SE,59.939451,18.600144,2
935ef251741b47beb221baa55838c670.jpg,Sweden,SE,57.295633,15.923763,3
452ab9e07a7e4e11abb5572b7ef6f4d0.jpg,Sweden,SE,65.018048,20.193125,4
221c6eb2154d4460b0308bab42d8dab7.jpg,Sweden,SE,65.24459,18.853285,0
b063fbea38f04cc48ca585edf7f93424.jpg,Sweden,SE,59.757224,15.894199,1
9215b0556d6343ddac5fdcbae0418337.jpg,Sweden,SE,59.926452,15.935854,2
37a11f2c204d47a38b150e981c9fba41.jpg,Sweden,SE,65.004881,17.073022,3
670d58acd23f491e85ec572a1b491502.jpg,Sweden,SE,67.098068,20.4468,4
6d34ad30b3d44092b75ccfe227d58124.jpg,Sweden,SE,65.66192,15.445209,0
218259a560404178b3eeb911d2fbd120.jpg,Sweden,SE,65.371018,19.200598,1
427b835e348f4a999767b79c5f0002a0.jpg,Sweden,SE,63.267603,15.568664,2
28c7f7b671a942719211534bdefc91af.jpg,Sweden,SE,67.934209,20.064282,3
f624726d944e471b9b90c65ee8d51c78.jpg,Sweden,SE,61.647764,14.799222,4
f9ac874273344ef8980853e9b4f0717c.jpg,Sweden,SE,57.51573,18.373488,0
da4e06b22b6f4686a4f18d9d33520e54.jpg,Sweden,SE,65.584316,18.574997,1
3ba41cf360b1450b9a27d6d5c4a09c99.jpg,Sweden,SE,58.265134,13.471541,2
1c9135078c5f4a859c584eca879a2b29.jpg,Sweden,SE,65.901352,16.322517,3
483f13ef218c4b35aee069d916a485b7.jpg,Sweden,SE,57.315579,12.422665,4
82059b7d30ae4f23b881549dba87e70a.jpg,Sweden,SE,56.03989,13.06349,0
a8daefe3639f4e75ae21e5a2eb85006b.jpg,Sweden,SE,67.118082,20.472978,1
a5b437edcb0b4921af41936995c110ec.jpg,Sweden,SE,67.576976,20.878916,2
459ea67b29db4c55a3648011cbdca83e.jpg,Sweden,SE,63.748045,16.430978,3
d729eca4118d46df9da1f9c0940a3b99.jpg,Sweden,SE,60.021985,17.88389,4
816f43106e244564ab1c5dc986c9d099.jpg,Sweden,SE,66.107855,22.848107,0
0852d5996c1a4ecabf483b18d6f032dc.jpg,Sweden,SE,67.839996,20.691851,1
bb3a612364bd429c9a8fda3aad96e06b.jpg,Sweden,SE,64.435616,15.12416,2
25b7ede6b51c4fb59cc8b2ff90c2fed9.jpg,Sweden,SE,67.143007,20.794396,3
fa8f985668e44ea0974b418c0b0ae8d3.jpg,Sweden,SE,61.392244,17.173692,4
96d9d19920f24158a4f9061b64eab858.jpg,Sweden,SE,65.719496,18.695764,0
244740ec11254f32b91603c19a93b01d.jpg,Sweden,SE,67.098884,20.958266,1
6743a0e590e442eb90d3b7d108e4c6ab.jpg,Sweden,SE,63.964249,14.073303,2
8e085b58c38c42808c5659e701a500d2.jpg,Sweden,SE,56.75834,14.918567,3
cb92f926e1ed4da58bf7695395c44341.jpg,Sweden,SE,64.238333,15.865835,4
94db9e490c2c4d7f93016a3334199308.jpg,Sweden,SE,67.113761,20.629835,0
ef75bf97f76c4505ba26210d7715d9e7.jpg,Sweden,SE,57.862884,11.706913,1
8ac279ac3e6d4bac89f6cc016b200292.jpg,Sweden,SE,62.701181,12.687726,2
95fcd4addaf04045b363dd5f513287d1.jpg,Sweden,SE,66.056567,22.707692,3
43c85225f2404278ae54c43f1acd7bfb.jpg,Sweden,SE,62.157733,17.449426,4
fee65c946d2f4692810b0256eb835887.jpg,Sweden,SE,57.778879,13.292995,0
0e435cda34014d14b68f540280fb8957.jpg,Sweden,SE,65.039462,21.351213,1
c3112de98daf412b8e61eb12128fd9be.jpg,Sweden,SE,59.865138,16.822127,2
103acdb5f5304cf9b337836d655ef3f7.jpg,Sweden,SE,60.604971,17.088789,3
53ac9f35d368487ab2eeedf560ee59f8.jpg,Sweden,SE,58.070875,12.842856,4
b8582680f37440b691698a44004542df.jpg,Sweden,SE,60.414853,14.779892,0
d69a02d9cdf643cfbabbbd96411fb2f7.jpg,Sweden,SE,65.6403,15.517551,1
f9442369ebf8496eb670fd3687cbbf63.jpg,Sweden,SE,59.729782,17.713669,2
288d8d741c89449990a08ce03642004b.jpg,Sweden,SE,63.861694,14.339636,3
039b2faa13de41afb097b0a731850244.jpg,Sweden,SE,62.395855,13.938966,4
2ead49714b6c46298f5f16d2fce8cdfc.jpg,Sweden,SE,58.84308,11.258969,0
ffa48afbf6b344cdbcdf48579c6e42d2.jpg,Sweden,SE,59.400386,15.366067,1
1a4fd0cf4518459eb53fe2966b3080c0.jpg,Sweden,SE,66.454428,20.497432,2
ecfefd71ee634692a9e1f364bc8ef2a4.jpg,Sweden,SE,67.039015,19.79509,3
037db81e9d9c4c3dba8d632c8d5f23b1.jpg,Sweden,SE,56.975206,18.314161,4
a8303ee8513d4d618b080759fca2dbe6.jpg,Sweden,SE,64.147495,15.245379,0
e92da08cb17245d8a7c1da949d1ad656.jpg,Sweden,SE,67.083369,20.357679,1
1fcd50fa4a4a49358afdb6be96813b4d.jpg,Sweden,SE,64.311834,14.961415,2
cf40eb7d9f524d09b8b04fc85334292f.jpg,Sweden,SE,59.902445,16.751614,3
afb780ee35f04fb7a529bf1773024dc7.jpg,Sweden,SE,61.60086,13.253221,4
6d6ad81ffe554afcaf8da869de6583a7.jpg,Sweden,SE,64.381075,21.381786,0
4a729dfb5a71430a9c8c497c3c693235.jpg,Sweden,SE,65.314309,15.858111,1
5fc943b9bba14575a6a26432f6f43b16.jpg,Sweden,SE,57.835296,18.593167,2
8315a6f562f04047846fd83dce0acba4.jpg,Sweden,SE,65.304519,16.719152,3
3edad4cdf5b84f23a8eb2b36bb8c6cad.jpg,Sweden,SE,58.6145,15.293063,4
8272ca093f9d4e328053e6ede03db1a2.jpg,Sweden,SE,62.913665,14.157175,0
bcbd4558b1014b75bc367af28f36abc7.jpg,Sweden,SE,65.341524,16.14451,1
36ed67cacf5b4a149b7bc6e663201037.jpg,Sweden,SE,64.271487,15.776878,2
9aa27a34e54446d48ee3a064719b9aa9.jpg,Sweden,SE,57.166283,18.308923,3
d5f510e1284f450b9b3bbe7f0b78ae91.jpg,Sweden,SE,61.509737,14.849764,4
eb6b1b5591384d55862782695187855d.jpg,Sweden,SE,64.646519,15.733068,0
d545ad8b4e3544e7b584e4173ee38e2d.jpg,Sweden,SE,66.390924,20.697868,1
e9e20563cac24776832454c2f510e2b6.jpg,Sweden,SE,62.182355,17.163348,2
d1c967cbf7d8415fbeb53bfda04acd48.jpg,Sweden,SE,65.038537,17.018265,3
f20f6b4b381f49baa31b1b82e9f59ded.jpg,Sweden,SE,60.484807,17.421063,4
f84dc98ad944488ba6411ecb06d4bad8.jpg,Sweden,SE,63.717556,17.745612,0
df640cdcb8654e81adc06819e0fcdc39.jpg,Sweden,SE,58.45843,13.473962,1
7f4d30d1125c430fb91386c2e5e47c34.jpg,Sweden,SE,60.148883,16.401681,2
f4328be6e48c471eb2f58d18b7ffd5b3.jpg,Sweden,SE,56.055586,13.340688,3
214101e188c4415a8486757e3b26b5b2.jpg,Sweden,SE,55.527148,13.983926,4
6c30cdf55ea4426989060576cf899ea2.jpg,Sweden,SE,67.102348,20.45276,0
98ccca36be414e76b84a87dc895ba093.jpg,Sweden,SE,56.333729,15.145573,1
f1c8d41ddd484f4f9003077e9d887735.jpg,Sweden,SE,66.235739,22.314724,2
54774b5575fc462682981f8efd867ad3.jpg,Sweden,SE,64.458925,21.122909,3
52df4bfdfc79442fa235fa79e4363406.jpg,Sweden,SE,57.286316,18.385241,4
bb9a5b4323ac4a1eb8c56fdfc25ec5eb.jpg,Sweden,SE,64.530242,20.836752,0
cfdf0979a9954e4a934d235ef0597669.jpg,Sweden,SE,64.077023,20.775767,1
493181754c6049e5a102fa65278aa040.jpg,Sweden,SE,59.381709,15.136423,2
026d865df2ba44fda58addac0a2bf458.jpg,Sweden,SE,61.758814,14.156599,3
438fc918d7a742c380c6d7e370ea2edf.jpg,Sweden,SE,60.351208,18.205365,4
0989cb2a60184aeb9a3553303a95fc9a.jpg,Sweden,SE,60.080713,16.013748,0
bd137b536b4246e1b7159b892aa4cbb2.jpg,Sweden,SE,59.176348,16.211198,1
e741b5bae67c46cd9f24cf82ac724010.jpg,Sweden,SE,59.089122,17.928387,2
08ca9b66f30745dd9ef1b3ab3eb28442.jpg,Sweden,SE,66.652856,21.273242,3
23d144c7af5d4ef28c8283bec7d6dc29.jpg,Sweden,SE,65.932911,21.820551,4
01b8c8b205c6494d998861669217921a.jpg,Sweden,SE,56.885884,14.229187,0
b14596eb0b9143588df8db29bf5cfd8a.jpg,Sweden,SE,66.657957,19.94757,1
f771324a11fc4b00bed712b308a64c76.jpg,Sweden,SE,57.565325,18.404874,2
be4194e14c14472cbde4fc3309eb1b87.jpg,Sweden,SE,63.183149,15.500758,3
e7931ec63e294a7891f5c6c078ae89b8.jpg,Sweden,SE,63.529608,16.472604,4
2e98b5a3c1b54cb7b2cb0f3af8508004.jpg,Sweden,SE,65.045315,16.986365,0
42b1194f82d242bcb108046dea5124f7.jpg,Sweden,SE,64.062343,19.035809,1
800c813af037431e928d9c4f502a6214.jpg,Sweden,SE,67.964824,19.976606,2
214af0c883ef4058b7e280a7cf783f07.jpg,Sweden,SE,60.978921,16.415239,3
2069cfe010414505b233ead41a92468e.jpg,Sweden,SE,57.487277,15.025628,4
60e1c19d0efa4bc183e3792e965a450e.jpg,Sweden,SE,62.623657,17.406909,0
9ed0d050e3234b9e89d5cff42dd0965d.jpg,Sweden,SE,61.431867,16.06693,1
4a798b0e9ffa49f6bf6978264facf21b.jpg,Sweden,SE,64.729903,20.917551,2
71bdf80ac7a8468298621cb1f1c86f3e.jpg,Sweden,SE,57.455964,18.342597,3
baef3db77b804845931a3058fd5fc91f.jpg,Sweden,SE,65.326798,16.651808,4
c38866c3e0104f9e98cee2cc139027b6.jpg,Sweden,SE,59.938709,13.55337,0
828323c60e284c9ea66f1776ee86a89d.jpg,Sweden,SE,66.054581,22.804161,1
3a66c2ae60c144ef83cb8ca8fab2cdec.jpg,Sweden,SE,66.998655,19.844396,2
c516b8df31374b8a9e7ebc8f8ea2b8ac.jpg,Sweden,SE,56.182496,14.090153,3
a6324e8885a34bb583077885c8ae96a8.jpg,Sweden,SE,62.147288,17.344779,4
6daf69bce7ca45429737a1e7f076c95b.jpg,Sweden,SE,61.165365,14.703564,0
df174db4dce14980a3460877fc0f85de.jpg,Sweden,SE,67.139484,20.799931,1
139e4b04819e49f99e7e431fd0dbd9c1.jpg,Sweden,SE,58.548832,16.722419,2
e6d4415edeea43bfa5a1404382950d82.jpg,Sweden,SE,57.500771,18.563602,3
486ea24ae5654234918e8e1c4727c9e2.jpg,Sweden,SE,66.674849,20.165057,4
abf11b5d89dc4aae89e28fed977ad0ab.jpg,Sweden,SE,59.846324,16.639218,0
84eb226a16084a28bdc7e341d1261c5c.jpg,Sweden,SE,64.55731,20.881952,1
25c0e33305844d63be5e725d0ddfca16.jpg,Sweden,SE,67.828787,20.721484,2
5503dd1f1f7b4fe1abddeeb714450dda.jpg,Sweden,SE,60.814739,13.429015,3
f60bc74212ef4cfa82aceedf8282d906.jpg,Sweden,SE,66.721182,19.837625,4
b30740a2f1464d78ab2be1872870be89.jpg,Sweden,SE,56.211379,13.736622,0
b7b11990351d46278aa38e6f70a30c2f.jpg,Sweden,SE,58.34958,12.005409,1
b5589545e226408984dd4e61885fd7be.jpg,Sweden,SE,64.154832,17.862405,2
8494d2d2d0464f18acfe7a455dc38758.jpg,Sweden,SE,66.315765,19.843308,3
4ace73e9ad7a483086e8eac4903a36d3.jpg,Sweden,SE,62.17306,17.157395,4
404185f49ba7464bb41a9fbd1f4e96a5.jpg,Sweden,SE,59.082749,16.852421,0
9b16b888104440cbaad6eec6f5903ec2.jpg,Sweden,SE,65.247336,16.878074,1
366f02a65128453eb67bea2d60aa703e.jpg,Sweden,SE,56.959525,18.303218,2
e131287b383e49dead2e47bf4872613f.jpg,Sweden,SE,66.684392,19.830604,3
2744fa0138024df9b0af43458abe1881.jpg,Sweden,SE,63.819623,13.10823,4
ca0a368b65194080bb8af327f9ff2a0a.jpg,Sweden,SE,57.077371,12.379498,0
753ecd890a0648b7b382556a27cc4d25.jpg,Sweden,SE,61.420106,14.839124,1
9f4dba64616240e5bd395357ac5ba8df.jpg,Sweden,SE,62.229384,15.173057,2
6ca9d86b08c2499d89f797cd85184f13.jpg,Sweden,SE,55.95205,14.096634,3
ef5b3594895d4163a55ff8484b556d36.jpg,Sweden,SE,65.303074,16.726778,4
5b0226e61f9e4c158cd4863b9bc40440.jpg,Sweden,SE,63.587738,19.364633,0
e4022a80bc3440578422d8887dcc155f.jpg,Sweden,SE,58.192244,15.403752,1
411fcd21ccc2462eb73855394a531f88.jpg,Sweden,SE,60.177804,16.285333,2
4450be5e31ac498498939b5de9af430b.jpg,Sweden,SE,61.104801,13.30346,3
4aa234b127914c9cad80b7d2c8887c40.jpg,Sweden,SE,64.402499,15.642567,4
11ad23a90a974866bb533580e1c559b9.jpg,Sweden,SE,57.082063,12.527574,0
1763e566f77c47468952639dba025cdd.jpg,Sweden,SE,62.480571,14.770064,1
fac2e54fdc0a45ed9c3f1272f9ac090a.jpg,Sweden,SE,66.346258,17.06844,2
122de2354784475e9bd58dd095cb1e3f.jpg,Sweden,SE,68.233621,19.565903,3
af2816345fd04d6d9c46ea3d74f4ef8f.jpg,Sweden,SE,65.924175,22.657625,4
82b3cade8f774c65beeab8b6541e7086.jpg,Sweden,SE,65.834228,23.757475,0
bc9b462296864fc781da7d75331b1546.jpg,Sweden,SE,57.108945,18.325469,1
7ea61158865c40409cc4a24959f27ab6.jpg,Sweden,SE,64.317758,14.93895,2
c4c960e45c984aa68597ecad8ef51f85.jpg,Sweden,SE,67.437903,22.528637,3
e6ef37cb593c48f79fa99cb2a03d553f.jpg,Sweden,SE,59.833939,17.526269,4
c93f8a2b7a32462ea36b514fd2604a9f.jpg,Sweden,SE,64.425723,15.137022,0
3488f4c135084a2a9ef4f49fbe8706fb.jpg,Sweden,SE,57.7972,13.068563,1
1a0d9d65e9f04b3a85a72fbc82fc0c8c.jpg,Sweden,SE,66.0568,22.707409,2
f5ffb413270b42ae86a4b46c15bb9147.jpg,Sweden,SE,65.578918,18.557762,3
7ce50282a30c4ba9b21e62c75c963cd4.jpg,Sweden,SE,58.908828,16.625953,4
bc5e62f2e5f74a929ce6bebee31de457.jpg,Sweden,SE,66.686073,19.830746,0
d93eeed866e84cdc8e56d5d7099cc0cf.jpg,Sweden,SE,64.92568,17.038206,1
09501f368e374134815aaf896310b722.jpg,Sweden,SE,61.387465,17.191653,2
344b127e5498430abb0b60b872c253e0.jpg,Sweden,SE,60.139161,16.839613,3
5a5db6c4680649bd88de106dbb7b1009.jpg,Sweden,SE,55.862868,13.749743,4
44685de197d7447ca217bcde7a037c7b.jpg,Sweden,SE,63.429312,14.061881,0
0e319abe0b1c4d16aa00b8c75c8d32aa.jpg,Sweden,SE,65.31097,16.196515,1
9e4fa0ce82d642899cecb0a9c4a0e26e.jpg,Sweden,SE,62.377039,16.750629,2
faa097b06bda425a94038b2373235919.jpg,Sweden,SE,63.7373,16.429167,3
88d9e7bd557e4a019c557d760678e346.jpg,Sweden,SE,57.520359,18.372938,4
51be8744ff5b4b68b638ba337d4bca2c.jpg,Sweden,SE,67.739085,20.668919,0
144bfb8bd0b84aa3992b1d0413e38b59.jpg,Sweden,SE,63.722283,15.878697,1
25fcbf4a81d34a9cb2971a3a43016c69.jpg,Sweden,SE,60.813004,13.428568,2
31acd89f83c14827944e0054c825e000.jpg,Sweden,SE,65.034072,17.474645,3
d334c77691b24daaad1dfac8537d83ad.jpg,Sweden,SE,64.34068,14.833467,4
7a5fe3e520914c23932c958d5740f048.jpg,Sweden,SE,55.610175,13.959864,0
280cc8e65fc747668dad59b5362570cf.jpg,Sweden,SE,57.660029,13.327479,1
0acfd2a531074c7e90fbfd5a5bf59bb7.jpg,Sweden,SE,67.267094,22.704391,2
65165ff9d48643a3b3b670b8e8aa9c67.jpg,Sweden,SE,62.216222,17.470384,3
1c5c7c796bf04ec798f4e7493acb6c36.jpg,Sweden,SE,62.095429,17.43106,4
cd04716cb64e4116966c3bd62743ef70.jpg,Sweden,SE,67.945904,20.046309,0
a89824057f6348f583b1bcc3de3a20b4.jpg,Sweden,SE,62.658266,17.261015,1
641350edaacf49a9abd810693a48bb23.jpg,Sweden,SE,57.692491,18.53034,2
5af031a4512c466a84b33b25ef80a94a.jpg,Sweden,SE,65.239386,18.82696,3
ae96b33ba99544e7b7e47caf88debced.jpg,Sweden,SE,62.987129,15.149624,4
daa9ee16549a45bb8c30feba46080dc4.jpg,Sweden,SE,66.592453,19.212588,0
2d11cdb762b9415090f21358f29c0ee7.jpg,Sweden,SE,61.814703,13.778838,1
a0838c234d99462a894f8a701c5cdc39.jpg,Sweden,SE,65.031811,19.407549,2
4abee447b1684564aca95600242d931d.jpg,Sweden,SE,57.555419,11.950585,3
408024e484e74a7683a4b42df3305fd3.jpg,Sweden,SE,58.533458,11.5742,4
903137938dc5415589f45447bde1c500.jpg,Sweden,SE,64.121547,15.288088,0
e47c2eb1b30f46fab1ae4f3a142985a3.jpg,Sweden,SE,58.272039,12.981051,1
04bbb772a912429da1d74023e06995d2.jpg,Sweden,SE,65.486279,19.329744,2
4a94b3df993e46a5a03f9ea63eb14f07.jpg,Sweden,SE,65.451277,19.377702,3
cfa59dfffd0341bfa716731b415eff7d.jpg,Sweden,SE,55.778662,13.813182,4
8743baa8183d4bd7a65e1fe14db88d6a.jpg,Sweden,SE,65.420037,21.25187,0
76446470b7614c86a6a596feb67dda0f.jpg,Sweden,SE,59.998428,14.549238,1
ba6bfc6693954e4a9870cad32ca931be.jpg,Sweden,SE,58.709006,16.641965,2
4fc5cb136be74c5f920861f30f455eb2.jpg,Sweden,SE,61.361226,13.53489,3
224077ff311b42098a8ddf403853f132.jpg,Sweden,SE,65.953719,22.675857,4
f328355d305744128d1b6ad0091d837a.jpg,Sweden,SE,66.25552,19.92362,0
d249474c5f314dc180a6c6d5670de506.jpg,Sweden,SE,66.085372,17.539422,1
181fe380cff746d18e831073134c0391.jpg,Sweden,SE,57.618745,15.515687,2
05d1f2e4d9934ec99dcd09a47f78f3f3.jpg,Sweden,SE,65.691216,20.476206,3
92f401d1ab6942a58034a61089b8e1c2.jpg,Sweden,SE,56.574401,15.967201,4
c5371eee8d4b4277b398bb9d3b1e448f.jpg,Sweden,SE,64.951986,17.755101,0
e232ac5b3ade465d8224076e48331df6.jpg,Sweden,SE,61.37987,14.787376,1
54ce20a5ce794cc6abbb23a7b20ced0f.jpg,Sweden,SE,66.594658,19.892573,2
015504577c6c49f189e7c3a7a7a87385.jpg,Sweden,SE,57.529168,18.467257,3
e9d125549f9e42028cf769152e702e01.jpg,Sweden,SE,59.958908,13.632474,4
15a11fb3d97f4b6ca1644f50f849408e.jpg,Sweden,SE,60.419515,14.777305,0
9f40819af07d41ea8032e25a2d533e2e.jpg,Sweden,SE,56.23753,14.073136,1
ad2e178db8b6450ab8f9d433b8142485.jpg,Sweden,SE,62.317838,13.772551,2
41b01714577a416d8cc4f2cf3036a888.jpg,Sweden,SE,57.612762,18.557269,3
172e2bed96044727aafdb9cebdecebfa.jpg,Sweden,SE,59.58412,13.16943,4
3da708a8916e4fa9b615d6b7cde00c0a.jpg,Sweden,SE,61.37949,14.786972,0
20541a7086724b29b73aaa0047d98880.jpg,Sweden,SE,67.335576,22.583154,1
803f103b95b44691903204c2054b45d7.jpg,Sweden,SE,67.235525,23.312061,2
d24958c549e94bcf8ed00d917f739e6f.jpg,Sweden,SE,60.225298,15.078272,3
6b91ff129b0742e3810fbd44fd4f8ae6.jpg,Sweden,SE,67.152421,20.927566,4
566bfd3769b44842be7b66cb3a546f24.jpg,Sweden,SE,65.600354,18.594167,0
b9996282121a4e64b35a7fa6c768b762.jpg,Sweden,SE,63.252289,18.518978,1
0eff7e4e60dd4b19b221bf16d14766ac.jpg,Sweden,SE,59.614867,17.997028,2
46253fb17e0a4fc09aecd796a3e359d2.jpg,Sweden,SE,65.284119,16.312731,3
c655967ac45a4264860725a491a38495.jpg,Sweden,SE,65.3486,19.495019,4
2b6642765d8a4535a95fee964e1d7e02.jpg,Sweden,SE,61.252572,15.448635,0
294d1af2228b4403bf6d50baab47d701.jpg,Sweden,SE,56.340738,13.274315,1
be53531b1dca41d4b794bbc052d28944.jpg,Sweden,SE,60.263741,15.234399,2
c5391861dd1e4f5aada14fdbf6f3e1c9.jpg,Sweden,SE,59.154464,15.448828,3
8cf201eded7044658311436a847587d2.jpg,Sweden,SE,60.1992,16.592087,4
7186328d14ff48bbb5e82d457cde662e.jpg,Sweden,SE,60.642675,15.948403,0
7ca7cd4fbf3d4e5995651ddfb174962c.jpg,Sweden,SE,67.094198,20.435839,1
95e882cc2dd5466a9129192e3eb4361b.jpg,Sweden,SE,59.78882,17.141833,2
159ef78cd3dc4f7f88d2c06838faa98a.jpg,Sweden,SE,64.344933,14.714131,3
1aed1e95587c493e8951e3b3e3fe1fb2.jpg,Sweden,SE,65.583338,18.112624,4
f08d34517b894676b9e18a82cc750f97.jpg,Sweden,SE,65.054595,17.275649,0
6f62d83a3a664d948201764524beafe5.jpg,Sweden,SE,58.938706,16.607527,1
3dccef4404564f6a972ab0873edca83e.jpg,Sweden,SE,59.836135,14.256936,2
ae134bc122d74058aee8dd4b77ec30f3.jpg,Sweden,SE,58.596982,11.502275,3
da240abf830a4db99a100bb1cd1a5410.jpg,Sweden,SE,61.791205,14.128996,4
a86e55596a034708bdce58b98b213f6a.jpg,Sweden,SE,63.843369,14.375885,0
beaae91efad7495f9e4820a233687bbe.jpg,Sweden,SE,65.20823,17.957804,1
d33bb71a35194864a6b0e74364637b4e.jpg,Sweden,SE,60.496411,16.107689,2
8552339dc1bc4b479f65a0ea73d0632d.jpg,Sweden,SE,65.654167,19.71287,3
45de143fdd5743da8ea79f8627c04153.jpg,Sweden,SE,65.462118,16.822604,4
0edfdadbbeea48b6ab4cb7ca42f2dc1b.jpg,Sweden,SE,58.994291,16.608067,0
9d7bd22c9beb43759dcdc6f8dc621e3d.jpg,Sweden,SE,65.494668,17.006987,1
8f55107973364cbbb105493e8e1c4c4d.jpg,Sweden,SE,58.964634,16.605987,2
135b104a47c54fa4a89675284fae51e0.jpg,Sweden,SE,56.879623,13.806792,3
7cfa80427f8c4e37ba1ce7902f38ae51.jpg,Sweden,SE,65.609963,18.981421,4
7a1a0e217d864009bcbc9c5897955194.jpg,Sweden,SE,65.856702,21.80825,0
4764a85f2ddf46ad80773cf7407bbc57.jpg,Sweden,SE,64.857285,18.840825,1
eb5b0a7336e143d18a9906ab28e4579f.jpg,Sweden,SE,66.671413,20.166142,2
114d0d40c15d446ab60917ce4735d8ea.jpg,Sweden,SE,59.95768,17.29381,3
d187eecb448249ddb03d92ff42530d50.jpg,Sweden,SE,61.793972,13.502166,4
0beed69c7baa43af836c3e9550a57e89.jpg,Sweden,SE,65.635883,19.671551,0
f18ccd9888c6463b85167bf9da8398e9.jpg,Sweden,SE,63.236829,18.511952,1
230422708af24b20aeef88724afa7f21.jpg,Sweden,SE,65.273261,16.052077,2
36d9d10ab5614198a97ac56c97426dab.jpg,Sweden,SE,61.377771,15.781186,3
660ad3c00c1e4251b15585c765a680cc.jpg,Sweden,SE,55.590822,14.235687,4
b560644961294d0c8e2bcc640e9e5859.jpg,Sweden,SE,66.382257,16.968025,0
43af3b553ae944cb87c70d8727472e65.jpg,Sweden,SE,67.974271,19.954008,1
8632245661f84419a5c936a058f8e24a.jpg,Sweden,SE,63.399648,18.29054,2
c171da96bb204e5190505c28a014975f.jpg,Sweden,SE,62.617578,15.661317,3
522c129725dc4802a486e5ab73e3a43c.jpg,Sweden,SE,65.052901,17.089881,4
770214392f4b4762bcb6fa9a4614e2f2.jpg,Sweden,SE,66.353383,19.760689,0
4d3b179683904637a42905623baa69e3.jpg,Sweden,SE,65.629548,18.930903,1
dc060579b1d94e4db3e3cab201ac20b7.jpg,Sweden,SE,57.17925,14.078959,2
80f9db24ebaa4b8c913535f85babfb04.jpg,Sweden,SE,59.772994,16.115573,3
0ee91a857206457f9f51b0fb397ec27a.jpg,Sweden,SE,58.954557,17.785427,4
b4e58e6d0a5a4f7fbcf9de787391ffff.jpg,Sweden,SE,61.440045,17.128616,0
693f6843b1ab478db46bed7f3986bd87.jpg,Sweden,SE,57.31721,18.259045,1
18f995c0471844008747ab4b44b72fa0.jpg,Sweden,SE,61.153046,16.882433,2
05b61d9491724e9581071329951bc5e5.jpg,Sweden,SE,67.100624,20.450622,3
a48c358bc78c48b9862bc3a2a3c80c37.jpg,Sweden,SE,57.743226,16.711276,4
8d4442593bd14838b8604a3a98b6373f.jpg,Sweden,SE,64.316607,17.52838,0
60e773c0de524894a57f241a9783d886.jpg,Sweden,SE,67.903071,20.11436,1
f368b52a01ad4a63b883a17c0afb5bfb.jpg,Sweden,SE,64.100378,20.752347,2
ce20499c00904032a6bcc14e63de5d9f.jpg,Sweden,SE,66.419856,16.893402,3
ea541719283145268bd1382b82f73212.jpg,Sweden,SE,59.958486,14.633311,4
69508d0a34d54f53979784abe09ca18f.jpg,Sweden,SE,67.051946,20.112081,0
1b2daf8aff4b45558e1fae2e1f052f13.jpg,Sweden,SE,61.668582,17.079085,1
691a779a9e7c43c9addae38696d68283.jpg,Sweden,SE,57.560183,18.312321,2
92283859ddbc4ef485b1d2a19e5fa7cf.jpg,Sweden,SE,62.615664,15.666942,3
73ea127dd5cc46d4974ea885c7b0651c.jpg,Sweden,SE,63.848498,16.401938,4
9752f45e76dc41cd8f5de50cf07d7976.jpg,Sweden,SE,58.755091,12.131446,0
e43b4714e4344ee7bdb74cdd0d3fff4d.jpg,Sweden,SE,60.343566,16.891008,1
d96730e05b68483781ed927b97e7bfd9.jpg,Sweden,SE,67.867592,19.315389,2
8ee9a6d2a0b442428b07b5f60cd23177.jpg,Sweden,SE,67.314352,18.96038,3
893f8c3d238c44e3b8777b1610aed456.jpg,Sweden,SE,66.436399,20.533514,4
9b83929fd0be417182a8454cd754026d.jpg,Sweden,SE,58.900948,12.332365,0
9fdfba7e8d814b1fa4c823e7a7c27134.jpg,Sweden,SE,59.692034,15.51265,1
3246219b9bb74bd7807da370afce0eea.jpg,Sweden,SE,63.488399,12.488396,2
5c136dda59ba45cca6153e2ae0124be3.jpg,Sweden,SE,68.229998,19.663377,3
1883be9485264aa8b77b4b7aa27bd83d.jpg,Sweden,SE,56.947266,18.157056,4
41c9fc2b9ca241efa95be54bb674d274.jpg,Sweden,SE,59.971379,16.987996,0
f890d89a9794472db53003ad0d1e43f3.jpg,Sweden,SE,63.221391,14.467226,1
70d0d17cc71645a186ab69472fe41480.jpg,Sweden,SE,59.735967,17.681908,2
a5d27a902fd844029b966661c859b861.jpg,Sweden,SE,61.220499,15.415525,3
ac9d86afc35340dc96346f9c96989f86.jpg,Sweden,SE,60.13121,13.509109,4
3ac95fdbbd4442cfaca5f1b7e0d9e4a2.jpg,Sweden,SE,56.877637,13.814168,0
c39c6b49e84241f9aae01222eaeb7075.jpg,Sweden,SE,64.165574,19.680119,1
190d2a951a2d4cd1945ed86766d0dff9.jpg,Sweden,SE,67.850184,20.496553,2
80be80c5ec924645bcba6884b416e480.jpg,Sweden,SE,55.423056,13.002909,3
ccc8fd7f45744e039693cb55d8f3784c.jpg,Sweden,SE,57.565984,18.404016,4
54ae7e83db814f70837a4fa64044b8bb.jpg,Sweden,SE,55.967693,13.755658,0
583a590dd95c4612952068a9bca0af2f.jpg,Sweden,SE,65.291475,16.284454,1
f33c883c4f5b414da05a2bf085d2c519.jpg,Sweden,SE,63.834082,14.389042,2
7472f68fe030466daea350fd948843b8.jpg,Sweden,SE,65.011444,21.31262,3
65fe6b2299e440a6a2a4f3f44289837c.jpg,Sweden,SE,58.649581,12.054396,4
b8987f47ad094dff8c0ad60c9668e8e1.jpg,Sweden,SE,64.911822,15.513048,0
82c74060e1a24d3ea392976ca73db307.jpg,Sweden,SE,58.909758,16.809982,1
977aa064bcaa4efebdcf5fbbe69feb80.jpg,Sweden,SE,64.286719,19.973405,2
f43e86b5debf44a8ac0bfa78103ea2dc.jpg,Sweden,SE,65.660232,19.860624,3
c00719b81bc14ede912adf7fef67c52d.jpg,Sweden,SE,66.942733,23.017967,4
82a44b84ec0a44ad83899d13d95afa4f.jpg,Sweden,SE,56.264797,13.563927,0
44e09a764e0047d0987b78267ee0572b.jpg,Sweden,SE,63.720373,16.159448,1
2f5d84785e7b4d1286579bda36d1d847.jpg,Sweden,SE,62.964914,15.849462,2
36b9943f5f07437285112a987f59b759.jpg,Sweden,SE,62.18089,15.05828,3
af3b62fec2e940ab9ab8e8eef90d58bb.jpg,Sweden,SE,58.548535,16.646527,4
37fbeb6d58b64db389da90e3406d2118.jpg,Sweden,SE,61.153993,16.880788,0
c4cf0ac195ae4ef5915a84af105da4f9.jpg,Sweden,SE,68.247748,19.517819,1
185540e7952a498899df92253c54c07b.jpg,Sweden,SE,57.893674,15.79472,2
c0d2a119fc954cf288ed8eb579072ac6.jpg,Sweden,SE,58.024496,13.000754,3
8d002b3fdc074969b18287aba20cbd0f.jpg,Sweden,SE,65.230798,19.511493,4
8908ac201a1e4738b95087217815deb5.jpg,Sweden,SE,56.957938,18.302935,0
79f064016bf840a1a90212a259463c57.jpg,Sweden,SE,64.114084,20.717213,1
b1c3ff3641f147baaba4e1bb15f22ccc.jpg,Sweden,SE,63.517014,14.850669,2
cef3f698ba5d4f6395c492e3093f0fa9.jpg,Sweden,SE,59.837076,17.521568,3
7b0955b267bb449f9bd6cc2eda6f3516.jpg,Sweden,SE,58.555231,11.563833,4
b95d632bc79c46acb1d58930968ee6e2.jpg,Sweden,SE,65.301724,17.663541,0
f9fa252d1e6d4fc9b98b557b349245ad.jpg,Sweden,SE,63.818499,18.826901,1
b3aa3821a15e46709103f2275f09d028.jpg,Sweden,SE,65.356283,19.485203,2
02378061d432447d8dad9cd970ba7368.jpg,Sweden,SE,63.528253,14.736579,3
f61ae40afd6540f58b6501dd27cfd15d.jpg,Sweden,SE,64.07138,20.786963,4
f32aa772d7cc4eebb68d0320bfd201a4.jpg,Sweden,SE,66.259218,22.278281,0
b4de3d8613864df683e7ed660e38972d.jpg,Sweden,SE,66.483439,20.280697,1
fff07b52c14d483890acb3cdda6e6f26.jpg,Sweden,SE,65.641953,19.68753,2
8f0c81d594f346b9aae71417acdc0539.jpg,Sweden,SE,66.579899,20.477323,3
a8fb145158eb4e8897fe1a6b2fa2bd8a.jpg,Sweden,SE,67.845502,19.516311,4
c480f7afd29a48598c9b4c4d18904bac.jpg,Sweden,SE,61.75767,16.866385,0
f6455abaade1452fbc88fa142c48d02f.jpg,Sweden,SE,63.627392,14.751056,1
91f598db2c624091970f5778ad3e6c32.jpg,Sweden,SE,58.803183,17.109173,2
5a7a5c3289e449fbaaa2faeded108cbe.jpg,Sweden,SE,60.80391,16.930826,3
c34b23cd84774d308544df2e3cd4766d.jpg,Sweden,SE,64.873856,21.084929,4
6c4966681833452cadaf503f14b7d872.jpg,Sweden,SE,64.499535,20.736885,0
35fa27351a644b7e8a149a42c5cb71ae.jpg,Sweden,SE,58.406733,13.025286,1
8ac51d6a43544787807598a8cc630d5b.jpg,Sweden,SE,63.149392,16.292994,2
d51c9a80e32841248a6e9d34bed0ece4.jpg,Sweden,SE,60.468645,17.167411,3
4530115b30074d199bd4a3e44b0927fc.jpg,Sweden,SE,61.725978,17.30929,4
ff6de30f70f34cd6b304202d94ccb10a.jpg,Sweden,SE,60.948433,15.232091,0
d57c28737fcd44fe9d36075415e4d7b2.jpg,Sweden,SE,67.969906,19.962094,1
652c061437f446c4a8c21ad3a0ea4b1e.jpg,Sweden,SE,55.558401,13.855106,2
647e798d3d974a8dab5c3526a43b4d86.jpg,Sweden,SE,55.868138,12.795243,3
b5061840c83e428fb6c0a584819a0cad.jpg,Sweden,SE,67.943184,20.361402,4
86e87d8bb9914d788237d0dd3b16f82a.jpg,Sweden,SE,58.780373,17.333735,0
5ca1b209b7954481b9245e3a20d988b0.jpg,Sweden,SE,65.053431,17.090103,1
33e642bf4b434a16aaf1c761ebbe92a4.jpg,Sweden,SE,64.564866,20.899368,2
03efe1a361d24c62b80def6441993ce8.jpg,Sweden,SE,59.130476,15.114625,3
4fc7ac70ce494feab2b868b3d2f2628b.jpg,Sweden,SE,65.599353,19.14741,4
9607374ea9434cba8e251b38420e5c12.jpg,Sweden,SE,58.347411,11.509414,0
5538e9dd146643ecb89fd1e592074422.jpg,Sweden,SE,60.065481,18.774006,1
027e9d36a4124de8a1ec481387002527.jpg,Sweden,SE,57.106503,18.320732,2
ed0deaaa2ac04703997274a716795612.jpg,Sweden,SE,63.98037,20.079203,3
2805bafcfc9e4290b1f6336ebe4ac597.jpg,Sweden,SE,65.414853,16.527094,4
c4a298f7bb7649638c977cb121d2cc56.jpg,Sweden,SE,62.069346,15.837376,0
342630a6bed0424a9f6414b6c21cc0b6.jpg,Sweden,SE,57.322247,18.607789,1
9e7d9f4dcd69415682e46b6179f7885b.jpg,Sweden,SE,65.627285,18.934853,2
62f12f9f34d54d5bb601006d05c07163.jpg,Sweden,SE,61.375348,13.522048,3
d0b3284e79ba43248cc7b0b806409ef6.jpg,Sweden,SE,56.821508,14.472795,4
3086421c8c544800a5ce93dc0a74c21e.jpg,Sweden,SE,60.905875,15.729654,0
69ec0fa1a988474db3db954bda5c6017.jpg,Sweden,SE,66.39426,20.695077,1
8b73de095460410dbee863a9b49668ea.jpg,Sweden,SE,62.117481,17.430198,2
612da8e5ad9f4d86b1336bb12af91dd8.jpg,Sweden,SE,56.370137,14.543536,3
49c13131a83547998668a05635718801.jpg,Sweden,SE,64.353747,21.104445,4
373cd9fea1434fd78b23676e3e2b7666.jpg,Sweden,SE,67.915536,20.094808,0
862217ed21354842817a487c2aac1d82.jpg,Sweden,SE,64.201544,19.583138,1
fc9d2daf9b114c69af8e87f6ba5531c4.jpg,Sweden,SE,64.337785,20.51857,2
a915062d52604bc596b9f7a3b37d92e5.jpg,Sweden,SE,64.404654,21.494116,3
5cfcfaa8bd324973a56cd9e115344db9.jpg,Sweden,SE,63.412606,18.26598,4
4f39f1e9239a400eb41bd30700102fdc.jpg,Sweden,SE,60.198102,16.593615,0
19f8c48db43847d0a01d55acec6a0c7a.jpg,Sweden,SE,66.577336,20.479399,1
19b5b238aab04ca6814539b7639f1d31.jpg,Sweden,SE,58.864158,17.828195,2
2da643024076408691ec9d6dcfb32ff8.jpg,Sweden,SE,64.095004,20.754648,3
7913dec0cedb4f3e81fb57c249518255.jpg,Sweden,SE,67.773348,20.616517,4
0ddae775a65a47e5ae08e3d88bcd724a.jpg,Sweden,SE,63.809388,14.385587,0
c03e1af85ecf4c8bb5c7615596860e91.jpg,Sweden,SE,67.09855,20.960342,1
00eb2764b1304e9e961a630fe3ecb1b7.jpg,Sweden,SE,65.449526,19.401993,2
9a3ea24a83e64db091ccca069c192b54.jpg,Sweden,SE,61.751269,14.662736,3
76d8168c7542409faafbdc7bb5914049.jpg,Sweden,SE,67.105587,20.9033,4
67f6724d474c4806badc7e3e22372495.jpg,Sweden,SE,62.007692,17.015771,0
7da171414380419eaa39945e62dff419.jpg,Sweden,SE,66.574306,19.957606,1
4d4ed179f1b347d2a110a80b9c31ced2.jpg,Sweden,SE,60.039134,18.696953,2
e6af44a21a624b079e5381e87deaffa7.jpg,Sweden,SE,57.033669,12.379459,3
4ab119e3ca5d4f49a670def065888d81.jpg,Sweden,SE,59.461055,17.007971,4
2f1e1ade5653491090b7ac16d421c0bd.jpg,Sweden,SE,61.978986,14.209266,0
a8d52147aed44fa5a75f518452e26016.jpg,Sweden,SE,58.754614,14.396253,1
c1a2bcbde27d4af58bc989fa8e0523ab.jpg,Sweden,SE,60.658275,12.979428,2
f17731e23a524534ba8cf04eea59cda2.jpg,Sweden,SE,65.630805,18.928662,3
cd4f6daf70c349019aaef921aba918f9.jpg,Sweden,SE,66.672227,20.166162,4
426c16e8d54a49fea89913da96b05f3d.jpg,Sweden,SE,56.168295,14.47139,0
98b3283f443d46b79a206961aeb6eb97.jpg,Sweden,SE,62.157194,17.448195,1
170dbd2c128b477eaca748b90987c596.jpg,Sweden,SE,59.659705,16.613077,2
14a268a014574ee3b563d0e173addde7.jpg,Sweden,SE,57.37232,13.478941,3
d4fbc59b59534c9b8b9036b0d02625f8.jpg,Sweden,SE,55.462983,13.286778,4
c4ead54185d14471bb5486850d9f50e8.jpg,Sweden,SE,56.809463,13.356455,0
5c2a3c2c101a4ee5aadf329537813a82.jpg,Sweden,SE,65.310913,16.207576,1
faf72188e7124158a677a8691301b5dc.jpg,Sweden,SE,67.284707,19.121459,2
8189b9bb40014748becbd56d01e30f37.jpg,Sweden,SE,66.908,23.129171,3
8d70df6ce83e450ca018c5f963406c47.jpg,Sweden,SE,61.765973,17.165021,4
1ea4e291609e4142ba943053312b21af.jpg,Sweden,SE,67.246662,22.877631,0
59d7016bb6564055afb77053f7410566.jpg,Sweden,SE,64.005124,20.397858,1
335e729828f54d4cbf6e35ae04ffb346.jpg,Sweden,SE,67.83499,20.705882,2
4e59817ce0a54aa6978751ef60bf3c70.jpg,Sweden,SE,61.787617,17.186259,3
e8d14f479a044f4d9eaf32c318097569.jpg,Sweden,SE,60.358135,18.194006,4
ac74b84b88e9429aac6d3dbbc2455622.jpg,Sweden,SE,68.229028,19.672056,0
f4d99a3b8c2e40baabcc013eda937444.jpg,Sweden,SE,60.589548,16.330361,1
22a27c228b344788924c6d48c1e5ec7f.jpg,Sweden,SE,66.106757,17.477635,2
83723914484e48e48b1d2d821edf97ac.jpg,Sweden,SE,61.760309,16.928792,3
c51b3692eb18432cb0d295b61a784d95.jpg,Sweden,SE,57.579882,18.378026,4
1d75678432a24119969c308f8560be05.jpg,Sweden,SE,64.10472,20.746451,0
a3c223df0466494ea31bc443e6ed0a12.jpg,Sweden,SE,65.188021,18.230342,1
37c03c416c774c8f8d2a6c4110033686.jpg,Sweden,SE,57.057636,12.499418,2
144ef71d46d04f5ab012ec70e63bd8b8.jpg,Sweden,SE,60.223352,13.471216,3
d706947c6c404a579c7d2f051bb47a16.jpg,Sweden,SE,61.43173,14.855809,4
c984731a42b142a1acc5a2fbfe0d6c3d.jpg,Sweden,SE,66.201122,19.953642,0
35bf709d9f8f43019a86a56fe9b1788d.jpg,Sweden,SE,64.223068,15.902874,1
c2068919491c488eb6fa3c301ebb34a8.jpg,Sweden,SE,58.265227,13.553851,2
b5fa15f215164ff5bb78191883b1e776.jpg,Sweden,SE,59.371172,18.413817,3
f053a50d5dad4620b77aa624c87baabd.jpg,Sweden,SE,57.502891,18.562133,4
e6b4595d9e8d4525b8aa000d47904f8e.jpg,Sweden,SE,66.591643,19.260226,0
d5d5c7641913440fa8cffc016954641b.jpg,Sweden,SE,66.528366,19.707093,1
6781b5e433174bd88c5b4b046bbb97ce.jpg,Sweden,SE,60.061428,15.891086,2
af48be4ed03a4438a4c1ca230e6bc7fe.jpg,Sweden,SE,58.773715,12.201952,3
ef4b449e1d244bd3a476bf591f45160d.jpg,Sweden,SE,65.548518,20.057447,4
84fc1d0588464fa5b3dcddb5bac4e7a1.jpg,Sweden,SE,63.096906,15.191861,0
cce79247df0f451c980e190ef3e9edc1.jpg,Sweden,SE,59.358865,16.887215,1
b3f87b71b7ef46a3b082efec0aab0cb3.jpg,Sweden,SE,64.417478,21.224463,2
64b29ce0052940deaa6ec40b82799142.jpg,Sweden,SE,64.679159,20.946116,3
5543626640bb464b8b2a86a442157f00.jpg,Sweden,SE,64.929175,15.675046,4
0c67ae13e314430aa3fba65cd6a9834f.jpg,Sweden,SE,65.6474,19.698702,0
9ebce84af03843709d3435e5ac9c80cd.jpg,Sweden,SE,64.512091,21.062322,1
c579f500f5624fc1a5fccf16df2da661.jpg,Sweden,SE,60.054563,16.710262,2
8f3be91572de470198f0021011a1d811.jpg,Sweden,SE,56.205823,13.619855,3
c207d14618f345aca6dbd23a3a0f2d75.jpg,Sweden,SE,67.245686,23.267129,4
abdd4002d5d4493eb7d0903ecf249782.jpg,Sweden,SE,64.948201,15.470625,0
cd559004fc5f43f38cde2bfde1018df5.jpg,Sweden,SE,56.849456,16.641989,1
3a6783be6f994b2c95f40226c561fc81.jpg,Sweden,SE,58.706896,13.896556,2
12ea831ab2fc44209ec4923d1d2b2202.jpg,Sweden,SE,56.671232,15.545416,3
b55834093da04570a4924b7b9e3d8810.jpg,Sweden,SE,56.569333,14.669431,4
94638b0158614b37a4902882bbc6399a.jpg,Sweden,SE,65.65043,21.483787,0
142018cfdfe44f88ac20afb75453c8d7.jpg,Sweden,SE,61.509374,14.849688,1
2992a80f10a141d9a803e08e33c5d5e7.jpg,Sweden,SE,61.889958,14.166184,2
cda84a6f78a343f1b18672ec05e5c78c.jpg,Sweden,SE,65.804288,23.149873,3
c142ac016d0d4815aaca3f16f8c3eb0a.jpg,Sweden,SE,58.001822,15.750322,4
db6b1e5aa8f24c13852cc8a1d1932bae.jpg,Sweden,SE,61.991905,14.578735,0
85c7877a816648f28bb80bcb9299bd75.jpg,Sweden,SE,65.815192,23.242426,1
2a3d9d4b79954d06a4fc08d768bf05b7.jpg,Sweden,SE,60.9217,15.701448,2
c079604f99834938aad6ac78f2d63d05.jpg,Sweden,SE,64.378319,21.381875,3
fea10d3ca220457680b3b481a5004e09.jpg,Sweden,SE,58.394315,15.299058,4
fb24029dbc064c18a69cd7f748057990.jpg,Sweden,SE,65.279578,16.339667,0
3db9ddd990b14c0e9d0ceb3ec2f3025f.jpg,Sweden,SE,66.161791,19.955699,1
343a2dbeaf5f4c25bc12ac8a2d42f089.jpg,Sweden,SE,55.561861,14.259054,2
e73210d4279e4b7089af2387bfcc46e7.jpg,Sweden,SE,65.184437,19.535891,3
0f0d78d7fcda4fee8c7621dea60c2024.jpg,Sweden,SE,66.445829,20.508921,4
c7bfe55de38a47f1b5094e8090a765d3.jpg,Sweden,SE,61.715459,15.701026,0
4afa66c7da3c4284b8e0ec00c77f8491.jpg,Sweden,SE,62.069561,15.836988,1
7fc8e95ea845415dac0b752e6dabc807.jpg,Sweden,SE,60.236904,17.459465,2
00d2012ffeea43e491f51f2a17dc02be.jpg,Sweden,SE,56.223308,13.58875,3
72284cfcad2c44c2b914457565ba9d1a.jpg,Sweden,SE,55.713087,14.080967,4
657350dd333f415cbab579c4397fbad3.jpg,Sweden,SE,55.755608,13.536118,0
39538872ffe544a9877989b724f7e54a.jpg,Sweden,SE,67.730799,20.684616,1
54f80087756d4be486b355d10259ee5f.jpg,Sweden,SE,57.952818,12.567001,2
e22646b5278c4517b297f6603c541bb0.jpg,Sweden,SE,67.257289,22.747307,3
d996602f1c89489dbedcb0fcdd70dd54.jpg,Sweden,SE,62.954596,18.069462,4
3c8d862a2a5c481c88a032f8c25a9b4b.jpg,Sweden,SE,64.357295,15.698628,0
72d1af070abd438a8bc55cb3b31e6ec8.jpg,Sweden,SE,67.830541,19.621827,1
0d71691ee24149688724c230f461ac8f.jpg,Sweden,SE,66.081055,20.960868,2
dc11c9e70ca0462a974fc1f77b42883b.jpg,Sweden,SE,61.45792,14.875105,3
0057bf0f91f64f04b899dee57ade9960.jpg,Sweden,SE,62.448483,17.308534,4
46bbf9147d3245488669ac55d381cbe4.jpg,Sweden,SE,66.65806,19.946702,0
4aa287b825e641348e471c69870869aa.jpg,Sweden,SE,66.991871,19.83667,1
103551157e27452b8b778817f716b6f6.jpg,Sweden,SE,57.768412,15.767987,2
a386c2c4bd6d44b89ff968ac860bf7ec.jpg,Sweden,SE,59.220796,16.615308,3
ff4243fd3e1243ea806145136d814915.jpg,Sweden,SE,63.975928,20.09416,4
5aaf9b55ee404f3e98714326710f57c1.jpg,Sweden,SE,60.469698,18.410898,0
c96c29c11d1e4c1fba287d20d7d0cdf8.jpg,Sweden,SE,63.014939,17.099603,1
66909d1be99544f19c23a91204f8753c.jpg,Sweden,SE,60.311661,15.045519,2
4317572622b94dcf8e8e0eb6140282b9.jpg,Sweden,SE,66.590162,19.145342,3
88d49067ff914c3ab7170250d1c56901.jpg,Sweden,SE,62.065021,17.136773,4
ce7b8cf6c58343b292db9d5baf5415cf.jpg,Finland,FI,68.372554,27.412926,0
20fdc2a5d8584b39a61ed4b2da75c5d8.jpg,Finland,FI,61.67184,25.017674,1
19c9d7e968fe4876be330af92a4e3fc4.jpg,Finland,FI,66.27195,28.853477,2
9370b4bbc9f24bbabc555ab8978b2ce6.jpg,Finland,FI,61.677678,22.55367,3
1c88ceb995ab443f94ddd7fb9440a88d.jpg,Finland,FI,66.98215,25.279853,4
711e3fa5e7b74203a1e94a43554b7b44.jpg,Finland,FI,64.787787,25.542515,0
a98bb2a38c4a44ca8cdc72b6a6b3cc88.jpg,Finland,FI,61.221214,27.151996,1
20428192e7ee45f2a4590d1fbb89692a.jpg,Finland,FI,63.679958,26.351708,2
021088af205549ac822bd29c5cc876ac.jpg,Finland,FI,67.475828,27.96251,3
4b11fc3e19994444af4e929dfc44cdfa.jpg,Finland,FI,63.330447,29.994058,4
a821b52ad7cf45039c1f18941875f2b2.jpg,Finland,FI,60.751928,23.429168,0
d353e4cf89b84018824cafea2cf2dfb2.jpg,Finland,FI,63.31794,30.189953,1
b144fde8a21a4e9eb57b1d2c4d8b08dc.jpg,Finland,FI,62.435993,22.779096,2
9b9df287044e4640a2ad8ed867fad478.jpg,Finland,FI,61.898763,29.807378,3
96974a19efff4492a4124b0a49f3d336.jpg,Finland,FI,65.543498,28.11578,4
f32ab2440f944733945701073cafd5a6.jpg,Finland,FI,67.981043,24.075276,0
91361d087e16430fa1b6d2ff1ea37091.jpg,Finland,FI,62.495581,26.879078,1
e74beda9480644a68408d3f88b8759a8.jpg,Finland,FI,63.489734,25.666591,2
96fe73aaed7448d88e6c14579cdb4c4d.jpg,Finland,FI,64.167787,28.986931,3
32f4d8fde8f04b52b377155037b327ec.jpg,Finland,FI,67.73801,24.07949,4
fc3470ab25d244689eedb244973f5cdb.jpg,Finland,FI,66.303521,28.861826,0
f79314bad98b4a1fa23c2d59c4e8d8ba.jpg,Finland,FI,62.891352,25.813222,1
82740c461bde4e8d9167d795ebb1213b.jpg,Finland,FI,62.450594,26.811532,2
e0b0599d72344bbe80bb417032046022.jpg,Finland,FI,68.54409,26.155781,3
b3c157a90b8e44a3b36d63e24cc7bc08.jpg,Finland,FI,60.821778,22.444644,4
ffcdbf8199b642439253e80a5eda0b38.jpg,Finland,FI,64.746363,29.495029,0
cc376d0317d946adafd0d85dfc7644f7.jpg,Finland,FI,65.007151,28.839384,1
61224460a9464735b004248300b839fa.jpg,Finland,FI,62.863506,21.250769,2
cd51de3230b24aa29bffc8da66bf73fd.jpg,Finland,FI,61.832782,24.481911,3
42f2d7b445e44eb995137c62f23d1571.jpg,Finland,FI,61.09517,25.178308,4
01eab2f6b6bc415b96db6aa460c5b7bf.jpg,Finland,FI,63.123632,22.698514,0
c2f8f437df3e447da6574eb58879ee21.jpg,Finland,FI,62.929168,28.238683,1
aca9fb29a513497e95d0d33100e480a3.jpg,Finland,FI,66.782359,27.330237,2
f01d670f10d24d65b7bfdcd5711de60f.jpg,Finland,FI,63.081532,22.155151,3
ab057285c05b4695b0edd44c4e1fb65e.jpg,Finland,FI,60.322894,23.876627,4
a8314f79c4d34222aafbf6656220c5a4.jpg,Finland,FI,63.642007,26.598409,0
12b8a7559668448183d0d4ccb0a26b0e.jpg,Finland,FI,62.631924,21.53094,1
9afb3ebdda204817820ad3890f3898f8.jpg,Finland,FI,68.372411,27.415088,2
7f70059c1e0348bf9351562f6cd3159c.jpg,Finland,FI,62.931814,28.041395,3
3ac5f403dfae452aa8783595f2afd073.jpg,Finland,FI,67.133101,24.022751,4
0af6e0b5482745168dc2fa8f5725edbc.jpg,Finland,FI,67.077335,26.562892,0
9e98c2c1a3754ef5ae0e3864f25ae37c.jpg,Finland,FI,65.506142,27.969896,1
9e48e1fbc4244ad4b48787dd4e12ea25.jpg,Finland,FI,65.777073,29.218866,2
6a280e9ab0c046eaa10c6019e78460d8.jpg,Finland,FI,66.251281,29.245805,3
04f79578dbe3471394e0b5469edd72a8.jpg,Finland,FI,61.680837,27.036604,4
c93fd583252a40028b87d403a5a8fb64.jpg,Finland,FI,62.262973,24.653811,0
965b5c70973c4890be6672464d3caab5.jpg,Finland,FI,62.935637,23.039241,1
3a3a6178de184ad889e43bc5ab85b878.jpg,Finland,FI,63.069429,29.835529,2
7fe7872b250d496ab17c49cd4c933396.jpg,Finland,FI,67.63009,24.264841,3
a553488352ca47c795029db2351ee4a7.jpg,Finland,FI,64.709324,27.758713,4
1fae1d5dc1a349eabd5f25809431c4f1.jpg,Finland,FI,63.125484,22.46882,0
cceb4c02cdfa4ad4905e7eb44943efdf.jpg,Finland,FI,62.298626,22.243543,1
d6bbef88aca648ad89250a285b92c596.jpg,Finland,FI,63.403622,25.644867,2
49c2f55c84644565ada54da0f59a2655.jpg,Finland,FI,63.14407,29.79341,3
2d222b5408134241adb0a4cd8d9f1bad.jpg,Finland,FI,65.98544,25.06029,4
5240c79a2c654397a3813fad4d8e1c15.jpg,Finland,FI,65.25382,26.500389,0
8f8036e09fd848c89be07d45ad440451.jpg,Finland,FI,60.945981,23.239374,1
530a12aba89244258de83c2525598a58.jpg,Finland,FI,66.840689,28.688462,2
732164230f1440e19bf10b883c5d3e25.jpg,Finland,FI,65.415062,25.385858,3
d1de978b93694e0984d8aa16e63f8f89.jpg,Finland,FI,65.533409,28.87899,4
88fbb93246294516af2cbd1a2482b002.jpg,Finland,FI,66.261907,29.33451,0
95ff9ec642c848e1959caa3870d67657.jpg,Finland,FI,63.655323,26.611841,1
2b54d8ce13bb4b2babbcae9e3628531f.jpg,Finland,FI,62.57908,22.030513,2
6a3a0732f3034a13b3a9a43e65e47a53.jpg,Finland,FI,64.827373,27.802288,3
8c76ee99183242448dc03f4c516bca3a.jpg,Finland,FI,65.929477,24.620006,4
bbdc92976d7b49ff942e2a42d278ee44.jpg,Finland,FI,61.414292,26.3755,0
fe02835a37314e60b1e9817bd778c532.jpg,Finland,FI,66.15668,26.256173,1
c1302b7839b141709a1ef8d6a44bd16a.jpg,Finland,FI,65.889458,25.672381,2
40743fab8bcf4f5faeb1313c45f496b4.jpg,Finland,FI,63.72945,26.929663,3
255a2e97d5034c33acc22b985667e513.jpg,Finland,FI,62.599349,21.506946,4
614c470a111844d1ae2febbfe77b1e21.jpg,Finland,FI,67.889171,23.996242,0
6af049878d8b4225abf721bbad0ced8d.jpg,Finland,FI,65.975273,23.984325,1
9f52f035f5cc4352b308ff1d1e8de630.jpg,Finland,FI,60.369338,24.872078,2
869709cd5a2d422fb4a5d8885aeb37b5.jpg,Finland,FI,62.955271,28.575472,3
24880a0404fb4866a476f44df12e73a1.jpg,Finland,FI,66.073338,28.913387,4
b7d6fd5bf9904999b604d82533d3dbf8.jpg,Finland,FI,65.00938,28.858275,0
8fe57fa144624347845e74ee139f8032.jpg,Finland,FI,64.815853,27.812411,1
91bb8db7faf948a8b12a8b1bdbc35a9b.jpg,Finland,FI,63.020673,23.818745,2
16ff9a7df063410a86b6bbcc735da683.jpg,Finland,FI,67.328666,24.907612,3
084714dde65046578900a7e6055fe0f8.jpg,Finland,FI,67.682854,24.865754,4
ecb48274790244dcbb18f7f46a94f7c4.jpg,Finland,FI,66.23329,28.855293,0
78350dd80a004ab5a5d36d4ae97c8fdb.jpg,Finland,FI,64.054233,29.144659,1
967e7db70f914a4eb0ab3f0ebf566d22.jpg,Finland,FI,61.172788,23.217867,2
a1e293b5fdc4400fa3eb5f140134e6ef.jpg,Finland,FI,63.835635,29.464602,3
ba1f0c1d0da64f2ba0de4daf711ff780.jpg,Finland,FI,63.174135,28.477162,4
a3d79999090d4cb1a636874d993a14f4.jpg,Finland,FI,67.432208,23.819598,0
986b4ebe2e564dec9dfc30904333dc7a.jpg,Finland,FI,67.92091,24.513736,1
40e103705eb048a2bbacbd76bff987ba.jpg,Finland,FI,63.614558,27.677383,2
2c3feaec02fc4e0d8da004a25805a8b5.jpg,Finland,FI,60.631396,23.938559,3
a2d3f3190bea4e3fa21d917f95f1a8ee.jpg,Finland,FI,61.309372,23.478915,4
061c47e7b5f8422a9eabd8bce82ce7e8.jpg,Finland,FI,65.875342,25.589188,0
e739210db7fa4c0ea0b2b61fcf9a2726.jpg,Finland,FI,61.201091,27.981701,1
35378896d9de45239801d1767bfec244.jpg,Finland,FI,65.831182,25.321981,2
81fd98466f87469a8a23f2a462ecce69.jpg,Finland,FI,63.280436,30.301395,3
97ce386518ce4a38950219f9c8cd60d2.jpg,Finland,FI,64.403874,24.094132,4
1b8b5d169082433ebf77864ec7a68846.jpg,Finland,FI,66.895091,25.386463,0
93a93ee567fd43ebb841a60b17be8e18.jpg,Finland,FI,68.385087,27.409191,1
2b4dd520ae8143f899426b75a8df1dee.jpg,Finland,FI,60.145893,24.154315,2
a10bc69354d1488784c6f6894fe58a76.jpg,Finland,FI,67.475943,27.961995,3
36ede0714d5548b294b0ed3e1be886ed.jpg,Finland,FI,64.005835,29.429391,4
0c8cb221476145e99cd2214b58892ebb.jpg,Finland,FI,61.473663,24.321437,0
b918e9ff72c14d8f8fed7e9c8cab3944.jpg,Finland,FI,66.13501,28.480281,1
004ebffb76f84ed8aef5b1dd8cc3764d.jpg,Finland,FI,67.124174,25.056933,2
c5d4a54ec4c84775886060ef1d27c990.jpg,Finland,FI,61.946042,23.665719,3
f5461b19278e4adfbe0efaac52139364.jpg,Finland,FI,63.33134,25.607443,4
c4144c118e084bd9a14c5dd7e8589394.jpg,Finland,FI,65.395837,27.157416,0
0f84c2ed1ea54493988fef43fe8bc0d4.jpg,Finland,FI,63.151098,29.765291,1
a0a1559a605a419c92c89cc9c83fbb19.jpg,Finland,FI,65.746946,25.263152,2
6d8450956d6849f9801d8e9e94d811ac.jpg,Finland,FI,65.551363,28.159291,3
b881771bafd647f785af8109d57ecfab.jpg,Finland,FI,64.523213,29.725376,4
777bbd9abdec4ade92cc640c985e854d.jpg,Finland,FI,64.70118,24.817844,0
483684258857410eb2bae58f551d2956.jpg,Finland,FI,67.980089,24.074784,1
408980c5215647b2b01e2f0f61f2f111.jpg,Finland,FI,61.307578,27.466825,2
6e2545effa424bc3b49595928eb9e554.jpg,Finland,FI,62.16148,30.060976,3
c551d71bf8a7457798ce78b018c6ad1d.jpg,Finland,FI,60.525856,23.610809,4
6019c7f244914bc794df193d376dfcbf.jpg,Finland,FI,63.122292,22.573384,0
895d3f8570e241be807600a2a7a3a7ec.jpg,Finland,FI,66.064196,24.757129,1
30092c4a43624e4a937284aac03e4e95.jpg,Finland,FI,61.831539,29.732559,2
071fddde5d0d483e9c20bfe13d8bb640.jpg,Finland,FI,60.527143,27.549274,3
7bdbe31150b945178f762b6308ad7103.jpg,Finland,FI,60.995724,21.981058,4
faf0679e051549cbab8430ccc8dd1e71.jpg,Finland,FI,64.875534,28.950064,0
2e4560299d804f5fbd1a89f63a50b620.jpg,Finland,FI,64.25024,29.540679,1
de6502f5b24841e2912805fd4cf8c9f0.jpg,Finland,FI,61.127917,24.812637,2
98587d4cb4914d25a82e22694355ee7c.jpg,Finland,FI,64.316096,29.099932,3
27c472bbcf8943909ad86c3e2c488091.jpg,Finland,FI,68.363119,27.411966,4
62657a9ba5b24370b85feb1b170aa44d.jpg,Finland,FI,62.239693,25.829931,0
9b3f8cc0abf54a41a44823c87b525c89.jpg,Finland,FI,63.67815,26.21818,1
f131af7683a747a9ae2ecd1f0bdcd843.jpg,Finland,FI,61.19598,21.710503,2
3d08c4aef7ec432fba3d4f3ed5a19b38.jpg,Finland,FI,60.728185,23.567713,3
c65426fe4c894b46a898c403a56b9c42.jpg,Finland,FI,61.296514,28.766024,4
f1e81334fc34416bb745adfd9d31c9f5.jpg,Finland,FI,65.480987,26.797656,0
8e0548dc5b8c4c8db7ee76d8816edae5.jpg,Finland,FI,61.92056,24.718536,1
9377a784670247148e52dd187bfbec3d.jpg,Finland,FI,65.569793,28.922892,2
037cdf8262754229899fd6d08c536f91.jpg,Finland,FI,64.707721,24.869883,3
48c73efbeaf64b648bfa335af4142cc4.jpg,Finland,FI,65.480003,25.344841,4
12d2f21e29ca44119b849d04f5918f54.jpg,Finland,FI,63.918834,26.879408,0
4dbaa20be5ff40dbb57f1fac125951d7.jpg,Finland,FI,64.309639,29.119438,1
339631c348484d239a48a9d616f4f90c.jpg,Finland,FI,60.611929,24.856437,2
4eabd2bc45804096a12e6b750d23b9fb.jpg,Finland,FI,67.947838,25.072786,3
21fd438dab804c22ae9810a5039a2690.jpg,Finland,FI,66.657978,25.482965,4
19dad164f8c44cd7a55b9afc258289ff.jpg,Finland,FI,63.921099,26.877818,0
dba528cafd384c6398f96f287c07145d.jpg,Finland,FI,60.474133,24.13925,1
175e887e0c0e444eb34dfc5a3f710cf8.jpg,Finland,FI,63.31275,25.82813,2
4eade06b56374a41b7429e8e8b4d1a21.jpg,Finland,FI,62.026453,24.529548,3
b5bba91ed84b4067b98de745ff51df26.jpg,Finland,FI,65.526213,28.574539,4
0ad57f08cbdd480a898fa35bbb967b36.jpg,Finland,FI,65.81924,26.549113,0
5461fc1e08df45aa9cd43a3f4bc31241.jpg,Finland,FI,64.322494,29.829592,1
22dffc49c31b40ca88cf61e0c0cdea15.jpg,Finland,FI,63.877058,25.810765,2
a4100010acfe4107bf1b3edec1347d8d.jpg,Finland,FI,68.357118,27.401346,3
49666edf299a45eabac82e7be5b918b0.jpg,Finland,FI,64.59372,29.681802,4
e83568f4c11a4832b6ba8446c602c3c9.jpg,Finland,FI,62.963819,22.58867,0
846e510486b345529a01611223c436a2.jpg,Finland,FI,64.414732,24.123588,1
7711d8a03e59412590ec993560840274.jpg,Finland,FI,62.839839,30.133034,2
a2b7e16bc30b434d872072f8e55e139e.jpg,Finland,FI,61.740981,29.824882,3
b102d6f6a25f40b68011d29df1470238.jpg,Finland,FI,67.427241,24.937528,4
a466e5fc77fe456ba1eab7c0f0bf530b.jpg,Finland,FI,66.094553,28.406416,0
9229bda5994b43f1a82a4250fa8f29fc.jpg,Finland,FI,62.552665,22.034549,1
5e540705c87a420283cfb364f3b1fef6.jpg,Finland,FI,64.656354,24.46336,2
58269b4909014126ba5c63d5326dff3f.jpg,Finland,FI,62.979075,25.819498,3
3080beaaec8a4068abb7195529218847.jpg,Finland,FI,66.261623,29.304173,4
3bf172b5f555481b88ab894027bbd0db.jpg,Finland,FI,62.455777,22.234715,0
c6046e55f47e4b6fbeb2dfcdaddbf817.jpg,Finland,FI,62.214179,30.096282,1
67634f26f8424114b69c1f41b79ce8ff.jpg,Finland,FI,63.736116,26.70894,2
4fe84e7f571a4e30b4abfc2a7eb7dd1b.jpg,Finland,FI,68.379037,27.409327,3
b5e1a219e14f40919560c0546f2edfe3.jpg,Finland,FI,61.337578,21.843519,4
e6dc35d438644131bb0c437f37fabc14.jpg,Finland,FI,67.936361,23.94645,0
950106d6aa6f4d3292193c69dbfbfe7e.jpg,Finland,FI,66.241134,25.341481,1
2180fb04faea4de7a008ef7627964103.jpg,Finland,FI,63.160986,21.943244,2
7bc57c25ce5149fea0858a9072a52013.jpg,Finland,FI,66.977386,25.295984,3
6bc485e8a2c043dfa09cd31cf8862dad.jpg,Finland,FI,66.244943,26.159261,4
2e519f606f2e4fcc8ba03731c1e5c67f.jpg,Finland,FI,62.256307,23.748561,0
a3b7e23965fd4871bc64247cba87981a.jpg,Finland,FI,66.040597,29.130346,1
2e5301c1af7d40289762da4399e90ad5.jpg,Finland,FI,62.542066,24.046607,2
a0d0b693fa4d44f8a5f6d84236abc6b6.jpg,Finland,FI,61.892303,29.797767,3
0f4d82f125c64aa88852f372455dd290.jpg,Finland,FI,66.269103,29.402569,4
e7a111058be54975b2c9e53122b1bd7c.jpg,Finland,FI,61.322985,22.767447,0
fbc31e776e15466181e179500e5a3b9d.jpg,Finland,FI,61.93088,24.7247,1
7f61b4200ff64230bd174e45d8cd6174.jpg,Finland,FI,61.802653,24.444865,2
7e650e2aa44147988c4cb94ad3fac55a.jpg,Finland,FI,63.74444,25.340382,3
213ba62e23ff4528a1b1402cdf725ca1.jpg,Finland,FI,62.867699,21.710726,4
f1090e0a750346938bc81576699371a6.jpg,Finland,FI,67.491003,27.976054,0
12d160dde6f547db8b0ce4ae65f8c144.jpg,Finland,FI,63.053611,31.174255,1
7f375dddde754b2cb35c49526ff996db.jpg,Finland,FI,61.656168,27.146455,2
501c60db93cb4b73846dcf0b2109cc80.jpg,Finland,FI,62.001527,22.507885,3
9bd78cda74d14cdf8b248fb21b7b8b03.jpg,Finland,FI,68.499001,27.478275,4
74e0cba696cc4da1b6a9203037608c01.jpg,Finland,FI,63.019146,29.711215,0
1bf51dfc0c3e45e28e1a01ea5775ef79.jpg,Finland,FI,67.541653,27.919456,1
3078131983cd44f6b1e354aab7acc991.jpg,Finland,FI,64.704692,25.572879,2
6e9920288b7c49faa254f70a138e6325.jpg,Finland,FI,65.991433,24.686412,3
4827d63ee5584a5683b582f6a69f8694.jpg,Finland,FI,61.496873,24.624596,4
878abb493f1e43cc845ca70d2508851b.jpg,Finland,FI,62.83153,29.84284,0
871eebbfbeaa442c99d6ca41d9855c9e.jpg,Finland,FI,67.336016,24.906071,1
00138c19ed274a64a8eb01a8fbd6c33f.jpg,Finland,FI,65.50081,28.926073,2
5ff317d72a1849fda77262c06f48fb5f.jpg,Finland,FI,66.229694,29.133889,3
856dcf002141473480339195b8b477f1.jpg,Finland,FI,64.048022,25.791236,4
c31d6f9393914f9288d5823382700f09.jpg,Finland,FI,64.558399,25.681527,0
5e824409577f4b66b7349646ed3d2c57.jpg,Finland,FI,65.747505,26.579166,1
279cf119e757476e8a2989066fdf5eff.jpg,Finland,FI,67.615641,24.58289,2
ac04d46c63b14cda8ad6fa79b5155c6c.jpg,Finland,FI,60.485013,24.487691,3
d0a39e95cfd1441ca24e01463db16ba5.jpg,Finland,FI,63.357878,25.596325,4
a262e7630e5f4afd9a5fa7b419fe918f.jpg,Finland,FI,64.918752,27.614709,0
aa5670d8c98c42eeb65cf5f16a7c7cd3.jpg,Finland,FI,68.370478,27.415897,1
4070aebd91a34015aa84bf4a0c90e65e.jpg,Finland,FI,61.549304,24.068956,2
8a47520bd49a428c8dd8dd172209b7e3.jpg,Finland,FI,60.951691,23.24143,3
0818d3d55128436697cfd24553368d6a.jpg,Finland,FI,68.371108,27.415558,4
e659a45335a742388a8f001ef952b801.jpg,Finland,FI,67.233783,28.400773,0
c8cb3e2fb212478a9cdf0f4db191f99c.jpg,Finland,FI,61.654994,25.28434,1
2602ab8151cf4e54b20a668520e2eac0.jpg,Finland,FI,62.791735,22.832842,2
8e58a302fb3a4cc98597a70e63648e08.jpg,Finland,FI,61.292058,28.734114,3
4f516fa2690e43ceb15e0815ccd0395d.jpg,Finland,FI,61.276248,23.472137,4
3757891503614569b5b6e83a1aa919e9.jpg,Finland,FI,65.883535,25.627005,0
8ade06e1bae8429794856fc0f5f981a8.jpg,Finland,FI,66.231408,28.823469,1
bf000457d5714ab891d48e6d8dbce186.jpg,Finland,FI,62.570099,22.745907,2
ec09c38bf8484dfa95db4adb90ecc247.jpg,Finland,FI,64.574145,28.842264,3
f4fb95dd26634526b548056ca8efc8a7.jpg,Finland,FI,61.106178,22.877677,4
bf28cc7e2c5044a9ad3f23bb82492390.jpg,Finland,FI,61.6769,26.988157,0
e56636da022640eca2038de90d1a2023.jpg,Finland,FI,63.057574,22.110661,1
b2d47a5ec085417a8dc0957b0392793a.jpg,Finland,FI,66.875414,25.431186,2
d44bf264641c4b2b879f31fb506fa848.jpg,Finland,FI,63.33203,29.995646,3
bc71ec7fe3b844aaa188514facb706c5.jpg,Finland,FI,67.481408,27.918788,4
ba3a376d6d4742c8af17ecd7310f8a9f.jpg,Finland,FI,61.713536,29.414476,0
5ef00ce6a2df43048339efe309f4ae80.jpg,Finland,FI,62.890771,21.22455,1
540aedaf49eb47e39e877165986a7da9.jpg,Finland,FI,62.61615,22.751084,2
ad2ebc30b75d4c8b9ef7745a7916f8d5.jpg,Finland,FI,62.927222,30.290089,3
0d7e49be675d4b64bdf182bff7caa096.jpg,Finland,FI,60.984228,22.089863,4
e6b33a9754464ce384ee1cd8ecb36b9a.jpg,Finland,FI,64.076247,29.192025,0
c3c67de04df44f4dad71b66757a6b75e.jpg,Finland,FI,62.301981,26.998262,1
fc7b489b69c44d2387cfce73d471c916.jpg,Finland,FI,62.52329,22.731959,2
f173dfaef80f434f9a28df9a55041d50.jpg,Finland,FI,61.180659,23.002175,3
ab71d6fd23b74eddb3b4bd9043cb3b97.jpg,Finland,FI,63.146978,28.048931,4
cb605c1d13f944cc912621530ffdfe1d.jpg,Finland,FI,62.256311,23.498542,0
5eaa903ebbe743eea0711255359e71ef.jpg,Finland,FI,64.162756,27.824154,1
61861f8fc82d4354bbe1252021084c80.jpg,Finland,FI,64.696769,25.580538,2
34802607c67743f0a4f51d741ea5e9ad.jpg,Finland,FI,64.180149,29.22105,3
57ee8ca4a590467dbf6f6026b6168f9b.jpg,Finland,FI,61.939643,29.84355,4
a55896edfafc40d7842814ccf6310447.jpg,Finland,FI,65.985036,25.061583,0
31868e4bdd4c42f0a2e899d54046004c.jpg,Finland,FI,63.941637,26.853145,1
994c85ac35614d03a73d014025ecea03.jpg,Finland,FI,61.938177,21.628179,2
2551a3bc1525459c9a351970ab484570.jpg,Finland,FI,67.997382,25.181752,3
c2b51b4444e748449c95ad85610d1f1d.jpg,Finland,FI,67.886607,24.00856,4
56fd4d4be13e489b98f6169fced3821b.jpg,Finland,FI,64.16725,28.545896,0
2c66bea534de4e5d812ca2bc0d89e4bc.jpg,Finland,FI,60.276655,23.378266,1
da6d64d7e46f4c809b4e72fbfcc29c32.jpg,Finland,FI,63.55207,29.120257,2
b10c260002fe473693ea781421d93d90.jpg,Finland,FI,67.487938,27.853556,3
449201e5385a4f7a8d25d5bce122853e.jpg,Finland,FI,67.898402,23.954186,4
ea9afb2f248547df827ccc2fd5d17c58.jpg,Finland,FI,64.770137,25.548143,0
2744f2b59d9e4127b333e5c228f7c44f.jpg,Finland,FI,64.017193,27.437409,1
5e23c18b9e0c4bffaec22b1fb908ea5c.jpg,Finland,FI,62.890427,21.724026,2
70f2529fd031428cbdf5daf3e0764bb1.jpg,Finland,FI,67.050313,28.928053,3
104d235ddae2412d95ee2dd359f14e31.jpg,Finland,FI,62.632474,29.403171,4
2e053b1119364817803a410fedad8577.jpg,Finland,FI,64.83527,27.790714,0
edfbdca33e4045eb87c88c30c0f18e3c.jpg,Finland,FI,66.63735,25.538324,1
b8fa012607da48bd90cee2b42cfd652a.jpg,Finland,FI,63.243423,22.840747,2
66ce0c0641ed4d75b839e573381b39a6.jpg,Finland,FI,61.058832,24.083158,3
2be70845ead040fd9ae79d4d63e67515.jpg,Finland,FI,64.153272,28.256495,4
8d0d9d823dcb462da8a730c5e95f07c2.jpg,Finland,FI,62.926919,25.810572,0
01e21430df8c421bbace5dda3cc09ecc.jpg,Finland,FI,64.139262,28.007642,1
3703c76c2deb400f85ae3af069dff5bb.jpg,Finland,FI,63.698793,25.909176,2
78345652254548cc868b4b498d431b25.jpg,Finland,FI,61.805713,22.312318,3
2c29d4b1e7a043488faf3f563f0ef874.jpg,Finland,FI,61.940198,22.786027,4
4db991d80a7a411f867f3eda01ae3d1b.jpg,Finland,FI,68.378519,27.409217,0
117cf3943dc34da9805e569cb2e285fd.jpg,Finland,FI,61.306473,22.813527,1
c19f7011acbc405994165695531c741f.jpg,Finland,FI,61.28127,28.806198,2
2f4517b8652e467897e11a0169980faa.jpg,Finland,FI,68.348476,27.393953,3
7d312676a7a547b8af1dbed122c99469.jpg,Finland,FI,62.47935,23.604645,4
aec8a01e07bf4bc58514ecf41bc23c8f.jpg,Finland,FI,67.431367,23.81852,0
565ad493b46645c68de3ead89f066b93.jpg,Finland,FI,64.384379,29.050382,1
10f4906b590b446c8cd549172522b0c5.jpg,Finland,FI,61.036514,22.07533,2
c1a402097616404692071cfd6243ceef.jpg,Finland,FI,63.52358,29.022136,3
49f22f4da50341f78cfe428608941cf4.jpg,Finland,FI,62.665652,22.447857,4
e946310a6a75408aae992c3b42e8f04b.jpg,Finland,FI,62.469414,22.050425,0
5e09c3d7fc574c5b9af1348d7772e890.jpg,Finland,FI,62.590906,22.753056,1
8996aef4debf4541ab09d59bf4347d2c.jpg,Finland,FI,63.952313,29.624975,2
d490500b319042ff873c2d931892d023.jpg,Finland,FI,67.509368,27.956837,3
654328a8aa764d0fb90937f4fbc560c1.jpg,Finland,FI,64.212071,28.953605,4
15053bb906a948d8a1ee6b9d8dbeb130.jpg,Finland,FI,63.220594,28.257878,0
70dae8c6d80a45d69b93b7dbb18210db.jpg,Finland,FI,64.821072,29.339583,1
eefc5123abe74e59ba77b110f22bb6ef.jpg,Finland,FI,62.147318,30.047574,2
3ac0f97435c24412947d704efa005ae0.jpg,Finland,FI,66.838861,28.680561,3
2536e3ed4f134f178085eba33423b283.jpg,Finland,FI,61.718063,23.549185,4
e90c6bc168c44fc59cbed2bc23499c22.jpg,Finland,FI,65.531516,28.519207,0
d817693a475b432f9d3761351d2dbb20.jpg,Finland,FI,66.752272,25.446638,1
0417da48c4cf41329b52d73f9393b56a.jpg,Finland,FI,63.918825,29.182165,2
88fded7dec7a4937a8ae20b5d5536f04.jpg,Finland,FI,63.144731,28.238901,3
1988169150dd4ad5bc236057d28457a4.jpg,Finland,FI,64.425479,28.445756,4
638c389d095f46deb7d7148d3a0ce120.jpg,Finland,FI,64.594594,29.682092,0
035d42abc82b4f12bc8d57d1398e18b6.jpg,Finland,FI,62.904425,30.219035,1
7691e62a7c8043659057a5db3aa8df85.jpg,Finland,FI,66.992849,25.256661,2
8fa24212d78143da97f7f0fbeb13697f.jpg,Finland,FI,61.025435,22.96541,3
fe22ec8b200c4c69ab84e0df9761fe79.jpg,Finland,FI,62.364718,28.095367,4
2de65a2ddcbd492cb2d71419cb6f516b.jpg,Finland,FI,64.22297,28.487326,0
abd2d726cfb54345bfe790e198099208.jpg,Finland,FI,62.100731,29.968609,1
14704ccec99a41d5a6687c4bcc35e2ab.jpg,Finland,FI,68.119717,25.582658,2
fc652b2d5330465e997ede56f55a8b44.jpg,Finland,FI,66.108535,28.575262,3
93cab81be6984e91b1fec75723bb6345.jpg,Finland,FI,65.563669,28.366291,4
533d57e1b72e477da584929cc55ade09.jpg,Finland,FI,63.935415,23.440532,0
2a619b6675334db2b5e519ae70cda993.jpg,Finland,FI,62.302979,27.308843,1
d402bc62f6984d5785ea24187ddc7432.jpg,Finland,FI,67.294944,28.151831,2
e6f24d4ba99d468a829596d3062d5c54.jpg,Finland,FI,62.620464,23.862498,3
61707b0e8ade49b0924b31fd165284c4.jpg,Finland,FI,67.948201,24.032038,4
37de9fca7ba240c0aeb95c95f24cd666.jpg,Finland,FI,64.366725,29.060829,0
82b80dcf27b94fadb480557165c78ef9.jpg,Finland,FI,65.579642,28.919944,1
7bdf988a624042e587a0ffc1bf77a8ce.jpg,Finland,FI,62.751925,29.85952,2
45bcea9905484a8cb8cc0977eb984ade.jpg,Finland,FI,60.619236,24.301789,3
ec1dd11036564ad89639445da7d64bf4.jpg,Finland,FI,64.36857,24.023755,4
7911e62574494b91871dd307498bfa7c.jpg,Finland,FI,61.842109,29.733893,0
6b5bd5074c2141808aea70eef20272d6.jpg,Finland,FI,61.200444,27.511671,1
dcb80be8c1484a4c851374406513d2d3.jpg,Finland,FI,62.949782,30.097127,2
b9884e0d8ce84db281c2d012bcb9cc49.jpg,Finland,FI,61.108153,22.84666,3
09fd4abdf0b547fcb7a572a2bf3bab0b.jpg,Finland,FI,65.725181,29.154556,4
0e4c3f605f5847949a5a548530eef768.jpg,Finland,FI,63.017775,29.71258,0
ff5efda18d0748ba96e90c0eb9ef670d.jpg,Finland,FI,64.153153,29.928197,1
838bec7a3d8043ee9278d276092e1204.jpg,Finland,FI,65.823742,29.257103,2
d43ea22fe8a246e9b5ccc38435925bba.jpg,Finland,FI,63.878251,25.809625,3
bd90c1c76ce34b52899d20791f16d7a7.jpg,Finland,FI,64.817401,29.338791,4
6aaf66d11db94d67999ad43eff5100b9.jpg,Finland,FI,62.289691,27.019037,0
28878606f2ff40a298f0fe8ec2fc43fd.jpg,Finland,FI,61.515156,21.677365,1
f9000805c4b9476d9d959ec6b6841348.jpg,Finland,FI,67.14385,25.010443,2
6249c774729b4bf9b3993a19494c5ac5.jpg,Finland,FI,68.093805,25.451975,3
617448d2ab414ed69250fc33c33d488d.jpg,Finland,FI,67.527933,24.361737,4
d7073a2504be4655a897f29c3168eeb4.jpg,Finland,FI,66.661498,25.438167,0
4668f926dfda4900b300131b6843cd93.jpg,Finland,FI,64.802552,25.512973,1
d0b5bf7945b54df0915e306ee94ecc99.jpg,Finland,FI,60.493836,26.85648,2
40a966eca2a54e7fa352a5f8f4aaa151.jpg,Finland,FI,67.144645,28.69638,3
3d92bcb8c21e47b09fb087347d274a65.jpg,Finland,FI,62.405718,30.088962,4
f0eaa80e50d34166ad99e7aaf0b89deb.jpg,Finland,FI,66.160254,25.101915,0
0b3b86592e154ea589941080826d5f68.jpg,Finland,FI,63.16107,25.913248,1
918308b896ba4b17bee911a853fc1b39.jpg,Finland,FI,62.839438,22.029673,2
0ed07647a9c94cd5aaad8c2750af6494.jpg,Finland,FI,62.902019,21.211909,3
dcbbf1fee34648268e7ef69d3d0e9762.jpg,Finland,FI,68.025868,26.985819,4
268879dd3842476f8e49ad95b063b657.jpg,Finland,FI,64.160183,25.799596,0
724749ee982043aaa843649235a5787a.jpg,Finland,FI,63.057436,29.80908,1
006d6770631844dfb8430961c13f069d.jpg,Finland,FI,63.630349,25.785498,2
94977fdd82164a8db87bbc816933d827.jpg,Finland,FI,66.856983,28.716797,3
35b150e312e9463e8280da6e96bb0890.jpg,Finland,FI,60.979188,23.63445,4
6b221411b3d64704ad92995abd060b18.jpg,Finland,FI,60.524505,24.57356,0
6af30a0774b24ee4bc253d6d57de9c83.jpg,Finland,FI,60.253674,23.472703,1
58805ff571404011b9c3cce99a300acd.jpg,Finland,FI,64.193587,28.399941,2
b5f908138700404d8381d0d246615850.jpg,Finland,FI,61.800039,24.439971,3
a22a4f1335c34355897bafc7301fabbd.jpg,Finland,FI,63.307775,25.625051,4
7b0bed38a3cb4e929b88b9e9cfc59b07.jpg,Finland,FI,62.636716,25.685094,0
c16e12ce5f4443218719db00018fffc6.jpg,Finland,FI,64.280799,29.840035,1
d63d01473c084f26ad552e82aa9a8090.jpg,Finland,FI,60.646219,23.011552,2
0c00e0b23be740e89b757ef4758acee2.jpg,Finland,FI,61.285618,23.525717,3
b23f189b19b0426d8f9c3b44539b444e.jpg,Finland,FI,63.00816,21.862343,4
83d2ce7196a74cb383c069fa7ef2a2c9.jpg,Finland,FI,62.554176,22.838149,0
d89b28fc02064353bc8483ebb7d870fa.jpg,Finland,FI,61.977189,23.64588,1
17303e827024477bad92533d2ade7b9d.jpg,Finland,FI,62.913378,28.766222,2
e1c406bb8aad4b9bbba1451772d0835c.jpg,Finland,FI,62.326128,26.948462,3
43d290974cef4c2bafe0d623f44ee2f4.jpg,Finland,FI,62.506848,25.686576,4
306ffaffc247415c8fb74dc82d951240.jpg,Finland,FI,68.355338,27.399412,0
c2ff368c9297429d99e6f2769082f6a3.jpg,Finland,FI,67.910251,23.918936,1
08eb138b06e5485bb4382c681951e6f2.jpg,Finland,FI,61.728771,29.699428,2
6538e720a3314374aba0c80c3056174f.jpg,Finland,FI,64.486653,25.690162,3
771a2536504d4d07b613dfe10113b783.jpg,Finland,FI,62.07395,21.531548,4
2a4db8adbb174f2e88f43b59bc02e2ee.jpg,Finland,FI,67.088727,26.615216,0
e2d7cd532c0048e1a59d05ee74e97f0d.jpg,Finland,FI,66.932351,28.907266,1
62777304a3bb4b879cfd6bc324f25d79.jpg,Finland,FI,66.03963,29.130815,2
79fb1d558c1848daae7d8e5e94fe0fb4.jpg,Finland,FI,64.128374,28.104289,3
6b0c157af06548578387b161d02c549c.jpg,Finland,FI,64.824329,27.936259,4
cdbf1ab0d66d46669127f083e1af2a58.jpg,Finland,FI,67.553512,27.904687,0
e74748b75fc14b3fb06997c353e5b007.jpg,Finland,FI,67.333708,24.907615,1
1e721f6c5fb145aa81929bb156164350.jpg,Finland,FI,63.933639,23.436564,2
168036b40cd349549bd027410ade00f6.jpg,Finland,FI,64.745671,29.484226,3
e68262f4beef41da9596f48af1d562af.jpg,Finland,FI,60.87455,26.314294,4
4c8d9d83b6924894ab78a8ada8fdee3d.jpg,Finland,FI,62.158051,30.057539,0
8e1a3ec4f3e242b99c232985fbed983c.jpg,Finland,FI,61.183006,21.961342,1
d74c3b0faba640b49cd1a898405c73ce.jpg,Finland,FI,62.734048,21.954692,2
bf5db98f96c14f7b9d11ab4e41e6ec0e.jpg,Finland,FI,62.281361,25.726093,3
0b4c649c555041ad88dee6e3b2c8179d.jpg,Finland,FI,61.746607,24.34826,4
975d652cfd5a4bf28b4bedee21cf8bcd.jpg,Finland,FI,61.205301,27.970565,0
d0f6c292d21c49e38ad2f441cdee146d.jpg,Finland,FI,63.315251,25.823853,1
83245f968dba4789a9870be8794b178d.jpg,Finland,FI,68.008903,25.186969,2
93496687c26f46a5b30e7a55cf2f14a5.jpg,Finland,FI,66.862371,28.720318,3
2ab4d5a40dab4c34863df762e99782a0.jpg,Finland,FI,64.748403,28.330205,4
1809aa7059e04f77a86ae9a1430c43a7.jpg,Finland,FI,61.021183,23.171153,0
98827dda7e8d441eafdd649cb365e55b.jpg,Finland,FI,65.034421,24.592728,1
ed7bc3baa7d94149a96960ef70f46470.jpg,Finland,FI,67.483764,27.894928,2
d23658ba75e44bd8b06ea352a1cec65a.jpg,Finland,FI,60.624597,24.353904,3
6c1d2fc7fae943a2a0e3f6d2c8e1f5f3.jpg,Finland,FI,64.158282,29.261762,4
12d10d7687ce45f0ba4a003cee199566.jpg,Finland,FI,67.511624,27.950769,0
21e6ff3890184af0b573fc02a6a574d9.jpg,Finland,FI,62.932972,30.300961,1
462a4e9dddaf42a19df3f6cca9229345.jpg,Finland,FI,63.125703,30.601843,2
fd4b91f809864f1dac4fa166fd1b5818.jpg,Finland,FI,61.701791,22.547687,3
52abc630d71246d49162b184f35f1d1e.jpg,Finland,FI,60.593473,27.977427,4
9d7363ca4d57497ab203e13c0e09ab18.jpg,Finland,FI,60.97258,22.904695,0
066f81fc754e49b0b397b31d1473f5cd.jpg,Finland,FI,60.675659,23.096436,1
295a75aeb615444d8258c7183596f684.jpg,Finland,FI,67.1615,24.955933,2
84bf3c8b330f42a98cc94099e3ce8797.jpg,Finland,FI,64.309077,29.614764,3
70e25afc311f4c909c488fc27bd7204d.jpg,Finland,FI,62.528151,28.772305,4
c5756a5a50b14357b28b0599bb276fc3.jpg,Finland,FI,61.266256,24.087743,0
51eba5e5bd9342b2b8fd1dd64852573c.jpg,Finland,FI,63.331846,25.607077,1
1f53755055a647b0a530b64fbcbbeadc.jpg,Finland,FI,66.099693,23.920341,2
ee90383daeef4f2893efc8c6f666b71d.jpg,Finland,FI,60.492494,25.016808,3
41decc09a5334b6f889df0fcb344f3dc.jpg,Finland,FI,64.004789,27.422327,4
8978ab194b5f47d9983755d91ddaeb89.jpg,Finland,FI,67.084424,25.081534,0
f941328325964d9d8e21357ccd39a591.jpg,Finland,FI,67.139356,28.717167,1
aed22d4cdde94b6bab7b36e09e070ef7.jpg,Finland,FI,65.48287,25.341775,2
14e5cab3aad84a89b802472c25af3b93.jpg,Finland,FI,65.515081,26.775105,3
0e2dda6253f74dc7834dd2a877b42da4.jpg,Finland,FI,64.605682,27.792109,4
853fd1ddac47451e802c18da126365ec.jpg,Finland,FI,62.448502,29.96097,0
2331a50e97f04883842d2b2d71769f5e.jpg,Finland,FI,60.520931,24.361798,1
4b79991b4b774dc398769446c000b9dc.jpg,Finland,FI,64.738022,29.787482,2
c5271152651c4f76a6d6fa1b4652e16f.jpg,Finland,FI,66.069208,28.875043,3
31802f84c62643178be84c035ca48d50.jpg,Finland,FI,68.097726,25.459562,4
8b2c9baa9d644e4cbe64f9c16ed538d2.jpg,Finland,FI,66.599134,25.922703,0
b9a3d623292d4e139dd8df813ba883c8.jpg,Finland,FI,64.575716,29.699802,1
9eb186ce33b04e4ca7d9fa08ac84527b.jpg,Finland,FI,62.184513,22.975962,2
b176710dc98245f1bcf6b5245f10af97.jpg,Finland,FI,63.600648,28.018747,3
dc0bad6b03024865b7f4f5d847733a59.jpg,Finland,FI,62.635205,22.429143,4
539235ce649e4bcb8a1161d755f9438c.jpg,Finland,FI,65.487875,28.79542,0
d2ce5e4794f04d8ea53f5c36ba78c39c.jpg,Finland,FI,61.633318,21.77482,1
584cb42a5070459dae95ae06a035262b.jpg,Finland,FI,63.417186,22.513511,2
77b845b851bd4087b44514278ed6e6d2.jpg,Finland,FI,60.464139,25.761549,3
e895ac4715184fa6ac67faa411394c93.jpg,Finland,FI,63.626288,25.784915,4
79a814dc8eb048e6b34b6cc19a837b5f.jpg,Finland,FI,63.911557,26.729255,0
a1a40f1248e24533ba40d043100df95c.jpg,Finland,FI,63.501754,28.282486,1
9aa0513fef5e4e5ba187aaf74e3c5c48.jpg,Finland,FI,63.191106,30.518393,2
36b243b0b36c4471895fe56f5b846127.jpg,Finland,FI,62.725724,29.018005,3
c95a758fe3224f8f98af40e522047767.jpg,Finland,FI,62.559236,22.035833,4
29ce23391b5d498fa38ca80404ac4f8f.jpg,Finland,FI,61.197958,22.886557,0
0d73f9fd3548419295b71d86d2983d90.jpg,Finland,FI,62.296603,29.843026,1
869640907a074e83b5b486d8d351ccf9.jpg,Finland,FI,62.267809,25.682837,2
348036c06def49738501803e4d72d6e0.jpg,Finland,FI,62.626092,21.526014,3
e921b24bad9e416dae28f89f167f1d85.jpg,Finland,FI,68.862675,27.18628,4
6199efe016b544c08a7a5282f1b5f226.jpg,Finland,FI,66.662138,25.463644,0
d6b7008b0c3c4efda9b35b2fdd51ae45.jpg,Finland,FI,61.767932,24.362808,1
3c6796b7bcaf40d1b49e4d90d1d7697b.jpg,Finland,FI,68.363535,27.391015,2
1140eaf096b44173a4a00bd1f627377d.jpg,Finland,FI,65.291758,27.485023,3
e2170e7267ee4c33ac13d0457a4756e6.jpg,Finland,FI,63.656614,27.505823,4
b5ad1f3d02434b5386e6cea10019f7db.jpg,Finland,FI,63.103757,29.815951,0
39e999d726594a47aa4af2a8922b26ab.jpg,Finland,FI,62.52898,22.73356,1
bf3b2a5ab739454caaaea54c76f36fa9.jpg,Finland,FI,67.276637,28.261558,2
80a08609de25417b84e17d35444973ad.jpg,Finland,FI,62.867315,25.810783,3
2f16ccb416ee4f89a359f63c9640fc28.jpg,Finland,FI,66.231336,28.820952,4
ff6eead17d6f4cfb952ac4a0cafd2e22.jpg,Finland,FI,60.560735,22.447208,0
20b7a4eaa6574bebb194f7a142d3b327.jpg,Finland,FI,62.138249,28.550666,1
dc8cf21d7e0b4595a822591d713b31fd.jpg,Finland,FI,64.078468,28.702842,2
1ca063a018df496eb57753d26dcabbee.jpg,Finland,FI,64.82365,27.941439,3
f05ca01d17e142758dd97a553f160979.jpg,Finland,FI,66.528082,25.844757,4
36b69ae75cd642cbb236816b6b86fc08.jpg,Finland,FI,62.459559,29.95843,0
abfca459a4b5427baa13e51cdd85d7ee.jpg,Finland,FI,65.741418,29.173334,1
b211ac33ea5c4e5981f7fc8af40b7006.jpg,Finland,FI,66.230858,28.800119,2
3432f44a52c24f3c834bf9f0f2d98935.jpg,Finland,FI,64.9382,28.787112,3
155ad3bd15b44fa69b5b7423a45ffb50.jpg,Finland,FI,64.82915,29.449727,4
e6e80965db0f479bb6d95cec6f93c3ac.jpg,Finland,FI,63.147365,28.049237,0
19a3fa3b711b4dbf8af70fa6d1febfa8.jpg,Finland,FI,62.186274,30.270081,1
aa1c104b5e0d4b90b9f9a26357a0ff53.jpg,Finland,FI,62.234486,24.736198,2
aee1f079d4714af08701d33d2c704eca.jpg,Finland,FI,62.490169,29.942479,3
8535e3a6fe464fe69f23050d087d3415.jpg,Finland,FI,65.491232,28.701995,4
0dc35990126c49408a55bdd131aa7c1c.jpg,Finland,FI,64.224445,29.361985,0
b58d4101efa24f9c8814092fddb30ded.jpg,Finland,FI,67.491632,27.817059,1
db96585f3fbb42d1b8337f4c9526f04d.jpg,Finland,FI,67.930979,23.942262,2
db7e3d09cd3f46138f8ece95567581dc.jpg,Finland,FI,65.454064,25.380149,3
2672fc971988404d88c34d8bf72d68da.jpg,Finland,FI,62.525664,21.782142,4
7cb39d5e29a049879bc64164b031df22.jpg,Finland,FI,67.485693,27.982756,0
8e94d1f508e549eead05ceb32e4d6018.jpg,Finland,FI,66.105934,24.810868,1
a97758969f77413fbd78455df85e2996.jpg,Finland,FI,60.909591,26.289136,2
707246814a68494f866fb0db6b256650.jpg,Finland,FI,64.487933,25.68825,3
d242844c6d414ea4bdfd6230d7483e19.jpg,Finland,FI,62.346175,23.823572,4
752d2019ebd043b4890a03f0d76b268b.jpg,Finland,FI,63.613282,27.684746,0
ade2fd39f31a48ccac5dc19ad4fd3b07.jpg,Finland,FI,65.853104,24.532256,1
844f5fc6662a42a399008ab7f5b6a2c7.jpg,Finland,FI,62.613854,22.442443,2
24de907b02074f2487f182107cf43fd7.jpg,Finland,FI,64.259673,29.564288,3
3d5c235691ac479cac16eb4ea55775b4.jpg,Finland,FI,64.284155,29.155867,4
aa15271766fe4aa6a23752dffad5c5f1.jpg,Finland,FI,67.537401,27.924043,0
e0a6cd6125c047488a27a14650e540ca.jpg,Finland,FI,60.636461,22.978176,1
c105c0349f3742429ac88057c7a49e4b.jpg,Finland,FI,62.434618,26.761369,2
e98cc9ed63bc4c72a325597e1bb1f33d.jpg,Finland,FI,65.759223,25.293917,3
abe38d465a824fbdb63375f7417e4bf0.jpg,Finland,FI,63.795966,29.189846,4
f794ca7012494b6fa68aec7601a94ef2.jpg,Finland,FI,65.413605,25.397876,0
5da29389ce664f059ad6fe3f798c722c.jpg,Finland,FI,66.896565,28.772585,1
c1035b5220e44248848dc360314b47ac.jpg,Finland,FI,62.210531,27.933213,2
b9bac76e002247778974acc356a04359.jpg,Finland,FI,61.748476,27.457391,3
13c54be115754fa5870b5b3b7eeabf5c.jpg,Finland,FI,66.096795,29.145661,4
d8e61c7669864f389e7c0657a33abf1a.jpg,Finland,FI,62.928149,23.037427,0
84844c76f1dd4a998ca731f775a4791b.jpg,Finland,FI,62.015428,23.660301,1
001c2dde9a32436ca4192d5015a4af8c.jpg,Finland,FI,60.84178,25.545941,2
dcc6b1d087714bda9e7febfd42b7c836.jpg,Finland,FI,66.234943,26.171025,3
200963b7e2d34b8ca3dc0c6c6f9e2626.jpg,Finland,FI,66.980534,25.284476,4
eed85940681b4a5b9302b111c5c26cb7.jpg,Finland,FI,61.702628,23.151498,0
f1123ad21d5f41d184490c47f21a27e1.jpg,Finland,FI,61.647403,29.585908,1
cbe696bd94874e05b756af6892b05c90.jpg,Finland,FI,62.638995,22.002728,2
9bf9bbf4442144818ee52219f423de2a.jpg,Finland,FI,67.614927,25.402213,3
b9e2980cef6a4739a34bd92a385dfd08.jpg,Finland,FI,67.460569,27.095057,4
935c7e6852c54a3580a7e0aa50de2f29.jpg,Finland,FI,63.496378,25.682223,0
1e24ce9005cc4af6b2d1872f171b5b85.jpg,Finland,FI,61.272505,28.944147,1
9a7e8acc156b4ca4a4c2a01d15aad830.jpg,Finland,FI,64.611017,25.649567,2
e4749d6bf42447b9a5cc1f261d4a113b.jpg,Finland,FI,65.685457,29.12437,3
f66fffaea7aa47809204e2cec79980ce.jpg,Finland,FI,60.7015,23.536228,4
8a0ad43660694cc688cad2079953e16c.jpg,Finland,FI,62.278329,25.727957,0
af78de68883b4e54b72a313c91e29765.jpg,Finland,FI,67.628723,24.204512,1
bf2a33be4ca9496ba721437c94d6a5bf.jpg,Finland,FI,64.149102,28.25491,2
5d4cf60f6031445c9480c63b3f2b4ee9.jpg,Finland,FI,66.289368,26.038715,3
b73fd2ba60e9457292363a085cfb27ed.jpg,Finland,FI,61.280884,24.701186,4
c1064cd9e3aa4000ae37156bf648e738.jpg,Finland,FI,61.814422,24.460896,0
38bf79aba0404841b6dea9c1d8f57f60.jpg,Finland,FI,64.657272,25.61598,1
7d11a45cbe4642619cbc256ab9c98a64.jpg,Finland,FI,60.059376,24.265561,2
bf65ede3e73d4e90901946372f1c1298.jpg,Finland,FI,66.687303,25.406064,3
358e44cea1ad402094f9a1bc1bac1a6e.jpg,Finland,FI,62.666242,25.742619,4
0cab38b04be143e3b68e1e00185ff1d1.jpg,Finland,FI,62.924687,21.745879,0
f603c6e0b3644972b1cb7324c467e238.jpg,Finland,FI,66.999972,25.217886,1
9d32032a4c40404bb9a6d5c4d734a41a.jpg,Finland,FI,67.116348,24.773358,2
fe7b5491eff143a1b207d71aa03a61bf.jpg,Finland,FI,61.677783,22.553686,3
bcfa4ce477be41498f9bf00a37b0900f.jpg,Finland,FI,65.101683,27.709485,4
197d231507f9448f89c1469d0422e133.jpg,Finland,FI,62.586774,27.051338,0
0d25af92f931454cb7d3628bfd03e76d.jpg,Finland,FI,67.536336,27.925598,1
c58d9f8ba1ed46d4aa8a6bc7fb536c3c.jpg,Finland,FI,63.012098,22.12502,2
3589dd715f7e477c8649575d2681a650.jpg,Finland,FI,67.544841,25.77623,3
85a6422d6bc545918a7007b70bbb4381.jpg,Finland,FI,66.726201,25.454301,4
d3fca40ca97847728eaf477811090fac.jpg,Finland,FI,63.681273,26.024487,0
c56a536c5c2542f992653d72b3057a1b.jpg,Finland,FI,64.769238,25.548094,1
9a352cc3fdd14d57b70d7ca72a08c3b2.jpg,Finland,FI,62.963087,28.419332,2
5fc4a0cce2934639a9a4e481e79fed5b.jpg,Finland,FI,61.181298,23.85222,3
b33032bcc6914de2965161c3062e7f44.jpg,Finland,FI,60.311602,24.64385,4
64fe7ff2713e482aa43eef9c78439723.jpg,Finland,FI,64.723583,28.411671,0
65714787cd804e12a103fe36b0e3704b.jpg,Finland,FI,61.872171,24.50747,1
f723a6c5ec184a508d4b895d1e9bb5b7.jpg,Finland,FI,62.347669,26.673625,2
21cf108094064c6eb61e1b18cf71dc1b.jpg,Finland,FI,60.305007,23.805664,3
df28d4330376438f8dde547dc787d04b.jpg,Finland,FI,66.698726,26.251123,4
f96f08b13e42475db2ce9a0c6393b7ad.jpg,Finland,FI,63.133474,29.745083,0
5c33d20f32544d30bc72392b76c910a9.jpg,Finland,FI,63.02861,29.701861,1
fd537341e1df43cfa1794a2d0cc3e557.jpg,Finland,FI,66.602971,28.973661,2
7633b8895b4744c2b7bc741d8676758c.jpg,Finland,FI,67.813946,24.794459,3
2ca59707f4bc49c2bac3a1571635ce1c.jpg,Finland,FI,67.014232,25.156054,4
b0bc50e536314eb9a31aae2012b6071e.jpg,Finland,FI,62.027099,24.531285,0
1bea2a68ec514c96aaa7c74ad1292d3c.jpg,Finland,FI,61.229169,25.346442,1
7865e6dfd70c4bab8cf9685ebdd587d6.jpg,Finland,FI,61.341425,21.773551,2
d27ea12d26aa42a4b13903aa4d653202.jpg,Finland,FI,63.176112,25.735485,3
ff7fb8f24de345b686b45bfb0cd530dc.jpg,Finland,FI,60.61271,24.43194,4
856bcbb660c14e08a5c5ee781d777f71.jpg,Finland,FI,61.23754,27.987011,0
5c80824b7d8c4a71bcfa9ddf834efec0.jpg,Finland,FI,66.005837,24.702322,1
0136861569f44336a7e199f9d4049bdc.jpg,Finland,FI,61.938738,23.963101,2
9ade4ea3b6874009a6e57ae9df196a65.jpg,Finland,FI,68.010763,25.187895,3
8a02caa054114e00b05eaab7299ced66.jpg,Finland,FI,61.70945,28.033044,4
b5ee14b3c17a4c96b39267972461d78d.jpg,Finland,FI,62.555979,25.675531,0
46b76abb3bf74d05944a64058577ec10.jpg,Finland,FI,65.193534,25.450627,1
c632448d755b40a69363e1183db9142c.jpg,Finland,FI,65.185258,25.479174,2
3a2fddd4d6344cdbbabf31c6e2bbfe01.jpg,Finland,FI,61.29681,28.765172,3
bc44bae49463459ea6d4037a2f5fc150.jpg,Finland,FI,66.267209,23.710344,4
bcdc5580f1614b94b4de0fcbafc4fbdb.jpg,Finland,FI,64.599409,29.686101,0
d84c7200ba6d4628be02c2813c2f384e.jpg,Finland,FI,68.36029,27.416246,1
9a9266b03d3240e2b67593c78cecccdb.jpg,Finland,FI,61.197643,25.232576,2
d82428f2c22142ba8333c85b97805fd9.jpg,Finland,FI,65.670957,29.100408,3
c1d454fc94124d88a96522149fe45a29.jpg,Finland,FI,60.694126,24.168639,4
ded62de2d77f4e519bf8921daa3bb00b.jpg,Finland,FI,66.895846,28.770135,0
000f6b23adde458090bbbd202dcd7a30.jpg,Finland,FI,61.488511,22.70362,1
9b097c20defd470fab9e324d21289147.jpg,Finland,FI,61.630466,28.220323,2
e237bcb1cf5d440487fe1fe81946bc94.jpg,Finland,FI,62.189011,29.909463,3
83569ac696f44ea8bc9c6ee052bbdf8f.jpg,Finland,FI,63.778483,29.406286,4
fa7f7e3c490a44ef8f81f2823071db55.jpg,Finland,FI,68.35944,27.416946,0
d70f50cc8ef54d6287c3bded82b6291e.jpg,Finland,FI,68.15734,25.762579,1
ef59984ff0a541759eadbf701e6865d5.jpg,Finland,FI,65.912019,24.590762,2
cdda3eece8a24b78bc9168b5fc94caee.jpg,Finland,FI,60.753026,25.020691,3
e5e90be4d651490ca912ea800af3370e.jpg,Finland,FI,61.290735,22.170811,4
290cd07219074978a938dbe087a5a0d1.jpg,Finland,FI,66.241346,26.162633,0
2d7a599d964e4864a425a43387d3e4c1.jpg,Finland,FI,60.242717,22.947205,1
00d57395be3e4bcfbc668d57f7abba53.jpg,Finland,FI,60.393724,24.43317,2
9e75633f0f1d4a52ae1e3d60c78ed5ef.jpg,Finland,FI,67.659769,24.683973,3
5a426dbafe684042815d84c7e779cd71.jpg,Finland,FI,61.596239,27.52327,4
87e2dddf05f545c48e679e1d6e7d471e.jpg,Finland,FI,62.026523,29.486027,0
f4aa252f760f40d8a254671f83cfaf1a.jpg,Finland,FI,62.5783,23.608721,1
aaed740939b44cdb919de37822b992a9.jpg,Finland,FI,66.876188,25.429366,2
a55064e9acc9401089e205306133287d.jpg,Finland,FI,67.143533,25.010679,3
1ad9fd20eb38421abea444ec252cb328.jpg,Finland,FI,61.181278,25.629373,4
537389b1f15549769493acdfde2ca8d0.jpg,Finland,FI,62.961849,28.558986,0
8ef0acc41fd648739db81a9ce846c32c.jpg,Finland,FI,67.479148,27.941209,1
b106125e66b64021b7af43511883a5f3.jpg,Finland,FI,67.120353,25.066537,2
072574beafb3476ca6705a9cf3f2cc7f.jpg,Finland,FI,62.145001,28.526011,3
50e472e8c51e427b9bc79d578ee93ce9.jpg,Finland,FI,67.525319,27.939589,4
c21de4cfc10248b1bc3f860dee8a8dbf.jpg,Finland,FI,60.746034,26.129088,0
9cd33686560c4605bce7ffc098ea0629.jpg,Finland,FI,61.531291,24.252295,1
cb0ec58655464d90a331e4edd74d11eb.jpg,Finland,FI,64.842564,27.786258,2
54d59490ca434b01a35c1c9a2961f306.jpg,Finland,FI,63.445952,25.643092,3
26d4be663c824d288c1fb19550307b03.jpg,Finland,FI,63.161651,21.878575,4
45f86f1d6b974ba59f729caf9e3c064c.jpg,Finland,FI,67.50209,26.06033,0
9f2a58ce5df84261881c4ee0d6caaded.jpg,Finland,FI,61.33908,21.961703,1
0c05ebc6ff9c41058298a6d3a58f4a86.jpg,Finland,FI,60.404127,25.79292,2
21abfbebdb4f4007929e840c02c50fb6.jpg,Finland,FI,65.869549,24.118966,3
cdfd5a11d05f43b7bf0a3fa13d8ded63.jpg,Finland,FI,62.169041,29.964451,4
416bb5495e91455d8d10a94c20fd6325.jpg,Finland,FI,62.436761,30.030559,0
eeb123845fc4433aa19235f45bc9f172.jpg,Finland,FI,66.093071,28.414964,1
f8a1ce3901164b2b97512b34d5cdfcbf.jpg,Finland,FI,63.768026,29.19247,2
41b4f28b51c64131aab8833a4109f1e2.jpg,Finland,FI,61.216867,23.33803,3
b01546f7b1fe47958cfa6b8ea4ae7f25.jpg,Finland,FI,61.834983,29.73343,4
8f8e94534c5c45718dc3dfa51b41e906.jpg,Finland,FI,64.294019,28.211137,0
ebd38765dbd44aefabd1af177d256ce9.jpg,Finland,FI,63.484984,28.823582,1
e474730f4ba84d8f9d4b481c9de4a1a0.jpg,Finland,FI,62.950203,25.821468,2
167dc89624984ba8aa0c94d2143cdf85.jpg,Finland,FI,63.065591,29.85433,3
fad4b692f15446a988873773e285d6a1.jpg,Finland,FI,66.231306,25.33308,4
26f7c90e09254deeb6b5e1f7c8923015.jpg,Finland,FI,61.191026,25.082632,0
7cd889750f314da7b43891e3963ddfe8.jpg,Finland,FI,62.650267,23.2805,1
a88ac2920bce437b93543ac43a53a25e.jpg,Finland,FI,63.689793,29.319848,2
9bd0f76d73374d5eb0a4207db200ba51.jpg,Finland,FI,67.075143,25.077841,3
ec000730d3a94c25ba49c270a88b4f15.jpg,Finland,FI,64.002414,27.41969,4
2f48d5ff0bff442dbfdc9fc334b16f1c.jpg,Finland,FI,62.294843,29.664285,0
a7561b1b25e0461da9b7c81b3aab52bc.jpg,Finland,FI,62.502772,26.883848,1
71b774b291424fadbc5ba9ce7ac5130c.jpg,Finland,FI,68.169352,25.779127,2
1816d30402784694b5506062b9fbea52.jpg,Finland,FI,66.272711,26.136948,3
0755e2a791a94fe2bf81f17ef7b729bd.jpg,Finland,FI,65.909199,24.101246,4
a37c24442f2d4ab1969b32f8d0b4828f.jpg,Finland,FI,61.09127,22.957754,0
fef949c0ed1b4df5bbf6834a983dd4c1.jpg,Finland,FI,61.992931,23.014117,1
af7c297684c84822acc16495668ecab6.jpg,Finland,FI,64.175424,27.79155,2
051c6f37b6004dd4accc48cce837a2e3.jpg,Finland,FI,63.404421,25.644565,3
f996d74ed68a4ee0873c49c46fe53342.jpg,Finland,FI,62.620257,29.490619,4
90764cd16b304bb89a300f0cb5694dc2.jpg,Finland,FI,68.000301,25.182385,0
f75ad218ed3b478ab76250783131d3ad.jpg,Finland,FI,62.019374,24.493438,1
5d928b38c4ea4a259e12e12532fd121d.jpg,Finland,FI,65.430789,26.861558,2
7db420583d154826831e8f10cab50f9c.jpg,Finland,FI,64.126339,28.06992,3
4220e4d08941478593470087efdc58cb.jpg,Finland,FI,67.628428,24.204299,4
6c3c02a91c584b74a2e760896b11752f.jpg,Finland,FI,66.263948,29.362918,0
c1fa14fc71a34947babe94ce76222dee.jpg,Finland,FI,62.640303,25.090395,1
584b970a330f4886ad03b88ab1986ce1.jpg,Finland,FI,63.015746,21.531076,2
31ca2c6ab11944a28be40a375953dd2c.jpg,Finland,FI,62.979309,25.819581,3
54dd57335463463c99cd72fdb0169038.jpg,Finland,FI,62.583639,27.03097,4
d69e583e26fa465b94fc7c799d5a537f.jpg,Finland,FI,67.579998,24.492555,0
ef84cfe774684ea9b732a2dd0ae140a3.jpg,Finland,FI,61.27953,22.096408,1
e91911b968804109920c9cccc601857e.jpg,Finland,FI,64.823244,27.944886,2
f5b7d6489e0244a092fc61ef65b041c1.jpg,Finland,FI,67.129748,25.046206,3
aa9e12ee2eab4309a7b46b09141f8dbc.jpg,Finland,FI,64.393847,24.058792,4
efeb98dc4d564ac4b9109959ed070f75.jpg,Finland,FI,62.568713,24.466897,0
825f1c8c103b4f8c9446f569afbdc5d1.jpg,Finland,FI,61.352665,27.429725,1
0e0fcedfdee840c2be2c2ec97667ce01.jpg,Finland,FI,64.280352,28.504843,2
a008430024b9434ca9ddfc0a26b1f076.jpg,Finland,FI,61.018492,25.151495,3
bc1503557b5642d9a01e6f3b7aa2d3df.jpg,Finland,FI,68.346501,27.399579,4
d6d9aa8e85614d21b117cd23668aefae.jpg,Finland,FI,60.469394,25.179612,0
2a13671a229f4974afe34de73d876eb2.jpg,Finland,FI,67.159445,24.967159,1
feced543964546e3a63b370c8c24406a.jpg,Finland,FI,68.015487,25.193544,2
d0a729d3b9f6470aa6360478ad522fed.jpg,Finland,FI,66.824326,25.423547,3
ae9bc0863dac44758bb9bc98f02ad2dd.jpg,Finland,FI,60.159243,23.573084,4
16ef83dfb5304587b79f6266c619c627.jpg,Finland,FI,61.113465,23.177325,0
f9535ad87a9b4f149b4ca209a5ad002d.jpg,Finland,FI,61.959233,22.8661,1
69c1fbe3ae0c4b3792f28416620bead2.jpg,Finland,FI,64.532596,29.005045,2
bbb1d93543124a56bee3df3acebd3ecf.jpg,Finland,FI,63.56211,28.489071,3
ffac6036d2ab49c1955174fc928b734d.jpg,Finland,FI,60.617751,26.191511,4
6e329eef4df342848206d04788d665be.jpg,Finland,FI,67.411314,24.924669,0
2794670e3f45411a8e4034265f69fb88.jpg,Finland,FI,64.042592,29.671213,1
db9630dca952497dbf0e2cf0ba0dd098.jpg,Finland,FI,62.259491,25.674714,2
5b13b18061944a48926768e7caa3eeb0.jpg,Finland,FI,62.623377,27.082659,3
a50a68d63df74e25aaa8b31ccf9f5e01.jpg,Finland,FI,61.693186,29.689476,4
c30a4950b3e54d22a323ff87874bb824.jpg,Finland,FI,66.138562,28.489213,0
d6c11ea84466459d8cc190e3263d5883.jpg,Finland,FI,66.035261,29.129666,1
6b9ef9f24b314e4bb4853e7d1c05de58.jpg,Finland,FI,63.076756,23.736286,2
152e6c2bff394bd295c3e209dbce401f.jpg,Finland,FI,66.341746,29.083927,3
5a566776197a4c01a78e87103fb92f1e.jpg,Finland,FI,65.17925,25.355982,4
8eca24df6bee45ee956626d367ce88b7.jpg,Finland,FI,62.307525,27.241755,0
f6f595b590114dd19be1d2aadcc283f4.jpg,Finland,FI,68.559403,27.503438,1
16630d19e81148eaacee4d5304ad243d.jpg,Finland,FI,68.37792,27.409526,2
1a4122950f144592a5c3870d02ef31f3.jpg,Finland,FI,66.107047,24.811739,3
275e5155811a464aa149c2c09ac9e819.jpg,Finland,FI,61.916374,23.693425,4
4914cd9b6a7c4b41991cb33f29657e21.jpg,Finland,FI,65.068917,28.899168,0
f710b4ad5ef14da1aabd10a0a9323ea6.jpg,Finland,FI,62.504306,22.625298,1
9bfd12f167474fb4a6abf0dfcfef87c2.jpg,Finland,FI,61.024046,23.163469,2
4f791214bd874922a531fb92b50b79da.jpg,Finland,FI,64.519959,24.366139,3
1486ca863dbb43ed97c29280746c1a4b.jpg,Finland,FI,62.168422,27.837157,4
d48c23d65d2e4e6194486d22612e58ca.jpg,Finland,FI,68.097884,25.459827,0
3d4eb26eb52d444c8e55f0fee84ab131.jpg,Finland,FI,61.468155,25.147703,1
5e6e81eef9494250a51c7266cab85708.jpg,Finland,FI,61.486386,24.670022,2
db19a75093804d988cbe05bc655a23d0.jpg,Finland,FI,68.004887,24.086051,3
d8b501d2fb4c4aefa7a0a1bd071e5446.jpg,Finland,FI,62.850334,27.697184,4
d685d2635b7a40f2b6b5e5db13c19568.jpg,Finland,FI,66.468158,29.000913,0
dde23ac5b49f4a9fa251ca111998464b.jpg,Finland,FI,61.457804,24.746751,1
fe5a1aa034954ecab7a2abeda0aca49b.jpg,Finland,FI,63.613929,29.189811,2
5c3252e7ebb7406bb0217246a6a0677a.jpg,Finland,FI,63.17401,28.478785,3
201443c427f844afb17e24da17798f12.jpg,Finland,FI,62.40754,30.087501,4
02c6013afbed4707a6b0c5bfd58bba2c.jpg,Finland,FI,67.674354,24.220713,0
92e2b36fc0504cd5a9ab306a5daac784.jpg,Finland,FI,62.646533,25.49426,1
6a40ac64068f4c0dae2d51a756f0dc5b.jpg,Finland,FI,67.555689,27.893339,2
ec8540bdaa284292ad4d2da83409d4f3.jpg,Finland,FI,63.144236,28.044601,3
212f530406de43d8ba27bd3127f52d58.jpg,Finland,FI,63.34256,25.60384,4
5c954278a957441899ac4a8d7e92ad8c.jpg,Finland,FI,62.672043,21.571735,0
117c43c037f144a5b2d6e60981c69447.jpg,Finland,FI,61.5096,21.693632,1
dc532460533540d586bdd41d8cc981c6.jpg,Finland,FI,67.996322,25.181564,2
cbf75d52d54d432fbd68ea7d01aea6e3.jpg,Finland,FI,64.178159,27.766957,3
49063b9efb884d7b8d9d72dc9942f4f6.jpg,Finland,FI,64.71005,28.459498,4
f0d818546816412f80dbd140e7400da9.jpg,Finland,FI,61.841421,29.86528,0
308767b7cbf244fba81098da920c08b2.jpg,Finland,FI,65.531504,28.520274,1
8f8b8ffdeaac4c169784bf5eab5d0d27.jpg,Finland,FI,64.591353,25.668091,2
9e7b5fd3e7f040249e5197c49039c3dd.jpg,Finland,FI,63.945694,29.916284,3
16f7a975105d4f54876c7ad4bd1de8a9.jpg,Finland,FI,62.969804,25.819453,4
000f306e85ea4f5ca0ba89e76b6d698b.jpg,Finland,FI,67.673233,24.221374,0
dce13b92ef18493da15e5f75b5fec0c0.jpg,Finland,FI,67.814461,24.792823,1
86df579f83d64361aa8a20301aea2f6e.jpg,Finland,FI,63.143249,30.638638,2
eb73b251ec3e43fb95301295a7b39ed4.jpg,Finland,FI,62.37608,28.104634,3
36faa5f83e964fa5ac26edd87e2db374.jpg,Finland,FI,62.851369,27.698972,4
1e05018096f64f4d8a121176569b1f4e.jpg,Finland,FI,63.189667,30.520425,0
50ca6c2bc53b44ac814204b19f73ea51.jpg,Finland,FI,62.637052,22.430047,1
e353abda80d54a11859b0dc4de257dc0.jpg,Finland,FI,64.15175,25.798782,2
1dca84ab8c354f2eab3854900eb81524.jpg,Finland,FI,67.545593,27.918662,3
dff849d8c25644d0b146cf6e7521a237.jpg,Finland,FI,62.954788,27.771278,4
c5d7c3b50db14f7db46759ad35c6400d.jpg,Finland,FI,61.8653,27.776802,0
5e7de4f8d1994fbdb67004457a7e8552.jpg,Finland,FI,67.925353,23.866442,1
f89460ece0244827bb0ed7db42da008d.jpg,Finland,FI,63.662532,26.567647,2
3f0e14946780436698f427ef5446907b.jpg,Finland,FI,63.126135,22.721704,3
5f5ad8bf6ce6413c8e0d1309c3a188fc.jpg,Finland,FI,63.461218,22.587565,4
99cbf90cedef4b259c11b598e8877be6.jpg,Finland,FI,60.569793,22.8602,0
5477f0bf0aa841be9c09d5812dafaaa4.jpg,Finland,FI,66.11567,24.834209,1
abcd7d21601a4dbcbc76e6f2abf1ef1c.jpg,Finland,FI,63.136376,29.792042,2
823b1453a4064492b4ae08ede88214ee.jpg,Finland,FI,66.904612,25.39556,3
411c3f4d5d0d4ae2b142402177f14244.jpg,Finland,FI,63.165724,28.086182,4
45c1955e2643424a8cc54c4cd646798f.jpg,Finland,FI,62.920974,21.183411,0
4a13a5cc41cc431988f6613d2c231afc.jpg,Finland,FI,64.80352,25.510789,1
cde2718349834dff97ff11b8ead27530.jpg,Finland,FI,60.498959,25.051039,2
6ed1809e9e364b298622b5caf84c447a.jpg,Finland,FI,63.862601,23.253221,3
970005b2526a40afb4983fdb2fe42a02.jpg,Finland,FI,61.648481,23.537009,4
45d0c781be7c4d8eaf91e8662c935927.jpg,Finland,FI,62.292163,23.704413,0
422a9ac681404be7a603fb35517b4d03.jpg,Finland,FI,61.099448,23.252536,1
a2c0530e094f4d8185dabd6e4906fa57.jpg,Finland,FI,65.008989,25.585496,2
73577ddc34574900a5f907d49479e86b.jpg,Finland,FI,65.699168,25.161729,3
af03c0f6c9ee4ccaa35f9e1692fadc62.jpg,Finland,FI,66.598129,28.989443,4
0ff486f5c76c4ae0abd47f8992983fd1.jpg,Finland,FI,61.420121,22.915087,0
f365c77afb0e407fa66082f6ccc7cb89.jpg,Finland,FI,61.742984,22.139353,1
d5d0ff7fa1b943da9c74b3a66faaf478.jpg,Finland,FI,62.233263,23.651951,2
495e1495274f45a1a17abe19f17c83ff.jpg,Finland,FI,61.637853,29.568197,3
85c1238742374f06ba5a828526050858.jpg,Finland,FI,66.075353,28.460163,4
b7e07f17c0864496a64a5f8af7af9baf.jpg,Finland,FI,62.30716,27.96757,0
2bdcd3ff2bdb4d458aa4c40b57da1ded.jpg,Finland,FI,65.394511,27.065485,1
5429ff66d3d0488388f229bcb69d13d5.jpg,Finland,FI,62.456905,23.961477,2
f48f54d961af48cb8d398d0737b34315.jpg,Finland,FI,63.597622,22.762011,3
6b229521ed7e49a89112270eeeb96402.jpg,Finland,FI,66.668381,25.441364,4
c73822d5c7c747cc906ba303188fbb82.jpg,Finland,FI,66.690956,25.411277,0
82852341cdfd419ab0d5b2f2966908d3.jpg,Finland,FI,61.137429,28.087668,1
96ba6b1e3e8549588a284e6bc59ec2b0.jpg,Finland,FI,60.769946,23.428067,2
2df1e80ec0134fa898037cc0960fd030.jpg,Finland,FI,62.98714,29.761209,3
14122c86b01649bba1bcef3b19600707.jpg,Finland,FI,64.380888,29.053629,4
d2b514e63e494d468ef6f800d635976b.jpg,Finland,FI,65.261506,27.538558,0
1ec590fd16a5476386d0f527e35f3749.jpg,Finland,FI,64.804849,26.009087,1
88570c16736b41ab8515e9f2fba92b5c.jpg,Finland,FI,65.833478,25.290965,2
986b3106e6834e7ca860c557702f2299.jpg,Finland,FI,66.839377,28.682683,3
33ad011d39124b2e9b650b84a1dd5b1e.jpg,Finland,FI,67.12356,25.058337,4
384b2e5145aa498690ce377fa13f348c.jpg,Finland,FI,66.664456,25.45503,0
a445981fa11a45fca23d9bc84fcec001.jpg,Finland,FI,66.976692,25.299274,1
650bf2af1c3a4bcbaf5a208105357a72.jpg,Finland,FI,65.555956,28.184113,2
ab544e0adad44e37bd1b4b24a5c8cc7d.jpg,Finland,FI,68.796682,26.574339,3
f7b40b8532aa467f94c394ad97cfecdd.jpg,Finland,FI,65.911734,24.59023,4
c1f84afa05d24d8e96f4d0bc2e4281a2.jpg,Finland,FI,61.91961,28.575552,0
c3fda65c92534c1c9fc08356960a5ca5.jpg,Finland,FI,63.103346,22.189698,1
e606639c31d946a798c6e01e1151c94c.jpg,Finland,FI,64.161704,25.799731,2
0bff774e058c48bfb4845a3a70c2675f.jpg,Finland,FI,61.88773,28.741298,3
a4f44d53ecc84c77b02243b017a58666.jpg,Finland,FI,66.932382,28.909111,4
f473b2c975ac4a948d5ad3b5910750e1.jpg,Finland,FI,62.414786,29.889803,0
f64015b4043f4c75ae7b710d4561ea9c.jpg,Finland,FI,66.157612,28.566838,1
44d086c3f2eb46c6978945d0be3d1684.jpg,Finland,FI,67.464585,27.043732,2
a42803a147b848ed9c411914df7ea418.jpg,Finland,FI,64.256342,29.171933,3
1ec5d0b50a464c4da8549d618089e0e9.jpg,Finland,FI,67.50344,27.465031,4
041706580b224db6866e3b762fc2bf72.jpg,Finland,FI,62.530215,28.540799,0
3e69e92f74814e85baee0fa18b77212a.jpg,Finland,FI,66.932528,28.895161,1
bfab171586b849679becdfb56d75b4ee.jpg,Finland,FI,63.339899,25.606026,2
995003b5cd144b15847b1d38eea5e659.jpg,Finland,FI,63.488824,25.665325,3
bdcc88a8899842079c0b4c4da56b8be5.jpg,Finland,FI,63.198933,22.811163,4
756f7774bc884ff78c6cabb92da0c941.jpg,Finland,FI,67.510162,27.954773,0
9adb6a28385d4c9c902c7994141bd4a4.jpg,Finland,FI,68.360408,27.415987,1
c5671a60d59c47d39e6304e2b9c3e7f7.jpg,Finland,FI,61.029319,23.163216,2
f215696488c64105ac465a78035d2c73.jpg,Finland,FI,62.069955,29.92596,3
41cf026db8b94f68959099625888bab4.jpg,Finland,FI,67.826049,24.829041,4
47fb85a3973f4324b9430359171b8bae.jpg,Finland,FI,64.921002,27.613078,0
87646959713644e68b04ed25d73c2a3a.jpg,Finland,FI,63.954574,26.838124,1
7f61a15fb2654f24b3397d8da9bd930d.jpg,Finland,FI,65.700923,24.662811,2
2787f4c1bc8544598ce18ce10a5e5a3c.jpg,Finland,FI,63.220144,30.400445,3
22eb0e1b73ec4239a972b840f291623c.jpg,Finland,FI,66.575294,25.89746,4
80693b9cc4bc46a4b371705a6813e63a.jpg,Finland,FI,61.902054,23.706904,0
e4f23bd956d34641af704c577a23ea85.jpg,Finland,FI,63.061953,29.79972,1
5ff641c660bb4d4ba8a44362d5be46bc.jpg,Finland,FI,63.266013,21.177775,2
44375a6c3ba046f8853f520d68e70e85.jpg,Finland,FI,61.380992,22.699982,3
f28ba57d9a88427189ce7ccec8c0a751.jpg,Finland,FI,61.910671,22.662953,4
34c41309da004e53b069cb0f742e1e9d.jpg,Finland,FI,62.553793,22.643517,0
d4540ccc1e034355bc6737659af0014e.jpg,Finland,FI,62.314165,29.831165,1
31d1c34bae9244d9996bd011e5a35778.jpg,Finland,FI,68.744079,27.450711,2
0fd7c20a43064a9799722850ae5f5ca8.jpg,Finland,FI,61.669312,27.24568,3
5dc944861ea347d284d9898afc2e1a8b.jpg,Finland,FI,67.698476,26.752308,4
e17aaad0d1bb41259ee8d0d6ddacec5b.jpg,Finland,FI,64.324033,28.137822,0
b30fb82c8df543858d772154ea027212.jpg,Finland,FI,67.98955,25.180279,1
d3fec2508afd419fb03acbbf13fd6f78.jpg,Finland,FI,64.022299,29.462077,2
6733b4dc349d43a09d54bec34ad36900.jpg,Finland,FI,61.193146,22.500203,3
ffb055f03321493489b8b4de0e990c8e.jpg,Finland,FI,65.841099,24.513913,4
8ce23dfa1e5d4edbb5dda177e0f05d79.jpg,Finland,FI,64.735134,29.593855,0
3cd6cdac96eb4c02ab737c70502bda1d.jpg,Finland,FI,66.073273,28.799317,1
a31c16ba158b4b559aab38c333a1e61f.jpg,Finland,FI,61.725151,29.392166,2
08938aaf72fb47409d9e20fef15b5bae.jpg,Finland,FI,62.485458,29.946798,3
7c7125c6eac84354881a8a9a1234c1ec.jpg,Finland,FI,67.554637,27.897383,4
77d0ea02e4dc46f3a349c6e83679c898.jpg,Finland,FI,62.312674,29.862577,0
02486e64fed044d9a123ec5b319d377d.jpg,Finland,FI,64.415905,28.438687,1
cb6b669500cd46c8913dfa381768f876.jpg,Finland,FI,64.329184,29.068101,2
56fda660288948c5bd2057c3c7655ac0.jpg,Finland,FI,63.151813,28.4829,3
e448bded86bd4552b4e1b95183ed0988.jpg,Finland,FI,61.625174,28.221773,4
051ed89945584dbc845e74defa7874cc.jpg,Finland,FI,63.536019,25.748219,0
d11c3479bda34406886cbe36f165b8de.jpg,Finland,FI,61.543878,24.303675,1
1d6d8c4d7f6a43638056329f5f6da0c3.jpg,Finland,FI,62.373424,21.406026,2
50bb66d00d174d86b8a7a165eab612df.jpg,Finland,FI,62.526436,24.016911,3
8e5d0939a76b454f9d556fe5339baaf3.jpg,Finland,FI,65.238803,26.453585,4
511a6e08641445c582cfc3e3dff00c49.jpg,Finland,FI,62.040821,23.663412,0
d90527e33bf242ca80204b6e7e0f7a4b.jpg,Finland,FI,63.541396,28.945601,1
76e21a48d21f4194bdc73949a230369f.jpg,Finland,FI,61.873685,24.507255,2
4987ef98c881409991a88ba32fbe8d54.jpg,Finland,FI,66.89668,25.382701,3
f4f7516ab4ec4eb79b3304324d27e954.jpg,Finland,FI,66.739567,28.835579,4
a10a810208f841bea9a698703c44dd92.jpg,Finland,FI,63.349379,30.012586,0
e5d3924ddaf84212a2d4f5092fefc2e3.jpg,Finland,FI,64.278348,29.16094,1
7f48e0cb96d84a538e61a0ffa201a948.jpg,Finland,FI,62.172736,29.957261,2
cc3b6bf2ee93465a9db39d1a7c3b6eaa.jpg,Finland,FI,62.873426,29.847493,3
ed0604883bd6470ea9b82c1c31eb1e5f.jpg,Finland,FI,61.638746,24.337906,4
3886ed956e0243d0a2676b6bf3f8bad8.jpg,Finland,FI,68.00127,24.086555,0
d6bf8ae0dc274ceab670098faaf991c0.jpg,Finland,FI,63.298492,28.371361,1
36bd7d6cda984697a068c33801dc5468.jpg,Finland,FI,67.514844,27.947852,2
563fbc9725ce4b919ee293ec9a13c14e.jpg,Finland,FI,67.544548,24.391902,3
dbb4d047f13f42f6b9fbc20aee8967cc.jpg,Finland,FI,66.857063,28.716738,4
9f625b743bb04565a45b28743ba1295c.jpg,Finland,FI,65.422309,25.387218,0
8f9bcca199a543ed8e27e444e393f359.jpg,Finland,FI,66.191625,28.611127,1
d506c4630cb3423aaa70d905664faf29.jpg,Finland,FI,61.279776,28.7249,2
3ee9b77cc69f46c4b678c54648a1755f.jpg,Finland,FI,63.496358,30.032696,3
126a605ad8cb4d519007cdc399f70820.jpg,Finland,FI,66.994231,25.249841,4
4465d9367d7a4ff2b4d49073fc3ff380.jpg,Finland,FI,63.237145,25.664446,0
1a20b835b7b5498b91f2b36f8b109986.jpg,Finland,FI,64.344708,25.877472,1
d3702e2faeb048d1b4cdcb38842c0f2e.jpg,Finland,FI,62.542048,25.89788,2
8725b2bcb234448280234ebf65e1102b.jpg,Finland,FI,62.847344,21.699506,3
f4d49565c69e479ba2e5d224edf848a2.jpg,Finland,FI,61.309016,28.531063,4
5c7d00586f724153baada62e26090bc9.jpg,Finland,FI,65.903662,24.10041,0
8187d6580d484353b9db32df82046aea.jpg,Finland,FI,60.571336,23.774094,1
b1fb95cbbcf745c5a7197245aaabbd76.jpg,Finland,FI,60.319308,25.270864,2
da6c601bf5b240d2abd15dae6960ce5f.jpg,Finland,FI,66.296821,28.869785,3
62f1085393214e6b86bbc2be57277e66.jpg,Finland,FI,60.818839,22.640649,4
aeb1549f09314de58341bf41bb9f16dd.jpg,Finland,FI,60.527296,27.547288,0
5294c15deb814ce7abbbb8fa207a527d.jpg,Finland,FI,68.384737,27.409228,1
1da59a54301a406d96226e6e6a4ea312.jpg,Finland,FI,60.582499,22.730124,2
f528a88685c44f3d9e3c54ca5b652eb3.jpg,Finland,FI,67.489827,24.848709,3
752df4cb14ca40f68fefd4b01c7122bc.jpg,Finland,FI,64.746486,29.483094,4
819cda1b59d449558c253cf0a1334302.jpg,Finland,FI,65.532945,28.87916,0
451bf0763fcf480fb3b8c794f0e2dedf.jpg,Finland,FI,63.982229,26.772437,1
95c48579761a4290868611b8a01c0f47.jpg,Finland,FI,68.679273,23.326173,2
d7416eaf43854671bebe9d7534837379.jpg,Finland,FI,60.649063,24.223948,3
8d77528bde0e4816b5c45fee10e90d53.jpg,Finland,FI,61.782048,29.845352,4
28683d3bed084c1885a120b37a06e2fa.jpg,Finland,FI,62.210596,24.763815,0
47dc8bd53d89453786225813105ab21f.jpg,Finland,FI,64.005952,27.423579,1
2c3e8b2ff2e4488a968705d9a15f40b3.jpg,Finland,FI,65.928897,24.619141,2
20d6cdbe80ef4a37808eccf72c77fa7d.jpg,Finland,FI,65.501672,27.952634,3
cc5762019393485a8059be225b191d7b.jpg,Finland,FI,60.780857,25.027647,4
7b5f1688e2d045a58198840523faee8c.jpg,Finland,FI,67.105949,28.825053,0
958cbaea32f34e84a15481cc36c95d0d.jpg,Finland,FI,60.903334,21.644132,1
b6719d28c76449a7827c79844df9d54e.jpg,Finland,FI,66.261153,29.302348,2
d4cd6a917fdd48328753f9fb4d66b225.jpg,Finland,FI,61.61598,23.23814,3
b1c8c24e60624d42aabc73316944d0bb.jpg,Finland,FI,63.004689,22.310788,4
fef0b35c8efd48a99a5b82febdeaad5f.jpg,Finland,FI,61.109459,21.510456,0
9740a24e251e402eab9e257ec7608857.jpg,Finland,FI,62.606023,22.749685,1
c5618a0fa22d44c2ab6dd681f4564cde.jpg,Finland,FI,62.63958,22.766858,2
5dd33ba4c7fb4baca3f34e9d78d0478f.jpg,Finland,FI,67.005135,25.189659,3
b8a33e630b7e4fecb645ab5a2fb93cc7.jpg,Finland,FI,67.911444,23.915808,4
26f6e453ab1448368dfedc6f32c79adb.jpg,Finland,FI,62.24952,23.451442,0
99af2160bf41459ca005e6d81eb03bd3.jpg,Finland,FI,61.731686,29.390917,1
deeed17f4d8c48e1b0e5c736cf022d8c.jpg,Finland,FI,60.647759,24.225133,2
de5327e6367c4b519f2426b851227614.jpg,Finland,FI,62.981193,25.820086,3
40d22cdca4fa46b498425e60005c31b4.jpg,Finland,FI,60.996162,21.981878,4
f1f5651ca4f44474b24a71b9ff3e6ad5.jpg,Finland,FI,62.560859,29.889508,0
7284d13612a94a49ad1e1e8bc0f20efc.jpg,Finland,FI,64.190743,29.857479,1
8da9d6e20047454eb2039d902f282ef1.jpg,Finland,FI,64.124499,28.123653,2
90493c6a8e214f759d9492b1b3e8f629.jpg,Finland,FI,68.893102,26.960099,3
d4972bb32a924505a2ef70d7c300511a.jpg,Finland,FI,60.394315,25.783991,4
292388f2c8164fe181f786d8a8c377d3.jpg,Finland,FI,64.777926,29.348593,0
83d384686efe4dddbac3f368c9a9e753.jpg,Finland,FI,61.133682,25.633391,1
387cce3346014fa3847be536fc30e984.jpg,Finland,FI,63.782579,29.408017,2
e61bb6a41cd24c449e79105677ab63d5.jpg,Finland,FI,64.154122,25.799014,3
73ba86048b65458a84eaca7ada69c04f.jpg,Finland,FI,63.644904,27.447163,4
fdfcb1fecb694957ae6cba61070b9420.jpg,Finland,FI,63.299987,28.374453,0
9c7551dd688c48c9af918a1360803a15.jpg,Finland,FI,66.909681,28.806228,1
018c77531a4841e790523dc752ce83a9.jpg,Finland,FI,65.4812,26.797539,2
377ff6f38efc4963b079a391d67b31c7.jpg,Finland,FI,67.50503,27.742282,3
74de821fc8a248a2b789eccca38b4fab.jpg,Finland,FI,61.12339,24.665995,4
9a414f3666ef44179556e7d2394099e9.jpg,Finland,FI,67.117813,25.071383,0
e58a4a4e0f3e473e82a463b437bacced.jpg,Finland,FI,63.508109,30.01536,1
37378834d7c345dd97578155494b497d.jpg,Finland,FI,65.679861,29.114293,2
e7ba1ed9139540f0996b3551af4847fd.jpg,Finland,FI,67.614892,25.404624,3
a6984d8416ae4d22badf25993319c32a.jpg,Finland,FI,61.389104,23.325375,4
e140fde5b846471d8d8ed542d13ddace.jpg,Finland,FI,65.004635,28.822809,0
569ef49958d2440697b32b7c9848018c.jpg,Finland,FI,61.837052,29.733762,1
b7bcb25395bc4723913d19c5007b3086.jpg,Finland,FI,65.052967,25.600959,2
6781979427274818b5bef99a5b635e03.jpg,Finland,FI,60.584207,24.251295,3
a9fbecfae4c642cb8ff2e0670a3cd4f5.jpg,Finland,FI,66.657346,25.485262,4
b0088b5f19b240e79a01c932fd8872d0.jpg,Finland,FI,62.293657,26.476005,0
4364ea014ad94f9f9cd404aece05bea1.jpg,Finland,FI,64.565848,29.636543,1
9fca12b4f3864491a1bb73bab68b149d.jpg,Finland,FI,63.487282,28.303028,2
8cd851e919c24b3ea4c8f5bac52c65a9.jpg,Finland,FI,62.972748,25.819001,3
dda0f80e4f98445c8db6a50514ac34ac.jpg,Finland,FI,60.557689,27.690791,4
6e294f941b49472b9af9e9d566a4e263.jpg,Finland,FI,62.900644,30.212119,0
d1843b7afdfa48c5b69dc60d7e4e0ee3.jpg,Finland,FI,61.505708,22.966829,1
e1a21097b88c465e8ff237bb7c2fa631.jpg,Finland,FI,64.370729,24.026343,2
18cbfc8a99104a39b665d14e240b421c.jpg,Finland,FI,68.322471,23.02829,3
29fa19e4dc73459daed901b2ab45fa1e.jpg,Finland,FI,67.460373,26.949271,4
6b54708d9cf64960a4b4f3700240a012.jpg,Finland,FI,66.106675,24.810967,0
f5bf5931375744508a9c48ba03662319.jpg,Finland,FI,63.114169,22.943532,1
117535e9acf64fa79a13e88020e2d98d.jpg,Finland,FI,60.591237,26.451144,2
9af8206ea9ef4cda9f630189eb190310.jpg,Finland,FI,65.677299,29.109101,3
af2abc8c70ac4a03beeaf93dd23f3dc5.jpg,Finland,FI,66.680404,28.924532,4
79d89d2b4ce74b89bdb49ed595d4d6d2.jpg,Finland,FI,62.10994,28.585284,0
a0ef86ff4bd3441794757fb54c7b8c0e.jpg,Finland,FI,61.381113,28.56632,1
b3e4802c9d4347d1960a955c5035199c.jpg,Finland,FI,66.383732,25.871219,2
1c436ca621c54ffe83c0183a38b1f8aa.jpg,Finland,FI,61.314102,28.496846,3
eb4ebe4195fc40b6bf384d517313d587.jpg,Finland,FI,61.275066,28.648925,4
b536feff6a454562a045219f78407b15.jpg,Finland,FI,64.870536,27.679736,0
1cf698c6beca470a85eca63388cd928c.jpg,Finland,FI,67.983386,25.164929,1
611eedb71a3442fea1232768114ec2f0.jpg,Finland,FI,66.876698,25.463651,2
9cf0cbf2f2704b98a102fcac0d7532dd.jpg,Finland,FI,60.319549,24.527475,3
072dd6d632bd4ef3a2f1969e0cb0e62b.jpg,Finland,FI,63.610009,29.190994,4
1cf6521376c944bb8a70b99f463b0f12.jpg,Finland,FI,67.629286,24.270961,0
b4b6a7f42c8045739b5e6b1d41076f86.jpg,Finland,FI,60.263201,24.17803,1
93df3925f2204735a60b41faf932d963.jpg,Finland,FI,63.499101,22.632764,2
4b5bcc07649e4185816ad87ea152cb3b.jpg,Finland,FI,66.115534,28.441219,3
09dcc5208c664cc7bebc6d421b39e389.jpg,Finland,FI,62.91159,28.765358,4
8c6e28fe6552479998c1cec14a52f802.jpg,Finland,FI,63.676005,26.500564,0
52ca0bb57f724b74a6beec600172938b.jpg,Finland,FI,64.138889,28.008733,1
8136c972473646539e6850e21f6809a7.jpg,Finland,FI,65.724833,25.203418,2
919958095b284427a53ff93933d7a3e0.jpg,Finland,FI,61.564863,22.566757,3
7239631cf7974c83946d0516364ba132.jpg,Finland,FI,68.788203,26.551226,4
5f3f25114f084be58bc7f47bd2cb1d6e.jpg,Finland,FI,62.906381,21.452183,0
8db39ed2c2204422aba27e4c71698f8b.jpg,Finland,FI,64.426447,27.622723,1
87132932acff4c4c892f429699728185.jpg,Finland,FI,67.546986,27.918034,2
d4c42c72d27a40e4b619ac0f5dddfcb7.jpg,Finland,FI,62.557253,23.862313,3
d22acf34ac2a4ea78709e3979819517e.jpg,Finland,FI,66.516713,29.053126,4
9b95f0dde9b84614978c7fda5de449bf.jpg,Finland,FI,63.637319,29.198484,0
4fd94e7f0f8e4872a75a313a217f62c6.jpg,Finland,FI,66.933512,25.377703,1
4a15ed02d26348f29493b3602325b8eb.jpg,Finland,FI,67.875963,24.860886,2
a777e7de45464338b42dbb2be945c0ca.jpg,Finland,FI,68.018824,26.945526,3
bc005d841a2f472288f41ee0712f1542.jpg,Finland,FI,60.872786,26.289743,4
2ed7d3c714da461c93c4340601255fdc.jpg,Finland,FI,67.538957,27.921249,0
05ba57cfd2624c32b205ca8744f24792.jpg,Finland,FI,65.435701,26.853744,1
3310920417de4cffa989495e8a26777b.jpg,Finland,FI,62.745181,28.729103,2
b30816ede53f40eb83aa69d88e1396eb.jpg,Finland,FI,64.887844,27.630516,3
718dde12c1f6480baf43353d632f67f7.jpg,Finland,FI,61.647707,28.224475,4
dfc4fd9e5a344e1c8561b499225b877e.jpg,Finland,FI,68.826955,26.675306,0
91743b3655134d22a1d591dbcfc000ca.jpg,Finland,FI,67.198057,26.67986,1
bc4a30fbd5bd4d7fa01ce5bdfd607d5d.jpg,Finland,FI,68.678581,23.325838,2
f398218b91ef42ff97cd009c161f9c39.jpg,Finland,FI,63.141583,29.535689,3
ab815c1fe5bd4aa087122258c4560cdb.jpg,Finland,FI,68.50969,27.513921,4
2fb873a7096243b3a8ebe89ae11bc447.jpg,Finland,FI,64.778826,28.301374,0
ff6b33adb8ac4bde9ec7dd3e56951971.jpg,Finland,FI,63.175531,25.73665,1
acf314047d19443ab967f6f31e966ee4.jpg,Finland,FI,65.911587,24.10144,2
281f44e3f5424afe87ae1a5e0976855a.jpg,Finland,FI,62.929162,23.038082,3
346dc99b7a9247ffb988617b72ceb2d2.jpg,Finland,FI,62.539117,22.041555,4
5d6bc5b61a414677b501d7f66d4a1013.jpg,Finland,FI,61.693866,29.687774,0
958fb16d0ada49d9b12b02a6436060cd.jpg,Finland,FI,64.420799,29.67788,1
eeccd2d711d14fca809484258615c197.jpg,Finland,FI,68.433194,23.499973,2
59030ed948af462495304cb9f1fb0cd6.jpg,Finland,FI,62.930238,28.068443,3
7a772b4e605c4180aebfadc4adf28180.jpg,Finland,FI,62.269224,22.606891,4
e59cb70963c04a1c988204248ba50a88.jpg,Finland,FI,61.468915,25.147718,0
e248dd6ed62547e29d559b19713ebeb1.jpg,Finland,FI,61.747037,24.348989,1
e8c7ba4ae7024369a208ea3d97d88f91.jpg,Finland,FI,65.050758,25.594182,2
5081b9ac7d7d40fd934d5b84fe97ab54.jpg,Finland,FI,68.432631,23.501496,3
57efd500f9fe4fce8b10fcda1d678911.jpg,Finland,FI,66.57139,28.423003,4
5e8200ceb0b94ecb83210adeefa64db1.jpg,Finland,FI,63.071916,29.852636,0
c078fbbe8d2143f49bde3db9a77a6e67.jpg,Finland,FI,68.710698,26.370941,1
2a86a2f869cb4afb91b55d05974b21fe.jpg,Finland,FI,62.807034,22.926899,2
a2966d565cc84355823fb5215cc97407.jpg,Finland,FI,64.283483,28.015435,3
6282439863424aa7a6592c53d406cf3c.jpg,Finland,FI,63.107755,23.011817,4
a96e5bd0a4794be2ac1643da1c42392f.jpg,Finland,FI,64.013968,29.486737,0
1fef5d0d3ec44e80aa51aaa6ec7b0a47.jpg,Finland,FI,68.360777,27.41541,1
84f731e43397487f859e3bacab936eee.jpg,Finland,FI,61.115098,23.199209,2
d99872b0333a4e6c841d175777ce2437.jpg,Finland,FI,60.977913,23.214361,3
ca36dd62e50b4b2ebcd627368216df20.jpg,Finland,FI,66.093516,28.617493,4
fc0328af3c534f599c721073c1fce5e9.jpg,Finland,FI,64.062716,29.462577,0
4e94c45601084d46aeb3d18109ddf1ef.jpg,Finland,FI,61.349159,21.647828,1
0375aab048564dd8bfed5cab97c0778d.jpg,Finland,FI,64.25866,29.170698,2
69869e78eeb94c959a6c97b45e2a98ed.jpg,Finland,FI,60.512926,23.312515,3
72d90b17cbd94980abdb2ebf80f98ec1.jpg,Finland,FI,61.673612,27.049963,4
6e8ef7def46c4d7fa4e76358e44778ef.jpg,Finland,FI,63.815708,29.193987,0
866333ccb0534e60b6ae68f1357face0.jpg,Finland,FI,63.20799,30.949348,1
51a440c14582456ab90370f153c2523b.jpg,Finland,FI,66.594912,26.058996,2
2e9dadae91a34996b706c52fc0c1292b.jpg,Finland,FI,61.451603,28.429783,3
5bba2001bc2a4f4aad8215e4954c7600.jpg,Finland,FI,60.488891,25.104142,4
a418fca7577244f39f5cbf7d5923788f.jpg,Finland,FI,60.689596,24.168208,0
39d0c0453ee9452a96f2a225e36622ad.jpg,Finland,FI,61.670778,25.029125,1
63ac856731d147c0a07def0072f4bc50.jpg,Finland,FI,61.241717,27.078652,2
3854f2eec1f049c8964c42f303e46e1e.jpg,Finland,FI,64.607355,25.65302,3
0f8f617d0b67446597d7256424f37868.jpg,Finland,FI,66.599493,25.964024,4
d2e51041280b41f8b2136db29f8f7612.jpg,Finland,FI,63.201793,22.814086,0
8980299c52e745d690caa071b8fc3f55.jpg,Finland,FI,64.181248,28.88178,1
1135a575e63a4062a12b0638f21f6c2d.jpg,Finland,FI,68.352694,27.392649,2
f89410da78684bbfb132faa1d61a7a77.jpg,Finland,FI,61.691275,29.674254,3
27611122791b4b8bbce76459ee845b8d.jpg,Finland,FI,65.933526,24.624904,4
f2abe5a8daa246c399fe87ff62c3e671.jpg,Finland,FI,62.629163,25.686006,0
6279348b4f3646aaa2a920db7c8aa1ec.jpg,Finland,FI,67.554351,27.900815,1
2cb3a78f35ef423b955c390ab31e914e.jpg,Finland,FI,62.314962,22.883705,2
a635d1be8fff46218301b301d5541284.jpg,Finland,FI,64.444237,29.413344,3
4224de4f082e494a9774871b005b5011.jpg,Finland,FI,64.407709,25.827226,4
5431ba3da64240b8b7061c25c0df9ad2.jpg,Finland,FI,61.865383,29.741291,0
81370e484d97465eb13b4e86de163b44.jpg,Finland,FI,65.157292,27.662605,1
253f6c1c33fe4912aeaca0bb5674161a.jpg,Finland,FI,64.337273,23.959168,2
6ec2129b3bd2461a9369c4e1c1873f5c.jpg,Finland,FI,65.75071,29.193629,3
56a924ceb92d43d08193711b45e91bdb.jpg,Finland,FI,65.393088,27.180634,4
c1ce4e9a080d48ed8317b08151e5cf3b.jpg,Finland,FI,67.326915,24.907221,0
c5fb9bc0b1e74c2f9ad6d21ffb24bbcd.jpg,Finland,FI,62.904603,21.207949,1
c63747dd8b534806b1560e1749a78548.jpg,Finland,FI,64.422415,27.674665,2
5bc7c96b51504b0590f97b10341627e8.jpg,Finland,FI,62.464361,22.067496,3
fa74e16baa13466f963f568131afe72a.jpg,Finland,FI,66.51086,25.908271,4
ca92d015467046afaf7c03e006521d95.jpg,Finland,FI,61.928424,29.823781,0
23de39a4877d4dc4ba191a8ac9028367.jpg,Finland,FI,64.519036,25.662061,1
2e173c6c06554bf1b04ee72469be9c13.jpg,Finland,FI,68.357795,27.400849,2
bf11dd431c624724b90801316df0fcc0.jpg,Finland,FI,62.599463,29.239587,3
74a5c9024d964173a580e2c81c58bd7c.jpg,Finland,FI,67.276266,28.23593,4
e01be665c8fa4523973dadb76742181e.jpg,Finland,FI,60.239856,24.046441,0
ae06448e2401459792af9f59ae4bb2df.jpg,Finland,FI,65.392206,27.197451,1
8357dfa5cfdb4ac5b1949f8a32c61abe.jpg,Finland,FI,64.410855,25.8208,2
5c85d158377f4a75b420a58442c505f1.jpg,Finland,FI,60.804616,23.191844,3
db04a1df73254dc7869fd15f5e9c573e.jpg,Finland,FI,63.108517,31.121627,4
83fd9bf617e847d8900e14a73a7057a2.jpg,Norway,NO,69.255771,15.957097,0
9e9d703fb5b043669a5d5a9f6c0659a5.jpg,Norway,NO,59.686383,5.186006,1
33af968b86de4ac98b3746acf64c4722.jpg,Norway,NO,64.721576,14.039206,2
c3113bc27c204b61ad188f9a99f79cd5.jpg,Norway,NO,69.443947,19.236886,3
e652adffc35743619f5f215bb1b0ec3f.jpg,Norway,NO,69.629725,18.968395,4
ea1a755afc9c4ae49b887925c8f3c797.jpg,Norway,NO,59.81384,7.214647,0
c8853efe39d94386a006c8273d3e2258.jpg,Norway,NO,70.673592,23.651493,1
3317738ae20a4dada700a238245ee291.jpg,Norway,NO,60.167333,9.699319,2
d28b648a87dd4d4ab29eaf4d67e49529.jpg,Norway,NO,59.110323,6.352322,3
8f93d959fba645c2a9defc8de600aecf.jpg,Norway,NO,66.748909,15.735507,4
4472b3143bed40a2a1eefff884ae8fee.jpg,Norway,NO,58.416207,6.021846,0
c4cefec38f8f4fefa5162bbbb9d087be.jpg,Norway,NO,60.099917,11.435486,1
78324d3d48a0454ba3bf7a6d559c610b.jpg,Norway,NO,60.50297,7.966255,2
a5d5d49effd846ce91073680da6ef3a0.jpg,Norway,NO,64.487949,12.347914,3
cb6bec47c62b4ec7a339146bfdea15e2.jpg,Norway,NO,69.206448,23.687687,4
afe9a62078b34b02a3214d8dff3ce366.jpg,Norway,NO,66.346094,13.480634,0
6d4b1b9dc2b546208129d72e476d558e.jpg,Norway,NO,68.908077,17.759884,1
304d701c498b4117ba51a93f5d388f1e.jpg,Norway,NO,59.981387,6.566081,2
7a09fe0833864ec09a50ce98c14006fb.jpg,Norway,NO,63.331146,9.916129,3
a4881cc1011d472885cf928337d05c44.jpg,Norway,NO,69.454939,17.347546,4
447ba47892b142a8844e8eb09cb8447e.jpg,Norway,NO,63.991095,10.17947,0
a2e52d73cf094f139534185bb9c86d6a.jpg,Norway,NO,68.383406,14.590031,1
a52c83367eb44541886efe6413b17a96.jpg,Norway,NO,69.305305,16.094715,2
7fe3d4b23b5b407aac44ff48ab1c7e7c.jpg,Norway,NO,67.322036,14.619379,3
cd5904f7f4c043c4b6b2aa715cfdcaf9.jpg,Norway,NO,63.078534,7.657664,4
801bf3afc490402bbd2dcd4a5fa1e9cc.jpg,Norway,NO,69.693535,29.371015,0
24252fc9ef924fa0b4742ffbd4f9dc33.jpg,Norway,NO,62.134172,12.966584,1
3af9c580bade442ca099d2d16268119c.jpg,Norway,NO,60.083692,9.844815,2
9ddc4cf5059c4ef5992e58e0a82cd55c.jpg,Norway,NO,67.074285,15.380477,3
5145f61964244a278251426c879b68b0.jpg,Norway,NO,68.128985,13.385203,4
a780e4a6b82f45b5a55cac97846eadd0.jpg,Norway,NO,66.659162,16.158711,0
5f691ca41b8b4cf4862fcd4b449059ee.jpg,Norway,NO,58.720579,5.6254,1
1b82e3162a5f4edea246087d316d46e1.jpg,Norway,NO,61.166661,7.444682,2
9ee5a3ffcb1446c9b2bd183189beeca7.jpg,Norway,NO,63.230691,9.432156,3
b084fcb9af6449e89a495ec279b7ab3d.jpg,Norway,NO,58.905317,5.72673,4
839988ee46954e358859690468b23b27.jpg,Norway,NO,59.600829,11.189035,0
6a9804aa52c7489787d016cac12893d5.jpg,Norway,NO,69.637215,18.409121,1
ad0a3662b7194a108d8dc976d409b358.jpg,Norway,NO,59.993887,6.566066,2
9bdc6b833a6d4f01842feef02c851253.jpg,Norway,NO,58.612524,5.686175,3
d056854e6e9a418591a487fe08118d2a.jpg,Norway,NO,58.33415,6.248148,4
97e0eb1ab62541d6aec1141b0cd77723.jpg,Norway,NO,62.54223,6.125243,0
c61d2aaa97554b358b7c2617f2b08810.jpg,Norway,NO,69.221403,15.923508,1
10275b4a626b4b0c8d8e23510d837651.jpg,Norway,NO,70.087116,20.045707,2
607e195539b94a75ae6edfb2d22ec4e3.jpg,Norway,NO,58.160948,7.950473,3
a015f3210e5b4f05a190ee2ddfd1102e.jpg,Norway,NO,63.23496,9.775107,4
8180cc89aa1c43a9959f354ffb18c993.jpg,Norway,NO,62.471293,6.12387,0
bbeafd41e87e4852aeebb38e77ad9675.jpg,Norway,NO,69.27776,15.975718,1
05a3a68959364bbf85541fd82bce2dbe.jpg,Norway,NO,63.194034,8.879119,2
fa4b3852c8a940e8a540a469bb2da104.jpg,Norway,NO,62.341655,5.868443,3
ab42dc351e8c4040a2c8f706148a9d6c.jpg,Norway,NO,68.908495,17.758752,4
d9f429c9662b458ba5994675ef310159.jpg,Norway,NO,70.976558,25.793858,0
7a8351074dd14a3cb857b884aa61b4fb.jpg,Norway,NO,59.849903,5.351223,1
b4c023aef0524af2a80438d1401bc110.jpg,Norway,NO,59.973889,6.572586,2
aa2a76760d1e4b1dadf197bcec69300f.jpg,Norway,NO,58.223122,6.815027,3
09ff25b9255a40f3ada0ee0bd20285b9.jpg,Norway,NO,69.603067,18.302801,4
d0f34a91f51541fba71250320eae65cd.jpg,Norway,NO,61.982009,12.979908,0
36f80dffffdc47849462b3ebe5e413a9.jpg,Norway,NO,69.103803,18.206969,1
42ea7726ae2a4e98a055115622c9cd31.jpg,Norway,NO,58.448562,6.005886,2
47a42e8c6edf477bb016c225b07aee15.jpg,Norway,NO,60.258014,6.229936,3
16e7045e8fbd473ca49d21c75c1f231d.jpg,Norway,NO,58.163771,7.949776,4
8f69e95b3e4245018353908fa395e8b6.jpg,Norway,NO,68.192065,16.020364,0
5c1d57624a034ff296cb279e09cb659f.jpg,Norway,NO,69.631311,18.027557,1
f5ffed05a730491f84a825911db10aba.jpg,Norway,NO,68.694606,17.994821,2
c86af391c8224572bdc1e7b09faea18f.jpg,Norway,NO,59.74147,6.66121,3
ee52b89f74d94144ae744a5f051ef75e.jpg,Norway,NO,69.722349,29.838002,4
7555659ee07d43e6883516f723888903.jpg,Norway,NO,60.253391,12.052348,0
19957d4695994d58993fd4f9c3a46b9c.jpg,Norway,NO,60.155133,5.434058,1
41e95c6a6c464c6991ef6df514ff6dd3.jpg,Norway,NO,61.960859,13.008505,2
650558955ea24207bad79712ab77a57a.jpg,Norway,NO,68.440496,16.006595,3
4f18445c57494ad286b57b701b79ee07.jpg,Norway,NO,69.30772,23.879711,4
7e1bed0e5dc04ac6b8889f51c929c4c0.jpg,Norway,NO,60.523134,5.302453,0
b00232123c0040c1885ddde730095f8f.jpg,Norway,NO,60.388665,9.561476,1
e847f342708e483fab805a02b4bba923.jpg,Norway,NO,58.427187,6.014318,2
521f4317755b4b1e8d58847e9911a214.jpg,Norway,NO,60.433986,5.28481,3
cfd7606d53944cb2b1aa63cf92ae5b9c.jpg,Norway,NO,62.997499,7.935194,4
5a5947b5db0644428811ac6251e18c71.jpg,Norway,NO,59.914491,5.295024,0
4e695c00dbd046f68f632659e6be94ec.jpg,Norway,NO,63.094208,9.28287,1
ee470dd3fcd44fdea92de7192c6ec591.jpg,Norway,NO,68.548556,17.216017,2
e1efd3e739b54c8db5642203075b56a0.jpg,Norway,NO,68.472734,15.883281,3
b143a34308b948bf80e0247b17693214.jpg,Norway,NO,60.598869,8.481029,4
bb9571c6312648f6b124546f34042369.jpg,Norway,NO,66.690785,15.429968,0
e1bff04d9fad46ffbca2c39859c4dd20.jpg,Norway,NO,62.368762,6.008613,1
f64b67f3e502411e97d4bed1b1c35690.jpg,Norway,NO,68.33597,16.741079,2
40d5838f0f2e443dbeb69dc5a358fd42.jpg,Norway,NO,69.429075,19.270192,3
08952adbb6844320bd4fac03208d3b63.jpg,Norway,NO,68.247469,17.412896,4
cbad05dfb9b74b168e8753fe561eb86d.jpg,Norway,NO,67.321139,14.622719,0
247270b8b7d442c5a24591f94ab78bbc.jpg,Norway,NO,62.094764,11.650509,1
68b486ad28cd4272a38abdf054cdc7e8.jpg,Norway,NO,61.082631,9.125606,2
e686741258e145ea9425b694b4fa6ba2.jpg,Norway,NO,60.624607,8.077111,3
bc9da5747f2e46978f88943a5753196c.jpg,Norway,NO,68.439336,22.614378,4
b9c15299a8e440469836303fa43489f8.jpg,Norway,NO,60.517393,5.212953,0
a651efd8ede14851b88726af7b2968a6.jpg,Norway,NO,69.151995,19.050857,1
459fb2b64d98456cbc126f3b6f1d6446.jpg,Norway,NO,68.129061,13.395933,2
68bbd5173e9047e9b98eda622587e86a.jpg,Norway,NO,70.189232,23.992196,3
613377baec2343639fd21a4d130af806.jpg,Norway,NO,71.102416,25.740126,4
f9dd17d2725d49828d7288bd2b105382.jpg,Norway,NO,64.032948,10.082914,0
9bb9da94ec41402da547ebfea964cff5.jpg,Norway,NO,67.298351,14.777607,1
982e176371044fc2bc888358e54d27d1.jpg,Norway,NO,60.092855,10.951193,2
44995ff6e3ae4e57bb371b6817600d1a.jpg,Norway,NO,69.695964,29.377276,3
dcb436f6f23d467f8737d5465844bc2e.jpg,Norway,NO,58.449026,6.005917,4
a64653e43e084fc8a52488564111958b.jpg,Norway,NO,70.627782,25.360843,0
5eef8acc6273406d9f1f7eebd5b22230.jpg,Norway,NO,69.633589,17.995253,1
bcfdfe405fe74869b686d85b2cccc41e.jpg,Norway,NO,68.470124,15.177412,2
4f5470d45f914811aa2f3731278fcb16.jpg,Norway,NO,60.947073,9.350303,3
a64395467d65475d8c3c38013794f844.jpg,Norway,NO,70.976823,25.781795,4
2df072207f5d4756b55948bbe442e4f3.jpg,Norway,NO,71.116361,25.700246,0
4d3cc25cafce4f80b3ecd020b4f65a11.jpg,Norway,NO,69.230347,17.976171,1
b2d4f930189f462aba1760fb662b46b1.jpg,Norway,NO,69.084995,17.550297,2
670a825cfa044a50acd1d51cfbb6fb8b.jpg,Norway,NO,69.650534,18.519711,3
64682079e6ae46aabf994b0f58264484.jpg,Norway,NO,60.172467,9.675134,4
8de657bd0f9a47d7ab58be87a5c842d9.jpg,Norway,NO,68.471802,15.18284,0
cb65e8a359b64f689bd6c8b50de0f9a6.jpg,Norway,NO,69.926533,23.262431,1
9058da307ba545d18d698e7d585b00a4.jpg,Norway,NO,61.858666,6.525563,2
25ab8396ef7f41b784c54f48e25ce100.jpg,Norway,NO,67.162673,15.48651,3
46b2e1de02ad4449895020701dfce516.jpg,Norway,NO,68.842188,18.268426,4
3be034518749417c8d3589a01114ee81.jpg,Norway,NO,62.34094,5.870138,0
c7ed73e57d624410b31906a8c34e0273.jpg,Norway,NO,69.206673,23.692123,1
9a8c929833914244aa88835270af845b.jpg,Norway,NO,59.334749,5.43913,2
1851ad0c53fb488cb7c7d00b04acac9e.jpg,Norway,NO,66.658311,16.162488,3
2a7a87f11be34a6badd1c12debb5db7a.jpg,Norway,NO,61.429089,8.805149,4
ba9ea63c8d8a4c199d3a4dd84af4ef8b.jpg,Norway,NO,68.401461,17.474448,0
4406879e83ed457582fb5764cc8de5fc.jpg,Norway,NO,58.345181,6.318823,1
b8cf29109d67483e9abd006a7ef9cf0a.jpg,Norway,NO,58.622266,8.896024,2
8f6f4acd6bd04aad9d5f878c3dca7e32.jpg,Norway,NO,61.65758,8.163929,3
66d94dbecbf04cf08551cd6be02d530e.jpg,Norway,NO,59.895929,6.479414,4
398dab1f7f93447aa956478f9cd016fe.jpg,Norway,NO,66.343592,13.471508,0
7b4b6601a3b84b4383283f3c9c6a3dcd.jpg,Norway,NO,58.907531,9.298824,1
f755b22c125345a3904effc2e12a4b45.jpg,Norway,NO,65.082534,14.630677,2
8ab9d1bcf40b4504a70d022faa111d5a.jpg,Norway,NO,61.848349,6.147823,3
a184e96d34e142bd9f5de99471b60c37.jpg,Norway,NO,60.565676,5.358534,4
15e21b9c70c44e48a2146354f1609f60.jpg,Norway,NO,59.982818,6.565605,0
51511edd786648eab9956842c2a7fbdf.jpg,Norway,NO,69.625239,18.973685,1
c433dd362db148309588ce6cc5a1f82c.jpg,Norway,NO,62.234511,7.150276,2
05d4ab81971342fc94f553e1a3af8b1a.jpg,Norway,NO,63.60195,8.975483,3
2e9fe5c715e944dc8ec9f356de35a396.jpg,Norway,NO,59.685614,6.508011,4
ee31962dc8854a95aa55edda497f223c.jpg,Norway,NO,67.158153,15.470315,0
1ffb66a72f7e4f1aac7ae06f1405f511.jpg,Norway,NO,69.418495,24.717433,1
424c8fbbc91643f2a875750a7e39224e.jpg,Norway,NO,64.046687,10.041601,2
ec69ae8b102e4399935ce8fc0521ccd3.jpg,Norway,NO,59.403162,5.334694,3
7f2f5ea4250d49738f10dc946edd7dcf.jpg,Norway,NO,66.315559,13.292764,4
943276fe209b4806875b040a8fa401af.jpg,Norway,NO,68.399291,16.809055,0
b82b61dbf9a94241bad0bd3e640ac4c3.jpg,Norway,NO,62.4708,6.185923,1
bad3b042b2b747eb979b427439af56a6.jpg,Norway,NO,69.442513,19.237662,2
b058e016a15d43afb817287e3cd46a63.jpg,Norway,NO,69.457138,19.235632,3
041d2441f5374cfa8838b04acbc3d85e.jpg,Norway,NO,69.219544,19.314335,4
2b5c2b102d0a43e482e1f4cc15a1a08c.jpg,Norway,NO,68.337369,16.349202,0
81f31b5e210643f29c6ab891556f0b91.jpg,Norway,NO,58.880989,6.610231,1
1a9c477be12a4d11b979aad489089499.jpg,Norway,NO,60.082473,9.846815,2
281ba86750bc45249654701c8aeefc50.jpg,Norway,NO,64.926022,14.208947,3
821c4db0e35d4d379583653128c7e316.jpg,Norway,NO,61.846566,8.598131,4
e1f239ec16224f43871bf7b485507b69.jpg,Norway,NO,67.653363,12.596821,0
aef8280f2d9c4bbd848a02b7c7a89e27.jpg,Norway,NO,69.695842,29.377341,1
def9b53d62214aac9e368f84f31acae4.jpg,Norway,NO,59.21619,5.454634,2
f163cae856c4491fbad63b02d8f15e04.jpg,Norway,NO,67.102547,15.469368,3
1051b9bbaeb849af9e49402c948932dd.jpg,Norway,NO,58.683881,8.996984,4
aec27abc623e4d95806f3036b68c3752.jpg,Norway,NO,67.251469,15.429435,0
e4f47e20f37b4d059ee78be2408143fd.jpg,Norway,NO,62.507846,6.106246,1
ea2f92d0a50041dcbd71ca6510f7786d.jpg,Norway,NO,69.20478,23.716327,2
07b3b86da26c436bab8e1db2e13b36d8.jpg,Norway,NO,58.324484,6.282986,3
4d3dc4ed08d54d97b229b9c315070e63.jpg,Norway,NO,62.972573,7.306313,4
d2aed15c1f244b20ac618d478eb499e9.jpg,Norway,NO,62.08673,9.17387,0
e6e1bf51be454dbabf9316368e0fca22.jpg,Norway,NO,69.308741,23.880471,1
4c7654ac423f4620a40f1a0eef7a484e.jpg,Norway,NO,64.609139,12.589056,2
54c8b08768df4bf484c2eb8a18bdaeee.jpg,Norway,NO,60.620862,8.203643,3
852cd3d35aca44f1be70dfbe75f8f740.jpg,Norway,NO,61.861721,6.095785,4
756302dd6cda418c8d4cd2ddc94bef77.jpg,Norway,NO,61.857906,6.203139,0
9ea0dd1778604a0892430080a15eef5b.jpg,Norway,NO,69.428441,25.078536,1
ea88db15c5054389becd468f5a8cd3a1.jpg,Norway,NO,62.721692,11.339061,2
0552d1ad3eab4975be13402ceba4cf84.jpg,Norway,NO,69.074718,17.547244,3
8a28c6fa991b4ecc951c0fe2ec9fbcc2.jpg,Norway,NO,68.375271,14.460021,4
b53436edd5e54d06b1cbdd5d30142e78.jpg,Norway,NO,58.424621,6.017502,0
bd708d2bb14d4d6489114c97b256010e.jpg,Norway,NO,60.81791,5.820652,1
a38188b4377c4a17bec822e5f51b280c.jpg,Norway,NO,69.795503,25.176992,2
48ba6796f3304a58afb1149c5057d518.jpg,Norway,NO,60.609784,5.442075,3
90aa79a1a9314244834948c0259300b9.jpg,Norway,NO,63.012362,8.525577,4
dd9f900d99954ea1836400e0ea53bdd8.jpg,Norway,NO,63.023488,8.596998,0
40bd5e18347c4303b1a44ace389427a2.jpg,Norway,NO,60.902419,6.861809,1
833d2c2b6fe847d7a467978c482b35a1.jpg,Norway,NO,69.44072,19.239649,2
81074b6af15a4b82b24bbaf2d8514a89.jpg,Norway,NO,59.393949,10.735482,3
c107b76f3d5b4258afe5159974c6c67f.jpg,Norway,NO,70.062612,28.949834,4
4bf0daf20520463baa16b8bd0925ea73.jpg,Norway,NO,68.354185,18.808385,0
6dc28fd407674f7cbb5055988f20462b.jpg,Norway,NO,65.189994,13.372584,1
92b52324d166407faa8948bd3c6f1bf5.jpg,Norway,NO,63.579815,10.187053,2
16daddea3be04d5f879a0845bb35ff9f.jpg,Norway,NO,58.492973,5.90957,3
8927d92b64e6438b8bb58faecd2459ac.jpg,Norway,NO,68.522875,17.154944,4
f1916fc655494aeeba9f808623edac19.jpg,Norway,NO,68.335733,22.928728,0
1380217e8c904e76b9b690641716b869.jpg,Norway,NO,64.026499,10.077253,1
34208c8135ba46e6acc1a811311b03c8.jpg,Norway,NO,60.264766,9.686488,2
d6c0588e4fc44a67923235ecc9dd0b22.jpg,Norway,NO,59.553484,5.276927,3
54278207a86549b5a9fd41459ab61317.jpg,Norway,NO,61.865314,6.273277,4
2f9a594736f4471cac05ce7e5a42ae16.jpg,Norway,NO,69.693444,29.370987,0
3379f2e883fc4feeb96054e14d28ba9d.jpg,Norway,NO,70.075534,19.994428,1
57a443b1cd71461d81f27693afa31dc9.jpg,Norway,NO,58.866888,5.622738,2
1b6d941f27374694b5c70a5e9b147eb1.jpg,Norway,NO,62.016135,7.359863,3
e06d07d864dc4d979dbd30b18766c918.jpg,Norway,NO,60.042989,9.866692,4
3a6f7991743441ae859e067897494fb6.jpg,Norway,NO,64.589067,12.562835,0
6df5a745dd424c74b5373499392ef53a.jpg,Norway,NO,69.298049,15.993813,1
c053840bb8e14e72a673f361df506ef5.jpg,Norway,NO,70.296526,24.174526,2
a1b56de7d8b64f0eadaad116183284f9.jpg,Norway,NO,69.296517,16.003784,3
13998e5bb65e484d9ddee1db0b8acca6.jpg,Norway,NO,61.299884,10.250967,4
53c37fa6039b4d5bb5f7f48ebb40c780.jpg,Norway,NO,61.539009,8.88646,0
bee4e8b9180849a1968c9f3a67d77497.jpg,Norway,NO,61.943373,13.009515,1
c4171ed0a338429f91d1abeadeea9716.jpg,Norway,NO,70.672751,23.653047,2
7387150e0564466095d43d194c1cdf5a.jpg,Norway,NO,62.462811,6.31569,3
b01505c0d7cb41e09c4d8f0e8df8cb0c.jpg,Norway,NO,67.133911,16.068319,4
c9dacc394a4b4e0bb094375abc4f2dc1.jpg,Norway,NO,62.839373,7.233919,0
c1bcc3c8594e42ea9bfa7de993c9330a.jpg,Norway,NO,63.992221,10.182607,1
413609e69ff44aa7a2cd7f1c27cb7aab.jpg,Norway,NO,69.376497,24.057266,2
2d42c7d7db514164b153a04c635c26a2.jpg,Norway,NO,59.675637,9.635643,3
09aa4257218444c893f6470d865fe3ac.jpg,Norway,NO,69.621868,23.463642,4
02e0c2065d3449feacb4b0b81eb6e89e.jpg,Norway,NO,58.999442,6.087284,0
189f5f617f4a487cb2f97bedb7646bd9.jpg,Norway,NO,59.547849,5.695662,1
e81eb704ac3441e780f1f222c1a17fbf.jpg,Norway,NO,70.045651,18.888101,2
35bd8a669e244c4796b22d2e467c5363.jpg,Norway,NO,66.314795,14.043827,3
4a1fbf593551403487a03e909e4ead76.jpg,Norway,NO,68.467435,22.423452,4
5b6bfad21f2f4b0ba6745b6531ed375c.jpg,Norway,NO,60.220276,6.43698,0
b48ff83b062a4d78ad85a89616463aa2.jpg,Norway,NO,69.612478,18.938375,1
f81835878f034ae6943dcf63e9d8b659.jpg,Norway,NO,69.651206,18.529645,2
f5f272a187824f118717fda93c8f178f.jpg,Norway,NO,58.378269,6.119991,3
ebef8949ec084e76bde2bfcb0f2ce374.jpg,Norway,NO,59.851682,5.350003,4
cb050e1343e1457bb9550160e9092023.jpg,Norway,NO,70.163093,28.57018,0
056166095f004be3b2e8aee429f2f8e0.jpg,Norway,NO,68.622567,15.66728,1
014788dda4ab4cd0974ac28a0bd448a5.jpg,Norway,NO,66.469251,14.856078,2
69fe764d473f4cb19324c51cc9905a9a.jpg,Norway,NO,61.580103,10.062454,3
1a4d13f7414b46cbbda273e54f30f86a.jpg,Norway,NO,69.257743,17.95031,4
69fd961873844b4897c4cffdcb63cd81.jpg,Norway,NO,60.169705,9.687661,0
6504cd4995964f9ca6dc289b7c7073ab.jpg,Norway,NO,61.936309,13.012515,1
e38fd7e01585407cb24598f7b26a1b79.jpg,Norway,NO,68.501656,16.889378,2
b746ddbe95ab405ea55586ad24667b2d.jpg,Norway,NO,68.421026,18.683145,3
01f43d18fb644adebebfc2358b031672.jpg,Norway,NO,62.957201,11.011846,4
70938211f5a240ce9ba5a2435a677c6b.jpg,Norway,NO,58.245868,7.952879,0
5713b3d707d6442daceaaeeb0042c767.jpg,Norway,NO,64.028629,10.080843,1
f629a323b3814f1c9caba50128a3277b.jpg,Norway,NO,66.317393,13.300788,2
889005e4f1e64981bade808a77c19584.jpg,Norway,NO,64.580892,12.555382,3
e2eb61ad72b8410a83967d3ebb591ad5.jpg,Norway,NO,67.362566,14.575567,4
0552a2f3597b41e4acb8c7dc460ce711.jpg,Norway,NO,64.702727,14.059561,0
10009cad8dd444c8869dd3d40db57be1.jpg,Norway,NO,64.080088,11.514431,1
96209a06e34e49b985ae30b8d6f62c0d.jpg,Norway,NO,69.378863,24.061204,2
757dd02605eb4daab6eeddc5e13a2ad0.jpg,Norway,NO,68.779671,17.797106,3
03e2bda4d68f46a0bd56093ba2cea011.jpg,Norway,NO,62.239873,11.768325,4
a6550ca9887b482b9d73ffba72fb9183.jpg,Norway,NO,69.081363,17.978113,0
7cd2092148c94dcf8ed71acf868f5584.jpg,Norway,NO,69.217684,23.770756,1
26d3599ccb624f17b6f6068c46f6629a.jpg,Norway,NO,60.56509,5.350247,2
3bce02f5fd964b7c83390713504eadea.jpg,Norway,NO,59.608639,7.41652,3
cdb8b0d702654d66a4fd96dc603d2928.jpg,Norway,NO,58.381661,6.110735,4
bdeafc4686374642b577babe00f947e8.jpg,Norway,NO,59.148515,6.204145,0
491d694386384277a0f8b65b7405405a.jpg,Norway,NO,59.719045,7.581703,1
54f3fa1c6e59438b9eda7fbf96b679ad.jpg,Norway,NO,58.625675,5.746338,2
e20d3f2cc53c403ea26b6104641f22a3.jpg,Norway,NO,61.379742,6.761637,3
c508995d10194efc92840e538c3253c8.jpg,Norway,NO,69.698939,19.003221,4
7590e13e3b9043f4b0d901c70047b6fa.jpg,Norway,NO,61.446748,6.004196,0
f73b704e187845ecb5a1d3bc921dcce9.jpg,Norway,NO,59.71341,7.576165,1
2f56d0e2f2544484852f3cd69d539e1c.jpg,Norway,NO,68.096722,13.245256,2
76cd84532cad4aa79e42b087387a491b.jpg,Norway,NO,68.775022,17.801352,3
b9d4dfb7171441cf89e3df8ed3a6fa6e.jpg,Norway,NO,67.297864,14.786064,4
221772e0153541aca76aaebcf875a2d8.jpg,Norway,NO,59.990617,9.923499,0
7c47cb531481439da5402c875618ff38.jpg,Norway,NO,58.0523,7.657863,1
b6f22381fdb7433aaf8b7f0c0e4b1caf.jpg,Norway,NO,59.475373,6.293143,2
377a6e9c63c949488291da7633e6ec19.jpg,Norway,NO,58.69433,9.014572,3
8e1cc8261cb3458f86d709557a3486da.jpg,Norway,NO,58.991888,6.927006,4
c703357b7964466ab7e6ac0c404656ad.jpg,Norway,NO,62.543455,6.124644,0
018268d2fd8a4bafbbbe32f8a8303ced.jpg,Norway,NO,64.950148,13.183342,1
1443480c85bd49d092dfafbbc4f576f7.jpg,Norway,NO,70.659975,23.671296,2
b5f081e6734f4c6294da8c0cce322f1d.jpg,Norway,NO,69.603791,18.283336,3
1bc9a389f8f24f90a1f5844ec962b961.jpg,Norway,NO,58.899947,5.613494,4
151826bedb124e5f9b06d540f8eb8cc9.jpg,Norway,NO,60.345641,5.245126,0
f6b522a5077146febbdfae4f0c7bb4c6.jpg,Norway,NO,69.379068,24.12802,1
5d217203b5924ac1ba7adaaa7bbc297b.jpg,Norway,NO,61.911094,7.043133,2
ab758f8add344ea194f15e08214664d9.jpg,Norway,NO,68.993804,17.72014,3
a6902cae92fb4758a26ea36ec414f021.jpg,Norway,NO,68.645163,15.623384,4
8088a3a2c6c74be3abf072142f241a80.jpg,Norway,NO,70.961083,25.694829,0
3fd6a85557ff4ba3a1ba5c63311d602a.jpg,Norway,NO,64.134881,13.91503,1
8aece060f9bb421a9f4091e6e9998bf5.jpg,Norway,NO,64.562131,12.496298,2
388d7689d8d6486d88b92eaac0b92d03.jpg,Norway,NO,62.664018,8.616142,3
a5674e4004824e50a9be3d17870d4b3a.jpg,Norway,NO,66.755091,15.834581,4
a475e2d5a5144ee78ef3e792078d33ec.jpg,Norway,NO,68.634636,16.569265,0
a9e80f137cc14c57aa3f52b83b0e8b08.jpg,Norway,NO,69.37418,24.232841,1
3593f0fca9694b28ac1e2f76acc93a0b.jpg,Norway,NO,62.493369,7.673348,2
9433b2b7e21145dd8e919f6b13535c0d.jpg,Norway,NO,59.342693,10.431067,3
9bd89edd48024492b67ad81b802a7713.jpg,Norway,NO,60.607641,9.070547,4
fc0f19e55922436eb6fd1f4580944536.jpg,Norway,NO,58.683971,5.593687,0
3f9976004b2d4ebeab6789d42a63f3a1.jpg,Norway,NO,69.512747,19.252462,1
1f11b54f133c43e9be18831b0214150e.jpg,Norway,NO,69.549169,19.022912,2
77886e9ab5754f3ca33f04e8351d72b7.jpg,Norway,NO,61.95375,11.764537,3
f63c15e561e04251a79e59733fc79a31.jpg,Norway,NO,61.202114,8.977163,4
e101b6acda894b26a74a9cf61384f579.jpg,Norway,NO,69.696694,18.974472,0
47c85fcafe5e43b58e7c594c741c3818.jpg,Norway,NO,69.611702,18.938097,1
23a4f75a072e4ec287c21f6bdead6969.jpg,Norway,NO,59.631123,9.996629,2
26d950554952476b811a43c819b4157a.jpg,Norway,NO,69.202923,23.681219,3
fad4a9148fe045d2a96efbd7919156d7.jpg,Norway,NO,70.60587,23.646652,4
0c0be5e4b92146a58350ea47671587d4.jpg,Norway,NO,68.227348,17.441107,0
7d978ec6cbdf48c38c715612dfbdd78a.jpg,Norway,NO,58.428269,6.013318,1
9ef0664e02504e7f9e27e805f892df44.jpg,Norway,NO,64.094961,11.524661,2
d6a8a29e65a145ceb75e798d0f762a74.jpg,Norway,NO,69.854716,19.63698,3
9c026977c2aa4330911db8b3c89282ff.jpg,Norway,NO,68.660639,15.531064,4
75581733acd4400a967b50423aedffbd.jpg,Norway,NO,62.050426,7.25137,0
df34132c110947b390ee6fd74bd12f12.jpg,Norway,NO,59.909556,7.211085,1
da2dad6ddd5a4ff3b5f625eb42ab494e.jpg,Norway,NO,68.890096,18.367388,2
38c66e210b004efea996fd8e1f979ae0.jpg,Norway,NO,62.854364,7.137688,3
bfbbac4dd78145b9a64841597b75b6c4.jpg,Norway,NO,70.8914,25.678986,4
1d60e58ff6ce494892f19b38dd4fd7d7.jpg,Norway,NO,60.817826,5.821557,0
3e90622789ed4b128cdde6a9ee9307b0.jpg,Norway,NO,64.103934,11.54029,1
f0c19ec6b1f640679fc83d47cc4151fd.jpg,Norway,NO,62.469676,11.337035,2
34646eceaf67472ba602a2c2df969d07.jpg,Norway,NO,62.342675,5.875798,3
743149532c444f7caee56ec17268e7e4.jpg,Norway,NO,71.125607,25.716872,4
9d8c44e51e7f48949a0d07e35cdcbb0a.jpg,Norway,NO,62.667618,8.583245,0
bccea56bdf6842299c7799002f27afce.jpg,Norway,NO,67.65252,12.595429,1
63f8b2ca185d4715bf2fb7676cf72d65.jpg,Norway,NO,69.465926,25.47615,2
11d5a42a79cc41028bb5f8cbac59a5e0.jpg,Norway,NO,68.424914,22.325886,3
2e0bf467d1ce467798ba3d2f9d193ada.jpg,Norway,NO,69.604287,18.303148,4
6c179649773f4fadb3db1513cbd6ddc1.jpg,Norway,NO,58.217519,6.962505,0
8ef878b370534109b9809f1429d4cdb8.jpg,Norway,NO,65.676054,14.168402,1
fe366f89cb694c74a9a8207040eb112b.jpg,Norway,NO,58.489714,5.904369,2
4ff38e3a6fa841b5854a6361a889f195.jpg,Norway,NO,68.613993,16.516442,3
b1676addbf3048e4b4a257f1ec0f5bbb.jpg,Norway,NO,70.674659,23.650857,4
2d69db2de3e640d8b7bdf79d38ea14da.jpg,Norway,NO,68.563295,16.432742,0
a76ee490d5014546b697678125911ecd.jpg,Norway,NO,69.378727,24.129898,1
958099ee19fc4dc997fc1a883b8efd6a.jpg,Norway,NO,62.4711,6.124141,2
2c6e00daccdf463ba147361de8804072.jpg,Norway,NO,69.219644,18.090956,3
d5ce33df381f4b00b557fbc06a9abbec.jpg,Norway,NO,58.264023,7.657612,4
1b8af057636f458b8a4fddb7a9a6ba91.jpg,Norway,NO,59.311433,10.883806,0
2957aa995e034729bf485a82a246d159.jpg,Norway,NO,64.397026,12.334484,1
564069598fd64e998ce301c966a0737e.jpg,Norway,NO,68.247019,13.704463,2
c4c8aa15d5d046a69f83d6219ad445bd.jpg,Norway,NO,59.422464,10.706679,3
a51a925ffc80438e9d164f671750a7a3.jpg,Norway,NO,68.661968,15.499171,4
25e476bf28674c90a83ee5b6eec7211f.jpg,Norway,NO,70.486196,25.055682,0
5974920a479b4ef1bbc4803922b5188d.jpg,Norway,NO,67.071903,15.381277,1
704bdb1b6ab242899d1a615efc152e4b.jpg,Norway,NO,64.039022,10.047686,2
80dfbd644d83469e9c4a789b313a9e11.jpg,Norway,NO,64.500949,12.357345,3
d45b6cf27f7148c08fe82001124be8f8.jpg,Norway,NO,69.201994,18.067224,4
82ccd280427745298c93fff2705e676d.jpg,Norway,NO,68.562618,17.57135,0
221401552b064ce5983c3d0c1a6e8f28.jpg,Norway,NO,70.458411,24.745673,1
1f26c7306f6040bbaf453baeb66b59bf.jpg,Norway,NO,69.131185,15.671986,2
a5dfc52be00b44209865d6b38d817563.jpg,Norway,NO,58.039906,7.610576,3
32d1385c28894607a32aad33db51602c.jpg,Norway,NO,68.682781,16.539285,4
ff78a75ce57e4f83b236f6990da710c2.jpg,Norway,NO,65.100592,14.602914,0
e343ab4aadc949289ecc587383a0f782.jpg,Norway,NO,59.055397,10.009263,1
0340df1aad1c41b88662826c1d6b5598.jpg,Norway,NO,59.217874,5.453483,2
b9c68433cdd445dc9056cf21f9fd3870.jpg,Norway,NO,68.128412,16.296863,3
f0639914825143a9b871aeca977f5a08.jpg,Norway,NO,68.856004,17.984385,4
6a40f6bcd61c4bf091af3cfa380751c9.jpg,Norway,NO,69.60293,18.052288,0
492645f87c2f4249812ad780f3d88851.jpg,Norway,NO,64.188751,11.919524,1
11aa3b2a509947caa880fff46684a978.jpg,Norway,NO,64.743823,12.846214,2
b3ab90b7afe347c4973152e790cd5808.jpg,Norway,NO,70.102049,28.635123,3
481aee8c22e44169a35e8530da85c156.jpg,Norway,NO,68.122873,13.370794,4
b965c5e29c9e4fd682b47b285764a4ec.jpg,Norway,NO,58.085241,7.808552,0
9be2b2e0ece4400f8484a2bf8334518e.jpg,Norway,NO,70.666224,23.693907,1
1b5dcf7d96e945cfac87ab2142bd3c9f.jpg,Norway,NO,66.31855,13.073391,2
430ce460e5344593b9ddd10a03999a44.jpg,Norway,NO,68.335551,22.93107,3
34ea7c7277944fc6b30e92beb6fe2bbe.jpg,Norway,NO,61.957627,13.011371,4
d457de03892e49998d69e0b728171f58.jpg,Norway,NO,58.389774,6.046943,0
d7ac6c81699140788468e77ad7f8623c.jpg,Norway,NO,69.29608,16.004599,1
c066bdeb30b843b1b0542fc4d6794d1f.jpg,Norway,NO,62.239749,7.15377,2
b971bcd15f4141c98f3b0c25bac258d0.jpg,Norway,NO,70.042003,29.085776,3
08b93ac27c0e47e5b9d568907ccc037d.jpg,Norway,NO,58.881875,9.212862,4
48165b1480584c638703e1febf0bdc24.jpg,Norway,NO,69.494306,25.481535,0
ff22134760d64075b0df8e1dfdc42841.jpg,Norway,NO,62.468812,6.292679,1
d9f7860caf434e0b9d0740e0dc74609b.jpg,Norway,NO,64.81943,12.977389,2
7dc23964e9c14e78863a3a5f6e344790.jpg,Norway,NO,70.486972,25.054913,3
6b00e00fdf004e478e04212f51fafe4d.jpg,Norway,NO,58.258576,7.971341,4
a2dce87789f84933b54d17504420651c.jpg,Norway,NO,60.779111,5.867994,0
66159cd2331e45fcad8ff53330db44c3.jpg,Norway,NO,65.049269,13.306574,1
6f9fda92251c4d23b7172e9832c103f7.jpg,Norway,NO,70.135219,23.649386,2
fed323884a044fd381577692e7429842.jpg,Norway,NO,58.345426,6.189872,3
353e35f668b648859c4faad165397a97.jpg,Norway,NO,61.847824,6.37821,4
cc0292bd4ffc423bb38fa74b338780af.jpg,Norway,NO,69.435636,19.254638,0
d746f5a5bb5046229480ba199a65adc3.jpg,Norway,NO,59.27329,6.206296,1
8e1d3d58bb614934b05193bde0e427db.jpg,Norway,NO,62.660036,7.499552,2
c23507a9a2124674872fade1966c2d79.jpg,Norway,NO,62.235066,11.772583,3
1fd7b8ef63e84e8fb3839eb7130461da.jpg,Norway,NO,66.339523,13.411082,4
8521c34b8ef743eab81102813d725846.jpg,Norway,NO,69.250589,17.954936,0
d18ff07570504639a10737d482965b37.jpg,Norway,NO,67.091848,15.412091,1
59e5e8a0bcf94f8d99889c96922f9788.jpg,Norway,NO,64.035376,10.080615,2
c9ad1cf7ae4945cda1676eb81d2ba5ba.jpg,Norway,NO,70.659023,23.669649,3
37641abfe31243c8b5ea2a5c25bad077.jpg,Norway,NO,69.234997,19.336997,4
a3f5718b0a8846bf803d75f25f12d4f0.jpg,Norway,NO,64.090425,11.522838,0
66a67f4217494aef90ec5ed83efe2428.jpg,Norway,NO,61.779958,6.210665,1
c80a7b1d63f2413a9f1de4f8fb1a8fa1.jpg,Norway,NO,61.150656,9.045609,2
a45a34a4e2d44d0f95cde05ec51870ce.jpg,Norway,NO,65.116402,14.524211,3
7142412b772f4f6a9839a54b2c3cb671.jpg,Norway,NO,64.622946,12.605335,4
554b7be5beec4694a2476d914e0a0241.jpg,Norway,NO,62.535577,6.126951,0
ebd4b37ffcb445ca8b96109bb7c8729a.jpg,Norway,NO,70.611289,23.653194,1
1546329914944c47bd6bc25b8da1853d.jpg,Norway,NO,59.784593,7.309337,2
c6a1beebe722478ca4c989b56ee08cc2.jpg,Norway,NO,58.995221,9.581974,3
a284bb5c149646d888f0059b21640789.jpg,Norway,NO,60.545229,8.23731,4
e2fb693e68de4ecaa25b5fb07e9fcb3f.jpg,Norway,NO,61.782536,6.205788,0
1bca1214da1e4e15bcb3fe2b6617698b.jpg,Norway,NO,63.005291,7.276541,1
0b83a649d1ec466eb57776cbac746848.jpg,Norway,NO,70.440607,24.594686,2
bf66ec1f182a4d3aad9dc4b8bad2eeb9.jpg,Norway,NO,61.899288,12.864203,3
f86c72cf7ea44675a0b721b82d47a974.jpg,Norway,NO,66.731232,16.010638,4
15a6f89a41fb46a4adc7109ea20459b3.jpg,Norway,NO,58.908369,9.299821,0
ae2d9c8781094d0da1ff4f192f29afbe.jpg,Norway,NO,70.179302,23.9321,1
e4f20108674040ac97f854287514c8c9.jpg,Norway,NO,66.292976,13.767733,2
f8b6e2a89db2485b925e5cf21b20b949.jpg,Norway,NO,70.028394,29.130995,3
3fe68ef606bd4a3e96d72006b5013f18.jpg,Norway,NO,68.42661,14.668645,4
5b25a8ac59d94a768c268841461963bd.jpg,Norway,NO,64.427028,14.330503,0
26a0340c23de4746b35041c4acafdb46.jpg,Norway,NO,62.240684,11.767514,1
b514ade78944409e82a96ac90bb4b2ef.jpg,Norway,NO,64.380178,14.577786,2
eccaae397c6746d19c76d72ac31b381f.jpg,Norway,NO,60.786139,5.988071,3
18cf52bafde14a06a2ba51563fd3527d.jpg,Norway,NO,70.820849,25.766476,4
f124a967e73448dda21f2fc9612ad29d.jpg,Norway,NO,68.320556,16.617355,0
c2f5a08a91464fe9b0fed2ec3de6f605.jpg,Norway,NO,59.586895,5.299061,1
9d93216a0a4a4962ac5523953244a725.jpg,Norway,NO,69.256232,15.960134,2
6c3bbe1ff4c84d8cba460c07c513046b.jpg,Norway,NO,59.04094,10.046059,3
ee53df4f8044469db3c58c9277941c5c.jpg,Norway,NO,62.233251,7.147418,4
13e954455ec84769976cc1c522bfdc24.jpg,Norway,NO,58.785985,9.04434,0
cf4ae5a256e44bb38e7a3aea4156dccf.jpg,Norway,NO,59.94705,6.584035,1
135947a797904efb94c9866df0ee0e00.jpg,Norway,NO,64.641555,13.822004,2
e6cfbf4ba8864391b385e9d66ab96d36.jpg,Norway,NO,67.346378,14.54295,3
a8fb67e0b38e44579a672107a5fa9f27.jpg,Norway,NO,59.194105,6.133937,4
f03bced455e749dba45b8135f92ecd98.jpg,Norway,NO,69.513817,19.252509,0
ea71eabefb6f419580ee93fcb3d623d1.jpg,Norway,NO,64.562845,12.498129,1
b03d274da8344c61bab3df016f1f0b2a.jpg,Norway,NO,61.927368,6.841633,2
c30704c668b34745afdf340d9634b081.jpg,Norway,NO,62.229945,11.777898,3
58fd2eec482c4af1846dacf230c58be7.jpg,Norway,NO,61.613345,5.349419,4
b9e7bc55f4d048379c2ffdccaf621d9a.jpg,Norway,NO,70.421992,25.157465,0
8d3dc4b60d0c4c098542134bf7d8e6b7.jpg,Norway,NO,62.060226,7.258702,1
239cb8ae3cf542daafa7fe719def1e24.jpg,Norway,NO,67.147835,15.455766,2
7bf419dcb70f479ea37c7583ee42b8eb.jpg,Norway,NO,69.262594,15.960649,3
e48fdcbe902e4bf2a0236b225dd184eb.jpg,Norway,NO,69.378205,24.133565,4
fa6d854151c84d849e6030794bbb3b1b.jpg,Norway,NO,64.042543,10.006046,0
4c37f2aa8f2c49a1a7cf0f7a402b7efc.jpg,Norway,NO,62.539636,6.126605,1
d7080d36e6804937b1713cda120047f7.jpg,Norway,NO,59.547194,5.695907,2
714eb9594025478a9d3872764d238fb4.jpg,Norway,NO,62.510117,11.27255,3
e1dc337e05c847a6b862c7d8d7242f08.jpg,Norway,NO,63.185411,8.717695,4
e6abc0e3618e489b8a4dba143a2a4e43.jpg,Norway,NO,69.295155,15.994477,0
bc97ab5b499749cf955edbf9a1aefeb4.jpg,Norway,NO,59.910769,5.298652,1
4fc2f06a8d6545708659018cb6c66b61.jpg,Norway,NO,67.384493,14.632202,2
0134dedfb9294095a1f335ce4983d527.jpg,Norway,NO,64.4127,12.327412,3
f2fc82b306d440eb98fa92aafc9e58ad.jpg,Norway,NO,70.189191,23.992714,4
aa691e929ba4436aa828ec60ab5ea880.jpg,Norway,NO,59.460237,6.327041,0
d931a092ffe9441ca9b4e95a310f1029.jpg,Norway,NO,65.118552,14.522694,1
b86e8f3c20e74fa69862d8bd49358d51.jpg,Norway,NO,68.699197,16.555822,2
22d7848683f74f70a837f81838a28a95.jpg,Norway,NO,71.00961,25.894459,3
8445462cbc5c43a4b10d13d9e1bc5882.jpg,Norway,NO,61.386876,8.810942,4
315f854510b0408b980dea8963cd6355.jpg,Norway,NO,59.368081,9.843168,0
7039008b17944086b8468a43dcc5f173.jpg,Norway,NO,70.045302,18.892194,1
f3fee8b0ecf540859421a07a4b57a975.jpg,Norway,NO,62.99284,8.942544,2
6739d67cae034a77a6a56832143a99ba.jpg,Norway,NO,69.717876,29.84432,3
63e3f89773dc4e87a89ebc065ce6a9ad.jpg,Norway,NO,58.321753,6.285106,4
99ae2c52568d4a968bb64a158f9128d3.jpg,Norway,NO,69.462859,19.239782,0
3cd734c7de9d4926815bda45a5c8c7b6.jpg,Norway,NO,69.729339,30.0444,1
e0d8e4c16c1046ee9bfff7765c5e0eb1.jpg,Norway,NO,62.557737,6.114056,2
b071227107364c57846f0bd28353c87c.jpg,Norway,NO,58.160351,7.950872,3
f716d84c0b9842b48436f13f0a129811.jpg,Norway,NO,58.409307,6.026609,4
78ad1702db5a4211b96b8b06a9f099bf.jpg,Norway,NO,70.633317,23.672297,0
392508401c8042b699fab6a6c7e1c391.jpg,Norway,NO,60.049466,9.86315,1
2dba988afc7a49f78ef5b48f3f22fe37.jpg,Norway,NO,64.763175,14.039326,2
06a036395c434c8e8e936d3a6d6b6fcc.jpg,Norway,NO,69.199731,18.066862,3
8baf8260c36a417d913eecadb7e16d41.jpg,Norway,NO,68.439475,22.47126,4
97812b37fb654c578d6b2248bd81cb65.jpg,Norway,NO,68.651236,17.690189,0
e284bd07849d49ebb654a49470aad71a.jpg,Norway,NO,58.33454,6.250226,1
6730f725dfd749ffaf2eaa51b9407ed2.jpg,Norway,NO,58.800378,5.600375,2
5135b438b37f4794acfe2213c07f3086.jpg,Norway,NO,63.540197,11.016819,3
e5870650c13f4405b45685f393a930fc.jpg,Norway,NO,62.682976,12.445094,4
16c5722d6d254c35907c3959363fbd7a.jpg,Norway,NO,61.516928,10.189771,0
889f5eec8df94e79bb8bf5118816e81a.jpg,Norway,NO,60.16893,9.693394,1
73450f32690c41da9ceef5d8347524e6.jpg,Norway,NO,60.615183,8.523274,2
a5462ec4b9df46ca87f4769c591216b7.jpg,Norway,NO,68.342967,19.086247,3
c27ffdf8cd8b40028811f341b20b0af6.jpg,Norway,NO,62.396852,6.202418,4
74c325c8b2bb448d9b7b2a0f4dd25a3d.jpg,Norway,NO,68.129661,13.385885,0
7a6139449ea548f5ab8dc63b2a5e0b21.jpg,Norway,NO,69.234026,19.332439,1
ccf2f522fc8345539ed7d73e6b9b4e83.jpg,Norway,NO,64.40376,14.346004,2
bba87b91cd13423fac0f0911138a5694.jpg,Norway,NO,59.69452,9.765323,3
9b950812414d450390acbc6b9814ad05.jpg,Norway,NO,66.730596,16.011548,4
694eb4ab22c344c187d2a54335b16aa8.jpg,Norway,NO,63.444777,11.690101,0
92b878ace32d41579178b33839b202b3.jpg,Norway,NO,64.836724,12.993865,1
225d78abba584b55829df7fc451dcc20.jpg,Norway,NO,60.423563,9.471005,2
5972085263b14f5297fc1108ad8eba21.jpg,Norway,NO,60.373627,10.354053,3
622c9daac697482bb0d6630557dac221.jpg,Norway,NO,69.298943,15.996955,4
6e5caeac647441ec9ee17625096324e0.jpg,Norway,NO,59.619452,8.837766,0
f03650e96ff047e9b7beee06698c22bf.jpg,Norway,NO,61.761546,8.405501,1
083afef289d544919c959c5e8464eff5.jpg,Norway,NO,61.537406,9.946608,2
7a3b02c734bf41f4b0e92ae039639592.jpg,Norway,NO,62.486727,6.57758,3
b2596a93370b4ca097ccaac7189d1668.jpg,Norway,NO,60.409667,9.495933,4
b1f312cb657b41fb800825944f14f9f9.jpg,Norway,NO,58.282534,6.454373,0
a88c3d33a6b24dc9aae6149336e4cf98.jpg,Norway,NO,69.453678,17.346293,1
0def33bd8f4049c19e14dc5e93e8ae9d.jpg,Norway,NO,58.411325,6.02607,2
c10b6149bbaf4a8898acb127226b9408.jpg,Norway,NO,60.876629,7.146425,3
08709ac553b54d3a8803377418608716.jpg,Norway,NO,61.630944,5.333329,4
287770fd564d4473b9ec6ef111d4c578.jpg,Norway,NO,61.631247,12.734489,0
725db58f92a641d89c18671bc69f863a.jpg,Norway,NO,69.780044,25.169465,1
86ad17850ca24b55a75f9681c6eb2558.jpg,Norway,NO,60.628291,9.900202,2
3b55634bc9dc4c19a25a9e3dd0b5f6ed.jpg,Norway,NO,68.335664,16.740072,3
014d4abc27f042ceb0791d6dcd16b882.jpg,Norway,NO,63.465881,11.130797,4
f7c0ccdc2efd4790a1a2d03d3b388c70.jpg,Norway,NO,70.29884,24.179638,0
2bd73217ee6848a18dd7bf2b2dd0ad6d.jpg,Norway,NO,59.63238,9.640728,1
11907911535e46039444a8014523e4ea.jpg,Norway,NO,69.200933,23.590884,2
3892940b073748599957ffc87586b069.jpg,Norway,NO,63.7239,8.836455,3
dc656b64857b4ff08d6eb6055fc6d9b7.jpg,Norway,NO,65.362994,15.045599,4
2c1519c14dc644aba8e91b1670234ed6.jpg,Norway,NO,62.434281,7.898411,0
bb0805cf525c4d58800556573c26b911.jpg,Norway,NO,70.316104,24.220235,1
10bfedfa5087421d929a6fc21528821c.jpg,Norway,NO,64.403577,14.346337,2
e08a817faddf432680c22bca854d3a48.jpg,Norway,NO,68.66138,15.504038,3
600cc5715ed440758bb13d7d3c798ded.jpg,Norway,NO,68.678589,17.915426,4
714eee4604e14464b8ba0a8d11a5885b.jpg,Norway,NO,62.544315,6.124137,0
ad1b05f0a9764d849987b18a09408989.jpg,Norway,NO,63.984191,10.131267,1
da8f684ed7a145a5a94090bb33fbdc3e.jpg,Norway,NO,61.929216,11.766155,2
e3eeb090b1db44f99b21507503625ea3.jpg,Norway,NO,58.285027,6.54034,3
1a22e1b982d14e7cb9347eea4f6e8e5b.jpg,Norway,NO,59.022242,9.719295,4
0ef93e2fe50b4be2b7112a87d0aae833.jpg,Norway,NO,58.902235,6.855525,0
0dff167782094ca9bb7178784e2ee981.jpg,Norway,NO,58.902943,6.856785,1
7c4b6eeab9f24bc9a37021a5ea0d0fa7.jpg,Norway,NO,69.4412,25.023601,2
dee1b1d659ea4dcd97fc23d866258a9e.jpg,Norway,NO,59.678453,10.810504,3
00413a2cbe4740afa40dd8b5d9236855.jpg,Norway,NO,58.671712,5.596509,4
56e4de5325724d92a4e0dfeff2335d24.jpg,Norway,NO,66.303742,13.562544,0
21fd19df38fc442c98f9d82220f93d56.jpg,Norway,NO,58.097743,7.001151,1
8f891171bda4477cb4684010e6fb93fd.jpg,Norway,NO,59.57913,5.708437,2
d38335c626c84a2089283d7e70b555d4.jpg,Norway,NO,62.565897,7.609109,3
2404cd04c70a49c08ed5b8c4f1f46eb0.jpg,Norway,NO,62.22618,11.782424,4
7ac405080ee74015beadfc23398dbc9a.jpg,Norway,NO,67.260253,15.43316,0
c87df3c67378445ea168449655dd6155.jpg,Norway,NO,69.212354,15.874445,1
953bcad070344616a8e8ae6839ed88b9.jpg,Norway,NO,64.719726,14.043608,2
a4a81b8e9783485fa0ed76ccd5a02eed.jpg,Norway,NO,69.800536,23.236568,3
b37f8eb0458146c39585bb84fc92f29d.jpg,Norway,NO,69.293549,16.016331,4
ada5e03aa03c4bbeb5990db8f4c3faf5.jpg,Norway,NO,64.479814,14.169416,0
d7dce27aba974467ba732d13da8f03de.jpg,Norway,NO,58.351459,6.175411,1
7bf3b6587794487aac8a0c99ba286ed0.jpg,Norway,NO,60.259332,6.401557,2
e640fcb750634ddd86ded99c317e3262.jpg,Norway,NO,58.259866,7.971655,3
22d429ebda654085a70fed1f94747a40.jpg,Norway,NO,61.014441,9.20456,4
db310de6adeb4f4b8b296b0243c38f02.jpg,Norway,NO,58.822524,6.023049,0
f8ea6a3af63b43aea57a8efb79e7ccd5.jpg,Norway,NO,58.797884,9.054682,1
b36145f572014a60839e20a74479e2af.jpg,Norway,NO,69.083007,17.544666,2
23ff4acb02144b719bbba50203a9330e.jpg,Norway,NO,65.358313,15.047887,3
7dc400f4e6ab49ab9496bad354e760a1.jpg,Norway,NO,60.347274,5.244383,4
262e533ea96a4830ad070867b8d9788c.jpg,Norway,NO,61.887407,6.664085,0
49e5cead8e0946a08e005607b9b080cc.jpg,Norway,NO,59.016574,9.724087,1
2d97e3aab571403590f78abc48b9faff.jpg,Norway,NO,61.921863,6.817851,2
83b970a47b3045e4b399ad04f3989087.jpg,Norway,NO,70.083242,22.008806,3
ed41611072e449eba73a287a0b749391.jpg,Norway,NO,61.117543,9.096984,4
a786644b129b4b35b7537968dfd2600e.jpg,Norway,NO,62.339427,5.871033,0
102168ae06ee4518b5f50974f6c8589a.jpg,Norway,NO,60.369871,5.251192,1
47ebeff71a5b4e818751de1e4e35608c.jpg,Norway,NO,69.293191,16.017455,2
2441cdef3938476198b2608d5e698923.jpg,Norway,NO,62.470196,6.117704,3
bdc6afc440204e6c9d457908661839f8.jpg,Norway,NO,66.419324,14.761382,4
efedf0f6e8a342e7a841461d75f40b8f.jpg,Norway,NO,68.38382,14.590561,0
15c20a0a50a14d2680038ac4e56c29cf.jpg,Norway,NO,59.853158,5.349373,1
4e68b1930ff04aa98ad4adc304383900.jpg,Norway,NO,68.538905,17.215161,2
69356f019870427ea841edb3d8bc2efd.jpg,Norway,NO,63.064429,7.499702,3
1e8880a8ed314cc4bebff1b8e8bae561.jpg,Norway,NO,58.476945,8.873414,4
b47bfe7743e1453c89bac8d4443c427b.jpg,Norway,NO,69.276446,15.971742,0
850e16dc64804dcb9c396774c685011f.jpg,Norway,NO,68.434071,16.007621,1
d65eac0887d94fde8631be1daca79a42.jpg,Norway,NO,58.772901,5.52326,2
a2943bd0d8d04db6ac9b4e6b9def607a.jpg,Norway,NO,69.590388,18.281264,3
06f96ca127b544e7a69158771342d6a0.jpg,Norway,NO,58.989666,9.567324,4
8c75546426c548dca5f2d2d4844a3708.jpg,Norway,NO,60.824691,12.672547,0
c821f080eca24b31b5315d08510780f6.jpg,Norway,NO,65.212591,13.37817,1
5410defd61dd450b96db6188690302fd.jpg,Norway,NO,62.557139,6.126799,2
e2a9f83e31b04580981345bcb626c4c5.jpg,Norway,NO,70.97815,25.776461,3
bfed1c2002bd40b19fdbb106a96e4d10.jpg,Norway,NO,70.792938,25.721305,4
f3ba63a23fa74eee83a624b0337b9d75.jpg,Norway,NO,64.43191,14.315848,0
e590a3d5b31f43b38ee0c49b0b462e66.jpg,Norway,NO,58.34455,6.316961,1
51a2ad96f72b40afbf1cd6693b589d99.jpg,Norway,NO,60.708576,11.301606,2
90de5c75acc0435fb02f120721e96249.jpg,Norway,NO,69.218521,18.090351,3
c92bdf93ef4949e2befdada4fdc58b31.jpg,Norway,NO,59.650749,5.479506,4
ad61e1fa76ff48e398da828f45ae1834.jpg,Norway,NO,65.212879,13.377714,0
f197f56479624a8cafb47892dda3a165.jpg,Norway,NO,60.53028,5.156333,1
e70f60856cc84152819669e21dc933bb.jpg,Norway,NO,58.336997,6.262142,2
c572746d778e4d1783fb32eaac4e1ff3.jpg,Norway,NO,69.142503,15.751813,3
5d801b5d667c4890920c1eb61ce630e3.jpg,Norway,NO,59.990304,9.924418,4
470a1bb810c74f84ab3a5e59fda7f917.jpg,Norway,NO,61.865239,6.269287,0
064c3f094f0940348ac783b929ecd674.jpg,Norway,NO,60.2219,6.436061,1
e74531eeed4f47599495c1080b6ddab8.jpg,Norway,NO,62.332745,7.52968,2
50c12ec09b6e4fdd914120e193b5d34b.jpg,Norway,NO,58.424308,6.018055,3
2bbfc5ca1ab2441b9876dcd8a0638f9b.jpg,Norway,NO,58.804293,5.601954,4
75dd6651fb624d82984f3edff37e3178.jpg,Norway,NO,59.953252,6.58044,0
6ea955d819a84c97bc0318d70fb9effa.jpg,Norway,NO,69.689694,18.861018,1
2e5c8887e81e446281769eafc80d5e18.jpg,Norway,NO,63.437116,11.726786,2
df3b5f063b2c48a58c722940706b5575.jpg,Norway,NO,64.112188,11.321017,3
ffe0770394ae400485138dfe10543d2c.jpg,Norway,NO,67.348437,14.548636,4
3a0599f797ce4d8dac0cbc96aae4f3b0.jpg,Norway,NO,70.452888,24.694739,0
2f950ce7e5604b16a4831263eb8345a8.jpg,Norway,NO,60.551417,9.136315,1
00bf92708e3b40b6b3c9c66cde332727.jpg,Norway,NO,68.342705,16.328299,2
ad8c717d975c47258ac6565495ab2735.jpg,Norway,NO,68.121794,13.365944,3
065af1d897f24e32892db300c218d95a.jpg,Norway,NO,68.502395,16.894419,4
edef6fa09354448ba8af8d19df7e890d.jpg,Norway,NO,70.877155,25.732566,0
cb8c1b04ebe448b38fcf6a557d4ad70b.jpg,Norway,NO,69.544083,18.989859,1
5fb6ba30b70e48029da16d677779ce9b.jpg,Norway,NO,68.416129,14.678166,2
661295af49414a15a69c6666c7b6f122.jpg,Norway,NO,60.737006,10.2382,3
87051d18f4d043f3ab592226b89b60c4.jpg,Norway,NO,62.903278,7.482746,4
536bcf07d74c48c0b879d5b1da87baec.jpg,Norway,NO,64.037841,10.057164,0
5392e83aa7bb42d08712b4b21c527943.jpg,Norway,NO,58.284545,6.554208,1
877c294e779e40079b91dee390650c22.jpg,Norway,NO,62.284201,7.195478,2
b49f9e7f024b4d5d983ac36012d7c4fa.jpg,Norway,NO,59.803125,9.897395,3
3fbd0844d47b45a2b51f57031ffbf2fc.jpg,Norway,NO,59.711911,6.549526,4
0888345ae8664ac9b29d053585a8fa68.jpg,Norway,NO,64.743564,12.846071,0
b5043979dfed4968a4faf6995b13cd51.jpg,Norway,NO,61.106855,9.108772,1
1788a45bd21340a8b22d253cc1c9630e.jpg,Norway,NO,63.101936,9.475171,2
cfdfb786641e413b837c6f9eff09f454.jpg,Norway,NO,69.729689,30.053518,3
3af7b851f8624c1b85c010974185bf45.jpg,Norway,NO,60.267544,5.441657,4
f5669dbb758f486ba193a9e756647928.jpg,Norway,NO,60.779146,5.873446,0
21f300cbaec644d9a56c341924b3ad40.jpg,Norway,NO,64.946288,13.180014,1
6df5dfa1b04747b2bf0bb6bb1f849c71.jpg,Norway,NO,68.511596,17.097311,2
cc95cc5986f54b48bd0071738c58e3e5.jpg,Norway,NO,69.23553,19.354381,3
12a42b086d2a483392ec3a8f103f456f.jpg,Norway,NO,58.895161,9.279777,4
56464811d78449a3be29e7a82578f552.jpg,Norway,NO,59.500557,6.53722,0
da28a228901f429eba19fe989a8b4141.jpg,Norway,NO,61.878139,12.660124,1
949378164bc64c198dac9f43b154e297.jpg,Norway,NO,58.320093,8.058448,2
35ace075fa2146b69ed4086d93991f13.jpg,Norway,NO,60.346999,6.184473,3
9efe456471254b6b81b3a5eed33119f7.jpg,Norway,NO,67.308332,14.531155,4
6ed89e6169c64492bae5566ff02ca5d6.jpg,Norway,NO,66.318457,13.07483,0
0a4dd34fcc424c2ca252403a6bd1c5a9.jpg,Norway,NO,59.654376,6.447989,1
46c598a8291047239e23eff4234993de.jpg,Norway,NO,60.481978,6.991595,2
522223a461c5497ab1e1500f643a8171.jpg,Norway,NO,58.542181,6.278354,3
1277bc78aa8f41a9b340aa4804428766.jpg,Norway,NO,63.079286,7.7694,4
4aa0d89ab1c24e9980fd316cb28661c0.jpg,Norway,NO,68.504077,16.912181,0
31c77b809df446f9a718fa205c1dd5aa.jpg,Norway,NO,69.626816,18.969115,1
a9872f244a9d40f6a2f5168d2e5ef679.jpg,Norway,NO,61.182745,12.943767,2
c17cea89597f492fb7fcbb660e0763ba.jpg,Norway,NO,69.283075,23.871701,3
275b29b599d64e62aa5aa6457a5eb4e0.jpg,Norway,NO,58.424937,6.016844,4
6242c39d23754da5b52d27b1c2321e29.jpg,Norway,NO,58.254256,7.517902,0
28ec88706de34971961fc379170e3fb3.jpg,Norway,NO,61.900714,12.862552,1
0884c9352cf741baaf23a09af7abc74e.jpg,Norway,NO,68.076808,13.195852,2
6138248961fc4a678b12e47fcbe48a15.jpg,Norway,NO,63.101947,9.398528,3
48d033aa12994159be0c23b39a260438.jpg,Norway,NO,60.354723,5.242916,4
4ce4e1c4979043f780de0e169f8b9b95.jpg,Norway,NO,58.143277,7.863374,0
e9fcb91d77174d1ca94c8c74c6488047.jpg,Norway,NO,67.315696,14.539568,1
fbfd975f75a449de8aded6419e15fead.jpg,Norway,NO,64.752732,12.860303,2
d3e58b0082344515b677a19880322cf6.jpg,Norway,NO,61.237663,12.612807,3
887398f6a3af485b9475271c55ccf063.jpg,Norway,NO,62.94322,7.20125,4
aee3ce54d15b416e8d1c6aeb39e0094f.jpg,Norway,NO,68.33124,16.7333,0
11ca739d6e59476fbfed04355594730d.jpg,Norway,NO,66.66131,16.144841,1
3bdebd5497c643eca37886b498dfa867.jpg,Norway,NO,58.390813,6.084916,2
bee763a63ddd4a64a4d594e907b08072.jpg,Norway,NO,58.912374,9.301691,3
7fcfe6bdbd5644c597d195beb496d540.jpg,Norway,NO,68.419775,18.685813,4
7687d57cd4744ee7a26813d78ebb0f04.jpg,Norway,NO,60.734686,12.668758,0
082b6c4e18d742bb91b2bb3bb8e0847e.jpg,Norway,NO,62.557613,6.12716,1
c278dfc9ab77442ca77692c169fba55a.jpg,Norway,NO,70.674224,23.65215,2
b073e076b962456cb3abc9e02ad261b7.jpg,Norway,NO,61.269084,12.839996,3
207d9e4900da4738abfae98ec0ba1a10.jpg,Norway,NO,58.086695,7.295165,4
5ec398a34fc843c4aa1966e94d5d280c.jpg,Norway,NO,61.810566,6.151639,0
e2e9706c3e2e4fa9b30170f0fee15dae.jpg,Norway,NO,67.046747,15.237464,1
d9e5159de1d645989c3065699e801fd5.jpg,Norway,NO,61.7496,6.361047,2
c7916c46174a46e7accb061d0edbd59f.jpg,Norway,NO,62.201286,12.950278,3
f20d8ffc148143968b896f644ffb74bf.jpg,Norway,NO,59.830416,7.173284,4
424a75e1f02a4f72ba24bb154e7c6b69.jpg,Norway,NO,69.699748,19.003698,0
cabae459ee164e8899c3fc909a3655df.jpg,Norway,NO,69.689056,18.858549,1
468e1302eca64d0bad5b19608ede8c24.jpg,Norway,NO,66.577339,16.299927,2
ec6d8ddca4bb422b8742f9ef13daf9a5.jpg,Norway,NO,59.846655,5.35532,3
5c45d89d495e4b179961dd5719dab5df.jpg,Norway,NO,59.914545,10.338974,4
83451e4711b84135979873c84820edbe.jpg,Norway,NO,69.436642,19.251199,0
e42588fb3f624e90a93d93c909cbbc85.jpg,Norway,NO,58.379656,6.115144,1
3570526b673f4e62aa88359f4233c67d.jpg,Norway,NO,61.388137,8.810814,2
076d489644ef4cccad91a4ccea2413d1.jpg,Norway,NO,58.143655,7.864008,3
e36e37d61ec74b0386cd5d600168bddd.jpg,Norway,NO,66.356553,13.003395,4
27aa2a7b609b4f3bae8d6819411c3281.jpg,Norway,NO,61.309932,10.173958,0
16a5a4c51cd34792965dd1a2fc654b46.jpg,Norway,NO,62.488949,6.871853,1
3e82fdae98cd44238aff74385eff6757.jpg,Norway,NO,59.753115,9.878688,2
55891575f2af43ec950a020b85ba2f50.jpg,Norway,NO,61.828854,5.503971,3
b54277e4fcd54407bce6c609d1c427cb.jpg,Norway,NO,59.635947,10.696542,4
41f6485dd88040b8b3b5b3ccb0c0082e.jpg,Norway,NO,67.322475,14.617682,0
8c9465e3df39426a99cef501d9db86b2.jpg,Norway,NO,69.502923,19.250518,1
a4047134b28c44128f9266e1d0f1e8fd.jpg,Norway,NO,66.317583,13.301638,2
ba73e2f76ad742a78f27c8cbbdf0aecf.jpg,Norway,NO,58.345042,6.190459,3
04f7d760e8ce4562ae2600cdfc4e78d3.jpg,Norway,NO,61.762604,6.24775,4
c02436a2a37b40ae8b0bb89c3beaf836.jpg,Norway,NO,65.213835,13.378222,0
3bb6e6e2d86a41e885f86e581c7ed917.jpg,Norway,NO,69.103028,18.206625,1
5aa5a27d848e4c2382dc5c9c17cadaa8.jpg,Norway,NO,69.61203,18.93814,2
7513e3fa850e41f99affd0668c6c82c5.jpg,Norway,NO,69.363217,24.038828,3
25bcb2f91ba44e5ba6898e5fdf470352.jpg,Norway,NO,62.056898,10.723747,4
328cfdf1428740b193194cedfdd2e8cc.jpg,Norway,NO,63.461498,11.184321,0
f8c5ebbbb813431aa13a4ded427066a9.jpg,Norway,NO,63.189188,8.811897,1
eaa20fc8b1dc4de0a51fd035dad770b3.jpg,Norway,NO,60.212253,5.410286,2
91b2e39329b44434b4947ecced6af9bb.jpg,Norway,NO,58.672607,5.595401,3
7bd3b8d0b4a04f039355e34730f63828.jpg,Norway,NO,69.443907,25.301104,4
9bf80380f1764083a7844d1fa30d3aa4.jpg,Norway,NO,65.085325,13.325799,0
901e08dbef0e4444ae425f2df42e4ee5.jpg,Norway,NO,70.9886,25.750461,1
9c954540774842b28e9a4faf61c13e55.jpg,Norway,NO,70.297101,24.175768,2
6d43cc172ae146c8b8a2bd9034131b3e.jpg,Norway,NO,58.222355,7.916199,3
c7d5acbe5dcb4675b00e22e13152a4f5.jpg,Norway,NO,61.937187,13.011541,4
42ddd2bf3e71428ebf9152124c324b4c.jpg,Norway,NO,59.013299,6.895682,0
4615ca9c68664a18b39e4d4eae5e916a.jpg,Norway,NO,62.46913,6.287115,1
f5957cdea38246208a1880a91063beb2.jpg,Norway,NO,59.401576,5.334451,2
930e5edfddf548899a8b70e9a3540de9.jpg,Norway,NO,64.557895,12.477124,3
5f1f382c2c5a43fd975929f7b729cead.jpg,Norway,NO,61.513316,9.973832,4
f384e505e0ad49d4a7a0d0ad1a79d8bb.jpg,Norway,NO,64.038381,10.047166,0
6cebee5f7f2141ff843dbf6b92c823a7.jpg,Norway,NO,65.67418,14.159172,1
f76fa193874d40f4b71c900e097528d0.jpg,Norway,NO,58.313554,6.369985,2
e74af46efbf94ec793f9a6c11c1d73f5.jpg,Norway,NO,69.081067,17.541947,3
c11de369cc0b403abf74356b0c313ced.jpg,Norway,NO,63.58367,10.802261,4
5e32f9e4955a4380bbf24e0ef7270bcb.jpg,Norway,NO,58.259107,7.971425,0
26e8ca02f6c5444a93101bf525cb0f06.jpg,Norway,NO,61.093972,9.123456,1
ee5aa3db5107471eabab3a2894c8579d.jpg,Norway,NO,67.155284,15.467767,2
70858c8d9b574942927af81fdfd6e0de.jpg,Norway,NO,69.065081,18.461958,3
d1b7b835f25a43b6913df09a0f03e708.jpg,Norway,NO,69.606797,18.93557,4
650a0ecbc3a3412a881b295058d7d2e5.jpg,Norway,NO,64.226292,12.079898,0
43222df9286f4652a6ce5dc8f6914d1f.jpg,Norway,NO,63.524994,9.933647,1
043d6117686248678e87f08088bc8748.jpg,Norway,NO,58.306187,6.422033,2
0eb4adaef7e84ad7bde72aec23e3f108.jpg,Norway,NO,67.260499,15.433198,3
b9275c7e5fe549da8ebe794cd50748db.jpg,Norway,NO,60.65516,8.036733,4
689329e58a004e8793b73667dc69b52c.jpg,Norway,NO,63.976028,10.208195,0
0600c77f10de4ff09d55755a2b6f7e5a.jpg,Norway,NO,61.685757,12.001238,1
7f5103b135c14622b13b48a5fe4c7def.jpg,Norway,NO,69.369434,24.32151,2
336908ebc8ef4461bdcc68352889e44c.jpg,Norway,NO,58.689543,9.008273,3
11f69554abb044f096170981e4cb22cd.jpg,Norway,NO,58.631728,7.978469,4
bdcc755616ef405a8782ef680ae44df0.jpg,Norway,NO,65.833744,15.022905,0
b2cb726b41b046c4999de3b21390d2d2.jpg,Norway,NO,69.075762,17.542147,1
1a3dbb8d864b42bfa04f20a25112cb32.jpg,Norway,NO,68.684487,16.538142,2
63d698ce9be14a57af21c73df7bafcfd.jpg,Norway,NO,63.057982,7.638123,3
c45363b7ca5a43698ff35d0cbbe37ed3.jpg,Norway,NO,63.584225,8.96191,4
1653f793a6964b2095846cd87714867d.jpg,Norway,NO,70.407415,24.492517,0
285edbe2415048c1b6efca099380fee5.jpg,Norway,NO,65.024836,13.264094,1
45b60ab85a434ed0a779f2a36287ff6a.jpg,Norway,NO,62.663497,7.504277,2
3a448221fafc4e74aa5c3abcc8299fca.jpg,Norway,NO,62.543071,6.124773,3
f6a4dcaede2846adb4f7414157403af3.jpg,Norway,NO,58.189005,6.736159,4
7bb43e7e64bd44eaaa4701318398316a.jpg,Norway,NO,61.108933,9.107127,0
5480b62f9fe646718de91032259029c5.jpg,Norway,NO,60.334285,5.262502,1
5e2c56e3adc948b1afa6eb9a28c8baae.jpg,Norway,NO,59.575635,5.705112,2
a73eec28fadc42ffa9d3f97defc9ba8f.jpg,Norway,NO,58.382938,6.107381,3
5aeda7a1201f447e96e80394c2260d3d.jpg,Norway,NO,70.892083,25.67787,4
0aa1c10cee0449919576a351ab492229.jpg,Norway,NO,64.643619,13.837867,0
4391dae2d02d400b98aa36290c04eb5a.jpg,Norway,NO,64.948799,14.197176,1
b6111e9b07294e05ad2e2092ede67aab.jpg,Norway,NO,69.267725,23.859078,2
60964edcaf174863a7fc722ed406f94d.jpg,Norway,NO,69.803405,25.173858,3
87ba00ec71164ced8f45220b713b0c2d.jpg,Norway,NO,68.913339,17.738911,4
abbfca449fd94a16a7492a39a5d117be.jpg,Norway,NO,61.339571,5.755509,0
3993b0b0923345779d57270018ea65c9.jpg,Norway,NO,61.782581,6.205661,1
69825878a4a848e893ae4ffb45bd3716.jpg,Norway,NO,59.736801,6.653112,2
edbd49d1674f400791e6d1e01ee4bb39.jpg,Norway,NO,59.686158,7.551419,3
3ff21f6bdd17444ea66145e3c924d0e8.jpg,Norway,NO,67.297742,14.854269,4
022f1af55c6443ac9bd4462ec77c28c5.jpg,Norway,NO,65.832434,14.891018,0
5e79a055af104ae0931493501083b58a.jpg,Norway,NO,58.929372,9.316921,1
4a126ca698944e009b11c970cece1f4f.jpg,Norway,NO,60.787843,10.673131,2
00eb7a03b59f42eda54be709e34a31d6.jpg,Norway,NO,68.361888,22.859862,3
816f37f14a19454bbe4d5fc204d6dea5.jpg,Norway,NO,67.651837,12.595054,4
50263e59b5bc4393af46bee3b41d97c0.jpg,Norway,NO,67.251914,15.429909,0
9ca34e8e243840948b5a6112953e93fe.jpg,Norway,NO,70.062762,28.949091,1
ca513086e1cc42c79f81dcf4cc1e7861.jpg,Norway,NO,69.734709,29.82554,2
4956932095b54009b7763b5ebf4d71f4.jpg,Norway,NO,69.423994,19.277515,3
363873bd94144d3a95d1b63f34adf892.jpg,Norway,NO,69.690788,29.576055,4
51935f90d70a4d08a6866629619942d4.jpg,Norway,NO,69.297262,15.993282,0
c76cbc00eae14f598540d7528b184b65.jpg,Norway,NO,70.870635,25.787087,1
1e2b22b2102f4874ab304df06f77eaa2.jpg,Norway,NO,69.505676,19.251603,2
84409e639ab8446a83dd5284b2ddb8f1.jpg,Norway,NO,68.389003,16.869732,3
a5826ca8bf894e79b1596189212a704b.jpg,Norway,NO,68.340864,16.330012,4
5349b54ec0184195a2bd9f821be07eec.jpg,Norway,NO,68.8293,18.225257,0
94df2b6c9f9147fab776425b8ada1c27.jpg,Norway,NO,60.52858,5.163211,1
8b73f1921e9b4a6f93ff5317effa034c.jpg,Norway,NO,61.624214,8.978518,2
1e7c8448d45448c1a1bb5ffdddedf684.jpg,Norway,NO,64.037518,10.04995,3
e9d889addc844ed38b121231f4d4eab6.jpg,Norway,NO,69.636672,17.995277,4
9695936f866c47fba8af03b5fd4bcb47.jpg,Norway,NO,61.105746,9.109536,0
fcca4d9c9b20464a85998f444ac6029a.jpg,Norway,NO,61.225185,5.823877,1
4690cd5186d444a5b6836fcfa02a4ac2.jpg,Norway,NO,59.664269,10.872223,2
54f714c7bbc245debbab2880e84a240d.jpg,Norway,NO,58.492778,5.9095,3
b11dfaeeabe041be8b68dbc4b1118cf9.jpg,Norway,NO,63.239134,9.509742,4
e9d5369bf9824216b3e3dce602ccb759.jpg,Norway,NO,68.992673,17.720836,0
59709242a7e74b0c85c5168665e005c4.jpg,Norway,NO,67.298007,14.789943,1
155c450f4a3e40ca994edc3477bb71db.jpg,Norway,NO,62.234649,7.149116,2
61536f5f15c34bb98bdb052a336923ab.jpg,Norway,NO,69.275906,15.970056,3
64b1182ebf9040b8a9f3835fc7184d16.jpg,Norway,NO,68.548384,16.196959,4
eb964975d37f4595847af5776a234d5a.jpg,Norway,NO,62.536714,6.127765,0
7dbec6f915e143d5b3f4f939497ddf7b.jpg,Norway,NO,66.325794,13.127179,1
b170052682b442fab9b75ff7249cfe9b.jpg,Norway,NO,63.992046,10.182165,2
aa00769901e4491b8a61f7df2f27a649.jpg,Norway,NO,68.443138,22.742898,3
69bd279219b340ac8ff1c39040a881c9.jpg,Norway,NO,69.497685,19.248906,4
980bed1107ae48a7ac1c92c1f80e3eaa.jpg,Norway,NO,62.480583,6.455667,0
39910c37613f4fbea8d1bffbe25fbc4d.jpg,Norway,NO,58.874145,9.162002,1
b5f1650ab3d14bdfb41a134d28b6c0e3.jpg,Norway,NO,63.607928,8.919792,2
6c488de154b54ccc8f48bdc6da8126bb.jpg,Norway,NO,58.220259,7.93342,3
841185386f764350a5168743ed15e524.jpg,Norway,NO,68.557179,17.222902,4
e2e9eeb0a5944736ae614067782d0900.jpg,Norway,NO,65.035963,13.276254,0
bfac732b79c34fcdb1a9a8b77cb930c3.jpg,Norway,NO,70.296963,24.175423,1
2ce7bac5cf5a43ca9a718ebd871f5b4a.jpg,Norway,NO,68.391602,16.641245,2
fde22f1aac284977b0ff1ed2595d4683.jpg,Norway,NO,69.376279,24.218811,3
54ec5a494f004b0ead3ef9a9829f19d5.jpg,Norway,NO,69.606652,18.305521,4
5202c54f6762468d99831ec3e3803ed9.jpg,Norway,NO,60.24325,5.367878,0
5978a17c54a740cd8c89b98c71deecc0.jpg,Norway,NO,69.298812,15.998679,1
86051aa239b845438bff6e65863a087c.jpg,Norway,NO,62.460991,6.331576,2
05d66a175d144769affdd66c839b1ab7.jpg,Norway,NO,60.155797,5.434047,3
dd5755d9cfb34bea93c343eb38ebc251.jpg,Norway,NO,62.200381,12.948824,4
27eca6a974a2450c9ce4c56a7743b154.jpg,Norway,NO,64.26603,12.273134,0
cd84b4cbbe8243d4a42ac58666a55141.jpg,Norway,NO,64.56366,14.051542,1
b913e16f62954e33b80d8af2a61506e1.jpg,Norway,NO,58.338168,6.261703,2
fec7b475684c48659e2169429c7bf6af.jpg,Norway,NO,61.517575,6.64354,3
2432c6509b5d48c49d398c587e2fc894.jpg,Norway,NO,62.237901,8.257082,4
8125d4269d1848e3b0c4a3639f1fa952.jpg,Norway,NO,71.115056,25.700177,0
11ca4bf126864ee8b3dd3b4c6eb9d9e9.jpg,Norway,NO,69.683688,18.804869,1
78c81c60eb72479db2f506efa15a5dcc.jpg,Norway,NO,70.29497,24.155149,2
3bada2a22d6a45b59068820ab2bf5a76.jpg,Norway,NO,61.078851,9.129676,3
88ab955fb447459fbbd1c440734d2673.jpg,Norway,NO,68.795455,16.537051,4
7eeec8e67b2940c3b3d1e7df0c105471.jpg,Norway,NO,70.083503,22.009552,0
5dcf2d875ef9415887d72feea84e6cc3.jpg,Norway,NO,59.962699,6.574869,1
0eedb5997f194f9e95f327d82b87e0ff.jpg,Norway,NO,58.761876,9.041708,2
af0ea7792881483f9e8e3d97ae6855e7.jpg,Norway,NO,69.44177,25.052573,3
c5911ad1d298414e90c59b1eec637d1f.jpg,Norway,NO,58.905061,5.727537,4
6c3103649ff044e2998cb79602ca5ef5.jpg,Norway,NO,64.949425,14.196345,0
00cffab329d1441c8886b9ebd6cebaf7.jpg,Norway,NO,69.377999,24.059308,1
80d5a850ca3547c9af665df0ffb45b08.jpg,Norway,NO,59.708193,9.786036,2
5600f6c4a48a44c99bb9ad1a550ff5a5.jpg,Norway,NO,68.248372,17.412452,3
b83afa3880bb4948beb2f72d0c442a8e.jpg,Norway,NO,61.974067,12.991275,4
665e9c2a13df42bda0550b2c8689aa92.jpg,Norway,NO,60.439508,7.789686,0
8e1187d3f805456db1a15587ceceb249.jpg,Norway,NO,66.683327,16.10198,1
3175ed696f5146fdbac2ac1ac68221ba.jpg,Norway,NO,60.165344,9.711928,2
064c26274040493098eaeb0200f5afcb.jpg,Norway,NO,61.289071,5.832616,3
076556722350427a9f1114a87f0bb64a.jpg,Norway,NO,69.438057,19.246305,4
97e61c13694140f9bef9442ede597a11.jpg,Norway,NO,69.442884,19.2374,0
5f9739e15d0c4713844e92108bb5a7de.jpg,Norway,NO,70.162509,28.571518,1
0f9af9a395364ed0b9ecbfbdde2fb96d.jpg,Norway,NO,69.308313,23.879877,2
70c54efcb54740ee87a666b84d60996a.jpg,Norway,NO,59.613382,7.420514,3
6662206c69df4c6b82c3768f190f1866.jpg,Norway,NO,68.317605,14.598216,4
aa793d890fc04ddfb88f19834b4c6920.jpg,Norway,NO,64.093354,11.524856,0
e61f7aca6dd448a5860c1b41fe9e7029.jpg,Norway,NO,69.603866,18.302982,1
f6bf7a4d83884713bb95e19c8276c947.jpg,Norway,NO,70.21878,24.075255,2
80cba919707d409aa98a8df05b87d947.jpg,Norway,NO,70.978501,25.775464,3
ee83aa85bcd84671bfeb111f1b8b4847.jpg,Norway,NO,70.180935,23.849721,4
6e5871d626634e77955a12952013b9e2.jpg,Norway,NO,69.439946,25.012518,0
8fe3058357794e88921006161530897e.jpg,Norway,NO,69.083631,17.979379,1
762f0bd2039349eb851964223e41e311.jpg,Norway,NO,69.306703,16.090111,2
cc7c23aabe1d4a928fd611621d03d082.jpg,Norway,NO,68.560191,16.438189,3
d2ae6848cbb84481b870eab3430da467.jpg,Norway,NO,68.661656,15.519513,4
a915159c75ae45a5ba2ed142379bef7c.jpg,Norway,NO,69.620631,23.463896,0
3411b16884ce48e385291e49f8e70808.jpg,Norway,NO,69.631632,18.026682,1
689ba8f39fc446beb3e8463e638bc953.jpg,Norway,NO,67.069381,15.382024,2
52c4865169474cd286276626d9a3de0c.jpg,Norway,NO,58.535159,8.846884,3
58d3701782b8409497b84400016a9fbf.jpg,Norway,NO,59.395396,6.189283,4
88f0b94ffd4d47f0a7eb76e3fe3bf7bd.jpg,Norway,NO,58.68264,8.99526,0
a09f00c9933b444cabf0f490f4870295.jpg,Norway,NO,60.405895,9.496107,1
eebd8faa6b5d4780897c2252f2d9e6ae.jpg,Norway,NO,69.881503,29.343619,2
16d7f13dff7842a2aa30932ea49bd705.jpg,Norway,NO,71.115155,25.700046,3
dced844275194c88b09d338d5dcc4e1c.jpg,Norway,NO,66.689591,15.426246,4
7d54c4ef016640ca924f388a4cc98596.jpg,Norway,NO,60.422335,7.723457,0
b78f56190c7947ee9952d0cd1b29df6e.jpg,Norway,NO,67.96518,13.167468,1
44871a7802f942f79096a9b401f4abc8.jpg,Norway,NO,60.084317,11.182648,2
2cac8ffeaa0746eb9a9469eb3eb90b1c.jpg,Norway,NO,66.784095,15.466107,3
df6eda55ef4a4f00ae8bca545f2575dc.jpg,Norway,NO,59.693507,6.512942,4
1290ca17007c4973af2751b257d696d9.jpg,Norway,NO,64.736661,12.827589,0
7d8fe3401cec426c8f78e81e90ad11d1.jpg,Norway,NO,62.196623,12.946773,1
70305cfb186c430db0677b8ea578452e.jpg,Norway,NO,69.145047,19.050475,2
d9e6f52cf80146328ee47965fabd34b3.jpg,Norway,NO,68.441166,22.477791,3
aa9fd6e1ca9848fd876e1ea6ab35e65f.jpg,Norway,NO,66.751893,15.478085,4
01e3915d80cb4799942e0d86839d45b5.jpg,Norway,NO,70.176525,23.895657,0
ecbddb106ad54a508f08355175566892.jpg,Norway,NO,70.162901,28.570629,1
4b21188c9d3348e2a155e05544fe064e.jpg,Norway,NO,58.926934,9.315328,2
f1bb5c1041fc4d0d82782ade6df8489c.jpg,Norway,NO,65.424406,14.630115,3
269392f465d5411bb382ba011a6edddd.jpg,Norway,NO,59.669294,7.533961,4
fa622f38a0d54e5785f3d045ae8ca6b8.jpg,Norway,NO,59.929833,8.929209,0
9e33b50f823e4590b49bc814f4816fc5.jpg,Norway,NO,68.699009,16.557198,1
52cdbeda348a4b7f9bd20c99663dc753.jpg,Norway,NO,58.412384,6.025619,2
556849f6d4504d6e892b41048224ff38.jpg,Norway,NO,68.471011,15.180348,3
49b2355f194d455b929ffcc6c155a552.jpg,Norway,NO,67.102071,15.470053,4
884bcf20edf84edd8762c83a4a26c52f.jpg,Norway,NO,60.000546,6.565308,0
d21aa47661f445ffb15085ee2793966d.jpg,Norway,NO,58.33808,6.255782,1
396eb45470764a38b02165f070a8aa01.jpg,Norway,NO,62.470561,6.190151,2
7dd2b8bc4fbe482faf0ebdb4b1dee1b8.jpg,Norway,NO,69.489595,19.251477,3
1d6f897c3b334cedbdc9f4dd9f8cf8fc.jpg,Norway,NO,69.296497,15.993463,4
4ea2e3482fc3410b89c26a267c74cca4.jpg,Norway,NO,62.559321,6.127328,0
7c26f74afe5f475fa885fe18b02a33cc.jpg,Norway,NO,62.485978,6.485301,1
a2fc210b49014ab1a8b52d202acb3b4c.jpg,Norway,NO,61.022188,9.190062,2
58115723f5c042f8b515d285d932216f.jpg,Norway,NO,61.568872,6.481453,3
b7f88cce4b7f41a09621cd6f561822a3.jpg,Norway,NO,66.783132,15.467021,4
9ab5e34adfde4576a03d00914134c82a.jpg,Norway,NO,68.370627,22.222291,0
32fa52d4e14e46778dfd779ece2eaa84.jpg,Norway,NO,60.613676,6.35752,1
19f4565014c34ff488eac9c36898b8b2.jpg,Norway,NO,68.572229,12.698163,2
77db10f0e1ef4a008c200ce4f01c6f77.jpg,Norway,NO,59.883681,5.312277,3
a8db269dab3d49eeb871448f3852789f.jpg,Norway,NO,63.936447,10.222638,4
91fd6276d06d4f33afc48a8e404a0a0f.jpg,Norway,NO,62.873298,11.186421,0
e15f65a19c7248feba25d39f5766a341.jpg,Norway,NO,66.329463,14.102175,1
9090b146022a45738eaab09b36ea477e.jpg,Norway,NO,68.569323,12.697176,2
4b97caf87994459f9ead9eaf18596bf5.jpg,Norway,NO,58.691433,5.598447,3
b08439d787f44886b585816330b77549.jpg,Norway,NO,68.775596,17.801596,4
d59b93eadf3542eb9cd2e5a558af9aea.jpg,Norway,NO,68.470405,15.178729,0
d6d5aa0ecc0a4720925b5d0ed27afff7.jpg,Norway,NO,61.77811,6.214931,1
79c17dc8be944812a1a9081ed24066a4.jpg,Norway,NO,69.502021,25.468504,2
7b1ddbf0def04f06bd8faf8ad7b57ade.jpg,Norway,NO,67.256839,15.428849,3
9abe20466a7d47b0ac920dc3170c9fec.jpg,Norway,NO,60.367575,7.507791,4
d04ad6c5200c49f484086ca65055cfa8.jpg,Norway,NO,68.402442,17.471848,0
58ce1e33dc2f4d3a8d19bdc5523aea40.jpg,Norway,NO,58.335695,6.26337,1
881d3057717c4e3dbdb84c424d2abb07.jpg,Norway,NO,60.182566,11.413751,2
72a7cf0664b444bc98a2eefc276f10fd.jpg,Norway,NO,69.779384,25.169283,3
72bc43668c2e44b998cd67a993942740.jpg,Norway,NO,61.400907,8.808536,4
17b68c2d97e14cafb5be6db15df1d4b4.jpg,Norway,NO,58.244105,6.851828,0
6eed389be0924d8f9f5fa3cdbeaea418.jpg,Norway,NO,68.831645,17.373688,1
b6890bf0d61244e081e8c69f945d2f10.jpg,Norway,NO,58.939517,5.574043,2
bd3e0068cdd04c11b9357baab00acb0e.jpg,Norway,NO,61.072149,9.139598,3
3839e87d9b134206a55bd5fbfa313a26.jpg,Norway,NO,62.331679,7.51906,4
fa9e1fcf84b74868ae9d314e5da9f4ab.jpg,Norway,NO,58.44504,6.005733,0
010d1f7b2e284eaea70caaef4688fbbf.jpg,Norway,NO,68.661288,15.525995,1
73cc300fd1694495b1d5210db764e9fb.jpg,Norway,NO,65.091453,13.331197,2
2bd1cb934a9048e68dec773b7725234a.jpg,Norway,NO,62.471209,6.329362,3
96e1fa4e120e455282993567e998d72c.jpg,Norway,NO,70.405211,24.488382,4
b03674f595a04fd48932b9e741d40af3.jpg,Norway,NO,58.613764,5.688058,0
95cf857971354ed495ce47c1aeb24ce7.jpg,Norway,NO,63.023762,8.595796,1
0cfa6c1e2ca44ea49f74ee8ef4857865.jpg,Norway,NO,69.378812,24.129599,2
8603d9a2446048e187b43e4ec99e806d.jpg,Norway,NO,68.406321,16.655861,3
8de6da23c9ee4268bca1a2d25094c7d6.jpg,Norway,NO,62.446761,11.399143,4
f2153ddbc7eb4f2faf7960db1b6bac5b.jpg,Norway,NO,67.312948,14.534319,0
97d62313c22e41c2bd8e64247c2e9ccc.jpg,Norway,NO,60.48217,7.838525,1
99cd7f4f8a434022970fa254525be333.jpg,Norway,NO,58.90648,5.733164,2
c9191ed6b5a8449090c5958b794e214e.jpg,Norway,NO,61.750603,6.342939,3
b798ed0ddead40f192152a821c67341c.jpg,Norway,NO,62.470735,6.186424,4
f2aa4074e0d14a59b9bf906af4b4e0e7.jpg,Norway,NO,67.068108,15.382515,0
7bdf55e78def4078a07633b22ad41fb5.jpg,Norway,NO,69.611981,18.332726,1
e23233f6012341db93334ffce3ac67b7.jpg,Norway,NO,61.504297,5.74456,2
dd2d7dc7b8e44c2cb66348e37fccd251.jpg,Norway,NO,68.694383,16.559588,3
f2a6b21dc6f149de85c570efefb27c36.jpg,Norway,NO,70.364022,24.37345,4
79629a8dc43342f9ad13b70125470aa6.jpg,Norway,NO,58.074479,6.685535,0
b6050c41ff1c4a93a9882493830fb541.jpg,Norway,NO,59.482232,11.712211,1
dd86788fcbf547beaacceb805aa2e01b.jpg,Norway,NO,69.304892,23.876597,2
d971ddb9c5284e26a15510c7a772fe2d.jpg,Norway,NO,69.036203,17.883708,3
e8c446d3257144f29cde066349981db4.jpg,Norway,NO,58.689663,5.597417,4
70129fa37a0a42318c7d3d25dda30d45.jpg,Norway,NO,67.261597,15.425236,0
2353c3450fba4350bb05e513b96c1085.jpg,Norway,NO,68.400193,16.806699,1
e7aa9da6c6da4549a652039fbd47eea5.jpg,Norway,NO,71.014689,25.887393,2
6b942c6ce30e489e8fc1de62a0ac3fde.jpg,Norway,NO,60.233549,9.601124,3
b08d1747970640229cca14996978fd8a.jpg,Norway,NO,62.468273,6.104138,4
47a894a8f3b64f899448df92ca5f0685.jpg,Norway,NO,62.049625,7.25159,0
862c9b5438d14616941a7b70b0cd5737.jpg,Norway,NO,70.664387,23.691224,1
9a141dd97d734c86a3a95961f77b804a.jpg,Norway,NO,62.006539,11.710897,2
5307ca30a08b4dd6917a99c344df9d0f.jpg,Norway,NO,70.571605,25.240628,3
a6449b70df0a4e72b929793240639f52.jpg,Norway,NO,63.301408,9.74615,4
b972ccfeccb341eea12b14e35eb2af12.jpg,Norway,NO,69.466425,25.477901,0
d5de03cf3762474bb13ebb567733170b.jpg,Norway,NO,61.93019,5.11204,1
8a4c863b54ac4fe1a24ab6b52635f246.jpg,Norway,NO,58.37841,6.119521,2
db071721d29d409eb8953ec0e18a92f0.jpg,Norway,NO,61.93594,6.984994,3
4471a91c201248bb913b1d312a04e7d1.jpg,Norway,NO,62.717222,11.34993,4
c24594ee96174debbd764bf65e02059d.jpg,Norway,NO,58.330126,6.265267,0
90326a1bc3ee4e9f87e7f96e718a4b58.jpg,Norway,NO,62.375383,6.330879,1
ab07d91cd7c24d8c966511c471cf0a1c.jpg,Norway,NO,59.826472,9.908382,2
f31e138d617a4be38ce5e408710f8ccf.jpg,Norway,NO,60.242275,5.367856,3
bb774c978d8242a0b02c6f5625784a31.jpg,Norway,NO,67.264763,15.291307,4
87eec7c81fea44ae81989862a55771d5.jpg,Norway,NO,59.908537,5.367889,0
3620856061974e039f3ef74f481b28f5.jpg,Norway,NO,61.850242,6.372447,1
3f95fce35e28442ca8da860c79af760c.jpg,Norway,NO,58.075173,7.762058,2
4b7a75a8e9f84694af2356394d999f34.jpg,Norway,NO,68.855995,17.975436,3
0b3872e61eeb48848d45fc0818a7984b.jpg,Norway,NO,69.097039,17.638162,4
45abc2d04a394041bc839db35a20d29e.jpg,Norway,NO,66.316632,13.297645,0
1779426c3b3645ea926cfdffd3211944.jpg,Norway,NO,62.558255,6.127336,1
e2aa08cced0248d5b00f9c2c09348995.jpg,Norway,NO,59.755303,10.569453,2
f87095fc0a8941cdac9ebfc12a587f46.jpg,Norway,NO,59.950803,10.552054,3
459148b6fa824fcd8d0c6d94f03141bb.jpg,Norway,NO,69.487119,19.251727,4
f59268e4436341218b5736ab2f5dc416.jpg,Norway,NO,61.797294,10.22406,0
1d705651b25d44f490afc7e7851a21ba.jpg,Norway,NO,58.448024,6.005754,1
527901c8799b4851ae43432e749abdc4.jpg,Norway,NO,70.163125,28.570106,2
c3c0bb3838ec4c49bcad019e6eb4d819.jpg,Norway,NO,58.159438,7.951573,3
0bbdfe3584c24a4692f7784ab59d9d6e.jpg,Norway,NO,60.276865,6.375572,4
3760bb719f214c7eb93d0f3b5017b708.jpg,Norway,NO,61.718288,9.532794,0
fde45ac61fd943b6a6de64f5a84f24b3.jpg,Norway,NO,64.264426,12.268181,1
6f548395023a4d739f22a8d7345c1c7f.jpg,Norway,NO,69.262466,15.961257,2
7e9a2cc50cfc4664a112469c4bb2c537.jpg,Norway,NO,69.082657,15.563348,3
379f2af394b44c0ab0e24525dc0b0804.jpg,Norway,NO,61.801527,10.223131,4
fbc970640c0c47dab9b757459b6abfb9.jpg,Norway,NO,64.246367,12.183871,0
42187ee8660f4a1da9c2aa5473ade0b6.jpg,Norway,NO,58.292464,6.442186,1
c12ed7de9ed34b568af5c253eded5720.jpg,Norway,NO,68.356238,22.890018,2
979878a8194949e0946f3a0408d8764a.jpg,Norway,NO,58.035236,7.618838,3
04f4c44aee764ddb916de149a250b0ab.jpg,Norway,NO,65.212997,13.37772,4
341486f262c34f0b86d060d6c6cb445a.jpg,Norway,NO,69.802808,25.175129,0
b9f412ad02a64654a1cae945bce1df7e.jpg,Norway,NO,60.878976,7.25755,1
6013bf3f8c024978b27622f3b29b66be.jpg,Norway,NO,61.753985,6.275076,2
9f3962c6fb3e4587ba53d7cdcbc980d1.jpg,Norway,NO,60.814143,5.803621,3
4c71dbc0b4154eeaa6456cf40be71902.jpg,Norway,NO,64.607245,12.586425,4
3551a3630d2b4660a377634ab864b3c4.jpg,Norway,NO,61.186353,12.879138,0
240ebff3cb6f4c619e67ef00cbdf5b4a.jpg,Norway,NO,63.012291,7.547327,1
f87698b8c7f843ca9a32311d3b593a34.jpg,Norway,NO,58.427772,6.013623,2
6e11cc352bae41a49647d3f260fdcad0.jpg,Norway,NO,60.613223,9.066565,3
4524a7be7896482499627624ab70fbd2.jpg,Norway,NO,69.093764,17.661971,4
8f88445e1e3b4b18b60fa4311e81df37.jpg,Norway,NO,58.083771,8.067255,0
a77b8d081b79458e82359427ba096f4e.jpg,Norway,NO,69.378636,24.060428,1
60c5619dbed74a6e947a6e01dea2e198.jpg,Norway,NO,62.337188,5.877566,2
6d2715c62d2643069b913ffd3644d8bc.jpg,Norway,NO,60.127198,8.679535,3
58f9e2c984b64f10911ecfa6cb13520f.jpg,Norway,NO,60.165479,9.711237,4
fd9531545b36418097708c4ddb93edfd.jpg,Norway,NO,70.04132,18.818739,0
eaebe75f69884643b81f1a4010b07242.jpg,Norway,NO,61.738356,10.185951,1
bda57ec3f0f44e1887bb0cb33b7a4c0a.jpg,Norway,NO,69.691091,18.865795,2
ef35ee969f504aac9eb18c4d0190b1ad.jpg,Norway,NO,58.592525,8.862289,3
1eef601098464fc6bc4efcb2da796428.jpg,Norway,NO,58.43395,6.011861,4
fbdc71dac7de4fb6bfcf3e83f746e141.jpg,Norway,NO,68.412237,16.690519,0
dff71121f98f4ac7ae8683badbc34ea5.jpg,Norway,NO,61.756879,6.262234,1
2a5fd9172a7840eabf2dee514fc46a7b.jpg,Norway,NO,62.676144,8.562279,2
06eb91b0ea4d428d885aa3c1d4a89ad5.jpg,Norway,NO,58.215533,7.927071,3
48798a569c744d9194200147fd85e2e6.jpg,Norway,NO,69.205414,23.619852,4
a77646971d654fcdb5a204cfe8c65c77.jpg,Norway,NO,68.693948,17.993501,0
29ce60e8fc404f71ad3ca986eba88621.jpg,Norway,NO,62.470437,6.190468,1
15a5103de59749ceacb85ebff296fb85.jpg,Norway,NO,59.619231,8.853186,2
8bdfd57658bf450bacd830168bad49a4.jpg,Norway,NO,62.053501,7.248536,3
eee855e6e79f429c88215e9bd8ee8c0e.jpg,Norway,NO,69.730751,29.663183,4
9f87ae68d4eb474b91d700b411578e20.jpg,Norway,NO,62.337888,5.87296,0
65c8055c74ca4de1b37629d0bf9268a6.jpg,Norway,NO,62.02595,12.972693,1
641f81ab42f0466693917383ffcde27d.jpg,Norway,NO,65.841438,14.814617,2
0ffe21c87e59451cba54d87756832c62.jpg,Norway,NO,62.396274,6.193328,3
7aee9a8802f1423f9fd28dcf895bd80c.jpg,Norway,NO,69.278004,15.976458,4
e9ad3df7aea644bba091942b9e5e25f6.jpg,Norway,NO,61.407093,9.965637,0
50d82288a0464d48a81e9b46f06a5203.jpg,Norway,NO,59.398699,6.193597,1
2d8523c4fe7c4e92a80d4a205409942c.jpg,Norway,NO,58.324959,6.286022,2
73482080d71f4a80b8327fc0d084d3f9.jpg,Norway,NO,66.305676,13.211274,3
d953c3faa2a245cf91d00b67fe6a6d6d.jpg,Norway,NO,59.779968,7.312403,4
c8b9bb093afb480e8ad7fcde2fb3d044.jpg,Norway,NO,62.247509,11.760032,0
5c7b8838d97149b0ad048655e20895d4.jpg,Norway,NO,63.551359,10.187933,1
85a55a70f3874ee8a94188c482c75d9d.jpg,Norway,NO,70.987527,25.7548,2
6fae79d9ec5d4d1db1825d5a85035316.jpg,Norway,NO,58.263116,8.166065,3
933c074bc123446da31e1ab0d1da7466.jpg,Norway,NO,68.704582,16.527617,4
1c773941c35248d6a5ebd8345ac0294e.jpg,Norway,NO,64.335762,12.338559,0
a93194335ce04ae4881c971d8be56cf5.jpg,Norway,NO,65.102115,14.600888,1
3cf5356c050a43d7bc22bbb75915e75a.jpg,Norway,NO,66.805512,15.426712,2
64f6c202bb9c4da893641d55f8250ac8.jpg,Norway,NO,61.375302,8.813035,3
75c5038ebd3349e1a8a4109eea9ea35d.jpg,Norway,NO,62.555558,11.321415,4
be79959af52f4bd0ba23a9d8a6b5aa09.jpg,Norway,NO,63.17954,8.668043,0
8d1df1c210d5478b9910cdd6aa0fd05a.jpg,Norway,NO,67.970176,13.174574,1
89c534eda6a74844aa42d82b23eae485.jpg,Norway,NO,58.405315,6.030694,2
9e1a2d3f75f541ae81fdb983b249fac6.jpg,Norway,NO,61.713566,11.973162,3
ad1d9c6b9fd446a98343acace387db02.jpg,Norway,NO,62.989831,7.851297,4
