filename,pred_lat,pred_lng
001fae9d954344049b876cebe6722280.jpg,60.299889,18.039017
00222ef1c8184c88beccad680e7191a0.jpg,38.229424,40.9617
0027a46dccf74e929dd3f37758ac103c.jpg,49.548687,10.058899
00389c33503843e0bc58e7968edced1d.jpg,64.351173,23.97905
0054cf7ba4b249c19241861fe458c5ac.jpg,41.414867,27.589584
005a14f39b084283ad0fc2719f2bcbcd.jpg,55.959782,28.566925
005b92002b334208a093c64b72a6f050.jpg,41.828396,9.393051
00600be822c549c8af39f1f5b5ede3f9.jpg,67.773766,20.613098
00a389ef8cdf4a099975c92f5a13422b.jpg,28.375658,-16.53418
00c9d136add74973ab3c6404ffa434f0.jpg,52.10561,25.562454
010f3568ddb44b0982a3075b43d9b440.jpg,53.241215,19.091248
011f3eeea027469d89e4f00665769d78.jpg,51.945698,29.837555
0158bcbd60da40c4917aa2420aa634ba.jpg,63.821838,-22.348602
015c78502d9947e08fb60e599669f4fa.jpg,51.858955,9.605957
01629cbcd65e44eab22002e5b14b6548.jpg,54.657833,17.383713
01763de348364d1fbc579146df97d37b.jpg,63.945236,-16.678238
017dcb831cfc4a9882940697888d0ced.jpg,53.364574,7.730392
019be938f1a0455391c20b98f6572499.jpg,66.174461,-18.969025
01c4f0fa97f04783a3211a6de2c23e73.jpg,37.608265,-3.723526
01d25cf1ee5e4830aaeb6074205ad62a.jpg,69.385536,15.873718
01ed23a01df94ef0844e8b2fa331c129.jpg,50.075264,3.249481
01f3b2d2ea3b47b9bca965a88d83eac0.jpg,61.780022,6.229553
02084e36bc444ef39c31e5948701b1c4.jpg,63.934254,-16.638596
020abdf2c3e745a5b90bfd47d8b501cd.jpg,40.677383,9.680649
02396ad84a354364a48904bcd95f5892.jpg,38.185509,27.08667
027ac7c887664ffea1f4a1fc3220b291.jpg,50.418747,9.134872
0281d1f979db48e59b67476e0da95e84.jpg,64.231834,15.622482
02b5f7fd8597422da833262fcdf45133.jpg,52.233704,28.603317
02c266dc9ab544118b1dd84a59573848.jpg,56.349346,-4.179626
02cfb3b2ae52430e9d6f2509958a8362.jpg,64.814339,28.077118
03037f65db5c40229e4a5e0c73c9a4c9.jpg,50.743656,22.70636
03085b4a390f49b1bbe5fd33a9d54fab.jpg,58.577286,-4.627426
032de27479144290872ebe1c8ecad565.jpg,53.171913,29.375534
0330096bbcf54b5ebcd1de0742b4074c.jpg,55.148052,-3.015198
0334589dd76a41a8bede99449407e309.jpg,57.621162,18.523682
037a3d3307cc48f1aedd3a47ddc879bc.jpg,57.144905,-3.664444
039327fb6356427985c851ee92719f18.jpg,61.666504,15.887558
039a4c0b623f4e8185029fb3f9866add.jpg,56.056904,-2.968765
03cc82a39824455db366010f9d112f61.jpg,61.327904,14.835327
03d919f497eb487a9e25a27ca30f2d91.jpg,38.402271,42.64769
03fbaf0fcede4ea9aaacbb50a55a4d42.jpg,52.817364,-0.037704
041fe0bb00d44f4b80ef5dd4dfd8b737.jpg,51.785622,9.801376
0449d499f8844256b20b6d0cedf307b5.jpg,64.850296,-13.847366
0477125874354cf485541b2339ca588f.jpg,62.466335,6.179871
04fe9d8d9b504dcab6c55bf76b3db4db.jpg,53.043339,29.921631
05170958f1e54c7fbc02d5ceb9653671.jpg,60.529182,8.010956
05291c9478524b70ac38889b36cd5d11.jpg,37.925026,15.085373
055489f8e5cb4ea9b7e4570c4e22e857.jpg,53.6021,-1.539276
0557ca61379d43dd812e5775422c23bb.jpg,36.236687,29.89592
056f44a7c71f4491af64396f932cdf77.jpg,61.717659,24.48645
059d0b5017b948109e94df1fcceb14a3.jpg,61.819271,29.769073
05aefc0ae7904acb93003092f57b9c7d.jpg,64.189575,-20.201645
05c853aef97a4e9caeb3266643564968.jpg,65.542564,-23.163742
05d5a304941b416b836917fde606d0fc.jpg,47.85104,11.302292
061c315f556d4c32b19bb6227161c931.jpg,68.466858,23.27211
062b12213fe745c3805f9c2d44f2e16c.jpg,52.426319,18.827713
06345666b32242269cd3712f2b6965b4.jpg,40.140156,18.246628
06411cf3183b455eae932245371997f1.jpg,54.514828,30.450989
06ada4f3175a473c800ec8c7c4e2558f.jpg,42.348682,14.16185
06cc722a9ca84af889604e2be2603e7b.jpg,58.841022,5.656265
06fc5839af1246da863db06b6fd1f071.jpg,59.737659,7.42897
0717e95cbd394dedba23da6590b5b9ec.jpg,52.659855,8.235397
0729960565b04ff8aecf6acfa3daffb1.jpg,66.066826,24.791565
073e9ca6d23741d7bf270cffb5fb056a.jpg,28.75639,-17.932297
074041e9efe241d3bc9cc049637c126a.jpg,61.602482,15.97171
0759c887f49e4e9d8835da0a5cf296fd.jpg,65.68277,19.659988
0768a5db598c4bc5959872f483d0b7e6.jpg,38.093864,41.690475
076b8a6ef1554a188da9d2e68b0eef57.jpg,52.139198,27.438416
07bdda5d0a414396995078b24aefe1ac.jpg,65.739906,-19.603638
07d372d78fb44e3f82a00d4ae76401d3.jpg,64.126274,-19.964661
07ec8c55ce0c44b9958bc1f1f63de81c.jpg,64.331009,-15.094513
07f6957757414b959e2738d4f99f1ca3.jpg,62.477272,22.373917
083cfbd8207e48c49ca113114adf272d.jpg,53.271225,8.778275
08690ead2bb44f99875f736fa2860edd.jpg,61.812389,29.690033
087afc88e7ed4940b546a888fbc3dcfc.jpg,65.671265,-14.913483
08c494f084db41c7967e486f43da3a25.jpg,59.054691,-3.237747
08cbefd210f34870b3ca2ddf920ca651.jpg,40.159248,9.090576
08e0525962e5485ba3c0af0517451fd2.jpg,45.110592,-0.476395
08f195bdc639487788d98e6a05315af1.jpg,50.105042,-5.359543
090ba2c8d1fd4a28bed96de0a8b4e0f0.jpg,43.71489,10.410019
090c2f749fcd4de8a6310bd8503b0d72.jpg,62.528522,22.500778
0916812418ad47118dfb3ba5dc35f67f.jpg,44.763054,1.142319
094522cd2a844ff8b502fcef5be678c4.jpg,63.316681,18.296921
09581fd6287b4ee79f1e34804177bb30.jpg,43.645889,11.34671
0962b455162a4f43a96b1369a8afe888.jpg,52.919788,14.538193
09a550cf7ad54054964f70fc6d7ad281.jpg,62.174618,17.304047
09d94ac984cb4d23b0d219c8a94dc218.jpg,37.348759,-5.584167
0a3d28adb7c04d3992a29215682fa886.jpg,52.051311,21.07959
0a4e979901d24c4aacfdfe4b10376c66.jpg,55.217995,30.085403
0a6c12a1c9384f32bc766060efab0007.jpg,43.707813,-7.623093
0a7f526f7a3948b283573a48ceb02ff7.jpg,63.860897,-22.429718
0a812f28cef84df4ac17faf7d766d675.jpg,51.129833,6.992371
0a8f2b68d28643a599f1d30d15c7a7a2.jpg,39.952965,3.898438
0a9ccd0a79d045d8ab26d16d8612a303.jpg,40.662025,8.41925
0aae83928ec84609bbbee10139286a74.jpg,46.178352,1.144714
0b4e87f260bf4291bb1ab87f679d8d5a.jpg,66.124733,28.731689
0b50961322c54b35817632a635de66b6.jpg,54.701591,25.925735
0b63026ca90d4518825008bf5274e386.jpg,28.871006,-13.680664
0b671b5673804fc1b5c37ba5ad963911.jpg,40.659378,9.671494
0b67709695904832a5b6c83f97c41bb6.jpg,39.3633,3.087784
0bcf972e91264e2bad8d2ab61dbffd46.jpg,38.011963,41.756546
0be7ba2a5c524e19b735949402c0a512.jpg,65.774574,-20.021454
0c1be408c37e41ea840b262046cef492.jpg,49.764183,8.300064
0c1c0d4d5a4748c590775862b5a83f6c.jpg,36.365681,-5.827545
0c1db76f89b440edb939866a2596b7dd.jpg,53.292751,19.084824
0c23de7455ad4136bd0f83e2d187ffa2.jpg,49.631981,10.12326
0c3e1b48c7854dbf860b9c5c86c5a098.jpg,48.751999,13.204788
0c5b385403094c7a93c03b840188863c.jpg,57.014202,18.205444
0c5e61431ce34eea9417c54b12022b51.jpg,58.55423,-4.650345
0c741a5c5f13448ca608c5de87dd6aa8.jpg,61.888695,14.467163
0ced55bbce5e45cc9a2afc83116be543.jpg,50.678577,18.574265
0cfbea8ad9d54210800a5cda19199a9d.jpg,64.238312,15.680939
0d298cb27bca44858ef0ed4d4d7faa11.jpg,51.49892,14.467209
0d7b1e5158e443baa5007a61d5708dbb.jpg,53.12336,10.059402
0daa52205550481bbcad2817de2f3a20.jpg,58.369434,13.471329
0dbba1387c0448b389f6a4f06c1e4d99.jpg,47.420448,1.370361
0dbe29871c504729a59d93031bbef69f.jpg,51.956329,26.659515
0dc05fc1b6204fdc99354446b9a27a0c.jpg,44.62178,10.877426
0deaa5ebdaa14c1da37f06c02eeab4c6.jpg,65.742249,-22.192688
0deb5287015c432f9b5c8426febf30ae.jpg,37.910393,15.058945
0e05388acfb245eb9e578f81ca37462f.jpg,28.334265,-16.508911
0e5a18b486d340888ac53fae0cb8ec12.jpg,43.675503,-0.917267
0e993de5391e43d1ae8a18a30c12da4f.jpg,40.070419,32.719437
0ea410759f4241028a09d0405e5021c5.jpg,63.847088,-22.417725
0ec7bb1024074090afa2e13f1ee307c3.jpg,36.453224,33.318329
0ecb284cf7644d598d47eb599d696343.jpg,54.151089,26.446182
0ed5c22b6d66442b99d342e9e6d284da.jpg,65.020996,-22.131119
0eebf290999e40d4b75d59436eebf2c0.jpg,46.054024,0.106354
0ef72e980626451e92ab890ac25c8586.jpg,37.836845,15.070053
0f68180f1be54bcd8fb861f2970ebcfd.jpg,60.689552,5.508133
0f6e8f343131431598b3f3dd85aa3f78.jpg,60.916622,7.121719
0f6fc96a9dbb4a3cad31b4de02f6c69b.jpg,40.976242,9.128906
0f985b710d914f6a8ee79f876c92075c.jpg,65.759865,-19.499069
0f9ae4069b1045c99e3ef9d6669d29a7.jpg,63.744625,14.410812
0fb83e4a8758479f87d2e59b14db5fa7.jpg,55.179295,28.876862
0fd9b0624568477d80c5e3ea3cfb7c81.jpg,63.975075,-18.79277
0ff07427790b4c3eb72ad69586acc55a.jpg,64.578117,21.190445
0ff31ff02f9c489499211477133383fb.jpg,43.76857,6.922485
100044a51e8c4a2e9c24d426d0129723.jpg,50.858913,8.611771
1006be21453240a2a60e2243f056fc2a.jpg,37.896709,32.550964
10078b8f4d724def8483dfcd24f2ca54.jpg,37.696609,14.028061
100fb18966e0471383b4bcebe60a4675.jpg,64.487572,-14.443893
10128a081c924521be3c75d6d82b9594.jpg,50.758991,22.764511
10a77d126c53479e8117fde7b7cca9b2.jpg,66.048325,-23.200546
10ac35d5d7824ccbb24d80e8759c4808.jpg,45.794746,11.011719
10bb8b5b99924f139a30778198a63e32.jpg,65.27916,-14.499817
10c6ed5e1d7b442ea4139baf21f98f4e.jpg,51.927078,7.780518
10d5a007f7ab4f7ab8f478f46f67625d.jpg,64.642502,25.606461
10df78ca701f40909b96accdb639335c.jpg,48.896275,7.473419
10e68aafd0104b43ad63616f630b44f5.jpg,40.700996,43.167603
10ec204f15a04a0ba6b61b5ae22eaea7.jpg,64.826698,-23.792633
116a0ded16464817a6d864b85401519a.jpg,52.616234,21.425568
11932e6f3cae4ac196700d66855c6f4a.jpg,54.670643,-5.659409
1199f22696bc4730add048e8f8d17137.jpg,52.886837,13.823334
11a1f6d9d18c4e748c9e88f4208f20f3.jpg,50.330708,-4.980392
11b84d06db4a4844a013523f64d089ed.jpg,53.059135,30.503601
11e61e0ba68f4f52a18abf56e5c91670.jpg,40.843872,14.462357
12043e8621b84e94826be6fca8d599c5.jpg,65.577675,-18.541229
1208ef47d28040d995d4201b02340b3f.jpg,50.316624,6.724289
123339235aee408e97a0742ee22847ae.jpg,52.579758,27.467453
1277855e8e7e440fb0526c6d2af4b34b.jpg,55.000179,-6.25885
1279b824da6744199d3e1dc54727b2d7.jpg,45.727467,11.690689
128b3ab720794fbf90462a0d3363b6c8.jpg,40.436558,31.447632
129cc40d356c4c3c8b9f8576fc62c21d.jpg,54.30806,-6.436142
12c32366f60d4d86b0556f1be69d88b6.jpg,56.063499,-5.230835
12fc0cc0a81640a89d93e2c4993fd21c.jpg,52.091732,8.944366
130bae4862f74afdbb3c39cd077a22fb.jpg,65.577576,-23.916718
1358071ca3c24cb1a63386eb9bf2772e.jpg,53.344463,7.683609
1368f427c46b42e397de45f201b0165b.jpg,51.659191,30.391098
1371e01a1b5e4fef991828df2a362435.jpg,53.319347,19.139648
13a0290d603948c1bc9a41ef600c1c28.jpg,37.147163,-4.680084
13b68032ce204b9f8bb4bd9e1c83839e.jpg,41.591354,-3.323746
13c448bab92848cd8b2635491a2341ef.jpg,37.386551,-5.64592
13c716a91036452d959ad9ed5ef2731a.jpg,43.544888,5.669525
13c7eeae250a45a780e1a18c8b621bd9.jpg,56.614494,-6.180359
13d2eaade841401d90917003b81c2c71.jpg,63.621986,-20.044052
140e91b41eee41a0b6559972f29ef9e7.jpg,63.085091,28.202164
144d426896044996b64f15bfe7a36834.jpg,54.149525,26.535751
147426e5a29e42afac7b62928e2bed77.jpg,55.725304,28.69101
147df93cccd746fca71be4aa254c6cca.jpg,38.768734,-3.18541
148d24ed00224accbdb9a656bc7e6bfb.jpg,69.367119,23.809631
149090a6125944ce8949d55ab7e075db.jpg,50.884293,-0.539307
149f4461cb684be6a2adc5e5738a004e.jpg,36.532101,33.420868
14b44051df1540d9b318a188ad0ac0b9.jpg,64.2127,19.094406
14bf29334d1a4a1d88aa7b2538029f15.jpg,43.540955,13.372375
14f6f0ce9a67423192d0a082f881b24e.jpg,49.682098,8.946289
14fb1f587dff4ed5a1d23236ff84a58d.jpg,61.177074,23.309265
15110e5dd49444cf913a5be16f99c3b4.jpg,43.086388,0.375122
15241fc1cf6f43cb819703d896e59697.jpg,53.421215,7.57428
152aabb3eacd4ea082796a32de2316d3.jpg,57.611588,-3.030945
15c2ca62e3744090b18271ead339b526.jpg,51.979671,7.630203
15c56f93f32041c0a795269ebdd7bf84.jpg,45.629219,12.301254
15c5e12a237b4dfb9780aa32fed3468f.jpg,40.472687,31.512558
15ed2649da5641c78ddba43dbe6da0c3.jpg,62.444351,29.82312
15edcd960517495899c84d3554afe819.jpg,40.523411,17.608429
1608c9a475f947f4b4652cadb1d4a61d.jpg,40.866856,30.450134
1635557a63da4874a1b880d53c922e69.jpg,53.488083,30.210281
165826d9416744d4964dcb86d5be2e28.jpg,40.580559,-4.841827
165b816865e64decb9530a012e70a63f.jpg,62.265648,30.042725
167eeb94c73a43879f0a4af0d27d5f7a.jpg,41.820324,9.448074
1680cca0e7f843b9b5441d95bfd6a4f2.jpg,63.858757,-22.555954
16813cc27bc44030a5c71d75589357b8.jpg,64.203247,29.353348
169074876a394108a2b62122bc69b4e9.jpg,36.229816,36.262482
1691a439f98d4558a1ea243050dfca7b.jpg,65.41024,27.122772
169b4b1104d543809c2a3831e08151c4.jpg,28.878489,-13.663223
16a04019c34743c0a224c23753c25ab1.jpg,52.245613,31.551529
16a2e0df0ca0479db453317e74d6f233.jpg,40.882935,9.223526
16abeecaa3ce45669d81c935eb7fa8ba.jpg,50.052784,-5.266052
16af975c70434700829fc68438f6207a.jpg,57.569103,-5.455994
16d3425e60e5494a87cedfbc8eaf5d5b.jpg,39.814461,42.779831
1712cea705a445aa9ed9b5727b2ee1b7.jpg,39.50153,3.210907
171c81cf85e944ceb22943a307532baf.jpg,62.493614,23.864822
17563a4f39a448879a9994de34b5ea35.jpg,64.246292,28.020691
17a806834eb145d79042de66299fbb60.jpg,37.000919,35.599777
181bc529b8044d8c99bcee9433d2a33a.jpg,62.905476,21.5569
182c92e4d9644911ae20f5faa87b5267.jpg,53.546246,20.813431
1880f98d26d04579b1627e80aee42685.jpg,64.845192,-23.275406
18e6e622b9a1431b9f22c8f2c28399cf.jpg,48.24065,12.1427
18fc5e206005438590b1f549e94eaff6.jpg,58.38018,6.191605
1948c5eb4e4c402faeb55ec8e5b81eae.jpg,67.964058,19.820969
195287f0a30c4dc1a4d2a6ba4b4c0945.jpg,55.731186,-3.69429
195ee78eb6f84f4b938a43c9656ff70b.jpg,52.798706,29.351959
1969f062ef0c453c889cb35ee10b2cc2.jpg,47.24028,6.255951
1979ee50f1054b25af055b37a1385173.jpg,65.954834,-22.828476
1982ea930b4848689a0d0edc62b3dd76.jpg,36.402435,-5.828049
19bdcdfb777049b0864450d9a538f693.jpg,52.305679,30.974945
19ca34cf574b44ad8395337299cc7c48.jpg,37.156139,14.971786
1a13abd4f49e4ff4b1baf8e0a7960481.jpg,36.917744,30.959396
1a18f2c228cc415da36c2057cf256662.jpg,46.472309,4.215622
1a21b6b140a74ee3a74024f487c8d533.jpg,43.53804,13.508652
1a31ca862d0a46fbaeffbe2cb74f8584.jpg,50.334217,7.758286
1a341d8199d84ab2a92adc3bf892c8e3.jpg,65.628143,-20.383942
1a404caf55074c47b60ce94bd3610d28.jpg,45.266453,4.566925
1a55091bf3e34fbc88241f9bb6fa2658.jpg,70.184769,23.874466
1a609e320060467b93734f58a89fd623.jpg,40.779438,14.484756
1a6e36118434430fa48f5cc13b168f4d.jpg,57.55928,-5.441879
1a9cd4a7c4b34fbba6e1de813fd6eb57.jpg,66.348938,19.908249
1aafe969c7c44d4d96e9ba75590f4078.jpg,39.697411,40.004471
1acc587479fe4743abc6eae02626f7bf.jpg,59.081417,17.906006
1ad27bb0a8394c68b04a4771b9e80f79.jpg,41.350182,15.703903
1b062113ffbc4e05915290446583690f.jpg,61.145081,23.248108
1b0e686017dc45f3ac52fb89d1795ac1.jpg,59.868809,17.139694
1b4a3954142c44e7a54f3331f9341613.jpg,56.405125,-4.911499
1b74fe810a564cec98abaf936b80c969.jpg,51.343025,19.97937
1b85f86e791d438392859dcc463105ea.jpg,66.73597,19.853271
1b8d7d96f6284e068278ba9da2eefbe0.jpg,64.8741,-13.88681
1ba485d52c114740aa0dde540355f0b6.jpg,42.092461,2.893997
1bea8d320d6a49089aced153beb6fc34.jpg,65.820259,-17.402069
1bec9d25966a4641b29bf3bdfc8c84a5.jpg,60.766819,23.005539
1c4d298f1bdf4634bf6b541e3f4dedfc.jpg,64.297577,12.278198
1c72539987084eba88cc31a487bd676f.jpg,44.256481,-1.286011
1c9163526fcb4020b4ed77eb23213ce5.jpg,36.894325,30.83165
1c92281bf5a24fa696241ff691f46f46.jpg,50.163902,3.185455
1cfc9a46e2fb462896f448be632a1867.jpg,51.91925,7.737518
1d0b6b6d914e45fd93d53a30e147801c.jpg,66.172661,17.364304
1d3d74a6a00e4a5c9687aff0cca703e3.jpg,53.664234,27.496811
1d85ffcf2ad64761a84f854420f4d5f5.jpg,62.826153,15.631927
1d9c7577ca9a40c6adaada876b87f405.jpg,41.669106,12.87558
1db23f4bbe854e30bf25d7f4cc448f6d.jpg,64.024086,-20.660904
1dbaffc85b3347de9c95edf0f4f79b70.jpg,64.220238,15.498886
1de164e9b48745b8875ee5d3bd801521.jpg,40.292213,18.073288
1e00dc35f29446b890f6ee8fef9f454a.jpg,58.458134,11.507431
1e1351ddd7bc4877a5b21ff87dd5f4a8.jpg,59.353714,5.408325
1e54e04ce6a64da6980207baa680bb10.jpg,41.377892,32.160141
1e5f585799f74b3dba2b078d657f190a.jpg,37.173122,34.723022
1e759c116f8347deb56626d5056683e6.jpg,63.061565,29.898438
1e8f0436d424453285206d10fa06e562.jpg,38.198154,16.092468
1eb5d6a8160945309fbd67ad04324340.jpg,46.494648,4.207626
1ecb431d26e64fcea1d32b36cf4190dc.jpg,53.185715,9.899673
1ed8d5ad949247a3b6f31848b9ef602e.jpg,56.025288,28.546127
1f07a9efc036468cb44c0fd3b6de04f2.jpg,66.145569,-16.698776
1f40726187bb4fd08a188e8838e77bf9.jpg,64.681374,29.530579
1f5465fe05d94351ab774a874bdb5afe.jpg,52.588818,-2.8862
1f58a7c9297c4947ab67127fab260469.jpg,37.913486,15.126266
1f7f67019f4b4f02bb7b27b45a474fd4.jpg,52.23325,31.509888
1fab100eeec542179373f478b7b2dfc1.jpg,65.590172,-23.973251
1fb38c2316df47b6aed611e0f466cf07.jpg,43.175896,-8.473221
1fb6cc61ab2f4c6880200ebd57006ff4.jpg,37.699291,27.183426
1fd264ca899b400b99e415251de59659.jpg,51.072563,14.414841
1fe6b79e9ecd4f64b39d69bb9d623709.jpg,62.095894,21.521393
1ff211ad04c840b582b5578db344fbf6.jpg,52.6105,25.494949
1ff5004cdc554dfe8635996b26d2eff2.jpg,37.903316,32.575897
200c7552e67f4081af821c1c08a639af.jpg,69.43972,19.175903
2031664e5a0d4a0591b488e9e64a428c.jpg,42.643932,12.261993
2046d411d9054de4af7f0516af79b997.jpg,62.958397,15.499832
20975fed3fc64509b24df68793f40584.jpg,46.17934,1.093323
209e70604a054868ac4d54455667ca42.jpg,43.517403,13.42894
20b86e4f67684aff895ac8ae9dbdc859.jpg,66.896263,20.019226
20c9c6746a4d4248936160fdc36fb82a.jpg,64.884499,-21.553314
20efc761f67944219c409d3f5124cfd0.jpg,59.173954,6.450409
20fc818a0e1149c3adcfcbd6ccbf54b3.jpg,55.385296,-1.926697
2124adb04b7448c392e93752c4bfc99e.jpg,61.876427,8.700104
2136e9ccfa444b59b44acd55029f61a8.jpg,38.291515,27.232758
21575b672d2c408989bedceae438abc1.jpg,62.227051,29.944473
2157f5bd14f0457db7319f1d76e3cef1.jpg,55.720863,13.988785
2163ea4e689e485b871fbf54df0bc127.jpg,52.943977,-1.325439
216ce346206b4079aa3af60941481ed3.jpg,69.333282,23.951767
2177e88db6c24098891696ece8ae4421.jpg,37.740978,27.290527
21803127a81f4dd699de2d921b46378f.jpg,65.566788,-20.002411
2195f4bb458542d9b3d12b44ac201b88.jpg,53.122013,11.562195
219e8d5f9e0747748c990d4d981af890.jpg,51.954937,29.485229
21a03d010dd34cc69a2ea4297a2e2822.jpg,60.903542,15.99884
21a4eab84dc844b4961d9e09d9736be6.jpg,36.829182,30.861374
21bbb80e61de4bb092f66b97dead378f.jpg,36.22258,29.885284
21e85764c320456e8033e432e7e31ff2.jpg,64.345192,-15.110611
22167e719f1a4e25aebbdbb5feb7d7d8.jpg,54.010761,10.236862
22175f77b7144a1ca5bb369c8ab3e6d0.jpg,50.43964,6.617401
22235e7903814fba802fc995d45372e8.jpg,52.699947,8.255798
225604804e6641859beb4dcdab31ff95.jpg,62.468285,6.334045
225809c23a1845498f522b7a5a75b6ce.jpg,52.891438,14.39389
22a7d90cc717411391ed71e638058066.jpg,54.676693,18.402344
22ab90f3bee2441a929353d1c60019ee.jpg,66.362762,20.245987
22ea87bb8fd24a64b8404a20a7ed26a7.jpg,64.343842,-15.014816
2315d5aa814e45af930a0e36abec4bd1.jpg,64.88591,28.054657
232dcd5884b74377a2aa429d8dcc3852.jpg,28.073666,-14.465302
2337c1ef65c641cba0902cd4ef184f6e.jpg,65.582764,-24.094009
2339f229320a46a28a3f0515bcef9284.jpg,60.640236,22.935898
235ac03ebc6f43059330b3c62eb92d20.jpg,62.116817,7.452209
239edf25f2c34439bc3a64e9ea281288.jpg,54.615585,8.87117
23e7ae8664cc4b7f927a7db74d035603.jpg,40.182339,18.143097
23f1312477ba45908c0f6c15039ee76e.jpg,42.519264,-0.648743
244bd3d57f074aff93bf88d1c84b3992.jpg,61.776009,24.416443
2452198c81a442119140d88016211665.jpg,70.855194,25.861221
248916781df64d53955ad438bd22acf8.jpg,65.245071,-14.476654
24c0a6492736429db00c6306c26d1a72.jpg,60.231606,17.948486
24d3dd841cd249dfb5c985f59f1f5889.jpg,63.404648,25.598877
24e1409b8e0446618f0aaaa4eba0f227.jpg,58.336151,6.912216
24e54094be6f4b3f90c463ad53660465.jpg,39.611973,40.08226
24efc35f4d5e4552b3af7a874b47113c.jpg,61.119522,23.200165
251188d6e0a64d28ad706404835579a9.jpg,52.036072,-1.822693
253b4b3bf2fd4298a8e7b131c4887251.jpg,44.208244,5.027054
2587c6b1e2c14f8fa8b5f994c67f2064.jpg,58.769512,9.274139
2595e955c6674c3f98c9cfd4d9919779.jpg,60.6073,5.572433
25a09d3b58a849ab9c334ddc6a64e0b5.jpg,52.653564,30.784836
25cc16e6d44e4155bd193a0883170475.jpg,48.199173,12.214279
25d315a1d11049aa9afc05fdd3290580.jpg,51.936859,13.908371
25d8d31c3ebc489aa4145a310aff785a.jpg,65.633972,-17.897736
260d7251c9a54f8b8745b77b44860fd4.jpg,64.602356,-21.785187
263737123f8144f494f958454e143064.jpg,58.865242,9.326401
2638a8f83aec4678a89e6e47d6e16b3a.jpg,36.805843,28.63623
267f8c94f7914761a5e931db24b26026.jpg,52.196743,27.900696
269ccca0c08f4073b7526cd91f6a9e05.jpg,68.477509,16.724442
26adb07275554b6ea77239d6ec36c5b4.jpg,48.675331,8.33252
2729ed269788452296694468ccd76b6e.jpg,52.163189,26.132858
27443e65a26c4b4ba463dffcdc579f13.jpg,63.536785,-18.503082
277525123d754e12a64e328ee554900b.jpg,28.084648,-14.385895
27810c5f649d4df5adfc36dc79bfcaf4.jpg,48.939171,7.462204
27a45ace757d43b88641440b5961124c.jpg,63.43351,25.626083
27e0a0d63a654e1eaac9013b8b60794e.jpg,67.530891,27.965103
27e6f19057bc4ed3b4ff71ceabef428c.jpg,37.1982,14.408524
2850248701ba430a8542681715b124be.jpg,46.411396,10.326767
285f6de0549f45a8a1f05769c60cb15f.jpg,57.552746,-2.866379
286d7fc6d97a45d6b72bb622a3e15a65.jpg,68.065971,25.272232
2877198eaf03445d98ca77857ceaad52.jpg,58.519932,-4.652847
2880bebe082a446f9cdd06949c8f3a33.jpg,62.988102,29.910065
2885547bfc074bfabdaed95faceae9ca.jpg,62.476173,6.21994
289d64476976478887ef660363f8b7ac.jpg,51.394379,23.398041
28a03acd8e994a3c9710189b61b002bd.jpg,48.766819,13.200592
28b0552babce4f89b32fa4ea61c1a73b.jpg,61.94981,12.892715
28fb1c07040a44e1bebf48ceead873f5.jpg,49.131397,8.072617
290aecfd1d2c476b9ee1eda10e081cd3.jpg,41.631443,-3.364639
290d1e1218434019b0031f72e2b65f6f.jpg,51.76606,-4.805695
29146aa4d1e34b42ac5ab1128cbf6c31.jpg,40.606579,16.360626
292084a2b08b47a2835e9ebb74d0bb63.jpg,40.240494,15.579376
2932311f72ab4bb285b7557a8677c378.jpg,53.706234,-0.570053
29441a6e04484772bcb1ce875a87814e.jpg,59.972233,6.534729
2987ec28f24c4b75999f030df6a95230.jpg,59.864151,17.190567
2990d67b71414121bd54e8ef4e8fe8a7.jpg,42.36412,14.161697
29ba09ef3f0842f7924ba952fa364d54.jpg,70.999001,25.646515
29c21ac0e4e84fedbd6956b251efde88.jpg,55.833069,28.636444
2a043b64799449d7a0845ccca0e1a24d.jpg,57.573559,18.497406
2a068fcd54e4479ebbe25d6e81613e17.jpg,41.668236,12.916458
2a324af22f80415bbf0ed3ca20a7e965.jpg,45.677544,-1.068268
2a32fbb0666c426fa9818aac2b918c87.jpg,39.649326,40.119888
2a3fc9652f5044179b4f11220f6c36e2.jpg,52.329849,14.178192
2a6fdf4e2e3344b88056bfc26e547688.jpg,39.542892,33.752808
2a871c5d0b944d918be271d610e01771.jpg,49.725456,8.301727
2aa0af9c9dec462bb76e055ddd24420d.jpg,48.56192,6.391174
2aae8df62ff24bdb986c8e038e952cdf.jpg,39.373455,2.975769
2ab586b193ea47eebeb61c5f56739c43.jpg,40.646454,16.424896
2acaf7cb8f8c4964bd71eb29ce910945.jpg,48.003113,-1.591354
2ad3437cacbc4533b1feaa7cca32261f.jpg,50.246742,11.002869
2ae787f1ad9a43b38c7146adbaed4a50.jpg,41.427105,-2.573212
2aec592e61d7461d929c34c5c998b5cd.jpg,69.324181,23.774704
2afca8fd8e4f420eaea3b5c2fedf228f.jpg,63.145729,29.85173
2afccf833ab6433085b5dc6fcf71c56a.jpg,65.03125,17.399704
2afd5355afe54f8fbede6e5ee12a8318.jpg,50.16785,-5.317123
2b2fbf2844c2479bace76066f08b95da.jpg,37.358521,30.320984
2b317e45851d4934a8e58bdbac306669.jpg,66.267044,26.097275
2b87816b3ae14a068a7ec972748a5d32.jpg,40.933643,34.780319
2ba3357dd4b04099a5c487a7b5bc1662.jpg,61.195015,21.904617
2bd4a7a82e544ef1aa4fc87fa2208b65.jpg,51.82402,9.701141
2bee819086c04c35ad18c0e229999df4.jpg,42.128113,8.681503
2c2a9d20711d4d738e088a41d811d5a7.jpg,69.711578,18.917068
2c791b35a4cd43529030ef0896e28193.jpg,64.195152,29.275146
2c884c54af0d41aca461be23a9d6e52d.jpg,39.426762,31.398636
2c978d1496484cd69a196de561a24f21.jpg,44.197006,-1.103683
2c9bfa39243d4546aa31d1b1953e1ecf.jpg,46.3778,2.159485
2cb208994887494ebf6e144a5e60db25.jpg,37.893993,15.077484
2cd0f7eadf9443ee94f852445b99a835.jpg,53.063232,18.294754
2d0af4ede54b47909d733b96d89096ad.jpg,40.658302,8.52652
2d1ce3ba851a467cb37ce87096ea1b4a.jpg,40.562489,17.695511
2d2af55948f14810bed114b93c786518.jpg,63.412048,25.656372
2d6998aa48304015a4e337141c612a98.jpg,58.208355,6.793106
2da122541f9e48d3b7aea66bb4292547.jpg,64.49379,21.018356
2de3dae1776e4cbea09980a6fecff4c0.jpg,36.770359,15.038925
2e0c5d49699449a8bff7ed25538d4554.jpg,64.691299,-14.383728
2e26914866984a418552c1ea97193c3e.jpg,52.388481,22.554688
2e3f9e65107740af9d2a48a75caa849c.jpg,69.275284,15.92804
2e5524544dcc450ba2cb31d5f0843331.jpg,41.011292,9.108322
2e63f03aab474b7b838b29dcbbf6a988.jpg,56.598198,-3.338669
2e92725d03b04a7487463d66be564ebd.jpg,36.786968,15.000397
2e96d96f6eeb4181a196aa3d4f6ddbe3.jpg,54.550327,9.704681
2ea07edf3f0b42e6bc0119658283b282.jpg,36.85244,14.444916
2eaf19d5265844b39dda10e55ace92ee.jpg,55.600578,28.751694
2eb8ac2b37c044c6a90c2f71a9060a7f.jpg,38.142803,13.206238
2ed23ed25d534a6897548d6a61a1b2fa.jpg,40.837482,35.585663
2ed6d27e96a647ccb8945009c38d3f11.jpg,43.224655,-3.53183
2edb22c2ddbc41b683aa4df5c34f99ea.jpg,39.650608,2.741226
2ee32346f0a941a8ac8a42556854e0ec.jpg,44.146191,5.136414
2f01da10e77241528f9a05bdc8de30d2.jpg,64.863998,-13.889908
2f1589ce03cc437ea048b11c54f26873.jpg,64.182266,-20.073669
2f1c3e30e4dc40a4b03589d8598f045c.jpg,59.831619,5.268539
2f1cb50928ee455c8a1fb8a105bc33f2.jpg,52.185127,26.155304
2f22b4f1aa474a949063e7dff7eba58a.jpg,67.536331,27.960953
2f25f61a67234596a70590c3986df132.jpg,48.319576,2.295715
2f267692df1e4234bc025e8b3bd386d8.jpg,59.904221,17.084503
2f504fa7705141e5a4b86550fca0f698.jpg,69.834755,29.527298
2f5963c4f42348eaa10e22f5d066e18b.jpg,62.260796,17.300171
2f8431a1c1754faeae8e7b606aa90c78.jpg,51.707378,6.443787
2f84da2f2d114f6989b34e5d08a6c865.jpg,43.219551,0.252914
2f9ac6cb2655463c868d2ffd838cbb4a.jpg,55.178009,-3.070572
2fa37abd7f1945cdb48a2810af7b0730.jpg,63.795288,-22.526428
2fb1ab821d5c481bbfc7217ab1f8eb13.jpg,54.053631,10.320831
2fb6521a5e534e47add6001d55da7b95.jpg,64.247421,15.453995
2fd97725470646bbbdc936455393d932.jpg,65.996887,-14.843033
300dc4fced8743d290342cfc562775ec.jpg,61.791096,6.434418
30591fe5c77b4389961129e98210bb67.jpg,63.957458,-16.667419
30928a2cdf52404dbc2674ec315157e2.jpg,63.383636,9.379868
30ab3ceb2f7644adb34f0dcda60dd1ff.jpg,37.285992,34.75177
3102b815995b4facaf370e4eae07f616.jpg,44.635937,7.355209
3104ab976f4a4786a003b45f6e9eb12e.jpg,67.778137,20.615723
310a5cfde2284a03850c4935f4e010b6.jpg,66.353203,20.09285
310d86947b89459c854b167d62ce3e22.jpg,65.693558,25.241501
3118bbf1bf984c1fb9fb9cca9a848ecd.jpg,56.240395,13.615509
311954f2bac04b8589460f0459dda087.jpg,59.080456,-3.24263
313995e480f244898485f1d59bd29d19.jpg,41.410358,32.08786
314ebb1ff381440c82b14513e627f958.jpg,36.853195,30.866821
315c807d0d8d440f9eea57b15718acbe.jpg,61.31654,28.61113
3171c782ced9444f8f8f0cad6bd7b9a4.jpg,70.941132,25.730591
31784d8ea5594e2dbe3850436592cf83.jpg,55.364922,29.172501
31b36e32073745b2a981cc377db2659a.jpg,53.757824,-0.574371
31e371aed9094747803cebbcdcb3445d.jpg,50.294483,6.657379
321a4c216c8a494c85b9a913354411b6.jpg,40.850971,14.453995
321ed577a5384306b87098bca7f8c845.jpg,53.496937,20.820694
325c794e45444fa49e2115ab5fe646fb.jpg,52.886204,13.706421
32746db235a2458f9c5a42c21dcd1d9f.jpg,63.949326,-16.616913
32797526f2fc48dbbd3ed9b9c18f93f6.jpg,64.22084,-20.079468
3284376fb1c745ae85b9110d950acdae.jpg,46.069847,0.079758
32851bcf40b040e190b38b48a2d5705b.jpg,40.186314,38.119598
328b1c6a3f9f4a1c8dd26545153c463c.jpg,44.696507,7.322556
32979b4ca4e045cba4a8c55e1450eb10.jpg,67.749802,20.698456
32a313b0091e4e28845867e44a4f1b32.jpg,49.988667,9.08783
32af51dd8a77414d8666d4fccffc9c6f.jpg,46.486141,4.156021
32ec658113f241c793044e472309a2b4.jpg,51.855526,9.680145
334e7143f4fe4da7a9d3fe5d108878f9.jpg,37.610523,-0.879211
3381a580701d46e481d83e27eaadb2a8.jpg,52.536282,-2.847885
3388d95b00e44efabe38003dad60adea.jpg,43.474621,-5.646225
33c55c29ac3642c19e3d13af6fb28fe6.jpg,43.732594,1.019669
33cb74b2224a4f21b0670d5532a9a3e9.jpg,61.825699,22.598053
33d4f66a98214555a32e66ae00a5341d.jpg,43.219597,12.685562
33df7c1f2f014136945177006411f04c.jpg,63.94783,-16.75827
33e611d75f7644c5a5622c8a44979069.jpg,51.090836,9.861084
33e913dffc1d4b8fa2a6e0711865557a.jpg,52.720345,30.784424
34035fc75493492c9ea315c50647e3cd.jpg,40.77911,30.600525
34134d9c97d840d2829b1ed9fca95cdc.jpg,40.421604,36.368469
346225243de14ff983bf40e296cc58ef.jpg,39.013092,-1.962601
34964527ec694e08af0273f700fcd44d.jpg,42.595371,12.218094
34a5e2c0c8b34f8ca0370733a0ad0a07.jpg,41.363731,32.170868
34aecc44290d46e093b464a783f271dd.jpg,41.625919,-3.365952
34c545d46b024fbba2f986cabbaad607.jpg,51.676487,-0.879669
34cc142ba1f64e16b8bc61ffb848f967.jpg,47.728905,10.13652
34dc59a0007f4e3c96f350512df5c04b.jpg,37.905518,15.017517
34fc3e3c8a3448bb861514538bbc348e.jpg,39.021553,-1.971161
352a454677984ecdadd48c76284b583f.jpg,67.147789,20.894272
354e7739832945aa8ecfaaa98c20cd99.jpg,51.418079,23.365295
3550241b32cf4ddfad9a9d6384fe5db2.jpg,63.756153,19.983658
355e1e1c141d477d93b9d1d5b606f802.jpg,52.333279,14.207199
3575a113bc4540af80316b78d237975e.jpg,46.407017,2.135315
3578f4b6f25c4fa3bf993e70fed63809.jpg,53.617096,31.529312
3594026be20046ffaa9c763ed9445e67.jpg,68.395767,22.595673
35cc967d772f432994f31bbd7bf490bb.jpg,52.204376,-0.195938
35f311bb1af04cd09310fb41e1a7dfd6.jpg,69.273613,23.929031
36063aa6cb1f41a8bc28b79ab3f8ef2a.jpg,51.963341,13.914001
365a0fc10f054134adab2a036490c1cf.jpg,65.986572,-14.874664
365f4dc6d3dc47768679dd50293ff870.jpg,64.593666,21.000549
36879b954ed444968162268ad64ae009.jpg,57.823895,13.220596
368c6a8855a343a99c433ce261c78df6.jpg,49.978348,22.090439
36a8b9dd5a4242d3b00e4da275027c81.jpg,51.592331,21.535629
36bb109a1044404a9d7f40c7ec97e59f.jpg,52.193913,10.472839
36bfee1df800428a8f62f3d527f44fc1.jpg,58.488979,-6.230972
36cc955aca494856bec40326e43f533d.jpg,42.609882,9.451508
36d28a7718714d7f8f78bf4c0cbf5b58.jpg,40.921711,17.117111
36e695345ea04536b11c2d6409cfebd1.jpg,57.933186,-4.911285
36f013b2c32f4474a340d03a73af2c82.jpg,59.80434,17.149368
36f1af6d0ff74d6885f109e3ca3651df.jpg,52.862293,14.900192
371c7db991e749b2928ffc699ea6c551.jpg,38.285351,30.067307
37448e42dc1d46d3ae102ca61af2896e.jpg,65.55722,-22.35556
37660ce4511b4602a0bec2bcaddcb32b.jpg,69.255615,15.99765
37aa25c0753149dbaa1e0b161f54af5f.jpg,51.7057,29.137482
37be27bfae9b42f9aa21d2db49ff7cf1.jpg,64.891052,-21.52005
37edc91a53324aefb5382f2e6eef2d0e.jpg,48.17453,5.274811
38004884446a4cea8d6c0b273c598ed5.jpg,37.858879,12.80809
381e9e459d4e4083ad19fe34af681c18.jpg,54.143894,26.596893
38674c660eff4d3699b87f44fa9cc638.jpg,41.774647,14.945709
38872ba0ee4b4e2e8be4c991fd2967a3.jpg,50.593449,10.27562
38be4db78813410e9a24b977768bd86c.jpg,54.354088,22.599533
38ced0809cbf4880b616006d7dcdce3c.jpg,39.079617,37.454178
38d5f01e0d0547a78112f4948659d460.jpg,62.39032,14.1008
392a81de193747c59bdee8185ec6f386.jpg,39.040833,-3.903168
392f07a1dc954bccb4ef009b0c8676ac.jpg,49.824741,21.336517
393e5259ecb3436c8d9c7e350b54a914.jpg,51.606422,10.895676
394f5f3609fe4f369943d221c00aa7ba.jpg,51.915146,21.037323
3961b2b157d24665aae22d3862b8fa44.jpg,41.376259,32.087067
396b7a2c276f486f9102adb9c23ef5c6.jpg,54.048149,17.258972
3973c1c83b8a4a1fa026dc5600f3a6af.jpg,43.699963,1.086685
39801628670b4e8b84a0a02d387e09c0.jpg,38.272594,41.034256
3994e905b8c648f0ba30273a46525083.jpg,40.977028,9.163666
39991856e47142969b9b6210b239cef3.jpg,28.045122,-14.377762
39a60a6fcaa54f9aa86cfb0012c27789.jpg,36.875523,30.821381
39b1ea2b4e2e4e94a47d66017ccc9760.jpg,41.961151,12.162155
39b3e32ba5ff4e86abaa7afe6cd203df.jpg,55.770348,-3.654724
3a1d52256ef64f2d97632bed7459117f.jpg,55.322968,29.73822
3a28ebbd9af24b09b1224aace7a03f4c.jpg,38.257893,30.048294
3a2dbc40a4d0445c95edcfaaf1d68c25.jpg,58.358986,6.13327
3a3c74c0f6744b43ae243ba46bfd81b7.jpg,64.781723,-23.75267
3a486e1f2a93468da40ce760d897b105.jpg,42.357941,-6.429749
3a5676708f004eaca7a0f90aff810d6e.jpg,58.416557,-4.528336
3a6b6d61e31948cc9d95cfa1128afb35.jpg,40.476864,17.691452
3a7a398fb3074d72974703ce3365122c.jpg,51.640854,30.303879
3aead48f4bb948faa62afeaf24b575a4.jpg,52.210297,-0.231491
3aed715b6fb0434ea64a13a52303a79e.jpg,57.938995,-5.048859
3af25a54421741b6a523aff5ee6d5f86.jpg,65.601418,-22.455048
3b10666bc23c4b2193b7aba423a3a868.jpg,60.859295,13.287979
3b10a76a78ff432caee6781dd83c4d30.jpg,62.980255,15.657272
3b21fad186c84a6282b4c2075060717b.jpg,48.208946,9.174286
3b29b9e6bfcd4c7695d4ef5dca96e98e.jpg,65.560631,-23.941696
3b4493b553f148ff9ef2c374a43b15dc.jpg,65.570526,-22.411453
3b8df2e9f89044feb21b97a1312fdb3e.jpg,44.236835,0.263443
3bab5ebf68eb4bcaa227eaffd40b27ff.jpg,40.734879,0.332687
3bb406e1d11a41f390e770a63b67a442.jpg,57.595882,18.451202
3bbc281c4b3d469e88f51e1163df99d2.jpg,39.238941,9.097137
3be155bf0af947ed99799c8c1c9e1ab1.jpg,51.074677,14.405426
3beec5eb5c9547689cf27ac8ccc70aa0.jpg,66.054527,24.780869
3c34487e59ff4d89a2158fefd90d5b9a.jpg,65.143074,-14.556274
3c36ae9d4cd84d48ba5bc91f31bc6933.jpg,51.565201,10.917816
3c5ce502c6554075863ec063607f7962.jpg,64.503922,21.086166
3c5de253445949689fb98ab68cfc9b23.jpg,56.836761,-4.792465
3c6b9b7c0b394a66921a66da900208c7.jpg,53.262794,19.115692
3c73bcc51d0e4e19a8b3d3c8a80adece.jpg,44.53096,7.375214
3c9e78462eda4e9a96327ba6d1ac0ba8.jpg,53.170097,-0.595688
3cee0248dbea47c58b07866dafc82540.jpg,65.253555,-14.390732
3cef19e51af84816b7a825f537b9811d.jpg,36.848984,-2.836761
3cfa30ca513a4816a6f2c1cb22d3786b.jpg,46.455399,10.299759
3d0f39d0912241c6a512d943cc51b21a.jpg,28.003115,-15.460419
3d213e7d0c6d4791a5e9dab7deb50827.jpg,38.994362,-2.081467
3d895af1abb44c86963fbdfd33386ea0.jpg,49.194386,5.689972
3dadb8e23651404ba0a171f482e300d8.jpg,45.102055,8.165222
3dcdab8ca3a642bea13f6b727798b917.jpg,43.746902,6.997726
3e00030c1e514a659269e0ff71ece70c.jpg,28.347692,-16.51004
3e39905f9ff4466f94b0598088763514.jpg,53.160568,11.652283
3e6b00e17b704b03b248b88dbc702032.jpg,47.893414,8.324142
3e88d9be936c4c36ae429ed5687d5041.jpg,53.185539,29.365784
3e8d7a50e5bb4a6bbc123687909e2199.jpg,52.102604,12.377701
3ebeb485c82f40e2a30ddd2b10e92d57.jpg,50.163769,11.241669
3ee1f8f7ca5d4ae5be6e355db16dad7c.jpg,51.916996,26.795044
3ee7d22323ba48398a564d34c070beba.jpg,65.445045,27.088974
3eff62513ef14e7e8d5c9ff721582bd6.jpg,49.443512,22.10257
3f04f3acdb2c44609021b32b5ea41052.jpg,49.296391,-0.096634
3f26d176b1a04cf9937b233a81b21290.jpg,63.541725,-19.632599
3f385e329e3943ffaa364a904406f3f6.jpg,39.459961,3.001343
3f3c50372781473a993be27b7e843c53.jpg,60.945515,7.209045
3f4e06bfa7364cc0b239db7eb6e0b1ec.jpg,55.68602,13.990723
3f55b9b51b7141f584254180fba6719b.jpg,40.964081,37.901001
3f8592d88d8040ba8d01a36dfc22a00b.jpg,53.208797,-0.788986
3fa97c24904c432e854237553ab14c85.jpg,41.040028,9.143433
3feafde4a3394553b48a30dfd1f273ad.jpg,62.188835,17.589935
3ff03d0f5fee48108e07ecd3a9fcb4ec.jpg,38.273499,27.131363
400c1300f38d47a1b2a45ea55e336124.jpg,57.492779,-3.076355
40430f5445084c0d8d9a19991738eaa3.jpg,66.710609,25.643738
40734bf1db144e118df8906f348a366f.jpg,42.189972,12.688339
40875e6e08444091a670d925a4563b7f.jpg,43.62619,-0.910675
40bf40bbd33c46ea81d45b7cb8d4160f.jpg,61.350655,25.064392
40bfb7970065497dbe1a26aaffb90614.jpg,49.499947,-1.432755
40d010d74c504885bba8fd2b86383f18.jpg,50.759991,20.41655
40d2298544fb4b788ede355edc2f2d7a.jpg,44.087231,5.055817
40e4fdf99b7846d09244ec6063428fec.jpg,38.06213,13.226089
4101849c560b4ea6a2f96f5997d71fc2.jpg,40.812397,14.465744
41315894e72e484d951302780e14e6b8.jpg,38.244461,27.202744
41663fabdf9d4162bd87691d41ce99b1.jpg,53.036995,25.68869
418c43ff09c64d648cd7bc7dde5372ac.jpg,69.2677,16.024475
424d4bf3f0c04971a89a1b101d8abd89.jpg,40.749207,35.58345
42647b66082d4c0ba4174b4b24f7244b.jpg,53.391151,14.828262
4264b35af42b47b6bb344f3a235d0b14.jpg,52.762444,29.347778
426807823b2c4a56a3ce4adbfc74c5c5.jpg,38.426617,42.596664
426ce003f51d41d5b696ad5d441d0157.jpg,55.615654,-2.593475
428b6b9d05144a58b0f7e94739ccf22c.jpg,39.658165,33.906036
4299c0bd3def41e1b1c43eae53ce5bff.jpg,51.931576,12.981766
42cabb73913346aca3ae612cf38eb389.jpg,38.793018,33.76091
42d41309baac414b92ec95bf42742b45.jpg,39.614166,33.086365
42e73fad090f45f5bc768bec775f6b0c.jpg,51.536194,10.869064
42f0fa948f3d4df786bc3a87e16dc6c8.jpg,54.709457,18.390518
42f1686e306a4cd799f08da48ea0365e.jpg,62.476162,6.247406
43133178965d47adab0fd7ba59522142.jpg,48.532444,6.471878
431e6fbd2fe0432286a748c4a9ee62d2.jpg,55.507519,13.282761
434f3f7fb89e479a8c8c5d40139fcac6.jpg,54.260742,-0.841751
435d96de5ea84adb90f89fcdd275327c.jpg,47.087452,5.586273
43687fb7c3054296aa32f07532887e7a.jpg,51.647724,17.832397
438307a4048745c4a91e2f8dc0fbd131.jpg,50.324738,-5.00589
4392284d20824975bd07bb802f1df2f3.jpg,36.395123,33.343933
4398aeb5544148bca8c7b7c3d27e08db.jpg,53.142265,25.944
43fe1a796fc545f4bb50e9a064a0018c.jpg,52.979229,29.854263
4428f961b3d54cc1a9d4188b8d987b05.jpg,51.56057,8.408997
4474aa4589364236ab81462c8bd5ca6a.jpg,53.317459,19.148422
447624250bd84af9899c45a6d323babc.jpg,40.12561,18.317139
449824ff732b47b1883c839b4d2584e3.jpg,64.551636,12.780182
44e1e6a9b8bd4ee18220a5860786086c.jpg,57.5583,18.427521
459052cfe54d427ba3398a9f06513a53.jpg,51.869747,-4.94342
45dcb8df7aeb4f7d9ee274c91fb938f6.jpg,64.179977,29.398453
45de9fbb3d2a4c99a09324075cab043c.jpg,40.484657,17.662476
45e4ca62f1a34f49a92d1f3f5be7c36f.jpg,42.765911,-8.021667
461adcdfdcf444559b88e9aca1e67489.jpg,53.428734,-0.11087
461e9acbe3e34e0cafbe745494144c0f.jpg,36.875412,30.901062
4637984a47704eb98abd05b7ba55084c.jpg,66.047104,-22.967545
4641ea4452b34f63be7ca02114342186.jpg,43.724606,10.54834
464dab35abc64272b788ce814c186c92.jpg,62.239235,17.344086
466380f0cbf5429f9f101c338628b8b4.jpg,54.308464,22.594406
46717acde5ab4fb0921643e05840671b.jpg,67.11097,26.626251
467ad64ffdb64feeaa18ce21afaab8a9.jpg,52.550678,1.441086
46a40e9f91174e6190ff3a9de63f8117.jpg,36.29081,29.835709
46b696a343dd456aa0b267ff3be68bac.jpg,67.2136,22.893555
46b772e0752a4693b0a33ad6755d476b.jpg,41.799152,9.287506
46df2e1763604900961ff92e5ff7be39.jpg,53.884022,9.255295
46e223b5e5c64a5e804be402d3ef36ec.jpg,65.72538,-23.865448
46e2ebfb48cc4e1294ceefe601d5c900.jpg,52.03698,24.049255
46efc9eb07d940bfae75edfa3cd88d07.jpg,53.932186,30.399384
46fab40df4444c72b89fa9864411f949.jpg,47.973801,11.548752
470f46b43f894386b19de60a88fcc2aa.jpg,51.342449,-1.602386
4719ff19efe44cfca2711f156319efb9.jpg,52.496605,24.414032
471b6b5a9d284a61b22a5274c0f9b8ac.jpg,36.695274,-4.368225
471eef23b8c94ac990250515a4a95093.jpg,47.060722,5.503143
4741da1944c846aab6419a35ee57e1aa.jpg,66.863358,28.765884
47828953bbd142c7ac8d00b0707a7312.jpg,40.851025,17.123871
4785a464d1c34a92b6fc4cd65b24411d.jpg,50.128204,3.227966
47934186e459450b880e11160e8ae18b.jpg,52.364311,17.329163
47a0590f61b940c2b01b6ab670c6119b.jpg,39.54567,44.072403
47a54a3c7fae4aaaa609c790c9f0d3a2.jpg,53.062572,25.738373
47c8fabd5b6f4a14a17b7bf6bed5aea7.jpg,45.209507,7.922699
47e86b0904494b8bb5a383e940d823dc.jpg,58.400627,6.165649
47ec3501c3624669bb9805edf194ce9f.jpg,50.429588,-4.660904
480749c6aa2b467b877b181e28c57ee3.jpg,58.379074,6.187546
482ba6a89d184d60bc992b558bda29a8.jpg,49.859016,21.379013
4838fba30f1f413897f3e4b7399c1c04.jpg,47.912212,7.067642
483efaedac404ead9394edddfbe621c6.jpg,47.232594,2.426575
48b50c4cb44d437486d65fbaab13bf76.jpg,61.79631,29.684067
48cc426c9ec5492a88a9e4e1469fc999.jpg,63.506813,-19.467804
48d4e60fc51e4956b0a6580f173567aa.jpg,40.664734,8.514069
48d7648d07d04bb1872e373930069f8f.jpg,58.396488,6.266708
48e72dbc1f6d4b00b7a8eee27b3d87cc.jpg,64.942474,-14.045975
49038d155d124c22b4eec5bfe8ec4270.jpg,55.183975,28.841156
490f0e205c6344c5a53aed56e1885f67.jpg,41.700264,12.899597
49204960fb0948a9a6d06609a3e5d9b5.jpg,37.440132,39.485413
493880a90d5048f5ab15a4e152bca08a.jpg,36.863403,14.480515
494d0f4a7cc242cb8ebb5b61284e5bde.jpg,56.602329,15.565216
494d8785a59749efa38732af2a5165a8.jpg,28.002638,-14.353638
49571bd8f3554fe0aa0ce66f824c67c0.jpg,47.165352,2.262665
495f9e7dcac54734b6cb1a0e4acd7866.jpg,39.646873,-4.067734
496a1ee345b44614b336a3433a9840ab.jpg,52.137226,27.437927
49c92e107bab45a68d1de881aac45559.jpg,58.73278,5.599701
49ed97d7c57c485e9a515a4e19f95207.jpg,45.269798,8.037354
4a0698f479bd42c3b5a6fda3eee168fb.jpg,56.637287,-6.120468
4a12e8f011ff4251bec9ab0e8dca37b1.jpg,62.058041,11.713745
4a2ca3c02f614d86bf938cf40ec46190.jpg,50.877064,-2.816483
4a597546eff94bf19fd83cbb38bd48f4.jpg,37.697697,27.257111
4a63c0a7d63348428c544bd319517686.jpg,60.446026,25.088898
4a7cefe87c8b47d1b8d6ea9c4b327d6c.jpg,37.428066,15.001236
4a9fcd8d707242d0b493a73462cdd331.jpg,37.150204,34.711151
4ac4907e44a3464c81ecb050eb193844.jpg,54.543652,17.509552
4af199ef0e234b088276783b7be07f2c.jpg,65.386696,-14.701187
4afe1c8b99a24e96b041e6860a97c729.jpg,46.581654,4.435013
4b040d12e13d4c45a5707ba6d47f4285.jpg,63.05785,21.927872
4b251a782f594155af32db2b5b59b3da.jpg,39.694241,40.046127
4b365300602e4198aad80eccea256ea8.jpg,50.779327,22.633347
4b401b51c7784c80843aa8f6207728ef.jpg,41.765114,-0.754608
4b446c83a662444c81fda141695258e0.jpg,53.179417,29.33815
4b46134366884118b98a9c9080388c88.jpg,53.260303,10.772888
4b547f4591bd49e99cffe70ffb8ba4f1.jpg,69.458145,19.238083
4b6af62dcc704972ad376f867aa37979.jpg,66.625374,15.986176
4b8b0014f6354264ab32540a10c3d8e3.jpg,54.6334,8.872635
4bcaf4b3f8b64d6695f0cec37ace7bf8.jpg,38.012165,-4.403885
4bd03c53cfc44fa4998329530f3108c2.jpg,63.528782,-18.483185
4c05685f454f486bb8169de5ae685652.jpg,55.676842,-3.628647
4c06f705a17c4f20acf01e5a31779388.jpg,42.09824,8.687042
4c18fbbbe31f46c68ea573ca6cebb240.jpg,64.544632,21.150848
4c1ffccf4c0245438cac1346e051e9a3.jpg,58.39045,6.161423
4c55ff2937e64d8c9fa665e4c7768c83.jpg,51.587132,21.578568
4c6b5d445c2742149cc4f18e96e076db.jpg,54.689468,25.936401
4c737bc1bb524231a7a1c0ddea86b379.jpg,49.809269,21.451736
4c91c2f656b44fe986234efca92ef3af.jpg,53.209011,10.689804
4cbc74ca253a41099bc3c71e77aa4c33.jpg,61.2803,16.971558
4cbe4982014c464ca09a61f6965803f0.jpg,69.657791,29.492783
4ce91b93e6704d00a2a91377b56f8d7d.jpg,44.567612,-1.006119
4cebd278f470458ca0405fb6eb9078ad.jpg,57.605595,18.525986
4cf8866dcdcb4eb5afcfa8df1e561a0b.jpg,50.326164,6.493073
4cfc269120f74466a3104dadc3674ade.jpg,67.146194,20.823685
4d01ed0a72ce437abf35e6b38acd2eb2.jpg,55.062862,29.461609
4d18d1ab43b749489155baa290d78318.jpg,55.808437,28.609375
4d21bb8e42e74b0792be0c63a1337e2c.jpg,53.5825,30.232498
4d3656c4db384d04a6d5d10fd984af34.jpg,46.459301,4.28862
4d3e57d34421418c97dcf4c9306b00ae.jpg,65.867592,-16.538025
4d4a388a711d42b29254d8bb9de44619.jpg,64.616844,12.590408
4d55a913a2944764b1ddc54915bdc6ee.jpg,40.998001,-6.209351
4d7d0d740b2c41a39b9323d77622a1de.jpg,43.278252,-4.660675
4d8d1539b58a4ad2bf34fc4542143559.jpg,52.960197,13.830704
4d973e49af3642278db9d9f5461c853f.jpg,45.615437,-1.000748
4d993eece8e74f3bb3d444371f233f7b.jpg,50.130367,1.632904
4e163aa3949b4c119dae3839bf8b262a.jpg,40.804745,39.182755
4e23ea02049d4e7abba50f6df36b8e00.jpg,51.67239,30.36882
4e59f30092e5473aab391ecbc4b864bf.jpg,40.924236,14.436783
4e5b8e276ddb4c3e9771bdb5ec45ec3d.jpg,39.660145,40.063873
4e79734c7d7b4f8fad01169e51f975ac.jpg,28.747305,-17.889984
4e7b2009801641b5b4d461b566ec8c2c.jpg,51.571548,8.397049
4e7c64cc750942c09190f11aadc7f38e.jpg,50.23402,11.15863
4e9acefbb4a1438d9d6befbdb02558cb.jpg,61.336563,24.958252
4eace20174464bec8776706fa10f694d.jpg,54.85379,-6.303406
4ec5977602574c3486d96c2dbe4ecd8c.jpg,64.639961,20.972534
4efbdb5dfa3f4faca312dc14377ad428.jpg,52.209049,27.438507
4f4b1488a514490f9bb4fde0dd41a569.jpg,41.500008,1.753891
4f55ceb1e04c432aa9dbcbcb78a403dd.jpg,64.589684,25.639587
4f925cc05fd044418d2c3760e04ad34f.jpg,69.279175,15.899673
4f9d7ecae1004e178a363ff7cf148329.jpg,58.540905,-4.74472
4fade7bad7ad495dae2c415b9fc38b2b.jpg,64.222351,15.495468
4ffc082107ff48eebae657fe2a57f50e.jpg,60.708435,22.984985
4ffef0d9a0f748e4b2bfec82a7462941.jpg,38.721634,33.670807
50241e6ff5f2494499c9c28273297523.jpg,68.543144,23.325867
5029620cbe424a0e88c51f263fa97641.jpg,52.427406,-3.854202
503c630a9f5d45d786288e53aa47fbaf.jpg,40.419571,36.346649
504c01fbd7f948bab5d036754be081ca.jpg,63.701065,29.160004
504f6815183240e3ad017fe00c6f29cc.jpg,65.770721,-20.202332
5094ca9feb70448ebe7df5dbd662b0be.jpg,53.066944,30.523209
50992286a9cf42d280ba3332f4c093ac.jpg,40.247093,15.503128
50a162a4beee467e89639ea08fed64a2.jpg,50.364441,6.767029
50b3839e172749ee88a791027ba8f520.jpg,58.497612,-4.776672
50ca36cc74db48af974567c4835784d2.jpg,39.360977,-0.417236
50d2cfe5179448ecbd601e3f7acea50f.jpg,43.698723,10.574982
50e6065331ad4dde83bd7b1c354a9e9e.jpg,40.582577,-4.743408
510133b836944f829e57b184cea115cf.jpg,53.491425,16.210754
5124fddabc2d4731bd68a5aafc5b0ef7.jpg,58.010666,-4.949051
512793eea9344579b442fbb5a821bdae.jpg,65.165161,-21.11264
512f9f14668d4260b650bd87b710d413.jpg,68.761032,17.89856
515cc657eb2b493abce630125c32f149.jpg,38.669018,27.892426
51791d443f3443ec82562488cffb207b.jpg,51.643063,17.730286
51969c8fda3a4dfcaf8383444db364ba.jpg,61.134293,21.76944
51c4a5842d084831a6c9a34b8ba8cda4.jpg,54.602222,-5.780624
51caabf347744f5e85dd064e6f396bec.jpg,56.144005,-5.368164
51d32f2c273d46db9389b388f2d3e2fa.jpg,65.976471,-22.952972
51f7ec390bde43f59796f6fa039102c1.jpg,50.276684,19.072189
51fe37bb132545b5bccbd4fc60ea2ef3.jpg,60.280319,18.057953
51ff73ca1a1c423f97299899ea8ce848.jpg,39.348454,3.130264
522c4f5f6eec4e56b1c68e18bd6adeb2.jpg,43.204758,0.203842
523be50dae824254b39b7048252d56bd.jpg,65.563065,18.632339
52432de5025e45389300a4c0c5b138dc.jpg,53.524078,13.249496
524ef20afd9e41298e540bf8b155edca.jpg,53.15987,29.389053
5290900dd6514bb78e6bffd53b69c72b.jpg,51.811234,-4.916412
52b6bfdef2e0423ea7722ed5796ea1bf.jpg,51.949718,29.847031
52cc25d4436d49c3b8f4c3de293fba6f.jpg,39.403454,3.043884
52d03a067ba8442d9cb4e4ac294234b2.jpg,63.015614,29.834885
52d59491884846c3986cb387732c38df.jpg,60.28141,17.917694
52e821a14e9549cfa4c34fdebed19753.jpg,47.513405,3.756027
52fee049639146acb99daa70c7464af8.jpg,52.359829,14.210007
53277bf946354df59738b99a7cde3ea6.jpg,41.711906,12.890747
53423efa9b5f44f09d8e179c92584f3f.jpg,36.915436,30.909714
536c56934367455193aff3fc88bb7d98.jpg,39.174896,30.954193
5389c14346cd4a43b8b7d54abe4e0d23.jpg,46.669258,12.052872
53b2e1598f9643fab259313192155544.jpg,66.018364,-14.872543
53ef513c3f3c4d94a71b55d9a40f1afc.jpg,39.672211,40.161819
53fea3efce53420ba05f9dbd24c68183.jpg,38.749691,-3.381195
5400824d6a7a42f2942cb464134856a4.jpg,55.589294,-2.533905
540e939b33074ab0955e8118909e7617.jpg,68.386467,22.556702
541bed262cfd460aa38c8054c4a5b479.jpg,53.579609,20.990585
542c34ab6ede42c8892df429d9d9b718.jpg,36.674194,-4.247437
543b212e8cbd40fd9fd78fd5896bbc5c.jpg,54.337143,22.353043
544c56c84d764004bba389586c926afd.jpg,28.024387,-15.563202
545539d570f24516a88fc6ca80bb2fb6.jpg,53.358749,10.762436
5470e186bd2b48238de1ce85e67a6b5c.jpg,47.601986,10.748291
5474bcf406d74205a9dfe3b671745aac.jpg,50.516365,-4.621872
54805a669e5d4e5bbd6f172aa49db9d6.jpg,52.022202,29.55806
549aa2de2ce845c0ae008ca26e33f306.jpg,36.434399,33.266571
549c88b6a1a140fb92260a09d87b6c73.jpg,40.580906,36.27037
54a469bf6eff4d0988640ecabc664af9.jpg,65.955399,24.005829
54c2da7a1d8b415f979e0c2485bb34d4.jpg,63.730217,14.366272
54c85c20a49d464c85de9b6d5c3e3781.jpg,53.875298,14.645218
54dc38e977414ba6a9bf537c9b482025.jpg,61.151878,23.289536
550ba3daafa544a4ae18dc77b4a1634e.jpg,39.666245,40.029266
550c39e0db6542c08f6147ff8074fc1d.jpg,66.292488,29.101288
5512db21f1014bcabb4213788ddf7439.jpg,42.669353,12.268036
5524ed281e58448ea145289bc0b5fd92.jpg,63.49577,25.896912
553541dba38042098a824e9189bad4bb.jpg,39.32003,31.395157
553a3af4973145b88d57cf21aa54b27a.jpg,50.326836,-4.995514
554c45972eb94f7289cd6841403dc5bf.jpg,63.569485,12.683411
55516d362cba4e4784b2c8db7428eed8.jpg,45.561352,8.490051
5597e178d2c7411aa44c2e6ef3af3eee.jpg,67.77282,20.613922
55a653ec50be4a209c1cce38e463f3ac.jpg,63.542545,-18.451584
55ad0e0cab7542e88a370e2ec1e14379.jpg,64.172577,-15.911514
55b24a68c5f14c559ffeb5c218ae7499.jpg,63.028172,7.401352
55c1ca2f4db649b693000c26706327b5.jpg,39.580814,2.765961
55e59a78082d4275b03c8414f11d9b8c.jpg,40.719391,-4.215836
55ed8c4566d843c4b7d5933757fefaaf.jpg,69.383224,19.190826
5601fe8177884ec1a666864437421f1b.jpg,42.827141,-8.084839
5607fc79dbe24f2aba2009ee568ee8e1.jpg,65.438942,26.958572
5651fc5024124c88ab9694fa5f04f77c.jpg,40.93401,9.113708
567db9038cef4adf99fbc6f356c7c3c2.jpg,45.29483,4.568436
56fbed0a45d64adbb869ddbf35d4acdf.jpg,52.465683,20.957718
570146a5f1bd4627a6bee5f1fd601bf7.jpg,70.12307,28.858643
570cc468093248bd9cc5e5d121427315.jpg,50.523453,-4.694901
57782fcecef3496395f6602592dc0721.jpg,40.822914,39.168488
5786dc3669e34bbd8843f04bb61bcbbd.jpg,64.180527,29.265625
57933ad7c23b48f7bbd073a1d0745433.jpg,45.647358,12.242569
57937042c1624cb9931b9a4e7f66e02f.jpg,62.574043,22.427673
57ee5e757108428f9e339bb10f351f41.jpg,71.071236,25.58609
583af2a4bd6f4b80bf3ab24790a5cc7c.jpg,57.591629,18.434097
5841297a69ca49319d5be116cba1f455.jpg,58.417576,15.344467
5869b14499484b3eb139696543c3472e.jpg,63.573509,29.060059
5879b473866040f89405bfcab395d7b8.jpg,55.368385,29.287964
587cd5f2988d48aa80d326a2f44bda90.jpg,41.646767,-3.386978
58c1b4bb7c514d3ab978fcb94b5d23f7.jpg,53.821598,-2.828796
58d03dc33c5c41b3b1a0c1924271d2ff.jpg,52.204205,10.529099
58f1dffab7d4428ba1ffb185369053f0.jpg,41.983955,2.91124
58f6edf518fd400f845cbf6d6ebb961c.jpg,36.396809,32.333252
58ff506a69c34179a4b467f6250e05f2.jpg,47.891922,12.544922
59251dc2118e413384bd2ecd1fc5263d.jpg,68.062836,19.924698
592655ba8cd14d3e91ef9afbe3141b27.jpg,58.346859,13.562698
59281770e1714ef8b8207de19ccb31f6.jpg,28.083052,-14.313538
593b944432964c6a9a5f5113e8521f9f.jpg,63.972446,25.846207
59617ef57ede46198264d463b0414f37.jpg,53.015015,29.93544
59691997fc1b478cab87ba4d1ce495c7.jpg,40.274128,-3.622452
5983ad82e2c04208ba8ccb04d5e4ca98.jpg,38.735447,36.248749
598fc55574794f3ebf97d29153920e77.jpg,64.615166,25.627289
59aaf1d8606348219b554f679701150e.jpg,69.15049,17.776062
59c685817e7c4260892088e3397d1b8a.jpg,47.265587,2.277145
59ed42226f1543c19bda3b63e680f573.jpg,54.269024,-6.462189
5a2b944edba94412b523bd2d44584441.jpg,51.693451,29.10994
5a399b7a42c045e59ff88ca427f48f5d.jpg,64.802635,-23.814697
5a5b8ae7775844aa916be59df59668f7.jpg,62.885059,15.676788
5ab4b133c1284d02a5483a189bf61492.jpg,52.616859,30.76442
5abcf7178ee54c6d917c861ad938d47c.jpg,52.363823,14.189896
5ac7ccb471204e2d973d2e15a10fc7d6.jpg,61.809006,22.680725
5ae1567fc5814ee19eb0c5bf2c8d9e79.jpg,48.026726,-1.652435
5afcd70f5dd4454ba0ecd21aeb1ea182.jpg,64.842964,-13.907791
5b3a807128b94a768fbeeee908dd43ba.jpg,28.061672,-14.441528
5b3de96759064dea9db87f3bf9859933.jpg,62.941811,8.500092
5b459c12ef9a4126b086334f9adc9bd0.jpg,64.833511,-13.864288
5b532f1cf4e243a096d22ca0c2949a23.jpg,64.533531,20.987488
5b77844c60634f6f83a0f1f0dfc3c749.jpg,64.579185,20.873322
5b996cc47f184967b3f24f9f3d76ec69.jpg,56.707741,-6.188293
5bd1c49055cd4cc3929200c0060ba160.jpg,56.541759,15.654327
5bf0bd90e0ec49ac88984987da438988.jpg,55.606567,28.244705
5c0eef96153140a5883c287fe38c81b0.jpg,28.104391,-14.342972
5c185a3a02484c609c5d946b2fff9a40.jpg,40.667686,26.83931
5c1c561425f346c2bf356a1479798edb.jpg,55.190773,28.894318
5c1cd8e6c27148d790372d45d4f082a4.jpg,55.64576,28.161942
5c4a49febd35421e8ecafbe257a7633b.jpg,42.625938,12.380646
5c5a8e498f3047dd90a52ff2ebf5368a.jpg,64.88842,14.160004
5c6204fb55d448f785f5a9ce9e322a9d.jpg,62.062908,11.687393
5c652bba5f7744da912b8ea5f106b30b.jpg,42.071659,-3.213669
5c7fd2f1a96c4a94afa17bab55c6a54c.jpg,40.823292,17.155426
5c8a817578c3496abb065b055a1690ae.jpg,63.946022,-16.665192
5c99c69e99e745bbb0067e7d28b0a0d8.jpg,66.680969,25.704605
5cae7961c78b4411ae735f501c260489.jpg,40.848324,14.349503
5ccf2dbd89a244bcb1d7709a22bdef21.jpg,40.635315,26.756821
5cd41cf107b94f01b42a9a194fc6f708.jpg,39.654354,3.218384
5cf72f6baf3745499a9faf25f56235d2.jpg,55.699787,13.933395
5d3c4a6b7d414b728dfcffc2f68063d5.jpg,58.522243,-4.724274
5d437ad7957145528dd225ae326d200e.jpg,41.466839,1.80249
5d63acb2e042462d98d2077ae7c46cc9.jpg,51.69339,29.120758
5d6faf6ac981422c84e31dd537e048b1.jpg,64.519753,20.861954
5d8e77fbb8f9461b88fd6a348ea4c8fc.jpg,63.651237,29.103561
5d912c29bdf94dd7b0f15c73218f420a.jpg,36.984352,-2.240616
5db9f57af13845108ec0519e290b7d09.jpg,64.851883,-13.864868
5e04b0bab97f4cbf9f110214b4505bc5.jpg,58.259308,7.933594
5e098be15129418497172751dc4ecff2.jpg,61.81702,24.528214
5e0b17158ac04abe90edaa115f3dc177.jpg,38.045834,12.603912
5e0db34f39f54470b1cde874a4ee39e2.jpg,43.583374,-0.886902
5e5c78ddd4b64e50b8f5d184ada9c4aa.jpg,43.425304,5.794601
5e8f54354250406688bf9abc2cbf6d9b.jpg,53.32703,-0.687485
5e97d6f02ec6435182365c9ed9d82f30.jpg,37.969742,12.647736
5ec9b994eac9424da8ef2de6642ad640.jpg,61.876362,14.480682
5eca51248eee414a9ad696f783b9718b.jpg,51.479076,22.135635
5ee71bdeed15441aa69681f73c7a222d.jpg,50.11301,1.654526
5ef830ede5824d4dbf59485d35894905.jpg,52.545311,1.293732
5f0b17bca7f94fc5a3656283f2fb2ccb.jpg,53.193798,11.5327
5f2bba338ad14ff7b291bf4e5e75e7a9.jpg,54.787136,26.160492
5f4eabe85e594428a299e688f2c96b40.jpg,65.174332,19.27449
5f82513b3ca040d9aabf694ca994f8af.jpg,50.311977,-4.943619
5f89299769a744a695de9a1820f7cf32.jpg,50.019295,22.162766
5f8a7ca6e75f45d3803cf66b2546dcc4.jpg,60.631847,-0.823502
5fde482e6f2e4f40878096aabc9f0ce0.jpg,53.998993,10.259857
5fe4db47381845828cd8d93154960b27.jpg,45.730099,-1.020996
60a56b756e2f48058d138c202a6f2c0a.jpg,67.467079,27.873672
60b499e254644de38ffddb3d3b01950d.jpg,52.683716,9.637955
60d715afd390476ea3be3094a8ca6286.jpg,52.57053,25.578247
61040e27eac14e2cba485576eff510b2.jpg,65.439919,-20.565231
6104eab43fa84243bc973f6263b763bb.jpg,47.259136,6.403183
6126c06620ab4ac1b23f9aa5075915ac.jpg,50.832989,8.668259
612a6b0af5fe40a1bb5f88b0d9cf37cf.jpg,64.263359,15.433029
61788c1e89ad4316877bac90c7a7f96d.jpg,58.239273,6.662949
61aa8bd90f4c47789d83c53b7fe7fb4b.jpg,38.028786,-4.3871
61ad1e84db20495ead908091793484de.jpg,62.435795,23.940231
61cf6a76e9e84062aaec25c3be2daf95.jpg,52.943432,14.508331
61dac8b8f87e422c84071248fb32729a.jpg,62.860573,25.936157
61e559ad41bf419d858c780b693c2ede.jpg,47.621433,10.718414
61e74d6313434921a7d1577d6319c7ec.jpg,37.352921,15.019836
61fed3f0d27048d883ced7036ff6a261.jpg,69.274902,16.107956
6219fb5f02034810aea7f46125c0cc4c.jpg,50.868565,-0.635254
6235c1774eb644a3ba7f024e525fb91e.jpg,55.223087,30.156921
6242c3fb041d4486affb641b691dede1.jpg,58.55508,-4.693115
6256efd0043744f7a5c6649b61a9283d.jpg,38.401215,-6.302322
627d3803769440fdafe2d78813f4d593.jpg,49.682076,4.717957
6298f094484144f8a0278ab0fb9467ab.jpg,53.185486,19.52211
629e43a1d394424db35dcf5be35d5921.jpg,38.180691,16.100616
62bb3811269144caa0de47cc9e247080.jpg,48.459671,-4.498856
62bcbf4e160a42c098dee758a22f2aaf.jpg,40.538788,17.103165
62cd2d15a90a4f2bb7fc336c4bb5e8bd.jpg,47.648575,-3.283401
62ecac8cd10e41949ea9be8307df6f4d.jpg,66.152245,28.693436
62ee6a59befa482c8022076ed7a8c7ba.jpg,40.313519,29.187576
63041dab3e954dad808fee2ef6b1ef2e.jpg,51.346844,22.093933
6306fee499a2496aa5af729a0613ea7b.jpg,43.714134,11.449539
630eee9593ff42f5be685f22af31a562.jpg,40.116848,-0.821655
6316aca1d55443569132be6a53486f93.jpg,52.050816,23.553497
63532e3ca995405aaa6b2b85cc1c368a.jpg,60.588661,-0.734589
635c541e642e4d7e99e7e7fd61fdaa82.jpg,37.258926,32.391678
63602f7b572a4358a6a193f645c6aea1.jpg,62.940182,15.708466
636382e3cbaf4690999f53cfd35b9e0a.jpg,47.894108,11.352783
638343d1ef2d41998dc8d40e154580f0.jpg,57.164955,-3.567001
63b9e87e9e8e4c06826992354a400230.jpg,67.49881,27.917175
6415159af5794137a57d406589349ad0.jpg,38.058208,41.760529
6417cc3a1c6a4eeda3f0f859cdba6744.jpg,45.634502,-0.998154
641d2cd7038849d691c10d5757763022.jpg,67.221375,22.848679
643192570b874c2791a890bf5e1dbdc3.jpg,37.972576,12.67746
646df76e5b1040d18273ccf0c7837e5b.jpg,45.183582,8.164886
6471d52022534090beca2e410228090c.jpg,38.335793,-0.545425
64875030116c4f178618e0b95331231c.jpg,65.032661,13.24794
64a830d00b834c358c39d797a42b9cc0.jpg,57.492294,-6.62529
64b4b344b6b045ed8767c3f92caaa24d.jpg,44.198746,5.114975
64cf31d354fc4457983e8c0d7896e303.jpg,39.614445,40.070572
64d89346dd32410da712c2d85bf6e887.jpg,61.874271,22.651428
64dbc8636c48461db26c4f2b67e4ef49.jpg,63.350903,9.41217
654faa7fb18a4a00922218a5b8289d2b.jpg,41.735722,14.896423
6572657348b348b1a300a25f20d50902.jpg,59.382145,5.455795
657f5ac59625427789ee26aaf581909a.jpg,66.755333,19.93869
65a64b967cd74d499dcb53974d6fc77f.jpg,64.729485,29.543198
65c8fa9a2ced4e329f9486383c2a86cf.jpg,60.004738,16.052795
65d48eaf871140ae9c39d63b8327ff74.jpg,40.76144,35.636902
65d80046b65e4ac98858c72ed3f77479.jpg,50.44043,-4.672867
65d82688e857454f96f9d88074e31dd1.jpg,51.840897,21.016785
65e96c0cbe734ce1ab15c99892092f3f.jpg,57.353634,18.386444
660df4b5278b4a18818ae1c0cd68d7d7.jpg,50.260437,7.871643
6664428b579b4e138a426913aaea5f87.jpg,55.766407,28.016998
66653dedbf174c87a54dae0e4358aae9.jpg,37.589001,-3.794998
66664f41335b47ec84e18b35a1695391.jpg,61.927563,14.516876
666d081a8eb34e2bb03e1fe16ebac63c.jpg,66.649864,25.672974
6679c29ae74445a4914bcfd18d4bd8b0.jpg,51.887749,-4.980392
6685cc7906ce42a88f107642cce24eab.jpg,51.331802,18.536255
66884511bf84415685de4e57207c0178.jpg,39.324295,9.165634
668de59980634775855ee11caa73dacd.jpg,39.321785,31.295441
66b2290cc51342989ad88a6452a3417f.jpg,66.570076,-17.988419
6713bb5b8745488b9ff070bda1d75057.jpg,41.398945,27.622086
6750676b251b4f109b7677544129eece.jpg,65.856064,-22.782333
6754257a1848401bbb6444e4985159a6.jpg,53.685169,-0.310638
6761499ea1944520a7c5f23330d0a54d.jpg,50.586529,21.2491
67a10abaa1c84e67b13838f880e45a6e.jpg,63.523434,-18.481079
67b7621787f943218fa2caba9c7f9c9f.jpg,65.045357,17.281998
67cd243230cd491ebbe32f94b71d1c8c.jpg,63.131214,23.051758
67dae8e3c22347f0b055bac8ae74afbd.jpg,38.788792,16.440933
67e47ea1bfeb4e908cb128b5a1810ead.jpg,60.05183,6.407684
67f73c14b4e74403afd02abea1ad17df.jpg,58.374466,6.15126
680c3892ffd54439bb5ea7830ac7df5a.jpg,42.553543,-8.826141
684e6e2550944ca1b87b11aa16c75071.jpg,52.929428,13.757568
6851aec5939f4be595b870b8447c69c8.jpg,50.267357,-3.70192
686997c7aa9b4c74b0443e37303026f5.jpg,68.506828,16.768494
688d51368fed4069be95c1ce45dd8415.jpg,52.361092,22.77153
689a32c4694d41c6b3241586db89e1cf.jpg,50.503468,23.378479
689c2a02a9ca43fc8f5b4093876f3c6b.jpg,39.361736,3.191986
68a060b2f31e4c9dbb9138970f06d817.jpg,48.078793,-1.474426
68a2191053d94b2f9a65534268983f2e.jpg,38.739941,16.466919
68cd344665ca401f9a9c4cd2359cf006.jpg,62.638802,11.236877
68cdd05e4a6e4a0082d94a36d1f11767.jpg,39.666672,40.046356
68db5eb2e46641a3a0257c6cb1f90f1f.jpg,65.389091,16.25705
68e7803432174318bef6fe7f23e1b5c9.jpg,53.274261,10.644562
6901200a89994849a488e00764471c63.jpg,54.105099,17.278198
6915660b46f94ce5a04e9ce93d34f604.jpg,39.835995,42.495331
691dbda585ba44b8bd4a7d23a7cb47de.jpg,65.715714,-19.608582
6934c4589390470d89ca501c6e8b3ba8.jpg,44.025723,7.998428
694ab39dc75d4da7a50d7abea5e1c421.jpg,65.089211,19.564178
6960e43295f844768ba1ec6a7f505372.jpg,51.036274,9.934891
696200b8e9ae4ee5964a0d1d48a05794.jpg,68.785225,17.90448
69787ee85a754aa4a3529fb4d7508b70.jpg,63.981525,-20.745224
69c4328f7c00403a82f67c2c4983dd1c.jpg,39.68327,40.070877
69fb156b725949cfb54515d1d174a371.jpg,51.285316,15.78006
69fe782bff7649188477b0ccd110180e.jpg,58.398232,6.217331
6a0efdf626ee4265b6fb18dc2110bdc4.jpg,42.986008,-2.55658
6a11b41db93b4a18b7c4f58b8ffff9e0.jpg,42.757374,-5.284531
6a182fb7a73641bba0ad4574f8c46213.jpg,55.193298,28.84967
6a31193fb3bd4e76bde3f610e538718b.jpg,53.069363,30.521881
6a40f2124033443f9d1f1a291f7e7f29.jpg,40.664532,16.299728
6a4ef148a03048bcbf2cf4fe165edaca.jpg,54.546871,17.491837
6a501c79d72048b5ac53c8cd977267ad.jpg,53.300976,7.583191
6a6b3c6caa154c8c9e131ca5b2545122.jpg,64.191833,15.322083
6a7642ea224f49a782b874827bfa93c7.jpg,41.41341,27.545654
6a926898b186406aac45f84f5533c58d.jpg,53.838264,28.142609
6a93c5b423c14bea922398e7364d91e2.jpg,36.698677,-4.256744
6aa84d2f04214b25bb1d4e56ba56b7d5.jpg,46.511269,4.235977
6b0d3ea4f06d408fbb976b2f60b775e4.jpg,50.309593,18.495071
6b26eaa46eb04722b333fcb3c0d8dd61.jpg,37.175358,14.429855
6b2a5062db9e4705993457fc36470aad.jpg,67.079521,25.11467
6b38ecb49b6d4193b54dedae551b19eb.jpg,51.012501,17.112686
6b5735e056bf406f9357ac5fd3abc9e0.jpg,40.204411,9.090683
6b6fefa0ceed494e83c177a8161e27a2.jpg,40.801014,39.133911
6b8f184efe194b538a4be9285751e308.jpg,38.793678,16.508041
6ba90275c12c417d8716593e657ecbda.jpg,55.020061,-4.575714
6bbd022cf50d4c8f9d3bef912950d365.jpg,52.285854,18.98407
6bbea18792094216bccb2b3f7ef5f778.jpg,54.474518,16.503174
6bcd186b36164603a3bb8db7f5772a52.jpg,53.002792,13.733124
6bfc42cab3044dfb8965ae9a3e506ddb.jpg,55.53479,28.738052
6c160c52036349109b59a7565290f38d.jpg,44.525639,12.161514
6c1a3c7f32604c1789dcce075cddf698.jpg,53.623108,23.907043
6c2a0c39f00a4dc6a259a8940831fc06.jpg,65.47316,-23.381561
6c4b0efc39f24da4ab6019046533bd62.jpg,47.896923,8.302994
6c5dc23af9c74b7bbf21666f105525d9.jpg,54.42429,26.033264
6c773d5e4315426ea3741668dcf93dcf.jpg,53.939041,25.812393
6cb1e6b4df7f4ff896a1bf9121341233.jpg,64.081192,20.401169
6cb25eb3ef974cd39a92330cf2d584e3.jpg,51.488449,10.865234
6cb6eb345bdb48af828dd6309becfc6a.jpg,50.584553,10.097748
6cc135d46ec44172b5c7fee918f10442.jpg,57.553768,18.533005
6cd74053229a4e07beedac8061e42092.jpg,45.035828,11.700058
6ceb858a7c8f4cc2aaac1d022c15af64.jpg,47.933369,0.846954
6d0fb704770d4e8892a83347eb35c60c.jpg,53.153835,29.356064
6d160e4623a44958bed31dc67a17ab1f.jpg,63.080837,28.355408
6d184561c3304c67bbef9792d3e0be38.jpg,53.330704,27.257416
6d1cd8e4a8e543639d09cfced11b3694.jpg,37.462811,15.031265
6d3c7844a1f44b949210c139d17b94b1.jpg,68.323181,16.466614
6d3e8fbf75f64534aadb5a3125383325.jpg,51.33334,-1.546051
6d5d07664a984ba682c4b7aa5f2fbf9b.jpg,65.736069,-23.846603
6d8bcd27205245b99ddcb3cff32cc329.jpg,51.776543,-4.788559
6db38ee46e734cdfaf6c500fb577a1a2.jpg,51.407196,22.581573
6dc2cac4b67b444fb1f173c3aba3a408.jpg,50.776085,22.628571
6dd09f440dba46d0839a311e81e9fd59.jpg,55.139187,28.875366
6dd67a9058214ae3869d75bd66626e48.jpg,37.410057,39.31398
6e222c7fc23e4b7797095201c2d7d178.jpg,63.702076,29.078903
6e29e3a799c44c27885368e00bf6a361.jpg,41.4039,27.562271
6e334fa9ad5246a6a8ea9edeb8a252d4.jpg,49.818176,21.420929
6e4089391f7e452992d56db81f69240b.jpg,62.035019,11.906479
6e487cb0f02240c28be169e7f4309e5b.jpg,48.575954,-4.588608
6e88092705d54cd79ff3d67da696856c.jpg,40.680817,16.447144
6eade422e8014d20a6bce0b6f91ce50e.jpg,43.114719,11.901321
6ed2a322c24f410a994e3f707c0bec5d.jpg,57.01965,18.224945
6eddf7c042c14a1f8495b8d849460d0d.jpg,69.310677,23.962265
6f6be1caf41d4886b0eca5fcaaf3385c.jpg,57.495525,16.562775
6f85178deafc4c71833692010434cf56.jpg,54.576626,30.416901
6f877400f8994a59bad29546851bb60c.jpg,40.522663,-4.843353
6f94b099467d44f2ad8c4f8d1decb38e.jpg,55.991344,28.619415
6fc11c0552ad4964a3323a84e0193be1.jpg,40.707169,34.870239
6fce2c1453c8489d8664253c9fa8db2f.jpg,67.458046,27.782486
701695c9fa764e9e8b87233625542553.jpg,53.575447,20.73819
702cff987d95412989d4a1bfb4a32e62.jpg,59.983494,16.235703
70321190a0d74a75a38a0a65f839752a.jpg,44.519402,8.298218
7056b2b986354ae5a643bfa08141648c.jpg,60.652664,5.638809
70582056dd1c403dabcf647360ff6d7d.jpg,65.228996,-14.426834
707c933691d443ef84a7309909af0b37.jpg,38.704124,16.585007
70d9739c06a44c5caae424155bda4bb2.jpg,40.958408,9.108246
71041f146f9b4a048aa72da61f8fb144.jpg,61.219143,28.532761
7134d66cee8a432882c006ee7c46248a.jpg,54.457184,25.99704
7150aee0f31e43feb3419e0dde2a76a6.jpg,48.005898,-1.656631
715d434f7f3c4dca8398a98cc85af0ba.jpg,63.071861,28.325668
71a64feadcb04b778e76ec055c02162c.jpg,37.710754,14.031082
71cb4e9d258a4dae9ee68756031b9c52.jpg,37.954773,12.667862
71d04dc8abac4ad7998f93673adf7602.jpg,37.102425,34.763489
72005df6f477453292c77add18db35b5.jpg,50.336475,6.751617
7208dceffcab41f6bbd26ba8bd0749cd.jpg,62.943882,7.496384
7213d726585d43b29567f8cdff88f2cb.jpg,54.504799,17.570953
722d321748aa42f1a53b5a35ea8a5295.jpg,42.428936,14.19722
7247ca17c1be49a1a7ec3a3add87db10.jpg,48.193977,12.274796
724804efcd994c6f9a73dab3a09c9f3c.jpg,63.482754,-18.735626
72523190f7c942ddb543214823317310.jpg,51.221062,15.724625
7268e1c875334414a7aea1fd2e59161d.jpg,66.713646,19.832809
726eb85ed58a46f4a3adad84d6169ddf.jpg,69.144424,18.069122
7276aecd7fdf4ab2ac7a2505674c75de.jpg,45.505413,12.44754
7279f04a024645aba6924b43387543dc.jpg,52.607388,27.372864
7299bb79897e48ac844d727535c61b2d.jpg,65.007111,-22.120071
729df97b87b640bf98399e36d2884a93.jpg,62.491158,6.228104
72be825f4e2f454eace328795a9b4612.jpg,68.586678,15.356079
72ec6ecf55124e9197db20ac0bd1ddac.jpg,62.398575,26.917084
7327da65ee3d461bb01c523052cc9c4b.jpg,43.748615,4.36496
736e1890141e495fac14a0a1d7fa1507.jpg,56.990574,18.310806
73793f207a1f4b44bdd4b62bba9b600c.jpg,65.604408,-22.406769
738435874c81444ea0a67ef74506399a.jpg,61.374847,15.044861
738e705bcce7464aa34d274477eb7b08.jpg,42.663921,9.423782
739bbc7f492f4fe789ce15530a3eb06e.jpg,41.66724,-3.419769
73a4e74f790d4d1f827b15561d0f7515.jpg,64.224434,29.333084
73a9a3f395cb427984389d96e5ef2a91.jpg,64.185379,29.218185
73ecb78db3a644fd8fd3539fd4059f43.jpg,40.956947,16.742462
73fecd25da664779a87cda5bb1074f19.jpg,62.431763,23.844086
744fd50fbc21479eac746c87cc68497d.jpg,66.053551,-18.714111
74814f60e7ff4812a6418ce9646e6d49.jpg,42.216297,1.97879
7485a5870ab24cceb7e0b93a531852e0.jpg,39.384769,-0.483704
7489494af599421fab5fd73658d09b9b.jpg,56.403225,-4.936249
74af524903324bca97ba662aaffb43f6.jpg,64.450912,-14.476654
74b21ccbe8e64efcb44a03605264dbe1.jpg,56.111118,-5.395844
74dbaab923a54b5b94f0c0108c79338d.jpg,60.017197,16.151398
74dcb4775cbe432ea1eb00392ba72157.jpg,38.000221,12.658081
74ef2d66570441db90c2cd8a91bfb4a1.jpg,60.101509,13.493729
7550264f77684789991cc6c8ddae572e.jpg,51.243752,7.629883
7555425377f447aa8e8b4e0a4a17baab.jpg,52.981274,29.913971
75569dddf496466da48609f4f207187f.jpg,66.059013,-18.592834
7557b65983334e269efc861e0db82408.jpg,50.154789,11.230484
7564e3cf27ae49b899b4efbaa50ac862.jpg,64.625908,29.421341
75695e109cb247eabf716853b6540321.jpg,52.009441,29.447235
7574167c1a384c5cbccec36c6ae34f1f.jpg,52.451183,18.828247
75a67e3bf9d34df29a5a12e3fd3236c8.jpg,53.387333,7.406296
75bced67159b4d4387e33eae372376fb.jpg,48.650005,8.408096
76149ec64d964260bd0f8572aea517a0.jpg,66.049088,-19.330582
7616a3e419054774bc4687ccebf39630.jpg,39.638302,3.156128
76996371b0ae41fba82a7da61ab09e7a.jpg,44.775185,1.095642
76bf045379f34da1bc695e05dc322847.jpg,65.985191,-22.951019
76cdd24d50b04667bfd834e39691b778.jpg,65.652374,-17.142365
76e4358dabee4dcb9faf794854d4cce3.jpg,47.617123,-3.324112
770e02690fb44339b69f4c3712ec202e.jpg,45.144447,11.486099
77244cd62eb948669d8ce6016e08cc37.jpg,49.839279,21.375656
77383264c6434848923b7e5b3eecfae6.jpg,53.767895,-0.6716
778853553ba94dda86b15667db9a87a2.jpg,39.643528,2.741943
779d2424bc784d18845e269c7f545ac3.jpg,51.476555,10.849991
77c553a1bccf42c68e94a0bc29e7d61c.jpg,63.271648,25.357422
781471b0d966440a9c14de15c2e0a6c5.jpg,51.105221,9.895081
78738576c14f436aa7aaa9cc213c7694.jpg,51.897335,7.744614
7885d58c05814de29ebe2e27b3786677.jpg,48.201931,12.257797
789f5a3718f04c73ab2079897c4b54da.jpg,46.176117,13.181061
78ba2c7c8b90476182f5a47b334bca20.jpg,55.970947,28.557449
78c0b06337c743bdb3f192769cc785ec.jpg,62.462482,23.897034
78d97ee8103b4675b6c07f73908102fb.jpg,51.695152,30.350418
78d9bda9f6fe4798b44b21a30166750a.jpg,65.559692,-19.967102
78ddf6d127b74820824696db12edc87f.jpg,53.092728,-3.632065
78e71d4260f4460bbf4105ffd746fc43.jpg,54.160324,28.522583
790afd918d8448ef8185d2e3320520c0.jpg,28.791779,-13.562653
793ebc215fdc4e0090f597a57f905df8.jpg,28.099985,-14.331802
795d0b79592248908e2dbff4f9137e00.jpg,54.295109,22.454788
796dd52314614236b5db8f2b1ac09cef.jpg,40.199139,15.609589
797d7362f7da4cca86b50cfc115dda2f.jpg,40.956806,9.234116
79e7f4ed9d9e4dc5a1530874475beff7.jpg,64.623375,-21.820847
79eb63ca1a73430abcb317716189ef72.jpg,55.220673,30.16951
79f73a962ede4b13ad2c0a3f1e89cdc1.jpg,43.640812,11.448837
7a472fb018184568b2c02d801f4be149.jpg,53.312176,19.687347
7a65dbb94cc84a45ad84871c5917d9ab.jpg,64.806061,-23.891357
7a6a507f0c7a4426ab643ba2cffcb245.jpg,51.047272,14.416061
7a71383c65d84a8c956b8ae174f25ea1.jpg,53.55965,26.025406
7a783da21533478081d1849c335f44ff.jpg,54.269703,13.36409
7a9c9f0374d54acb82a34a68da3eae85.jpg,48.094875,-1.562241
7b33763176954af799b356409bd116c3.jpg,64.20713,28.082565
7b739ec6d373420ba44efcd748fa7faa.jpg,39.698357,42.747635
7ba2c33fc1e14747af7866a8c555e371.jpg,64.225975,15.432526
7bf2449ec3fa4d71954a00d81fa0f5cc.jpg,53.093105,-3.552902
7bf5d123477444319dff15a3dda6c9f4.jpg,63.806297,26.932602
7c0641772a554fdfa7357b7a76f19465.jpg,43.134197,0.247879
7c12bf4af8c047a5bdbb1e7da51e1933.jpg,66.056038,24.781189
7c18e45c2b34499da3dd6a736d55f22d.jpg,53.534912,20.834015
7c1e8f9722ba402bae6abdfb03297551.jpg,50.763954,22.60907
7c2e2154d40041058fdac08437e7ff80.jpg,57.626278,18.615631
7c3474f3bd1e415db78c0d78ff92d7a1.jpg,66.919662,28.800949
7c89cc17071c450fadd9a78b86b97a67.jpg,43.68655,-7.692856
7ce89d1387e8463aa47eeef21675f8c9.jpg,65.750854,-23.842422
7ceb183a5324496daa43d9d1aa0d5728.jpg,51.627174,10.906174
7cf0a096d4734704905fb6def4145f7f.jpg,56.980019,18.312805
7d20cf24b2534e33878c014e9bde6206.jpg,61.481327,27.06366
7d78d8b1a04d4a24a023cc074a994288.jpg,57.055172,12.583954
7d8e3759cf144d15925842031f7a6d0c.jpg,52.994892,27.086731
7dbf955300ec432e99da41f823e7fef6.jpg,40.818863,14.438202
7dd24f540dec4d0b9262949f9a19fb51.jpg,40.217117,-3.601654
7dd3a011a6754da990e5d82508c60e1b.jpg,64.213181,29.291962
7dd5a76e56b247ed96a935412ba5049b.jpg,52.874168,12.337784
7df55f4f6d514a8b94cd59565af67ca8.jpg,60.76757,15.999405
7dfd7f0421eb4a568b2b0e0f28feeccc.jpg,55.195244,-3.092834
7e2f62d025984888b68ebafc1e40c695.jpg,43.78463,1.005234
7e377fae44e64a4eba2473895839ca00.jpg,50.885761,11.253799
7e4af8d171e847cd8f15d6758bddaadf.jpg,58.843342,12.306656
7e6e0458904149b79f5a00baeaa31363.jpg,65.751411,19.597153
7f1f0640cd934184b4cd0058ecc861d2.jpg,62.46991,23.952454
7f3dd93591c84ab0803c3fc993720c34.jpg,38.15942,16.147095
7f54ed9c754f4bdd86a388b7551976e6.jpg,51.503506,10.806152
7f5dc95b487c42c3aed15b2b6ff004d8.jpg,56.020279,-2.960648
7f6953c27128419db8957d2050bbe6b4.jpg,40.874367,17.125732
7f76c984034043fda1aff53866bfc825.jpg,49.846577,21.2724
7fa2dcef7de74519b6e40fdebdbd2d8f.jpg,58.778679,9.223785
7fa6a6d4c05c433daec58a9aba7e172e.jpg,47.958294,11.29335
7fadc5ed340f4e5a9b57e6657e08ee55.jpg,67.456406,27.91095
7fc17ef308884b618d5c7a9718b8bc49.jpg,59.786934,7.305756
7fd5dcbd1e9d4e7caf3f9c9b35145e4d.jpg,52.446072,20.820282
7fec4e7d021e4502a94722aae03e9b49.jpg,49.795845,11.702148
800009e8a1cc4e01a8540d4fd38d39a7.jpg,52.354977,14.179138
80093a5d23f34eb5b3f23e24f57108a0.jpg,44.545624,-0.954498
8016eed9a2714662b329e646d3bd479d.jpg,42.387699,14.155106
80311b5b0f944f1e860d150a95367b8a.jpg,28.000374,-15.537888
804ff4c049d14769a47a58d7d3fed7d5.jpg,63.973461,-16.780075
808312962edf4c12aebebdfd4fc41164.jpg,51.707726,30.409897
8096d420ae1546ea911675fd56cf0da8.jpg,65.841858,-17.405121
8098ebcca69f4aa1afb0bff06554d460.jpg,62.464172,6.221161
80a09508cdfa463c9c5c80a00f6a359d.jpg,65.889679,-16.458145
80bfb2f3a0c4417d97f7d0df4f529607.jpg,61.852421,24.407471
80d7376a5dea409aa8d215419b4414e4.jpg,69.180809,17.875946
80e3245bed1d4deaa6b8a4f90e453e17.jpg,64.628098,25.604965
810fd587e75a47c39e8b4c780243957d.jpg,58.530216,-4.601089
811d187fb75c4dfba2a1f3bb4df313bb.jpg,51.489899,8.422638
814689c3c68844edafef6e43e5cb2c10.jpg,36.393181,-5.801453
8182cffca894412cb704d7228fa2067f.jpg,62.777035,12.792419
819f99d5a28f4109bdaf973515d86205.jpg,40.258938,15.607773
8226ef5ae53e4d618f72097facb1a5ad.jpg,67.487381,27.903137
823ce6d64c5d4871a7e000632d9e2a0a.jpg,61.202129,23.143127
82512a947f4e425db33e710ba0a92d0e.jpg,44.439297,4.876831
8275639d47194a8ea58695bd79a2fe48.jpg,39.503895,40.071259
827e08cb9b084923a730a3d026af9dea.jpg,63.070507,29.781769
82a133fae34b4013b521f9b9397a3b0e.jpg,39.613785,40.103516
82bc6255dcab43319defd1e77f6f943b.jpg,42.181419,-3.176651
82d9113b1fcb44fe9f52a65924340b1a.jpg,63.984459,25.801392
82e08f4f497a4a9d8da8ae08fe2cc684.jpg,64.861687,28.073914
831de0b7704d49f19f82fd6bf402637e.jpg,36.430088,33.916107
832a68b256b0495b80349818840ed231.jpg,49.075066,3.137634
83a4c08c618e43f89ba70d3d117570bb.jpg,52.657379,8.250626
83cef05b8c0740fe905ee32b53422dd8.jpg,64.429237,-14.647079
83d6c2d87c5d42989893995b9c3c8f00.jpg,51.937492,13.021118
83dc47c3c8b64efa959ff0a1ea089b14.jpg,67.50869,27.807541
83df6925534647928d893532435d3c50.jpg,64.024925,-20.708145
83eacfecca2446099f2b23505cdb7fa0.jpg,39.071125,30.866623
83f00994aaea4d8aa8bafb01eb7ff6a5.jpg,66.132011,28.60202
84030db45a65432baff44cb93a7820fa.jpg,64.701797,-14.337082
843af13641184c1a978d862d3b4f349b.jpg,42.453827,14.038452
843d6833ab794c938b23fe9ff2461ba8.jpg,38.980103,30.824478
84644c5684314d78919965e823a3ed3c.jpg,37.409134,30.248505
847b277fa67f448d877d5ac01943bc2c.jpg,37.481461,30.472565
84b8b1e150d24ebb82c1f1baf1ae7d1d.jpg,50.139996,1.765244
84d9d77250fb4ceb88bb1e285ddff13a.jpg,65.287384,-14.719833
84e2c872aa0d4a4db605f1640ce94988.jpg,65.235863,-14.407745
84e5144c9fb840dfa4b151ead606dea3.jpg,58.044548,-5.064804
84ec3329cf684f59af55c838b333322a.jpg,65.730331,-19.586655
84eec43f9c19467ab46ac6bea6758de7.jpg,48.551201,-4.634064
85174adc26c546468a61edc1b6b18798.jpg,41.378933,32.189041
853a737ad3c44f60a3f9db6dc3811ba5.jpg,58.344742,6.201202
854f439ccf264ee4912abacf0198306a.jpg,62.404282,22.677536
855dd61def9d41bcb8e38021101a8c3a.jpg,53.589012,-0.121918
856806a9f9e44b28be3f1fd1c401d663.jpg,58.006859,-5.040955
8574aa519d6844ef8acb6a110d91ca03.jpg,41.989872,2.85994
8589fa33775c425bbff6a1886be9660c.jpg,58.367725,6.073975
8592c1f5b11c4e12b56ea646546c0e6e.jpg,50.307392,-3.73407
85b786041430491b80050aa6bf9dd290.jpg,51.025139,17.140961
85d9619c946f4955a5f4e55bb260f6c8.jpg,65.779945,-19.590637
85ed12aea8b2413bb91396f624be9fbb.jpg,36.424919,33.841049
85fd64ae502b4753821d6f8b8c5b0dbe.jpg,41.618195,33.347107
861eeb8cf51f45ff909083c664db4f7e.jpg,65.83654,-16.434235
862a525326be42fead0937312e55047a.jpg,50.353176,-4.959061
865df8484b5f4f92a7e09b08bc468768.jpg,64.297737,15.477112
8672b979d3364a3385d4929cc73120b5.jpg,52.443684,-3.773804
8678fbb7c0e442419085e547240ce7fb.jpg,53.107365,10.008224
867d5a36f0864a1ea82f2146ac726a81.jpg,59.676983,9.860672
86a04310864d41268f59e4aef17b022e.jpg,62.405613,6.199493
86b77cee7b274325a20113530c0272b8.jpg,66.30098,29.099396
86bd3d518c6447998b835a9d34bfb7aa.jpg,45.554508,2.3909
86df4270cbb046beb6ed8f305e3cec34.jpg,46.278984,0.988907
86eddfe8e1584ccda08c1c235de90434.jpg,55.501907,28.762085
86f19d755aac4b489db1dd41be26341c.jpg,40.765804,35.622742
872548bb5fed4ce0a567b40ebd9f32ef.jpg,63.537144,-18.587173
8726cc0c6f564971b076432e4279f3a4.jpg,52.138512,12.455383
87271d47742e41cea1c6e21e227ca609.jpg,61.405731,25.146225
8739be29941e408f8ecef84e09211622.jpg,58.371143,6.246704
8741bc3d3aad42349319d7336e43abd2.jpg,57.181076,-3.578232
874a2946463645daa68f645fd0a06575.jpg,49.969097,9.124634
874f43346e18464da384d776d67301ee.jpg,53.88279,30.402069
875020ace21d45a98b9346a03e58c868.jpg,50.608288,10.198196
87c496db25ea4c78beb56977606a0069.jpg,28.901449,-13.636307
87df34b1255347b69c3e019b834e8e88.jpg,60.159145,14.652878
87e002cc53454ad19bee60987fa0f459.jpg,58.87215,16.533081
87e5574366d94f13830a0cd8131543c8.jpg,49.31757,-0.166336
881ca04a71274f01a62c707f43b55eef.jpg,48.406227,-4.61058
88429ebfb66b4565b991855b129733e8.jpg,66.055946,-19.274918
887b20b1cce749c085dba5314c4d45b5.jpg,51.576801,17.659103
88c4cd19772e423faf5c9d9b8b9e22db.jpg,48.749622,8.461334
89059b89237d445fb0d82acc63f1e78b.jpg,68.770317,18.044235
894929105c3a40748ab297b86a6a561f.jpg,41.941257,2.789856
89537bdfcd9b49e885bfe790ee7a45e0.jpg,39.673611,3.112946
8974b6aa34b44bfb92c5ba730aad6000.jpg,44.049709,-1.124069
8992e36af5064c81921de07c067fd036.jpg,64.719124,-14.376343
89939d6b8b0640b9802e8149d34e6789.jpg,50.613659,21.348892
89aab63f9ec94f229168a7e6f8b95dd7.jpg,65.523743,28.615799
89ac1e180c9443619f45f577c0a929ab.jpg,50.099014,20.085449
89b4e4d691f54f778199a05378125d5e.jpg,62.244473,17.30661
89b8b3fb46224607bcdadf27ead0d64e.jpg,46.108932,13.220612
89ed5f24b2f6413091999411568f65a8.jpg,62.191135,28.306839
8a026c91e1024891b0b9a978878c44b2.jpg,40.214142,38.099106
8a17e1ff9ccb4429ab76660eb53900cd.jpg,51.896755,26.609116
8a254dbcd6974becbee3af6efda06e23.jpg,53.300056,15.664948
8a379a6d7cea4245a06624a14b5ed442.jpg,69.281548,16.047485
8a463ac69ccd42a8a387e3c0657af7ee.jpg,60.155144,17.902802
8aa35244ef0349d28e111a7a4098f51e.jpg,44.536156,-0.990448
8aadaf102c2347fdaed9db4da85f29f7.jpg,50.871708,11.312698
8af0c6aa101f40c4ae1b756872c34fcf.jpg,55.900078,-4.598328
8afd9c9d2ffe46c091f3fe981797d7d5.jpg,51.914631,13.925125
8b183b95041f46bc894ad03340089076.jpg,53.370464,7.677124
8b25bd59282a4869a12178df0356cf40.jpg,51.976368,29.793198
8b6300c92f104e4bb9563efc23056082.jpg,67.512886,27.940475
8b847eaee4b34e9c9d06200ea15f4968.jpg,67.124947,24.989471
8b97a7e96c2540e282b176d50217660a.jpg,56.533352,-6.164307
8bb926d46ac344e9b79c83087cfaaeb3.jpg,47.389507,-1.784897
8bb9bcd7278e4e3a80629a6f11dba482.jpg,43.748978,10.646164
8bcba0eba25443768f82c4d833d017ce.jpg,43.776669,1.098221
8bcc0a63e0ae4ff0a50e6722930cf888.jpg,65.558083,-19.386581
8bce4dc927724fe8b8f07a4241c65577.jpg,65.638603,-17.033615
8bf33392769346c7b1cf2b3706b11331.jpg,65.505875,-22.432541
8bf7476e7dad4d20808d98d4f07d115e.jpg,70.095268,28.732208
8c0b0281c5ff479687e5f56f6dcc8b6c.jpg,37.686054,-0.806107
8c1edb188bc74449a65cee6ac0e37fc7.jpg,45.776073,11.657944
8c573a1f456c41d3b7f5890d54d01449.jpg,43.695229,-7.516098
8ca90150b72745cb9dd91d2b4884bd76.jpg,66.719963,19.896332
8cb3282459ca4d3781dd2309ad5b9112.jpg,62.455341,6.162079
8cb8cf504dd541318155247ccf3021e1.jpg,62.017487,12.927002
8cb8d63c8b0d4245a0abda63d9152c55.jpg,50.16328,3.230286
8cbf3dbed95448f8ae37b4be26d11c89.jpg,53.394173,22.511032
8cca4b445c0d4894b86b7f3642e9b926.jpg,61.85709,29.674774
8cd169cc26804f3ba25d22a58eb8947f.jpg,43.640377,0.944366
8cd9f02535294a928d71860740b997d5.jpg,63.342724,9.351059
8cdb0d7c388f40d6990a78832af4df81.jpg,40.199684,15.664032
8ceace2598fb4d59837e7253d9ac83df.jpg,67.668312,24.623795
8d25f540deea4257aad0b915139ecc97.jpg,66.234474,22.301132
8d30eafc3c0f4b2da0552320d0c6a09e.jpg,54.115044,26.50856
8d34d64c81444574a3983fd34247b4f6.jpg,66.010506,-22.880676
8d382eef0fc541c6a902bcb4753682a3.jpg,52.192841,28.632141
8d4f1d4ea1af4c2499c70b43df6fa840.jpg,65.653839,-17.060333
8d5a7826598c4b54a55d9be6baf1aa0b.jpg,58.374477,6.260223
8d785861e85a41a398172b8e9331dc8d.jpg,65.330177,16.376709
8dbb18a72e7a4a409d3ec973058bfb35.jpg,37.697727,27.342163
8e13b481f92a4dc298376e0a75885eb3.jpg,54.605312,30.401291
8e5ce9804633442db5d24db22f7d8f68.jpg,64.563194,25.684082
8e89e7e4ec9a45e9b7fb38804f086ac1.jpg,65.496506,27.913742
8ecfb21faa30401eb28521f95de2efbc.jpg,64.982796,-14.367706
8ede0322886b40bca11cff6086a044e0.jpg,53.604481,21.36055
8f69428e51c645c3b1a8bc021022dad4.jpg,54.704113,18.356873
8f69b818a5eb43a7b06d7bbe7aa3c34a.jpg,55.724785,28.164047
8f726a0db905417db6da4b70ffbc466a.jpg,45.85289,5.542175
8fc5d5c28d7a498e8f3efffd92793a0d.jpg,43.696167,11.390839
8fd7ce9c7a434ab7a6ea9a9921cdd2ae.jpg,53.350422,8.770416
8fdec2f2c5a0413f852bcd7fb7557edd.jpg,39.594521,43.972122
9019a5a3563e4b468f760e76f2e4fe51.jpg,41.412132,27.565857
901ed662bff24a92a232ac544485edb3.jpg,55.126549,-2.966965
903e827518444a8fb93b07e017fc71a0.jpg,65.536339,28.695282
906f18f52a0046e7bcd5748e54e136c1.jpg,49.126369,8.074493
90c37f3e0e6240d7b224505ebbeb5489.jpg,46.170666,1.091171
90e10129922945df905bd27c530900cc.jpg,39.54565,27.817032
90f5eabdd69548cd880c66aebb8b707b.jpg,64.187004,29.296234
913c96ea588e4ea59ebd134b71430af1.jpg,53.518993,30.300812
915c0694ebcf45d5a6c29a1a0921e493.jpg,40.676285,8.539932
916807daeebb43bc84cfacda2a1ae709.jpg,38.266197,41.037018
917630084c194bb5b1ea2aa37d772c37.jpg,40.677162,8.515167
917c83ce50ec4686a018d2251ec5b555.jpg,40.569931,17.531738
91989c78bf0c439f88170d7e5737a1f3.jpg,62.452122,27.006927
91a2b0cab16f44f29d8b3f8379c96cd2.jpg,58.775356,5.651917
91bc886d37784e3a9ef3d95cde9dcf7a.jpg,40.508198,-4.770645
91e354bc05d04b7f80cdcf7c4d24efde.jpg,48.477261,-4.590103
91ece8e2422c4cc4a1478a5555b2a025.jpg,65.232063,-14.416656
9210c9b6321c47198d7a95154e9904c8.jpg,52.490395,-3.757782
9215b0c7177f4eb1b7e7503ab7dfd32c.jpg,67.452156,27.950211
921edb1a69124df99d12bc16d8ad7880.jpg,40.88982,17.160507
926011f4d1fd4a12a357e86235e37335.jpg,53.722439,28.119034
92626219c3b34fe5ac9649c77cba5f9f.jpg,51.432999,22.601288
92cb7059de164a4c931b4fd4295fcbed.jpg,37.737942,14.016632
92d2d0ce297443e891b548b389587fa4.jpg,40.223095,18.208954
92f4cdd51bcc40e98f56854bb71e9253.jpg,38.781361,0.061035
9302f9b544cb4cd9b3e5f283d618de06.jpg,40.910397,40.169983
932183b9745a4a0db766fba7d4d83c5a.jpg,59.864578,9.683365
9344966ce7f44c70bce48e26c4fe28c5.jpg,29.039608,-13.655045
93573be04cfc40758cc0d41fcdffad98.jpg,63.539608,22.626663
937bb8c0ad3d4089a011b6b478415480.jpg,53.387115,22.572403
943246d37eda4575b25c863217948fb4.jpg,50.290794,-3.784302
943dd4c51a8a46bda232a36963e427a0.jpg,53.124901,13.687378
945eb864f6244118ba158e07039eac4c.jpg,65.596977,18.552887
946d93381acc4371a2f31e048e8c452f.jpg,61.849285,29.739975
9485b0321fe04e18a09861ab197c8a60.jpg,65.965431,-22.876831
948e528cf8554d2c96bd37f04d459004.jpg,38.297295,41.044434
94ba348c54074d7585234b581c469322.jpg,69.409683,19.233948
9505e43711714abd9754d4fe6b8a5f46.jpg,40.773827,17.123901
952e399812794c3dac8db7e95bb6914c.jpg,64.607765,-21.777588
95d156b142684f3ea74f48596f6664f6.jpg,50.091438,19.968918
95e22d8c168b46c7950178149b71d7db.jpg,66.355888,20.078201
95fe6ddafcd048b38f6fb7ac6eed23aa.jpg,43.687489,-7.699295
9623556b768740aa8b7443406b90e7e2.jpg,66.16526,28.535141
965c0a387ea744bb8b9fbc9e39802e46.jpg,64.606758,21.011703
968d47bf5f114d219b7f5b2ca99e2007.jpg,44.177658,-1.024216
96bb92a0e89849f29b8f9ee3c1890aaf.jpg,41.451584,13.945175
96c64e652b754ee1afe5d54e051ab5d5.jpg,58.504707,-4.752075
96d31edcf85847f5854ba0601802a215.jpg,64.853493,15.578995
970220d020e14277b7a5bab957bbf494.jpg,40.605244,17.162384
9727ea8055f7472a9b4fee9305fc7bc4.jpg,41.047356,-6.271652
974b5739ce3c4fcaa40480d7da0c5e7a.jpg,62.448017,22.396942
9766975638f3441eb8912779b8d9b96d.jpg,53.167465,-0.633194
97cfcca9bfa2446693c8fd9fe087b7a9.jpg,55.710106,-3.63414
9803183fa4e149fdaacf2c78390494a3.jpg,66.473061,25.969528
981d9e20973744c6b548e31c163124ef.jpg,52.629425,30.746887
9837e706bcf24b48a5ffcd06cc92bd3b.jpg,40.185246,15.616943
984760fc57ff47668d0295f141c3aedf.jpg,62.91061,25.803711
984aa5e990cd413c8bf2a2a3e64d73cd.jpg,36.978546,-2.22641
98527d958c7447a98342243043a3d9e6.jpg,63.854118,-22.442398
985cf2781c0e43ca8844ab762f7dc5df.jpg,52.203983,28.685715
9879f667e9314855ae0831378fc73379.jpg,69.642296,18.862183
988586848a874ad7aa5b14959493c83c.jpg,62.039433,14.377975
988935e9cc2d4ba5be4cf005fd79be2a.jpg,54.70462,-5.712753
988988698cce443b9d191673fef20843.jpg,53.635162,31.611435
988a5f043e134e618fa80db33b050168.jpg,43.711372,11.382507
989a3ed650a94f4c99c7e91f433cba23.jpg,53.666077,-0.675858
98d38c21227f457481dd9183cd970b1e.jpg,43.255157,-3.479828
98d6d37831a04531a41f3d4a4d8cae0a.jpg,65.988731,-14.851685
98df7ec3ffdc4a989cdfd6efd397b4ef.jpg,65.54528,-23.215179
98ee473b4a3645838e00294938b19afc.jpg,49.199913,1.312622
98ef20190f9f456c82efa0e7bba5cb2b.jpg,39.301022,16.066986
990f6f52844f4b74bffbb814d430689f.jpg,50.681293,20.481995
990fe57f58144d3ba87ea1a9e000fa7f.jpg,51.851166,21.07933
9918c4a5b0e94c79a672ba75b6884767.jpg,61.361687,14.839005
9929dd8714544a05a5a94ae0931d6ebe.jpg,51.84613,0.45137
992b2c24ee5e4b87a72fdc57d79160e5.jpg,53.149513,20.484131
994706daf88940dfab4e485e0a2ff57b.jpg,28.75938,-17.809082
99494e774c1f4561baf5c2c15337aaa1.jpg,41.491653,27.656479
995bc6e862c34cb2a0feae05bfe9c6e5.jpg,36.450314,33.329498
99c0a092fabb4fbaab4fae321419100b.jpg,64.490227,21.089706
99c585918c284c91ba22623d71f16b22.jpg,50.161018,1.788666
99d0a0869bdc4906a1611e077fa05ee6.jpg,37.759109,14.108261
99db522b2fa24ca9b2e24b28660d890a.jpg,37.488094,39.37262
99e081234d9540a180277c2581c93e0d.jpg,51.613411,21.676971
99ed0e9837c84c998f919d53b933c3d1.jpg,36.50016,33.289398
99fdda905fe44ee6876fc372dd9d566a.jpg,59.048084,17.840164
9a09851f2a6f4296a5aacf8cf7855741.jpg,65.05294,13.276581
9a81cc31432a4acf883382b86c95e658.jpg,48.498856,-4.520767
9ab734bab0914457bd8a2771f5e40f37.jpg,52.356594,30.853699
9aee195f5b46463bb8a657d295760bb0.jpg,53.283558,-0.731842
9b1ca65195974477a8ec02c31638eadf.jpg,52.960499,17.225372
9b23cbeebe2749dbaf045f85df5ed1b5.jpg,61.501762,10.056824
9b591ed1f40f4ac4aea92b4d1592086a.jpg,52.380062,22.717819
9b621969783f442299323db769abb967.jpg,62.250214,29.960754
9b93acf997444aee8d9e40b18f29b552.jpg,46.659756,11.4823
9ba8154393944bc4bbdca61f64dabf2c.jpg,65.61937,-20.34726
9bd0e17fe1874656993c826c3df50f83.jpg,66.141228,-19.012207
9bd29002591e4240b003f75e0770e0b0.jpg,54.647625,18.387466
9c1af1af56434455ac9fe5ae4fc825ac.jpg,44.226643,5.904083
9c1c813dae1d4f53b0914418052a35d8.jpg,39.628742,40.074646
9c5e1e18dd364eb3a7422c66828eb0df.jpg,57.638844,-4.21225
9c683f3ba06646babee6f189f43fc440.jpg,43.25692,-3.435745
9c79bb25b872434385989e9607aa526f.jpg,36.452045,33.314224
9c9c88625da24076b0110c30909a061e.jpg,50.472862,-4.742752
9cd51fca41ae44e198317bdb667ff296.jpg,53.03685,30.507034
9d04ddc60143493b99eb228ce1d942cb.jpg,64.136444,18.959976
9d1b1b6e7743449087e81225198733de.jpg,60.795868,15.891403
9d257a46c14145728f7a29a3ae25d637.jpg,42.517872,-8.787292
9d773241ce594dab8041fc22fbcd7fc2.jpg,65.522621,-23.251373
9d81ae31d9304d10bb6501e0c5dd31f7.jpg,52.963097,14.536148
9d82807efa014791b79da5e564e1aaea.jpg,65.56134,-19.908371
9d8e49ac30814ccebae3f33a84bf4742.jpg,51.68676,-0.841431
9d934b143a654c9d951e1ef95af003b9.jpg,52.644054,30.795151
9d938564beda4cdb8d56509e2bdbafff.jpg,53.351517,7.672882
9d98e7836fd64f35857beaf78c407422.jpg,37.671234,-0.870514
9d9fbabc1ff44a4ebfb3ddc6250e9caf.jpg,54.714741,18.29393
9da327b596ff4b1393312d1d6346083c.jpg,55.141918,-4.618973
9db75f1b0b0845c8a27c598b554813ef.jpg,63.943462,-16.694366
9dbae72af79746b08ed0a976117b8b87.jpg,36.851208,-2.819229
9dc19f580f884ad2801b25fd5c098e9a.jpg,64.218765,12.178772
9dc394fd776340b88db39c0e217ad6d8.jpg,63.783493,16.25325
9dda81748a5540c0907da94abe0f9c08.jpg,65.254372,-21.596191
9ddc7ccc36f74c00bab315680d981794.jpg,54.515583,17.564438
9dde831324e244da83d27fa1c90377e6.jpg,43.689461,10.497314
9e0f2dcc62524e2f9bdb110c16deff2b.jpg,36.375809,33.780914
9e1bc52dcb7c4b398664e6b9afa0548b.jpg,61.264584,28.513031
9e1fa0877d45480caa1e3f7df042ce25.jpg,46.682755,11.51239
9e2afee8124544aeb58d7feb062f4b5b.jpg,55.620777,28.705505
9e44e573ed684456be1da1ee1c28ac8c.jpg,41.837154,12.990845
9e6f8b9d1aff4bf2bdbd265b988dbdfa.jpg,62.42738,22.431534
9e8138f9035447c786a247fcc5425e5b.jpg,28.899199,-13.721085
9e8984396c52479bbb9cc4588baa8bfe.jpg,42.345314,-6.344879
9e9b79d8337447e28e441b178bce70fb.jpg,45.871578,9.368607
9ea8e8664ecc415896a409e06cfb195f.jpg,37.736294,14.088715
9ec38fccf3cc46c18068ea0efb75b2b8.jpg,68.610779,23.353043
9eff45e7d3d046178207b91f94f6fcb3.jpg,50.258244,-4.873169
9f05f02d0aee4659b20af6aaad45a120.jpg,60.621777,16.055145
9f6a980527d14ab7854c4adbce93de9f.jpg,69.737686,18.793732
9f952107996644338c4a5256312ce7a2.jpg,65.744408,-19.638748
9fe98f7d674d44b1bb0bbf4e72e4d433.jpg,51.991043,21.123749
a02f27fc6ea8448e830be1b991c6b11f.jpg,52.5513,27.44635
a04498f7f7c043328a179fbb77e6a129.jpg,37.921787,32.609558
a04ef5b1c17a4092b0c2475918b3ed97.jpg,37.4524,39.450195
a052b6d2a4d1461180c1b3c0e7b5951e.jpg,52.2994,29.32486
a0589e637a474c57beffcef89cf6f529.jpg,50.654709,10.138306
a0782c93e92744d699d8b0369d262d2a.jpg,37.367775,39.488007
a096ddf8d3114813ad2b34ce4b0f4ff5.jpg,28.024197,-15.494232
a0b91bde6c7d4fc6a84d1d34a2a47c63.jpg,52.549522,24.544632
a0c13064d1cb435295e43bbae57c3e19.jpg,43.288586,6.475967
a0d6330f48824f4b970e48ab1f0ceda3.jpg,37.991425,12.701263
a0d7d702ab0e41ebb7fff27aced1811f.jpg,46.704956,11.487061
a0efd73d58f44fb19ba2e6eb0e21e4e6.jpg,60.115891,13.448364
a11020c1461a47de9448521fa94f8712.jpg,56.0984,-5.420944
a11bcb992b4047e792b0cfed1b9b06b5.jpg,64.661743,29.478027
a136f16dd10243818fe60f8d86bf4003.jpg,48.489342,-3.339462
a138e951783d48598df1c973f4a18ffd.jpg,62.550945,22.38269
a1a6ff39c90b43c091a37cc56636fa97.jpg,54.442348,-3.482025
a1a736e36d6e40ad90dd72b1e6813fee.jpg,51.388943,22.569336
a1ad707f334045fda13815534f93c49d.jpg,39.359379,3.061615
a1c7b4c2e48e44c18a205bad866fdcd5.jpg,38.263016,41.056015
a1c7f60d38ab44399df3d329fb4c11ca.jpg,40.991203,9.14151
a1eb55ae45cb4b96a53719a4f5424593.jpg,50.26022,-3.772461
a2061f8c69ee48a7b49fe9450498bb92.jpg,44.767719,1.128464
a22e3af53ff347d6a0a863d7f67e2108.jpg,62.426361,6.280533
a23d96df881744728cc3ce9c6b505f45.jpg,53.083492,29.835709
a23df2f4464e44bfa3a07c4f5fbc11c1.jpg,40.002739,3.947937
a29ad5ff427f4a9ba96375af296ade63.jpg,36.866882,28.656326
a2e4e0088e3a4dabb39f01164c77fb6e.jpg,51.706882,30.305573
a312dc0c97c04de0b7c87ebbea29a2d3.jpg,52.799259,29.357224
a322930e30324ef390de92e7d24902e5.jpg,43.600605,11.383423
a358b9c02e3549b780bfea967d20cbde.jpg,38.784504,-3.228088
a3751c44fce1418cab410e62904a9152.jpg,53.929474,14.771271
a3d170e27e2f48f091ba9488de5bf8f6.jpg,58.213348,7.935104
a3dfcca2e05e4ad79485e6341065a326.jpg,67.285957,14.580673
a3f4c15095fd4abeb17ef0861f451b61.jpg,55.829597,-4.676178
a416a52cee704a2cae732e3e5d01a280.jpg,36.210121,29.753143
a41e9e97ea814bed84fdace880dc53d5.jpg,45.16893,10.932022
a44d615e5bae4ab4b35ecc77c9ca30c3.jpg,65.744179,-17.19104
a4585f9b459340239bfff82788b245e3.jpg,53.320766,10.812744
a4646a88c17c47cba255a10add12c7e3.jpg,61.504303,5.642578
a473ca9b58f94e95925049235c560a58.jpg,54.528812,17.520554
a4a948f3b5da4145924aa6b857bf4e25.jpg,63.175613,30.572159
a4bdc5c72680440a9eb0c322cb48073d.jpg,39.374222,3.087006
a4d55649d85d402a84d7b0f76f05f504.jpg,51.280735,18.545624
a4e3d52cc5ef4f4892fcf487970ba682.jpg,65.890877,-22.832443
a4f220ed07a64970b62634c6ecb12afb.jpg,43.177464,12.603256
a519612f80124172ad79c8ef32874ae4.jpg,64.23204,29.309814
a55099acd4664fe2bd63dcd9390d2b37.jpg,64.597313,21.072983
a5514fdc43ad409ea98286a8298043e9.jpg,58.813248,5.594284
a55ecfa857104d29ad83fa5dd7e86be0.jpg,48.121113,-1.63623
a568214595294ec0832e8e54f521db31.jpg,64.394135,14.246429
a57ed004485e4941bb77f522b776c6b3.jpg,51.525612,21.522736
a599146b14954eb58f680f6c5926fa61.jpg,41.96656,35.019897
a5ecc4f0682642fd97358926905fa535.jpg,45.796024,11.067261
a5efa4c604fc4a32a35860e1f6dd7d14.jpg,50.256927,-3.642212
a600c9b09a9e489dbcee98a8d2f94984.jpg,58.391872,6.266495
a6146d1651504143a307f351a21e0973.jpg,60.627892,5.586838
a61d08700aa94349ac5427285fb40eea.jpg,37.848217,14.640671
a6558bd825d44b80918cff73a4de9729.jpg,41.004848,0.315643
a667ceb2e0a647af85f95101562d5e3c.jpg,40.836277,14.47435
a670304ab3984ba8b861c1175d7706bd.jpg,65.393959,16.202881
a71952c0cf014329ad29555692940974.jpg,41.432274,15.621399
a730c1c78e4942088a52bc067d2df57f.jpg,61.774353,6.303665
a75cfc3df9d946c2be2c817a58f9e4b4.jpg,56.003391,28.606918
a76cd6483fbb4a239d102a19ecc1c9ba.jpg,55.200462,-3.170731
a7d006996ffe4c1e8fc0516a2637243e.jpg,56.167164,-2.729584
a7e237794d0c432eb93989a03544d867.jpg,42.371078,14.186829
a7e602e57e7d410384c485cdc98a218c.jpg,65.705338,14.70816
a7ea3350993943c0b7b8c46c814f9514.jpg,37.19297,14.383331
a7fc6f9a62b24593b81ea27d2b981968.jpg,48.160442,-4.502655
a87e8b583de448f4bdf874e1748f4b8d.jpg,64.192589,29.30809
a881d966d1184852ae8052c810891970.jpg,66.351982,20.074844
a8d5a528a20a416aba58aa85ac2863d3.jpg,44.181499,-1.197571
a8ee2a43bc3341feae1fd0714a700979.jpg,55.836704,-4.603897
a8f3631ae33945ca8867384c91eeed72.jpg,52.158993,27.459549
a8f6cab1031c47fc8da0bf969f634165.jpg,40.95742,9.132645
a9187fb4a19d45fbbb56737a6914646a.jpg,43.749191,11.288544
a92c2c32e68c4d8798edc0f5b192bcfd.jpg,50.698254,20.405548
a95a0892b52242999ce41acc3467d719.jpg,65.442177,-20.65979
a988367946204e50bad3d426ba175381.jpg,52.524399,27.416656
a993ad713dc64ea2aedd474fe9ac8d48.jpg,52.669716,8.290756
a99519852dab4de58f6338437962ede9.jpg,61.814388,29.67424
a99942dc16ea4599bf9e4cc30029ecc9.jpg,54.610195,18.459641
a99ebb402b3f4b229f3ae57be3e7d00a.jpg,52.799507,12.40509
a9a0175df8774143a095b6445139b6e2.jpg,59.911804,18.488327
a9d2e1abf5814be589d3d71ccaa00ccf.jpg,52.791004,-1.269669
a9d41c9697624b95b11ac707c6bac06f.jpg,70.643639,23.581924
a9d62e7a66c24366872bada967ff2657.jpg,52.963844,13.885223
aa2f639a7ee24734b3f2601823557f8b.jpg,37.089882,34.773239
aa3e599f5b5c40358b7c509f5c3e6f9a.jpg,55.122936,28.837723
aa61b7bfbe224572befc5afbaef25b86.jpg,46.085461,0.160675
aa738f4d529343ff8c9fdc0d41dc80d9.jpg,53.049332,25.667908
aa77ed9d1f384d27843105bf3c76e0c0.jpg,37.693047,-3.927948
aaad496b70a94ad1929df0a99b0d920f.jpg,52.167213,27.819611
aabfebc834c74c33914eefb33f720f28.jpg,63.855618,-22.452454
aadf42f1fff34667bde273cc9ba33195.jpg,58.516453,-4.624466
ab17ed58e3eb438c8b336ebfee674869.jpg,69.452934,19.22467
ab1a02bfba9944c5ae0a797e22356aa0.jpg,38.058426,13.261078
ab2336269d294c02ace4ffe5195dbd08.jpg,69.241455,15.780106
ab2584fd46b34b40b346cb3cd5337881.jpg,67.716805,20.466583
ab4d377d71cf4229a0a03765b270b77e.jpg,45.842072,11.673035
ab5e6e5e78544decb1a60dacf98db347.jpg,53.317993,19.666031
ab789cd264a04141bf70ea2f7437f39e.jpg,48.429749,-4.524689
abbcbe01958b46fa887f5dacf6d61629.jpg,40.71896,-4.324371
ac18fde09ec34b118de1ab9f3feeb480.jpg,53.788376,9.247879
ac23c659dddf4756b2153899f73ff3b3.jpg,63.211685,29.903519
ac4c72fc81614951974505aa0576815b.jpg,69.338707,23.847824
ac5dcc0ae11347d08ae2df403cc34458.jpg,60.152996,13.374207
acb23230ceb64ed2b909b34378b68a34.jpg,66.679329,25.465103
acbf367a027e4041a8ea34afaa88b714.jpg,64.056213,29.265198
ad6c21668eea4c8f97d709c61385f0dc.jpg,62.432259,26.908478
ad7d0e037cec46d78006219c328c958e.jpg,38.156208,33.777451
ad892da0b50a4519a3553cd3171a1391.jpg,53.197044,10.651596
adca7afab5c84fe49ad7e88c488c9004.jpg,38.236416,-0.529694
ae12e0107aea41689029dd4838ee0119.jpg,70.104279,28.722641
ae46b5e9e3224f82b237807a54289382.jpg,45.569416,12.424286
aee183f0b3664ea1aac45560714d3fa2.jpg,41.716,-0.723068
aef64841636045b4a0be4f138b2b2604.jpg,45.904984,5.4505
af2150f4e48145fb8224303e3df3484e.jpg,50.180023,3.235687
af3694501d4842bea6f14602c2d1a2ac.jpg,44.608124,7.241058
af5cf2f4ca2447409f8e56a40480c8d2.jpg,39.443577,3.149658
af6ee45db85a464b81b9610d7a8cc500.jpg,38.749084,-3.147034
af745e63fd9b4c3dbd6d2e6064a32cc8.jpg,41.496063,13.876648
af9683a2570d43fbb0f764ae3a668541.jpg,46.577522,12.098969
afbd9939aa9f480d8f0d449cb000509a.jpg,38.539566,-1.7146
afd7f7cc0eea411994dda4f6855728c5.jpg,67.735329,20.670349
aff26a3252664bd3ad49b7b5edb73c26.jpg,54.607265,30.371643
aff795b6ac374cd7b946b382d9da083a.jpg,66.058754,-18.514923
b02dff4df4534a67bb821c44fa35499b.jpg,38.790535,33.501511
b02fc57619974d5a8e8fcc7953efe779.jpg,52.082634,23.510468
b0ca58f89aa04629ac5f6c0d6958d4dd.jpg,37.057186,-2.234772
b0e0ed8e510f4fa8a1d15a9dd9220b36.jpg,40.71352,26.771881
b0ecb965806347be8b06252ec1271d1c.jpg,58.375458,6.111313
b100b662fe9f404689be7865306a464d.jpg,65.469063,-22.077408
b10fc3b638b74153ac7225fcc346082f.jpg,40.861637,9.246902
b115bd13c1e94801bc92d4a1418877f1.jpg,63.101486,29.903885
b1290c4a21f747b482cf966880910841.jpg,49.779686,21.314987
b13c8e59e9af445ba0161e1b14e45214.jpg,56.872986,14.12207
b146582776524f6da0b50006ee44ae9b.jpg,44.558659,-1.050491
b17886a7150540ff8f8e80282e28c43b.jpg,54.058884,15.802017
b194f6a991874d57b287fd349bcb1c04.jpg,64.840034,-23.637802
b1bdb71446b54afdb7ebacea761723d7.jpg,54.797501,25.964111
b1ea2a4b7458423a969c5758d1c15ff7.jpg,40.605652,43.205139
b1f8a08b27fc4b90be8df0ca2b91d832.jpg,65.909203,-18.212616
b1ffdbfc2ea845d8a198aa9c6b3768c1.jpg,53.430977,22.528046
b20d279ba2f24436a7077d604c2cc6be.jpg,51.719318,-0.948257
b213293b795644458fd3d00b50f6c80d.jpg,51.157059,6.889648
b24767353b124fde865fbc668e6d77c5.jpg,38.413887,42.586639
b25c2accfefb4b4cacc707f8d2eb6df5.jpg,53.963501,15.902802
b264260b88d9477987e1d62632de8d06.jpg,51.128548,9.816589
b276ccc6ef4043b7a1ffe9207c51acc8.jpg,54.610004,-5.804932
b2ce3ce73f42443b813b9cf285d7ab0f.jpg,41.777473,9.344742
b2d4a8e411814eb1ace396b5bc56a958.jpg,46.53093,3.972656
b2d9f07d98314033a5640469473674b0.jpg,64.470665,-14.491119
b2de8763e29d46ff94d3717032cc8cf2.jpg,69.343498,23.963394
b2f9678a090a408e816d278730b7f006.jpg,39.016029,-1.902603
b338d7f77fe549d98d13a3b35c527d37.jpg,69.321915,23.834946
b342d78fc75f4e5a9d2a800280bd9b3f.jpg,58.432972,15.136429
b366a48d227d4671b3f10711d5968dee.jpg,63.037567,8.817184
b3e814a81c494ca6aa12225e0dc3fd9a.jpg,60.59256,5.576935
b3f56fb9cf7a429c8f48683ff88d8a12.jpg,57.584728,18.529572
b428f9a1d60f4ffc8c960dffe7234e0e.jpg,53.36908,22.54158
b44d3d4363e941cc8e499b858bc08ab6.jpg,36.443592,33.268356
b458a9478c974e9ab5ccee3e2427eef1.jpg,42.69791,0.865692
b46ff1ae7f46485fa5c8ecfd4246eb9b.jpg,51.114185,9.969406
b4736407bf324b54a7d9b83c732a12e4.jpg,66.030602,-19.276978
b4ad04741ae04873a81e0a35d9edd883.jpg,67.613472,24.308624
b4ce46c1623048d9873c5be6a8caa67a.jpg,44.632515,-1.069351
b4d25507067c4aaeac4b1a4ff66bff3f.jpg,40.131527,32.570908
b4d852c0143a4da38f6c049abdfa3982.jpg,53.402412,7.620056
b4e4b00a34964e999c459cc2da64f27a.jpg,67.245392,15.519684
b4f34efcc94b46c991884ecfab9f078b.jpg,63.386166,9.480179
b4f41eea868942cda484ae046753fb44.jpg,51.981983,29.783157
b4f62ec1913e41fba8ec4c297ee1d09d.jpg,38.254921,27.108429
b51cf6bac21141c28f9367084de358b3.jpg,40.78846,40.205444
b558e7b29de74c6cb9954adf26b8d733.jpg,36.390133,33.314529
b55f9e6a59da4f2799218603245266fb.jpg,65.848351,-22.370239
b57d45d29d2246b7b844a1fc5e912ff5.jpg,51.696667,6.636139
b5ae095af0fb4abd8a746f623d880e70.jpg,53.307674,7.623932
b5d0722de57d4e249d4cc3c2fa8f47da.jpg,53.208477,11.643387
b5f260800cd64d489b88c1da506b38e0.jpg,64.181183,29.322037
b5f7295901b644689cdf7b3508c1570d.jpg,70.138496,28.798248
b6031f75e9f74c0db49f28519b1e825f.jpg,52.210503,-0.300583
b63e09eb8cbf4937ae152ec84a76dbe5.jpg,66.707352,15.826691
b64b41d80671413199033bed6742bae3.jpg,44.575325,-1.000809
b64e72a673ac4e45965b4f4218a715af.jpg,52.728241,0.269577
b6fbc5f6f7d74af889be50f9528bc98d.jpg,58.492657,11.632462
b712134b9df54701abb25eb4508808b1.jpg,64.576859,21.052216
b72fd9e0ebc64078b7e33c3d3819c40e.jpg,42.933464,1.544159
b739be3b43524fe999dbeb2560eb4672.jpg,57.562305,18.432388
b7568db344fb402e95c31c6210cafc14.jpg,38.256237,27.092667
b76abbdb334847728087e77f47e5a7e7.jpg,58.564278,-4.743454
b794e55425fb47238cbc5114840e794a.jpg,64.038269,20.635803
b7e081da8cc74b19bfea8e6494eaef84.jpg,43.25824,12.660721
b805cb4fcf3847e481655624bf256e10.jpg,50.106556,20.01062
b805cfd0515a4636a0be5394c327a41a.jpg,50.808567,2.215393
b818ae74a0ee4c53860723e8ec677f82.jpg,56.056339,-3.79863
b856ec4b3b384fb0b67960ff77c9c12b.jpg,63.126682,28.220779
b8643631309a445785e7085e09d3a9c7.jpg,58.443901,-4.690384
b872f2c358ca49ceaeb0d7637d6cf002.jpg,70.97644,25.805206
b879c471b4bd495bb82a2f7892d02e29.jpg,51.058502,14.447861
b87e3f3fa4d544d6bd25895490582adf.jpg,40.216423,15.440567
b8ab9051d63e4022b2b16868a10ceb55.jpg,54.413845,-6.151474
b8ca7be7e17a4cebb8eaf8cd20e5c705.jpg,50.169121,3.222198
b8d4f52c58594966a87f6b56f82b5758.jpg,53.511433,30.273697
b8d67fc106b844bbb64b464ff0cbbf20.jpg,38.810123,36.225952
b8e51fe0ce3541a09d5b4b81a4753b7d.jpg,55.724247,-3.616959
b90f66ea31c843b3872acaefd04ec24d.jpg,44.569687,8.324982
b920d58b06ac4612a4a99ca503850587.jpg,56.49588,15.700851
b9251259679244eb8e9088949f757852.jpg,65.805779,-20.154602
b9268655fdd3491caa0f47cc78c11c38.jpg,48.19849,9.132401
b92b29bb845648e4a7b21d5710259dcd.jpg,36.813278,-2.819717
b97b6ab35d8a48059671713269fbf8cb.jpg,58.535393,-6.248093
b97da68a64f74a419073a1381fb7dadd.jpg,37.360397,-5.597672
b9887c5233044d8aa0b1fad65bc4708f.jpg,65.742882,-19.596405
b9b927fbadd64006a6ef2760778ab8cc.jpg,38.61507,27.84288
b9dbcd2997ad441d964daa9cb432369f.jpg,64.199242,29.322815
b9effefcce0546a69916e0d0a164b803.jpg,61.38348,27.09404
ba130678b64543ca9d58b6dee8171be2.jpg,49.703671,4.680756
ba1f66159cf0442c87d34ef5b009594c.jpg,45.846581,5.588135
ba244444cbb94f6a872b61de7627256d.jpg,41.317734,36.263474
ba4f72cde60f4c22854b8633ff23d07f.jpg,65.705208,-14.906754
ba54961e9d1b4710a4c0b63f5eb350e5.jpg,36.308632,29.739426
ba5fd2c0001a47debbf5da43b9e4a6b4.jpg,50.21516,9.237167
ba6d39503f634087a55b9f6723af8b48.jpg,38.350807,-0.697723
ba98708ed80f4188b0efaeea9d70b7a9.jpg,64.295593,-15.119156
bac4d9cdd96240e79a6104cdd4beccd6.jpg,47.123447,5.59256
badd95e4bd494a6e9c5259dd52aa4d13.jpg,51.73819,30.418671
bb08ddf87a5444388f07bf908c01512b.jpg,58.583118,-3.138138
bb584c782ed04d6f99800732838b0ea3.jpg,58.202084,7.974716
bb5c2084528d45efb3e4418363ba7f44.jpg,67.354301,14.527069
bb697597fe884d328b76f1a0b66131b0.jpg,37.728607,-0.70311
bb70e8f36e3b4b128790c2b1525de2bb.jpg,38.297775,-0.705658
bbae1c411f20475ea631df28a2f98366.jpg,52.556793,27.422073
bbb9a970518f42d38a4798ac9cf6ee64.jpg,58.535019,-4.623642
bbee3449040b41ac836d20ab89480462.jpg,59.967068,16.196655
bbfdbc4e64cf41ff8e10103b9f03af96.jpg,65.438622,-20.660263
bc5e7040176342e092fd9f3a68143deb.jpg,48.470455,-4.499939
bc7aa93e5dde4793aeb4480036765349.jpg,52.37542,16.314636
bc8729bd9c77416791c4b50bf1449516.jpg,65.260704,18.834595
bd622086d79f4ea9914e809045b7dce8.jpg,65.807701,-22.679352
bd72d55f183e46c48532279fa944db05.jpg,52.841434,-1.238876
bd808793081d4d9e83ead7091eb044ef.jpg,69.297356,23.857925
bd8bdc7e2c1f4780bbf1dad35b571e47.jpg,53.745373,14.726242
bd8f2a127a974a0d96b0456c3489c73a.jpg,47.357521,2.350281
bdb26d0e4272403bb2c5bc2cb73d4c36.jpg,65.963776,-22.952545
bdc142f9377b4fea8a40591b754f9b5d.jpg,57.951656,-5.018066
bdea84f72a5143d9b51f6292c515f2d9.jpg,65.558548,-23.87323
bded5e8fe0ad4058a72de1cd5b7d849b.jpg,44.604179,7.40152
bdf9dc8b89684928888deb834fa1ce28.jpg,38.944954,29.328705
be1be448897847baaf1dff7e9dfad65b.jpg,57.644669,18.538788
be22d4609ec24b0e857fa101e678de63.jpg,50.295223,6.704666
be604337ce8040e9b784774798efb88b.jpg,39.138409,30.898148
be62c15df4d34d28ab3196363d248866.jpg,38.831337,-3.270172
be6c887dfb7b448283297ec51e0b644c.jpg,43.7285,11.368912
be7a8386592b411aaef552bf587c651c.jpg,41.623158,0.983002
be850fd5dc2743f3838eed8fa90a5797.jpg,59.188438,6.411072
be870c8b66d5491d9fc476aaab7d5d82.jpg,57.359383,18.476898
be9ec0560c34492ea4eb8d51aa319990.jpg,39.281315,9.143112
bec50e38fe5b4304b48d9a4e98af12c7.jpg,57.435699,16.438568
becd939f8964479ba6e143131e624605.jpg,36.309666,36.244965
bf060920253a401a8f521aabf31ebd1a.jpg,42.620125,12.327011
bf3be6e309284860a96f683ffdb71a69.jpg,41.224564,-4.13887
bf560ddd6e674d7c9f7b947aab3b54da.jpg,36.914536,30.847809
bf78f50fb4a64f6fa3b560e3abed7f33.jpg,41.644852,0.998108
bf7df99ce6e04bf0871115b98694a9f2.jpg,61.481071,14.925018
bf848983faec413fa51192aac004003e.jpg,52.510773,14.144196
bf89b99bff044ccfacfca33fb9fa3487.jpg,67.753128,20.662476
bf99007a862046eaad9f5a4cd1869c8d.jpg,52.50843,25.609283
bffac6a720974790b052aa3a8e807283.jpg,65.931427,21.440338
c02dc43f82e349db87102f904e6cd411.jpg,45.908054,5.487656
c05be9b884994fbda69b94cde6b758a2.jpg,65.72731,19.426636
c05ef733bf014c1289b781b68d435035.jpg,61.901726,24.530685
c0928075c386492dac2a2f9f6a58ce93.jpg,37.768089,14.075287
c09ef0b47f934d8b86acc954e484184b.jpg,39.444794,31.437408
c0dd1f2f9c5d42e0ba1845a0f1b39536.jpg,65.40654,-14.735001
c0deda643fcf4187810a79b5ed969bc6.jpg,54.022385,22.762283
c0e1ccf199444c73a6e47abf924a5efd.jpg,63.61784,-20.068283
c0e3afc0f329472aba27d8940d3af9ba.jpg,63.957672,-22.318573
c0e798c4405e4f6da17b322ceaa1197f.jpg,54.669327,-5.672485
c0ecd84e37bd45ec93184a6313bab6c9.jpg,53.632927,-0.125443
c0f378bd79124a1a92ef83e8b16c2408.jpg,58.580467,-4.565704
c11921bf78444085a6ef18a4172c0952.jpg,50.162529,3.446198
c126eeddeffc4795a07448bbce943588.jpg,51.622513,17.80925
c1456e327e374a78991f3292e75d12d7.jpg,43.159843,0.299377
c1584feb0d6f42bdba9fdd6107bae011.jpg,51.690369,30.337585
c16a7828c50344f9af06e767b755eeef.jpg,53.98996,10.29512
c18a6c5a8a594ead98bce3be8eb06873.jpg,50.764694,16.195343
c1958ed9d9854b548ab7fcb7e05d5c79.jpg,40.583382,8.447479
c1a785be197047bca8af82a54c6b12b8.jpg,37.897171,15.102036
c1b3b5955a534fe080327c7bd8879032.jpg,49.116814,8.005234
c1bdde92d294403e8405757569ebdf55.jpg,55.384979,-1.875732
c1db58834f944dcd8376fd37b4595ec2.jpg,39.059464,8.332764
c1ec190eee5443bc8c94de772d160a58.jpg,59.219418,15.544678
c20cd81802614c6da8cd444c822a47dc.jpg,40.219025,15.57341
c20f4189bb3d4bb0960c8a060cef0118.jpg,63.438427,25.633118
c218913eccef4d93bf1f17c5b7fde013.jpg,48.539207,-4.52272
c24dbb5233fc42648e2770d573b2d3c6.jpg,50.543072,12.639587
c25619dc215b4f2d94376ad737e98233.jpg,52.016842,24.033325
c26ff90cc537439786da5892cad8b029.jpg,50.670551,-4.404877
c2a84c9c9d2541d39a1d5bddbf40aa48.jpg,52.236473,31.485107
c2b5aef45893493399205f2f69a02074.jpg,47.411118,1.36171
c2cb89ac4aec44409d316db1140c9b93.jpg,64.120941,-19.933914
c2e01d72333f458585ec0b7f6e67a73a.jpg,61.054478,23.26387
c2e5473c12364d828ec4e8dde7251e4e.jpg,39.382195,2.981873
c2e7f46f3eb845daadd8dbeb631a12d7.jpg,46.480419,-1.145355
c30ae75531454a84b726dae65be59877.jpg,50.179775,-5.479858
c31f75d5de214183b6d6915bcbccb039.jpg,69.523247,19.269028
c321fd6b91214eb0a70a0a88d1d0223e.jpg,66.055527,-17.326828
c3749894984c473f8a46927ed409102a.jpg,58.948704,12.334717
c3aefa539e07469497c425e2d86d4c37.jpg,67.081322,25.100311
c3f3dd807fc742348bebd135c09b52ae.jpg,65.573517,-16.107224
c3f7458339b346e28adf084e8bf1135c.jpg,41.235809,27.615311
c40330efe204462da3896a72e49d59ce.jpg,41.011375,9.113556
c4445ff1f9d243b98adbfcc724a10bd3.jpg,63.071926,29.937607
c44e522387b843989e6f84088f2cb263.jpg,56.369724,-4.862396
c45390cb5f0b42c1a7dcfaa2aa34d2bc.jpg,67.153801,15.409073
c459a3eaaa904a07b26403b32bc53f90.jpg,45.477791,2.262589
c45ac30e9c61464d8ffeb81e65fa7b70.jpg,37.885643,15.023666
c4805a924bac4358b35e1fe7061f29f1.jpg,64.128471,20.18161
c51577bad4d34d41838c937f11b35650.jpg,41.423851,13.938934
c5268285a95a41acb7bf134ba68322a3.jpg,69.485924,19.19101
c5362a6e8870468bb8ac743bea2a783e.jpg,51.996395,20.216003
c5399edadeed460398fe2579e7ea8d23.jpg,39.664036,33.849304
c562ff84a6ce49a5b3ee20acae6aef1c.jpg,51.535648,12.004852
c56d4d958a6246f9a085f75ed9f90b73.jpg,40.674999,8.524765
c59f724b43f1407ab54bc1e0d161fe24.jpg,56.101501,-5.468475
c5db59d04ffb4eb4a53d560f46442777.jpg,39.104931,30.838562
c5e0a5d022544b069fd3aaa7ebc3318a.jpg,64.092209,29.415802
c5f22384aba5407a8c5481531bd1ac17.jpg,59.442917,5.529846
c5f52f3790e14e389105b331f50653f2.jpg,50.392075,7.71965
c6210641f2f24eb6869d16125872f6b1.jpg,59.798,9.864151
c62bc5c0f36b49408ab8e7a127aafe82.jpg,42.615028,12.366257
c63874e5363a4b73a9f9d0244cb61874.jpg,53.156757,29.362625
c646e8f46b78423589363f7c86a2e425.jpg,53.562946,24.5242
c65757b1cd1e41cd919992bd64c326ce.jpg,52.293839,29.329865
c66f342eba9648c0af0dbcc33caba14c.jpg,53.115318,-0.817963
c684ae27ff3e4a218ca403fb513c3f0a.jpg,57.326984,18.518433
c68e77681d244075a195ecba338138e8.jpg,59.096214,-3.306534
c693dc7271f349b98b56cb1ec229530b.jpg,50.611408,21.332764
c6a62c08abe64ca3bf809f4a177c33c2.jpg,50.355549,6.841614
c6b03dcc37344d43abbc95df43d59eaa.jpg,50.769569,22.63855
c6d93f5be3a943c1bd4a0bc4fc26e150.jpg,42.999397,11.840393
c6e26335ccaf415eb35e585dca5257ed.jpg,41.792812,9.429596
c7023c598f6d49f2bffe28e1d5182bd1.jpg,53.331497,7.647751
c722999c3b9646e68e387c26a41e7783.jpg,53.156475,20.534851
c7364dcf1f92448f849ff6f96cb3c3be.jpg,48.096859,3.810974
c7607f340ee2478bbde22aa58819cfc6.jpg,38.763611,36.186432
c7c03c01c3ae4fae9afc8d7ee6513575.jpg,63.933598,-16.691788
c7ee8da33d3e47da990106b3636a7979.jpg,28.872837,-13.671875
c7fb4752a51b409da76e6d571be5daad.jpg,50.617668,10.166855
c7fb7f496039466db1a0c6bed66e6dfd.jpg,66.067696,24.824982
c81953942c814f25944da805d0001e37.jpg,52.205173,-0.292603
c83b95ccd7da4303a8a0b960304d1176.jpg,50.08112,20.001465
c85abc33b90840e08d17a6283ff7b657.jpg,40.736183,35.709167
c86f50b6b3d14d1791d937a574d8cde6.jpg,57.411457,18.562256
c886d1d0d0f241a6b601d50f1e951e06.jpg,39.354172,-0.412109
c8951fc0415b420aa2678d3cab59c87f.jpg,40.215462,38.156525
c8a6a342c82b465c9759f4752661346c.jpg,65.255074,19.556
c8be011a49d040d8ab4c57e16d2d9cd5.jpg,41.589565,1.017227
c8c15231f04a4a1bad6fc99c98fe0479.jpg,64.851173,-13.856155
c8ceeee2790a487695baf42d90be4be8.jpg,64.911659,28.136429
c8eb7bae9d8e4aa48c2138b7f3bda076.jpg,48.33234,2.415955
c94656d771c444158dd7842b405790f5.jpg,53.156246,29.351685
c96876f0d2154d7688097aa2b1eb93b0.jpg,52.831059,12.341385
c97d9383b48d4c3a823f431eb665e661.jpg,45.618042,-1.105957
c9b030b59541402a8cf1e5c4f8cd6038.jpg,69.265053,23.835754
c9b14c2492cb46ada14cd3ea6f84a498.jpg,59.226059,15.645035
c9cc9ea5a8834347b7d006c882132377.jpg,69.310585,23.892792
ca1eab62bfdb446e8213f8ba7cd38fee.jpg,54.304031,-6.466415
ca2319c67ad94b269e3affd46374ee9b.jpg,53.855915,9.297272
ca2c9239edc34eae8e9225b26c3feffb.jpg,57.456852,-4.048523
ca38314146714b2bbc2303f35f01327a.jpg,52.54974,24.40361
ca406fd3807a4b7b957d92a365dba73c.jpg,65.235741,-14.408585
ca40edf8c8aa426195524b65562001db.jpg,64.23658,15.413788
ca4424283363427b9edbaec6211c541d.jpg,53.602715,17.651672
ca85d8e35fb649889aec6c79b906b878.jpg,38.264507,33.850357
cadd3d7a221e41a8a9d5ab3d58c93ae4.jpg,48.604031,11.317139
cae3b96d6c5d4b3c91cc21133e576417.jpg,63.857506,-22.435791
caf0dd0feb07444496e3b88f5dbd3ab2.jpg,58.902733,9.232544
cb34f6f93db8452aa433aa5d1bfdfac6.jpg,51.14489,6.990433
cb7740e013dd47f1b7b31f1705d2556b.jpg,53.84922,9.249588
cb7c8198fcce49219cb7819eff665866.jpg,53.59861,30.233063
cb82289426714d008d8170bdcec73f9f.jpg,57.536205,16.5186
cb9969637bf347c5a3b75a95fe273b96.jpg,64.186569,29.316345
cba0a4a660f6498393ba0c2dcc9ba6de.jpg,67.128319,15.228394
cbdf5c74100845f38bed5256268eb4d0.jpg,69.44873,19.233871
cbf6695ac3e1453fa7a63516539129f6.jpg,69.186401,17.9935
cbffced5a76c4b0299039c4ce87cee7e.jpg,58.431244,6.031509
cc5c0005761f4c64b4a549e76174f5ca.jpg,57.777363,13.161346
cc644ee7b5104261968bcbd4106914b2.jpg,49.813984,11.63887
cc67af16b9964b3383b374460dc0bf39.jpg,52.716869,-0.078766
cc96282f0de34d149057049763bad088.jpg,51.951141,26.696091
ccca4ee84c4e4f279a83cefd06d5e15b.jpg,28.699715,-17.806931
ccca7cabce9b4ede931a76ab180fefa8.jpg,62.512009,23.813416
ccdf3e72437f42cf8f5b750ee09c33be.jpg,51.886562,13.965744
cd1318b7f7dc4bba9d4895161a950dba.jpg,39.677628,-3.963226
cd2d7f4a70214855b2d7831143dbb65f.jpg,50.295742,-4.974686
cd49c9c772494f2a8fd3f3c04490ac4e.jpg,40.320366,29.200806
cd4f69d6d06548218bc7d5f501ffd6a2.jpg,58.376968,6.056335
cd52c60e97604e479e5b0eb8d4f55459.jpg,44.180099,-1.009674
cd686ef388d24563a83b72e1cbb79e1b.jpg,60.785484,23.115234
cd747c17e7ac443283fce19880db5d8a.jpg,52.41024,18.7742
cd7ce9fd3e8f4dc788dd1265ad272525.jpg,57.10928,-2.430008
cd88ff8ddf73486290f1789966ab96fb.jpg,55.166157,28.852631
cd8ab7b7460f460ab9666f4202cacbb7.jpg,37.767109,14.153183
cdafdb52393e4a56a200aa113f2e6f10.jpg,56.671471,-3.285553
cdf61c3ab975412ca58663fdc9444425.jpg,45.883678,9.45575
ce8624a8a00a4699a1891a21f4cb8019.jpg,53.145611,11.578384
ce9d3412fbc9496eab5120920ce0b306.jpg,51.684006,29.140259
ced131e6a3ca41e9b3e7976f2ddc6b15.jpg,51.566887,14.466431
cee5ad2b55604372a61ecaf26759e187.jpg,65.661797,-17.130615
cf0a07e61f4d4bad80e45a36f83be7ac.jpg,57.603302,18.459259
cf1f33b48e5542f0ab590dadafcf6121.jpg,37.91111,15.057159
cf6d9d1b801048779558f1afff5f6b18.jpg,40.840508,14.513657
cf702599a88843a6a523747ea1a2501d.jpg,53.877628,30.41539
cf92259142bc46f8a73cf905d63d868d.jpg,52.117764,12.369263
cf9b0829461a4749aebe60ba1670a7d0.jpg,50.52087,-4.723221
cff54e7ec4254a3480331fc73678cefd.jpg,65.498634,-23.260818
d018267b1f504e979ce9d2afd5b30e98.jpg,37.111629,-4.761856
d01a989ad619479a9295c77ecd2b258c.jpg,54.535446,17.515091
d03ed9db1f0f4681b995180a4376d642.jpg,54.651119,30.368011
d07c936c6bb14c798b6c45bc0b45fdc4.jpg,52.203926,26.05835
d08459f74736458284d1c47f67f190dd.jpg,40.807045,14.503647
d0892a1f80b54b7fa3baca242f1d2894.jpg,65.491745,-23.319214
d093248b09294b1a80d162af5eaf9df7.jpg,59.442669,5.47142
d0a6c5b2d05a4ec09fbf0f6cde0f8c4c.jpg,51.623177,21.658142
d0a8edb20fb04c6b8c2af5d810af3a6d.jpg,52.984261,29.877777
d0c358444dc34d7aa37784c58f7d6999.jpg,50.739288,-4.333069
d0d341627ca847f7b9214f6798d206f6.jpg,53.302097,19.162109
d11bfa826eb94e9ca4513fe8312cf249.jpg,37.986839,12.789948
d12513e26eba4dd6a0be69cf1b5e18eb.jpg,55.118755,26.850983
d1431bce51f046d6b7b7192a5ff46148.jpg,51.533157,23.515518
d15758c267584d82a198f0009d52aa6c.jpg,63.441845,-18.777145
d16b4d771d2d44c3a3ff9a005d4464cb.jpg,40.66357,16.304535
d1945d1bb8774f7faf60ff4c375189d6.jpg,64.577324,-21.678619
d1accd26722941b99cca3047078ad6e1.jpg,69.652336,18.519745
d1af02d0007d41cea0bc7f444592a050.jpg,51.960968,12.974869
d1fcadb6c9af464092f87f39c18aa3c5.jpg,51.829437,14.026306
d20b3dcca64240bbbc208f541f7c07b0.jpg,46.155998,0.18663
d27d8404a0b143beaea33dc57a876e90.jpg,50.545902,-4.724167
d2a93dc2e5304bf1a5e3c140d0ac344f.jpg,39.581749,2.776749
d2e082e5b0a047bab7920aa943ed5e4d.jpg,54.569397,30.414886
d2e0fc48777f46b5946b1bff3977d854.jpg,39.404339,-0.499466
d306826a432d4877ae443a89877079db.jpg,37.664352,27.282379
d33d287c838e4ebdbe50da4b87e24378.jpg,40.872498,34.79599
d3511915822647d3abb630f4e809b7cc.jpg,62.974628,7.523605
d358467ae11c4e18a176c9fc81923ff2.jpg,48.477592,-4.567688
d35d902b9d94454085ad28bd646d9d61.jpg,59.361122,5.489212
d38906e8987a49e0bae493f36791eba7.jpg,50.356007,-5.080795
d38be92a66ed46ae8d51df15ca3b9d6e.jpg,53.28371,10.655167
d39a67446b5347c5a37e6160126dda01.jpg,40.848789,35.593597
d3a83ee03bcb40dcbb20e4562067539e.jpg,53.914543,30.640152
d3b9bcdf463b4371aa02a152312d2ac9.jpg,37.464985,39.343307
d3ee085ae3c34626ab6980803dd0e101.jpg,49.17849,5.68988
d3f380c5945c4060bd806e3ff52f63b1.jpg,53.730007,26.042099
d3fa1ab061994e26ad730f5b90b70a9d.jpg,55.431034,29.228485
d4074f3708454d73b8eafbb6365ad6c8.jpg,38.629948,35.036255
d40ae9fcfdf04538a03f6024fd34de0a.jpg,49.095161,9.492142
d41c87b51f194aecbcd9ecd2a16d163a.jpg,53.111858,18.264206
d420098589ec4cbba3c383f033bec51b.jpg,39.335537,30.242767
d433c7a9cbb144b782acffcb0df4b396.jpg,50.664459,18.585724
d435b88bc1d84d989a8cff36e6eeccce.jpg,47.254635,6.440155
d44bd281a0804bb1b043cd3f81c75e11.jpg,67.727669,20.657562
d44ebd126f284964a20da6b1ba377530.jpg,45.528973,2.431992
d47258ba0ab44fb6ad3bf0f4cd58a086.jpg,65.755989,-19.601669
d478d92dc0da42e9bae007e8f4354eef.jpg,58.232815,7.878021
d4c09cf5b2be46f28c5f56d557aa455f.jpg,62.126133,21.481766
d4fcad54cf734387b77c12dd936c3b4e.jpg,38.471214,42.688095
d5166d57a1db451c9a841940d7a17623.jpg,53.520111,13.281433
d548ff4d98124beeacacb79eaefa86fc.jpg,44.229446,0.302658
d5586a5e4805465081f874e819703f99.jpg,37.659168,14.111099
d57dc31068e54de4a613b59073433a5e.jpg,52.4076,18.82193
d5839cc22ba447dea1fd28b5ff12908e.jpg,53.200783,-0.684265
d58de3af9da249b8b2933763ccfed48d.jpg,51.416241,23.348328
d5c80bc986b54ecb99a901c08ed50662.jpg,65.853127,-22.404221
d605d54f5d924c7ea9370fd3fccbd344.jpg,47.716324,10.197281
d6a898c1ce3045479c51bee618e600b8.jpg,62.547611,6.239929
d6bbf93400164c8991173d4b0735d56c.jpg,39.363419,-0.506012
d6cffba82a3d45cea69be4f6cd9d02d8.jpg,53.369724,7.686142
d6d7a61d88064e25b2b05363daa5fff5.jpg,50.49337,-4.610611
d6f87287c6f34291bbfc42c40f979824.jpg,43.018879,-2.564056
d70c2c8d92534ef6990352fc8a3f1150.jpg,48.59676,11.391296
d71006de5a5849288d06565eefac2622.jpg,40.415951,31.419785
d76453be7a73474d8e145c6f5a3954db.jpg,39.690357,40.081268
d76bf286bd9340458cb11929b5643bb4.jpg,66.713333,19.852936
d78af259b3c1414b90b911cd38940be4.jpg,59.178661,6.403244
d79fba6525b64e9f8b1ad724af057232.jpg,47.923031,12.508636
d7d12570746f4db29c59f2e441000822.jpg,47.780243,10.198761
d7e31ebc8aa74898ad093471cafa6661.jpg,64.894745,15.570908
d7f36c9085d940c4b1f5f9cf7eb331cb.jpg,55.439041,29.235123
d8102566b0d14b5e95b3b2687152aa97.jpg,66.02639,-18.532211
d83597cb5de5461dbc9807d3b1b09bee.jpg,63.396492,25.692734
d8488fd3668441d8a8cf4604957156a1.jpg,51.293083,18.476624
d852df00d3b64d1c87a721a471c14fd0.jpg,44.653503,2.1297
d85e768be9af44dca063c5b7c40f93df.jpg,54.688293,-7.340057
d88e23f5ec04484185483b240edbd8a4.jpg,37.386078,14.970993
d8b7339ee2914f4cb704ade7b55fd1f5.jpg,65.592239,-22.464706
d8b9260c9e6d47aaa45c9c4db373d542.jpg,46.402771,10.324921
d8d57bff16b84fb09294b9ff82138900.jpg,39.578682,33.886032
d8e7141a0b58414689d67c3192e066a1.jpg,57.447945,-6.601822
d91e0b6468414e24957ef50c244d4c77.jpg,45.060081,11.607666
d9339ef33cf04a5083105cec7b1ec776.jpg,38.298473,41.082291
d94aca8b07fd4c3f9638330ed7007bed.jpg,68.067299,19.828049
d96cdc232c2d4e2da2575276b96fd11b.jpg,46.52396,-1.142914
d97dccc7d2c441dab388ed3769def050.jpg,53.662357,-1.520065
d9871ad406d04000a074afe6a8cbaadc.jpg,68.50602,15.185074
d9c3e2ad0ccc49c4a70030b67daaba13.jpg,63.883221,-22.407303
d9c7ffdf980c4a4083366b55d8133ee3.jpg,66.203911,17.471558
d9d8d162595d4d30bf25d673fede28ab.jpg,64.149261,-20.002792
d9eb490127d842099f65a6101c14d2a9.jpg,39.709404,40.071701
da11a69e9832479cb285af2879c866e6.jpg,52.757999,0.005096
da132e580e434d40997ea221a7523a2b.jpg,50.247688,6.687988
da14d8a6a50b406e9ba27a6b8bd486f9.jpg,44.556877,-0.902023
da39330ed34e48029668fb187d1a54dc.jpg,52.779514,29.338348
da8da950e250484ab8086a6a8a2fbd48.jpg,49.51355,-1.560135
da910ee43f644f2a9c6be55a65a7a72e.jpg,42.848961,-5.121658
dac2cf7e64ee46c2b6daad5d6171285d.jpg,39.604607,33.102249
daf33107b977415ab0446dabea844873.jpg,38.026245,41.745743
daf8feeb327e45b7b979d41cff8b9b4b.jpg,65.973015,-22.906174
db0bf2bf19b34aada4982a713479548d.jpg,51.977715,29.389938
db74132e0f7142839e0033347c281b7d.jpg,66.142776,28.676224
db8d5c29f5024649815f18c92b0c3bab.jpg,52.961655,14.564865
dbd30ed95c21455d8f6b65d2078d95a9.jpg,40.768078,39.212982
dbd90907ccfe422895338ff8480d6585.jpg,55.06361,-4.580521
dc2b43447152485f85420435eaa6f2ec.jpg,61.399227,14.697113
dc6f451dece04046bdd27ec8582105f0.jpg,47.714905,10.144577
dc7431a3f76a47dfa391c87515cbc57d.jpg,50.540962,-4.682617
dc8b912eba634509859a894eca1d67f6.jpg,44.204082,5.04834
dc908d592091446389e1a8bfe9fa298e.jpg,41.864956,35.067749
dc9c9ce4375a4b26b2ce6bf1959614a1.jpg,57.513657,-2.903671
dca5f8b0d6ca48c5bf7db7ef9f1d27ff.jpg,60.78017,16.020798
dca6545a5c45408798383b78884a3da5.jpg,42.011852,2.895645
dca8ee5a9b0a4aa1be755195d1aae999.jpg,37.344608,-5.595901
dcc4cc59e69d44058c610ce68a9781b9.jpg,64.961342,-14.060211
dcc673ee2bde42889e6a892f2dbb55da.jpg,54.707005,8.978912
dcddb9257f684d5a94d349d8aa189e9f.jpg,62.933598,21.842575
dcef4a460deb4dcbbafa999babb108ee.jpg,55.179565,-3.081619
dcf13657de12456f9ac7cd2d1ce6c863.jpg,52.517025,24.564499
dcffcd6088104875ad7913f6c18d278f.jpg,67.772926,20.681778
dd08f6f66cf048f98edf7a82ddb3883a.jpg,53.370369,8.758621
dd2b191da63f4bf88940906b14a408e4.jpg,69.239807,15.891342
dd432115499e4502b7cc7fcfc0e5e7d3.jpg,39.478771,33.206573
dd45aea8f861401c8471a23ab9475465.jpg,48.466614,-4.623688
dd566f9717e74b6a96fc72e59bb51989.jpg,40.875496,14.485977
dd6ae6933acd4875aa32519132b30838.jpg,65.767654,25.252182
dd6ae920993d42448c228ad90508fe8d.jpg,61.142639,23.291138
dd6b2e82e3fb42e2bc1a5a81a96c4da6.jpg,40.82608,14.459076
dd7e8846420f42fa94b5dff9d7cec49d.jpg,42.806641,-7.966782
dd8047f533d549f8bc5e2dce8500bf97.jpg,65.995628,24.227539
dd8a51a56fd649acb8ab271912702f5d.jpg,41.056385,9.109192
dd96d46a78804ae5872e9d451bfc3c8f.jpg,54.667889,9.011261
ddd5ea930b3c496b81e12fa4ab1892e8.jpg,62.953304,7.45517
dde0c97aeae04ee6a6e33021e245bd00.jpg,56.522758,-5.947357
de0f9e8c7daf48338c1da7b4c764eea5.jpg,38.350288,-6.205063
de10b87eb82f4ad7bccaa6e50a85bd83.jpg,55.938999,28.64566
de38b80ff7c44b1cae726aa7c27b3946.jpg,63.215984,30.569122
de42a69a75974dd498da85fae5fbcce6.jpg,64.884323,28.083801
de55312706054321a1f7d36d7375823f.jpg,51.624374,-0.882584
de64fea3de6f447d978f87cba997d7b9.jpg,41.01651,9.131119
de935932883e4295b8692e70377ab997.jpg,54.608261,-5.723801
deb6704e5d3749b3a3a86fcaf03bd857.jpg,66.721962,19.849075
debc13b4c7f0459c91a1ef734517592a.jpg,53.310692,7.637207
dee415bf35ed451d877530c8bf11baaf.jpg,39.668713,2.757828
def79cd3adcb4045917a0415edfcb2fc.jpg,52.782337,12.342621
df0d3d822fe0475fb944620c8cc0e3ee.jpg,39.370968,-0.411804
df1224fad3b7437a9c2684270be920e1.jpg,67.14109,20.69101
df42435cf9db4edfa091794ed427aea3.jpg,65.729988,-22.164886
df577a7d7f284d43a4cf09383fc35d73.jpg,62.941502,7.699188
df6842b117254fa886d594929f8489a5.jpg,46.512096,3.985107
df686989fd374e2983915912a2d50d1e.jpg,58.496239,-4.710464
df7ec06bb312494a9e7f2dc8ba4c42ee.jpg,68.357735,18.826691
df9265591dbf455bb5e3db6bd6d3e4e0.jpg,52.967297,14.519226
df97d0d68d7e41e7812d261408a4f8be.jpg,60.804226,15.858368
df9de67cb9ef41ebbc40c32f242bc831.jpg,56.3731,13.788086
dfe4392d6de34b8790f3d5c9ec879114.jpg,62.298161,29.970932
dfeef046ff594296b7d68bdd8dfaf929.jpg,54.408215,16.592819
dfefa31c0cc14bedb614ee374e164e1c.jpg,40.334564,0.127457
e009711e0917448da1a89f0ab9e8f836.jpg,53.388901,15.846085
e03bab35e2384cbd8cb24428c7146cbb.jpg,58.198723,7.861938
e0443e9288564393b3b672fe9adbc543.jpg,53.950779,15.953796
e04bb2ecb21b4d339fbd046bb9076d05.jpg,65.979767,24.845291
e07915f3c0e747cd9b2786a94a0ecc6d.jpg,52.207394,26.070969
e07ba152e18d4a949f3296e864e57217.jpg,61.340885,25.040314
e0854d9d936f4b0784b0cabeea04ff1e.jpg,50.348881,-3.748856
e0aaaddbddd343eb8fe52adfd49d84a5.jpg,56.154621,-3.082031
e0b84be8c28e4ad983811990ea1bd8a7.jpg,60.215546,13.47818
e0c8cee69ac944cdac3eb18dd5431d5b.jpg,50.317307,-4.947586
e0d66bcfaa2041108f8cd6c964281b69.jpg,64.317581,-15.087006
e1100b8dcc3140e4bc5df93836e04c28.jpg,28.771347,-17.913712
e112a581b4664059a5058ac26ac98671.jpg,55.512733,13.314865
e11cdb5dfc1c4a898322e3f5f991570d.jpg,54.688919,-7.432053
e1491e69949143b8856962c061afaac6.jpg,43.115864,0.233429
e14decedb48047d0955c24fa6f5d8f24.jpg,50.063854,9.084
e14e0556a1484e2ea754e3f3ded9c061.jpg,42.210037,-0.093918
e1561f7c90c74669a5b8f87632510c86.jpg,49.172642,8.091644
e1697ec357084c1593835709a6c743cc.jpg,62.229263,17.312973
e17c8dd31a234d5a97abbb5e091afe94.jpg,36.848362,14.493011
e19e2f3043344155965a448e10a276af.jpg,51.929527,26.734955
e1c8684a4db44ac58d45db4744f6c513.jpg,47.154953,5.513947
e1fb9879340741f084d5759f7714aefa.jpg,28.121338,-14.294312
e1fe27c2f9cc49e898472840b2c108b7.jpg,39.621769,40.034149
e20b6f74a27747f3b8afdd3b5fca6268.jpg,50.312626,6.641907
e214c8971b544765a088ade4845befa7.jpg,63.876705,-22.420776
e21fab23b1864c85bf424a0f05ffa1d7.jpg,53.09547,30.496582
e23e1eee4aa543e4a89e9f50a2652298.jpg,52.278194,14.182571
e27536b241134fb29cabf487c5fe1ed9.jpg,69.460861,19.195923
e28c15dc65324c32b70c9c888b442686.jpg,51.771915,19.319275
e28d9d429973417a9952a07dd81c5d3e.jpg,63.802917,-22.553085
e2f40e393c054badb2b707fb6fcdc08d.jpg,59.720272,10.926819
e333dfab1fc843bbbfc9159696427795.jpg,49.790497,21.267242
e35f51423b0c48648b9d2096637c4cc5.jpg,66.448227,29.009659
e3659b0c9b2141d0b274afc0d26c6fd3.jpg,38.10054,13.238525
e37c247c452949c9b0c5b74102c12895.jpg,40.812992,17.017807
e393ee1c684c4ca9a47591fb31961a4a.jpg,53.610535,24.546768
e3a5fc37db984a30b6f93981bc6ff3ac.jpg,67.985855,25.203323
e3bea4a17b1445e995262fcbf20468e4.jpg,61.870785,22.770142
e3ef875ca7ec426c98bfd47f87091420.jpg,39.245308,16.07341
e41395a79db74f7887c86c99db23f6fa.jpg,50.39539,-4.574051
e4350423000346bdaffc4de474653011.jpg,62.974121,8.703186
e449be2d211d4ae68970453533da90b1.jpg,58.514145,-4.684875
e46059b87ada4329bccf1de33b977f1c.jpg,38.295235,41.033554
e464f6c0b1f14e648229b1f7c76afc78.jpg,62.465477,6.173401
e49889d1d25d47179937fa64f443534f.jpg,36.79287,-4.343109
e4a61243d0cd417b9d2b9fdc44d1fd9f.jpg,42.620419,12.370102
e4b8a846ce234063a9757f815e108189.jpg,57.593811,18.493866
e4e81ca4e832434a863821cd7bbe02f1.jpg,67.331924,14.581421
e50ee7676a0a45338bbb6fc42ceb4f72.jpg,51.302505,-1.625061
e5200a0b7df14643a1f6009a839e1045.jpg,68.401085,18.854172
e538de9761fb41b4836c4d79249f9d5f.jpg,37.761509,27.380661
e53dcbfe218b410e9806695d4ec10b7c.jpg,54.604416,8.902771
e556d8738e1a4627ad719a338ebe8a34.jpg,69.295654,23.921173
e55cc266fd224e688254485d92b2c1df.jpg,57.427868,-6.536057
e56359ee6efe40aeba48ce0f47a6003b.jpg,64.025055,-18.858582
e570f09753624aa085fdc748cd191712.jpg,53.292362,-0.762299
e59a1214beaf42d2bb475029249462b3.jpg,51.286312,20.987946
e5abf1df312e40bca3416a4695ac01e8.jpg,39.906269,3.897919
e5b8b1293777445fa132187e21bed7a4.jpg,51.75111,19.425308
e5e014d689834de8926fa2c4fc0ad274.jpg,64.624527,25.692291
e5fc917c11d045d99aa1f3670dbe29c9.jpg,53.138615,20.7547
e602c978d1c546a28f24a847da31f1a5.jpg,53.160831,-0.677155
e62896f64ace4c71a6f030b80b2cebae.jpg,67.732651,24.733215
e63e4eec98fa412386c12b46be0aea87.jpg,60.636566,16.890213
e64a541747024ee1993af88f2f88014d.jpg,53.210808,11.595474
e6544c378baa49939f427d2b48007371.jpg,38.028179,13.19545
e694f0dd4f1f46288f86724bea07bf8e.jpg,37.283741,37.487213
e6c9dd4d70264d57be1529a0fe20b09e.jpg,51.558945,21.709824
e6d7a4af79d14142965454aa22fc0fd1.jpg,62.454174,23.817093
e6e45b71bb1f4200ae08309f5f5fd55c.jpg,51.644062,17.73558
e7028dc14663484d8e13a19b103bebe3.jpg,47.374985,-0.156052
e70501a681d147b386709283172e1fac.jpg,64.606041,25.615646
e7206dd6162b4d8e83cb52ea7ea554b9.jpg,63.808987,26.982025
e737e3afa32144b5a6b56e0ffcf6e748.jpg,51.577721,12.03421
e792758750be4ec4b6ec70f6faf4197d.jpg,66.354202,29.088074
e7a77ce0e93d4a55a41a75a932f22df1.jpg,54.415241,-6.748627
e7a87f7850ca41f6a11244022f88fe96.jpg,53.324905,27.156693
e7aa24555ff543b293ea38bac551036c.jpg,44.569435,7.479309
e7aaa7e025b349beaf3e2a81e8c5d60a.jpg,54.586781,30.445114
e7c3051adca649769eeea91a518ca7fd.jpg,58.366146,6.182205
e7db2ae5789e4102852ca5868983bf28.jpg,63.837582,-22.441467
e7fa18e37a4940afb5d00135b7040576.jpg,65.004807,-22.09317
e80d5c4211b84cf887371bbe9e2263bf.jpg,55.241779,30.187958
e82599c5aebd47009f519654934c64e8.jpg,54.018131,22.785889
e84ba70a1fb644aaabe4245b53167931.jpg,39.641495,33.229889
e85e220bb701492ba455ef2efe133b7c.jpg,52.190777,-0.265656
e87d21d878ad46e4ba5cd19cf2fb9dbd.jpg,38.959888,-2.026703
e881572540ef4ab18c2f9a8a9c34f236.jpg,61.802845,29.732361
e8cab478408747cbbba4a727844ad790.jpg,64.830811,15.704834
e8cce57fd2a84ec9b428b4e4d46475eb.jpg,48.177525,12.283768
e8e647d626a84a5fbe4ee86f854df51c.jpg,38.783939,16.169403
e9152bf50a594bdda5b1f1e89562630c.jpg,44.547684,8.304337
e93d01ea512d44f28d3fcaa29c16ed2f.jpg,51.945007,29.788376
e94d0ceff5e542e581bdf7e07a7d151b.jpg,55.625973,-2.64473
e96dc1c37f1e4819836791e722a17200.jpg,66.113106,-18.456253
e99af8a0789846f39aae6714e00d8fd6.jpg,50.027473,22.176743
e9c4f87ed38447dca446e7dafad95efb.jpg,48.230297,9.171097
ea062cf8052d4dbc8609cd0164d3046e.jpg,52.492508,1.414719
ea2140c42a03422fb83899e96ee3a86a.jpg,59.830555,9.929306
ea2639ff4a214864aaaa97358d743c05.jpg,65.497551,-15.358795
ea68985dd2f64e569b9321698c63805e.jpg,42.594826,12.321991
ea8124a975c3403c88d46e61231d6ae5.jpg,40.806801,14.47522
ea8901f314964a80ab94d94edd9580dd.jpg,55.956551,28.600464
eace9feff32244c892a34d58b2c50139.jpg,52.041538,-1.784714
ead9a400aa33401bbd7f52fa4537ba1d.jpg,62.240158,17.305786
eb2fb33c6c45471b993b5449a0aa4363.jpg,37.023285,-4.626282
eb300ad8e9964cd69c2c0c04e9a23220.jpg,52.17683,27.44075
eb513e25cc064e4aa3f645c6e31a0b67.jpg,38.04752,13.259277
eb8624a5ea7341278533c6f9b0ec9622.jpg,65.987625,-18.701355
eb8f0964817b4ec6a5dab162e28cfdc3.jpg,61.884182,23.616943
eb9784eec767489d84cd352718b91f07.jpg,53.465954,-2.494598
eb9b4d363385451fa6ce539daebb24b8.jpg,40.491718,31.361389
eba935d1e9d945b09e6ea259ffe0e87b.jpg,51.835182,19.431305
ebcd658dd5bb42b5b30a1f607f1ec9f1.jpg,59.423138,5.430527
ebd0daa72e254466a682fae21ee13cdb.jpg,49.32605,10.887192
ebf4938ce9994a32989e4036f8ad403b.jpg,62.262486,17.289642
ec22b3e5bee8474ba44c8799d0283c8c.jpg,48.290485,12.234268
ec4d1535e0c8404683246a7196fced60.jpg,60.651581,-0.735474
ec76993e503144febe72ad8a9760559b.jpg,52.649078,8.228058
ecb47049ea934d19aeba50e34174eb15.jpg,43.69173,-7.608856
ecc8d3d32aff4cfabc9f6f28492fb3d9.jpg,63.859959,-22.412445
ecdf46f7e2174e48b6bda9ee026e2206.jpg,38.63139,35.116211
ecedc995a7e549c3a5b3e6c2e7dc4a23.jpg,57.656467,16.522614
ed38cfb8b1744167916f69cec378c0f8.jpg,55.013344,-1.674515
ed3c75b3cb5747d88220c7a15d379c64.jpg,36.338123,29.789291
ed44c647ff9c43e4a0b1fbe566f7db80.jpg,36.34861,-5.73996
ed67e352347b4bffa7525c702e161882.jpg,53.585705,-1.508408
ed96de46df5041089a403d24b05437cf.jpg,41.789986,9.400162
edc613cd3fc34e16b0770de3d6e56cdd.jpg,55.242859,30.077072
edfa71e80b1a416aa9bdf068b938b330.jpg,67.029572,20.523666
ee70ec59bcd64a29bc82777178af7f17.jpg,67.641182,24.604904
ee75839a135443cb8c4ddffa928cca4d.jpg,55.553528,28.792633
ee8088fd82f74af797259c333b396f74.jpg,40.866787,34.857773
ee82a746dab846398097b55e5346d5fc.jpg,53.78326,-2.982849
eea6ed9ff10c451db25694de7780f496.jpg,53.390305,22.58786
eeb33bc2d5af497d867b326051076602.jpg,48.182293,12.216675
eec46c22639c405da2416ad80ed1e512.jpg,49.014462,8.040619
eed3e3bab6ff4d338dff1ca7950f4d08.jpg,64.487755,21.150269
eede108b7ce5474ca3abd2ce7401c23e.jpg,55.82159,28.679428
eee739a4d0dc4e608375c35b4520fafe.jpg,37.704853,27.352066
ef41ae60882343078664cd13007d8170.jpg,44.306419,10.022217
ef50cbcf25f24f818c668562ae2c3232.jpg,48.553261,6.212219
ef65eeb6d88f4bb393b6d27de98e4b94.jpg,64.129364,29.269974
ef8e91970a7942d993a6f294d2fa2ecb.jpg,63.471581,-18.902771
efdaecd7bca546d4a5d02a63e338390c.jpg,43.981396,7.905716
f003577fa17843d49ddd16dd3dc69063.jpg,51.946434,13.042053
f010a8ae2ef04b61bb9ce9bd536aff64.jpg,67.722565,20.664688
f0116dc14c14478a880eeeb42e3c6c8e.jpg,66.105568,-23.224625
f0228996d1d14d90a634003e77d545d3.jpg,38.133709,41.651947
f0568f2c048143a2897e684a390373e6.jpg,43.702042,6.916336
f08049c547cd43889d7bf795066afeff.jpg,65.569046,-22.424454
f0b4299daf3344a8a0dfcc379ee20916.jpg,50.133682,20.022003
f0d5a87dcf0a4fcebcef54e307de0b6a.jpg,44.550728,-0.993759
f0de4ddca05e487db2996a9da7b71668.jpg,49.514328,-1.40213
f0eb31c6dea34869978f32616ae2eb07.jpg,53.65659,31.561203
f1088e9d6a484ae3a5c5921f881bda31.jpg,53.849815,9.204712
f1121ef37289426b9e6cba39b94dcba5.jpg,39.608868,3.199081
f121bedfc08445de91cbccbb415cffc6.jpg,52.963886,29.886734
f148d5c953f54b35b5ddbb23f75a85ab.jpg,64.754654,-14.482071
f14922474d4445bf9cf80178e01c054d.jpg,59.906578,17.24144
f17867d6ac404d23ad1849356f8a13b4.jpg,40.652878,26.733002
f17a9863e16349e7ac682d56b4c3e687.jpg,53.789528,9.257767
f194839b0d314ee4b842f0c1a16d9c17.jpg,61.830437,22.537491
f19929230d8e4b7d8eae9fb9879417e8.jpg,36.891506,30.843689
f19f2a201f2c4c3ba9e914f5d375c983.jpg,65.404648,27.034515
f1d8d81e0ff54bbeb1d6ccc5819daa31.jpg,38.845036,36.114929
f1f0124c73454334b9463597b2bb667c.jpg,37.289509,30.332199
f2084112adf4419abbb910a50c414684.jpg,61.725674,22.497787
f210b3ae9473491e903e68843a76cae0.jpg,50.096092,20.056213
f2172f52c5a04bef888038134328ad54.jpg,51.43993,22.018494
f21aec60419045d89c733debf13b51d6.jpg,40.596336,8.379013
f23e76983f664b2780df0c5c54f9736e.jpg,56.594776,-6.014648
f2433d84824e4da6a44b2552391a4462.jpg,51.687927,30.35878
f2436bbe56cf48fc987fa77f801ae4dc.jpg,62.381401,13.976105
f2703d45195244db80f8a76ef8224f04.jpg,65.584938,-20.006561
f280b927aec249f880d680ff65a3b07f.jpg,67.807014,20.700668
f28fe5d995694a37adb931787f9155c3.jpg,41.377483,31.985382
f293d6dcbb994b40a741b62dfdeaf9ca.jpg,53.67403,21.32222
f2b4edbe9f354718a3c00311e6aa22c7.jpg,54.366325,26.05838
f2b8f737985d47c6929b2d3efd73ef93.jpg,50.165874,3.262589
f2be799b90cf4c8f9dfd643e317d9e38.jpg,51.677681,29.174133
f2ced4f826434ce18d313b817f27c69d.jpg,49.005131,12.05571
f30aa619318d4bc48fa0445b4809ef8e.jpg,37.085133,34.909897
f314519607f54f57839d431a5f1837bc.jpg,65.907768,24.144806
f31739438b5042c9902510d9f27eb833.jpg,40.514435,36.260849
f32ac1b6d1094975b5e8b1421117d467.jpg,36.901875,28.730743
f32e474f0a864fd59ea4df88c0e4a395.jpg,54.106182,26.507019
f33ea7a793964795b1b1bedb2fbafe6c.jpg,59.440834,5.451172
f34f9ab9809f45a0ae443e3dbb336cbb.jpg,53.56443,24.488663
f35215be291e4e349a8a8ea1c94bbab2.jpg,48.521286,-4.581177
f3558ba3dba44011aba80ad157368a59.jpg,65.853226,-19.318451
f36226ee870f4858891aeb6c04b5f74c.jpg,28.109318,-14.289337
f37a139ca88040a69bc7ba8ab4362a3d.jpg,63.858864,-22.451736
f395ec39d1cc4034a2a26d0dbbf52593.jpg,54.631973,8.905045
f3a4e14b5e944cdbb9db9febe5a31bbd.jpg,67.114899,26.629562
f3c4ba430bdb4f59aa48156acc7d2695.jpg,47.91943,11.377609
f3c763a7f6764c09bda3c9cbbdc23084.jpg,53.325752,27.128799
f3d69006b4e34d6198184b2332bf16a7.jpg,50.392612,7.73024
f3dd018b24c54fec8512c34bc3732bf2.jpg,65.748573,-19.635071
f409042ef073416cb1a8b641dc93d163.jpg,67.501442,27.876114
f4103fb6cc3344c6959b95b177ccd844.jpg,50.327641,-4.962372
f423d2ec837744df9dfd69a1d2928653.jpg,64.477104,20.856339
f434c67c707445cf9b05df9f89d783b2.jpg,68.46537,16.749329
f43b1d53851741a78a4bd5e83f1653f1.jpg,45.016006,11.732361
f45bd984b7da4d968144fbf4b5c06abc.jpg,65.520805,-22.340073
f4676c0107114f41969a7b878d5a8d54.jpg,37.894386,32.606842
f46d26c50fc145659fc66111f794461e.jpg,52.310608,14.163376
f475b24095d94a2ab33abb8d9f8e1f1b.jpg,39.088226,30.835632
f4bf1b17caa44ae8b87abe016069dc62.jpg,56.89151,18.272675
f4dd19a7a9be4474af451f16159801be.jpg,55.376492,-3.351181
f4e9e05355e84ea5b35199a04df0cf1e.jpg,48.435822,-3.372299
f4eeb86d1b3d4e95b144eec0efca22bb.jpg,69.256485,23.938232
f4f21aaf96ce4bba8157c16259dfcda0.jpg,65.369308,16.342422
f51383e540024d4aa2085727d29114e3.jpg,67.029518,25.128494
f51ec94288264bf288349142c1de3380.jpg,63.892776,27.001587
f52c701ca3944b8399c8dfc20eb01832.jpg,66.056808,24.852325
f55c4ef95bee4d6c8a146fbc0f40e11c.jpg,58.921902,16.614838
f56bf132ae384b51bf3467de83993984.jpg,67.204262,15.382538
f5818f2bf0c643dca0a834109458a7a1.jpg,45.031986,11.61084
f5b71d21441c4c94b1af7e5a721165e6.jpg,60.13496,13.48143
f5e010f6247344d98615f695f15454c9.jpg,65.829765,-17.375244
f617d679d06d48619470822005357b98.jpg,60.879944,26.089005
f618a17181304b968c57398772092c60.jpg,46.195679,10.670013
f61f7f9b7906454e8229c14be9fffbe1.jpg,66.434433,20.382111
f62cc3e917db48318dbac4e59d652dbe.jpg,61.745087,8.753479
f6348d1bc57c4209b9a9ede1f2f37239.jpg,38.706184,16.556519
f63be0497f5d4b31ad834c00c62e6cc9.jpg,44.683243,1.156693
f6412f0dacdb44ec801057faad9ef316.jpg,46.532715,4.042526
f6822d86305442ad88a9d7cf5ada0b0e.jpg,63.533741,-18.450073
f6835a578b6c4203abd67dc9e07c1f9a.jpg,37.888752,15.057709
f6d9bbcc5b434fd7a53d0c97f809a105.jpg,59.890709,5.447052
f6e9843a4304405795498c251dd91d1f.jpg,53.671558,31.50238
f710e4246d484dbd8267cb3815bf1f1a.jpg,52.25729,31.469879
f713525184ac42e4a5ce36e5950ae05f.jpg,70.113052,28.572037
f714953ecdde4a4e8b20c363a6f339cb.jpg,43.066715,11.846451
f7195dd0cace42f7abdee37361ecbb55.jpg,51.414787,18.641388
f7270047212a49ddbf8e448d6a1ee1a6.jpg,48.544666,-4.565125
f76e221939594a4f8a4fbccc70b5255c.jpg,50.295139,-3.690765
f77ec067e00c4f01af8cf94bf7697e03.jpg,52.213909,31.470276
f7bda72392b74a33972d111eb46d8604.jpg,64.250961,28.054092
f7ded185eaf04e8284841e9be8d333d5.jpg,41.672977,-3.408676
f7e2fe3f89ca4b908442358892c320aa.jpg,59.893356,18.538483
f7e6bca292374bc4874079daa52b126a.jpg,52.243092,26.015472
f7f15af0360f44488fca8b40e5e3f19e.jpg,53.921841,25.886261
f803924d540746e6aaac40938c42ccaf.jpg,51.674885,29.148621
f81b64d7d2c6453695ca8dbe4b4cae15.jpg,47.780899,10.138275
f84d2ea58e174522a83b11809b685d23.jpg,65.893547,-14.797424
f84f848441fd4664a63bddb73c47db81.jpg,55.149258,27.852844
f85fed3613564d788faea437ab853917.jpg,43.225048,13.630447
f865d4e7fbb64fe4946622f35155844c.jpg,39.356888,31.411346
f894af6331894d47af9ed00e7c59c24d.jpg,50.37878,19.159073
f8ced23f611d4f3dbfb52a4afb32fc51.jpg,57.395412,-6.432022
f8f5fec8c41a4e1593571cc8691b8e8b.jpg,43.629673,-7.482697
f8fe5264279346fd93a2b20add0d1ef3.jpg,48.51733,-4.596085
f93d7ee6aa164b2baffb6879f7532c00.jpg,62.439232,23.801392
f968393185a144858be6a8efeab21459.jpg,62.91507,8.605286
f974de33588144d8a2e370fb556e0097.jpg,65.219833,-14.441467
f97f13ad7a0d4ffabd058d56b82f383f.jpg,44.109276,6.129211
f9cfcb595d264cde871e2b0a4e12e8fe.jpg,52.878979,14.516129
f9dace03ec8142d5a028698f7c99c3c8.jpg,64.255394,12.197754
fa00a8a174124b3ba631cdce35f89493.jpg,37.39769,39.370407
fa06a5c8c6f0402f96495ae7dd3da5a7.jpg,38.789349,-3.432159
fa2e430992084c10b28cb6ffac5e04f2.jpg,53.63895,31.618362
fa4c868b169f42b98879ecc15ad6a381.jpg,48.122055,5.355194
fa5366292f7e4baca4566c18145fc265.jpg,40.979431,9.09581
fa6e8a00075c486eb54c99e00af18520.jpg,53.375797,7.634445
fa80683cbd544fb581dd8ac8d9916f5a.jpg,65.369987,-14.719971
fa881f67840948958570fb14192c6e12.jpg,44.707439,-1.065079
faac20ae3b664edb89bf5b576a36b8e8.jpg,41.330368,15.791946
fab5eba7d3284ca497b8de9af4c03cf4.jpg,51.607868,17.713318
fb1749b5ace14d6098c172198effc8ec.jpg,59.770962,9.778961
fb2c5ca27eaf4f14a790413ebc7f049d.jpg,63.094212,29.912094
fb5c16eceb694877ae2ac6c2dc600857.jpg,54.139343,26.61821
fb8d78c9db36441aaa1ad119f1804fc9.jpg,56.545052,15.666519
fb9bafd284c7473f9718b8ada34a1452.jpg,28.055717,-14.437424
fbdc81e3689245649081aa0c4048a718.jpg,50.237919,6.672424
fbf4d042f8a14081a8413e39688a1307.jpg,58.590347,-4.707733
fbf501b0518540b382dd5cec3473fd46.jpg,58.216038,7.889618
fc6326c9193a454b9b4159ec087fe249.jpg,63.920559,-21.591858
fc720ec32cdb43aa978c80000c97f2b2.jpg,38.720772,16.478394
fc776a1636fc402e87fe6fbf5c71bb0b.jpg,54.264671,18.570007
fc8a8cf3b6ec4063a9e5bcd4d8cf50d7.jpg,65.017784,-14.156631
fc9ca24679be4b84a61b2498f8f56583.jpg,40.801334,17.173462
fc9feca739cd4b308f53a3dff812ae99.jpg,62.099171,7.247803
fcd1fd8d961d487597884d83ea127c40.jpg,66.140808,28.638779
fce06cf9cfc9408eb4ed12c3c09be181.jpg,47.993809,8.253998
fce95fb84e434ec68d82abd2ba14289c.jpg,53.917931,30.386993
fd18e276ed8c4dde971154efca970175.jpg,40.555878,17.665726
fd29241f33494d559091faf6d50d3220.jpg,57.515007,-3.082245
fd2c969b829648a3812e63b7a16d7088.jpg,66.366135,29.112488
fd49c0bab92c4127b3c7a459a4006cd7.jpg,51.254604,18.57663
fd827d4636fb474da0aedd391f3430c4.jpg,54.612186,9.678177
fd98c2e745434c79a0826911ef2e372d.jpg,38.77618,-3.150635
fdb29aad535b4c989e6f13eba0daab7f.jpg,37.880386,15.022552
fdbc621f765746be85d49974ed7daa05.jpg,44.482445,-1.066605
fdc39b19628f4f29b850dd89cf3f9792.jpg,39.340851,3.124298
fdc3fed4a51a4c71a0327d1dc02fea7b.jpg,41.438656,32.192261
fde57d3ea707484d80d5a18227572764.jpg,62.995872,15.579254
fdf158c76dc04e35ae7bdc3ffff816c7.jpg,40.110107,32.496231
fe084782bc074c6887f16414be4b5ec2.jpg,37.296776,37.338257
fe0d5de283304da5abaea230e8c5ed09.jpg,51.52169,14.432587
fe280020fac143e29d177ad14ea5c8cb.jpg,50.336632,6.779526
fe39cde4a30b40b2907d6da7ec5477d9.jpg,60.38422,9.511963
fe464af3f2db461abc4d94640851528b.jpg,49.808735,21.577682
fe5cfdea893b4dca824dedd7b0ed0f04.jpg,48.451832,10.336075
fe5e576c926345348cb8b94fddb69391.jpg,45.908165,5.539505
fe6cee4f4c2c4be4a7232a412c5c5f1c.jpg,43.682751,6.966324
fe72447580cf49208b57e3fe23d82da4.jpg,38.207901,-0.514557
fe9b3b925dc749acb8aaf609a6b92716.jpg,58.445988,-4.637375
feb9397f3ce94a4fb8b12e1e6a28e57b.jpg,53.188873,11.675827
fec1b72aee0f46748f04414571cf9503.jpg,48.470291,-4.600693
fef99e3b8a8e4cdcb33c22d524f2222f.jpg,64.320419,-15.099396
ff035241b6f14e9a96bcb9fc8a50ed9d.jpg,51.922165,29.642502
ff06494e156545f49573b2ded130db82.jpg,47.644718,10.774323
ff1e316cb3824bf9ab5ba7262d827988.jpg,53.51297,23.568665
ff3ec71405d94db5ac36b35f8ef8b294.jpg,53.197544,9.862946
ff408e4797a2471385567159ba0ed49d.jpg,48.099636,3.789749
ff4e6f20230147c58aafe1297ce2d0e9.jpg,40.534054,-4.79245
ff52740b03684601ac43cbc50d644f3e.jpg,51.571888,17.801254
ff5a7641bb0241289d35047e2259a90b.jpg,37.698147,-0.827682
ff802272e16441f297271e7e49480ec0.jpg,38.77634,-0.05957
ff8bde56c2e147f084aa4733fdd88a4e.jpg,43.72443,1.158371
ffa4d0d8587f499e9b402c4865ed7c3c.jpg,65.638741,-16.960724
ffa7ea6d3e314820889b796b09e5b022.jpg,53.974922,15.732849
fffa99466fa5408aaf87a6142acce635.jpg,50.454277,9.018158
