filename,country,iso,lat,lng
1fcb4a43864244259b7d8f4a00f1e475.jpg,Turkey,TR,40.11229,38.304629
742f45b0211c44ffb19ad84931ea519c.jpg,France,FR,48.094103,-1.994316
152a13ef249d4efa95c51ed93f026284.jpg,Turkey,TR,41.324741,27.961821
81ce4a88bff14fef8420bca42019b12b.jpg,France,FR,47.585855,-2.971004
6fbcfe523e1349759e6060d632d52e54.jpg,United_Kingdom,GB,55.698094,-4.305315
1b1ed3b270c440f78ec086bc0e47fc18.jpg,Germany,DE,50.49465,12.382914
9c27b34830fb419fafb6045c2760905d.jpg,Iceland,IS,66.565602,-18.019812
f293520df78b447f9a257758085f6c7f.jpg,France,FR,45.693571,2.10451
0b85e0ac01e54275ae9a23ea5b3bafd0.jpg,Turkey,TR,37.602148,34.742611
2823d639ecf64bafa4c2e81913998f3c.jpg,Italy,IT,43.580081,13.517412
9a127c97b126405f849b93de26f09ef4.jpg,Germany,DE,51.830832,6.669022
66ca54008894487b9f1bd0750fbbe8c1.jpg,Poland,PL,53.274467,22.617074
30c106b2bc774bddb44de055a5f62e4b.jpg,Poland,PL,53.518461,18.9922
08a1b11bac72440fb9b90fe46bae9eaa.jpg,Italy,IT,45.820641,9.265958
c5b522171aaf42d68344b21452036a4d.jpg,Spain,ES,41.981803,3.022095
f2143fba6b1e41cebc8878d691f6c980.jpg,Italy,IT,40.954166,8.872973
c8e2d3727997453181a10e319536ccc3.jpg,Spain,ES,39.661345,-2.371593
951874f379e54813a5f837d02e584c3c.jpg,Spain,ES,36.709956,-2.804122
844e9170c833486b8996728338e491de.jpg,Iceland,IS,65.676264,-16.782004
7bb617f7830a4c31a16171939156a9f9.jpg,Iceland,IS,66.106256,-18.819939
59b7d847368f40a3900d191183199310.jpg,France,FR,45.519761,2.603041
c9d6034ea34a4156babe69e2264d6021.jpg,Belarus,BY,55.161528,27.130061
be1a0ce4f5e24652983b03b21168aae7.jpg,Spain,ES,38.143325,-0.934572
e734af15ea2b4d289c33e9cb535ce1a7.jpg,Spain,ES,39.999973,3.850715
4d3873971091447a8fca1690e98a0b72.jpg,Sweden,SE,65.857314,23.60278
a684ba94b74b4ce3a27eff895e6d77d4.jpg,Iceland,IS,65.610774,-23.209587
34451a545ae6436094522677baeb1dd4.jpg,Spain,ES,28.074514,-14.424764
5da29389ce664f059ad6fe3f798c722c.jpg,Finland,FI,66.896565,28.772585
cb4c6f59930b40aaba748e83a0ce5a17.jpg,Germany,DE,51.46145,11.024036
abd96472513144c29bfde49d1c631949.jpg,Poland,PL,51.024972,16.210393
3061d64c3bf84593bb385ad3ce16ef31.jpg,Italy,IT,44.577141,8.787369
f73b704e187845ecb5a1d3bc921dcce9.jpg,Norway,NO,59.71341,7.576165
12300aa85851487ab61580acf2aff771.jpg,France,FR,44.483317,-1.075284
9b420012c8a346ddbeb1b79954bc71c3.jpg,Poland,PL,50.565075,18.543061
558cbecbcc414c8e93b4934749c76755.jpg,Iceland,IS,63.864834,-21.880357
09ab623506714b35b0e245b9e463e7ce.jpg,Turkey,TR,38.9507,27.836685
f86c72cf7ea44675a0b721b82d47a974.jpg,Norway,NO,66.731232,16.010638
31802f84c62643178be84c035ca48d50.jpg,Finland,FI,68.097726,25.459562
074e0107c6134324996ba19db1f381fe.jpg,United_Kingdom,GB,52.916378,-1.120093
b7c3b72928c549fb8a54cb02bd8c211f.jpg,Turkey,TR,40.627886,30.331917
c6666f8af6fc4494ac76a4f1151ba4c0.jpg,Germany,DE,50.824073,11.423585
35f0fd4b5f5f4ecb935614b8ad440abe.jpg,Turkey,TR,40.124544,43.629412
892b5d598fab44dd8b2c7e4e16a55913.jpg,France,FR,49.111249,5.115409
89ded064137a469a8ea76b8874e65a0e.jpg,Poland,PL,51.768065,17.709702
e6408bfe9d154277ab314687e8cf6737.jpg,Turkey,TR,37.333767,40.772906
9f5123170fd24e5abff7d76ba7b599a1.jpg,United_Kingdom,GB,55.910305,-4.510753
f9ac874273344ef8980853e9b4f0717c.jpg,Sweden,SE,57.51573,18.373488
d4214a21a4da40a99f7c82bfce835ba1.jpg,Belarus,BY,52.278918,31.085183
6138248961fc4a678b12e47fcbe48a15.jpg,Norway,NO,63.101947,9.398528
b332c24038a0496c9646ef51b4181e5f.jpg,Turkey,TR,40.287944,30.024419
ce526ae1f9694498b74677760fd87aac.jpg,France,FR,48.36631,7.41699
5a7728c4257c4c29858bf518bd234046.jpg,Germany,DE,51.228503,12.750939
546fd8bdaedc4a1e8d3fff1768e25c90.jpg,United_Kingdom,GB,52.559354,-1.871884
69c1fbe3ae0c4b3792f28416620bead2.jpg,Finland,FI,64.532596,29.005045
1cf2b784cbbb4f2aa7128289579c4b82.jpg,Belarus,BY,53.48928,31.125004
d89b28fc02064353bc8483ebb7d870fa.jpg,Finland,FI,61.977189,23.64588
9537564c87a94e0d9ac1b81652958b11.jpg,Germany,DE,51.174762,7.779689
0624ee02a5c14611b46408895b981c43.jpg,Italy,IT,42.698332,13.117884
853fd1ddac47451e802c18da126365ec.jpg,Finland,FI,62.448502,29.96097
6487e5a1a4ef4e0384e1e36ddfd3f48a.jpg,Italy,IT,40.568418,16.578157
f7b40b8532aa467f94c394ad97cfecdd.jpg,Finland,FI,65.911734,24.59023
bf622f1e912c4a11938bf60a569faada.jpg,Italy,IT,40.059532,18.315827
8cf76f800ad74eeb86c316b0b6b59b53.jpg,Sweden,SE,63.495025,12.47252
3041706ed43c482b898233a0f7cb4c6a.jpg,France,FR,45.761142,-1.228955
63cc8da725324eafbb26cc71b9c89c2e.jpg,Germany,DE,51.500083,14.338792
70e8685b8bc246ca97d9e584af931581.jpg,Iceland,IS,65.642554,-18.459332
def9af6042df4451a64917b4a729b605.jpg,Sweden,SE,65.292876,16.280486
5c458acdb12d433b96a83f771b9c6661.jpg,Spain,ES,39.524434,-0.531218
09f7c613e5be49f4b1e9638717915db7.jpg,Germany,DE,51.138257,10.721658
105cc978b7c94ad1b2dba66d7d4683c9.jpg,Spain,ES,41.732599,1.24984
cbcc680651ff4389a55e371fe00d14c9.jpg,Germany,DE,53.78465,9.052645
af5d1701d83848119c9c3f5f90485dca.jpg,Iceland,IS,65.611615,-20.306864
4a4d8b4d10734f01a3631cfbc7a4a366.jpg,Iceland,IS,64.717943,-14.048498
2ee15790f73b4fa4bbe00294b8a3d34e.jpg,Spain,ES,28.535116,-16.198652
84409e639ab8446a83dd5284b2ddb8f1.jpg,Norway,NO,68.389003,16.869732
589d88448bc74539bae710570c2cb468.jpg,Belarus,BY,55.912787,28.64226
3886ed956e0243d0a2676b6bf3f8bad8.jpg,Finland,FI,68.00127,24.086555
306ac2671397411f96f30008533975dd.jpg,Sweden,SE,63.810096,14.38629
346c223646c24ca98d1b55af6e32acf5.jpg,Germany,DE,51.375593,11.089958
1eb9af25a9364bf9b159eab0859c1f18.jpg,Germany,DE,51.944987,13.227064
66cebe5c8dda4bdab8a1602a91af5aed.jpg,United_Kingdom,GB,53.83272,-0.628121
d515eb36e96541d4bd6b368166541d90.jpg,France,FR,44.224642,2.772608
039b2faa13de41afb097b0a731850244.jpg,Sweden,SE,62.395855,13.938966
003c69a1a1344a9b9706180523b39e7b.jpg,Spain,ES,38.132169,-0.951758
26753a3f90cb4b3987d2fd8576064f99.jpg,Sweden,SE,65.66057,19.843686
0d25af92f931454cb7d3628bfd03e76d.jpg,Finland,FI,67.536336,27.925598
b5efed686b9e4c4781141337e49259a3.jpg,Germany,DE,50.48496,8.944076
e43bbf17a7b24c3189b3296b4ba89500.jpg,Iceland,IS,63.87892,-21.209955
958cbaea32f34e84a15481cc36c95d0d.jpg,Finland,FI,60.903334,21.644132
4b7c752148134669b42dd1c7456166fc.jpg,France,FR,45.74292,-0.853386
c81d3793f59c44ccb20f7e68a2454622.jpg,Italy,IT,38.03918,13.131121
eaf712ad1d6a4b409eac6a35bbf5e9ad.jpg,United_Kingdom,GB,52.837641,-1.344528
a425e5d83caa4096b9010275cb352033.jpg,Belarus,BY,55.234503,30.347759
2a20680a38294c60a2dcd69db731831c.jpg,United_Kingdom,GB,51.889697,-4.970603
ecb473356d34404d91bb504e300714af.jpg,Belarus,BY,54.515672,26.915273
c967869654c846d2b98dbc87dc82c503.jpg,Belarus,BY,51.674486,30.364488
617448d2ab414ed69250fc33c33d488d.jpg,Finland,FI,67.527933,24.361737
71161654ea7347f7ae3c29e8d2b9fdd7.jpg,France,FR,48.99436,6.454724
97e3289c30554c899b2e551a68700307.jpg,Spain,ES,41.208792,-3.973133
f2a6b21dc6f149de85c570efefb27c36.jpg,Norway,NO,70.364022,24.37345
fcfd731625aa45b4876e36b3633b56f5.jpg,Poland,PL,51.597294,18.654489
dbb20abbb9cf41e1b6ea924bfeb2a7a8.jpg,Turkey,TR,40.730784,36.396438
7691e62a7c8043659057a5db3aa8df85.jpg,Finland,FI,66.992849,25.256661
9d6f379ccec84149b3a2b58e5ff5503c.jpg,Italy,IT,41.061279,16.882803
57ec998674b1430d8ff25bce6f13b99f.jpg,Sweden,SE,59.875058,17.397116
a991c3777ec640d9b96a5a980bb86a08.jpg,United_Kingdom,GB,51.821019,-2.964576
f17e5394aea1477280b0bb459c86cac0.jpg,Sweden,SE,63.771995,20.226488
26b1365ee11d4e44b0aa0985d0f2d544.jpg,Poland,PL,54.028042,17.784184
92a460baba864b1db81c44cd7c7ffa9a.jpg,Italy,IT,39.201136,16.062318
edddf2385052488f8b19b24dfbffd104.jpg,Poland,PL,49.970286,20.305502
556849f6d4504d6e892b41048224ff38.jpg,Norway,NO,68.471011,15.180348
03ffa76f07444c6bb14e071171425505.jpg,Iceland,IS,64.899996,-13.897523
d3e73a59527a44b9b146b9287a9c007d.jpg,Poland,PL,53.392691,22.582994
cde6c97555744a6fba71bc0f1ae7c84d.jpg,Germany,DE,52.460993,11.092875
024f8bbb735344c2a20ba35ebbd04a04.jpg,Iceland,IS,65.364323,-14.850339
72b6a452560c4ee19f21ef6d709051c5.jpg,Italy,IT,38.650059,15.846778
96b369fb65554bc9a7f219cdc59dc13b.jpg,Spain,ES,39.026074,-3.925277
70dae8c6d80a45d69b93b7dbb18210db.jpg,Finland,FI,64.821072,29.339583
1339a8666de945ffb1ee8871fef9f52d.jpg,Belarus,BY,52.476774,25.571403
a576677b450d485e8908a5f1431b131c.jpg,Iceland,IS,65.593375,-23.824322
6a24ba458ac943119d97ded53a2a743e.jpg,Poland,PL,52.415844,21.623862
91e7766d434d4fb68218c0abb1a1b038.jpg,France,FR,44.474473,-1.235359
17bb39514c7848aaa415d8a3b5170f69.jpg,France,FR,47.228351,2.482549
8e2a2fb6bb0946f8b04d2fa9bf172220.jpg,Turkey,TR,37.715281,30.255341
31967290288b4558b5f6f144662e4f53.jpg,Belarus,BY,52.212593,31.531959
a66cca5ccbcf44c08e946b7eb5d30d64.jpg,United_Kingdom,GB,52.80594,-3.537168
f7b3ff5bcf0b42868b35457fb8d51730.jpg,Italy,IT,40.860294,9.335879
8d0d9d823dcb462da8a730c5e95f07c2.jpg,Finland,FI,62.926919,25.810572
18e0800882064bc698f11858293cf119.jpg,Turkey,TR,40.746184,30.367363
a87dfdcdd8164365b216c57640ea0d4e.jpg,Sweden,SE,63.616549,15.043235
f562693ba83146c18aae4f11afaf611b.jpg,France,FR,47.121864,0.308062
526daa1501e64ea6b41a4a965c4f1eca.jpg,Italy,IT,40.635503,14.836598
931565d20b4a4adf90eeb1f2821fb271.jpg,Sweden,SE,55.897707,14.195552
5b89d5c323da44c788da3f713e1cab05.jpg,Belarus,BY,52.238617,27.52356
328cfdf1428740b193194cedfdd2e8cc.jpg,Norway,NO,63.461498,11.184321
fdf29224984b4952b26c6189ea37b078.jpg,Germany,DE,53.325766,8.063658
f9f8088536f04fa6ab33858c65758c96.jpg,Sweden,SE,59.595855,17.129667
9ea7421bc17a4baa80455fbddf42074c.jpg,United_Kingdom,GB,50.395038,-4.626846
0f0200f522c9440784933bb98322ef8c.jpg,Belarus,BY,55.200697,27.876219
0f8f617d0b67446597d7256424f37868.jpg,Finland,FI,66.599493,25.964024
95cf857971354ed495ce47c1aeb24ce7.jpg,Norway,NO,63.023762,8.595796
ef9cde37c09c45849a3f6ad0923b8a35.jpg,Germany,DE,51.595042,12.996861
2df5629baa76401bbbaa0df0c630304a.jpg,Spain,ES,42.04,-8.839769
71f6aa266fce40219033c5fb15186272.jpg,France,FR,44.807269,3.680699
d5d634652de9455a87fd994ee41c9fa0.jpg,Poland,PL,53.219027,23.190687
6a280e9ab0c046eaa10c6019e78460d8.jpg,Finland,FI,66.251281,29.245805
4e68b1930ff04aa98ad4adc304383900.jpg,Norway,NO,68.538905,17.215161
18cd40760fff4e40852d78a2c567f2c0.jpg,Spain,ES,41.068452,-1.028365
32044b0f25f140eea8b825e6232283c7.jpg,Belarus,BY,52.544515,25.668468
0a4dd34fcc424c2ca252403a6bd1c5a9.jpg,Norway,NO,59.654376,6.447989
7659e671ff3544a99e798e734dc7510a.jpg,Belarus,BY,51.956651,25.564037
b566ad01a3a54b7cabf090a83a776c18.jpg,Turkey,TR,40.938057,38.212405
db05b2c24f8f4ce79940acfe802487b1.jpg,Poland,PL,51.123472,23.344456
c412664c36d647809d33bb2f9362650d.jpg,Germany,DE,53.462868,11.628761
80937f683ce6477397ce022c72ac0367.jpg,Turkey,TR,37.202773,40.203163
cfb8582ca1e64cd38a4d106a609bb0b7.jpg,Belarus,BY,54.488927,27.859328
cc5f73e0196846c0b747ebd48f66d0c1.jpg,Sweden,SE,61.723387,17.301878
b53d43188c474f339d5f1bd8cf33a19e.jpg,Iceland,IS,63.434626,-19.024249
86e87d8bb9914d788237d0dd3b16f82a.jpg,Sweden,SE,58.780373,17.333735
315f9cbcf9b84128bc228c90fce1f535.jpg,Spain,ES,41.363281,0.913832
edd2d1634aea40b59b1a39a30e8152a6.jpg,Italy,IT,36.786647,14.535252
c1035b5220e44248848dc360314b47ac.jpg,Finland,FI,62.210531,27.933213
c18cd7624613448fa9c55a3a2b9bc11e.jpg,Turkey,TR,39.084139,35.858293
641350edaacf49a9abd810693a48bb23.jpg,Sweden,SE,57.692491,18.53034
30eac8bc175e4efeba2e81c5a27f7479.jpg,Germany,DE,47.954703,8.860221
973f832eb6e742aaba85e33bd20a44e9.jpg,Italy,IT,45.631374,8.237244
152f98635c17459299e86e723a6bc296.jpg,Germany,DE,49.252937,10.251827
387cd485135546c8abfeb1503749cae0.jpg,Turkey,TR,39.958133,41.299912
5ea10cb149984bf9b1d4f71a4567a5f2.jpg,Poland,PL,52.513536,21.678572
37de9fca7ba240c0aeb95c95f24cd666.jpg,Finland,FI,64.366725,29.060829
cccef2fd8bd54e7db75f7a9bb3b72fd2.jpg,Italy,IT,43.09844,11.91727
1e879f168a8e4dd8a177914a096e5243.jpg,Belarus,BY,52.681635,25.370844
f423cf6b2d1c4b4c9b17e65c90ade089.jpg,Turkey,TR,37.841007,27.246711
492611fbc4ac4c84b254edd7f6438d38.jpg,Turkey,TR,41.174413,31.929397
b871d007bd3f49dc9fbfbcd97184d351.jpg,Belarus,BY,52.493733,26.31525
8a263e6347304f50af9f77999579b490.jpg,Spain,ES,42.758555,-8.426856
aaed740939b44cdb919de37822b992a9.jpg,Finland,FI,66.876188,25.429366
f38d7cab1d68411e8fde4bb60f89b524.jpg,Iceland,IS,65.612224,-24.179059
6dd5fccd0f584b619a11c65569124cbc.jpg,Germany,DE,50.73684,7.198546
53f8ec31ab2f41d2b2a7d782dd8699ae.jpg,Iceland,IS,65.352373,-14.956168
3e74b9b19fa24985bb3ff6db2caf68d2.jpg,United_Kingdom,GB,55.947528,-4.578062
635af73df9bf49e480927096a2af9fc6.jpg,Iceland,IS,65.03781,-22.754768
34ea7c7277944fc6b30e92beb6fe2bbe.jpg,Norway,NO,61.957627,13.011371
c827099a97b640e4873a7024218aeb53.jpg,Germany,DE,48.819039,11.838059
a92023e9142b48439084aee63b4af8d7.jpg,Iceland,IS,65.999136,-22.940159
f286e0fb8dee40ccac3a6a8030b02163.jpg,United_Kingdom,GB,53.054758,-1.42123
ef57497d73ef421387fcaf3a0abc1d00.jpg,France,FR,44.530403,-1.014092
71b774b291424fadbc5ba9ce7ac5130c.jpg,Finland,FI,68.169352,25.779127
8cb9a02126f84d2ea0012338f02e2868.jpg,Iceland,IS,65.854988,-23.318098
736abc6bb09c4aecb72d47cbbb35a6ee.jpg,Italy,IT,40.530801,18.04382
9bf2b3f7bec54a99a7d95e3b63b0d2f5.jpg,Italy,IT,45.298793,7.866709
e5f9ea4d3d354898aba18b64bdcbdc4b.jpg,United_Kingdom,GB,57.558092,-2.925633
5efe7f8968a44576a1cc3c47e0a3ac8d.jpg,Germany,DE,49.980618,10.426633
8315a6f562f04047846fd83dce0acba4.jpg,Sweden,SE,65.304519,16.719152
29b8a60c40784e4a95be5ba494592c63.jpg,France,FR,44.272177,-1.183754
3eae4fe8c82c46dca2c6ede54d3729ef.jpg,Italy,IT,40.915833,14.161946
3570526b673f4e62aa88359f4233c67d.jpg,Norway,NO,61.388137,8.810814
4764a85f2ddf46ad80773cf7407bbc57.jpg,Sweden,SE,64.857285,18.840825
d19dc8e5990f4a0d9829f4be2c4152a6.jpg,Turkey,TR,40.746809,36.354833
c66b6559f837449b9f4103c8204e57d9.jpg,United_Kingdom,GB,56.060784,-5.472931
d18ff07570504639a10737d482965b37.jpg,Norway,NO,67.091848,15.412091
03a611932d1142008a2bd85c70ec7682.jpg,Poland,PL,52.519537,21.122723
9e5f3c45a8a148458c60cc43aa210743.jpg,France,FR,49.141765,0.213753
48ba6796f3304a58afb1149c5057d518.jpg,Norway,NO,60.609784,5.442075
5e0379f771634321b54364abbc6c10af.jpg,France,FR,44.424481,2.131212
26a10a933cb144688388465e839858a3.jpg,Poland,PL,51.736012,20.807461
efedf0f6e8a342e7a841461d75f40b8f.jpg,Norway,NO,68.38382,14.590561
d6ff0ef8f1a049a5a4b91f8891765a3e.jpg,Spain,ES,43.08801,-9.219305
b16cb45da50640c28c0fe8479b59073e.jpg,Spain,ES,38.529083,-3.493849
5445cc904c384f1ba676999ce1cd4bee.jpg,United_Kingdom,GB,57.55167,-7.26139
88575b0a42894737b0631dcc97403569.jpg,Sweden,SE,66.656791,21.243374
e4f47e20f37b4d059ee78be2408143fd.jpg,Norway,NO,62.507846,6.106246
78f584f6c31b4f5aa78b01eca3ae58e7.jpg,Belarus,BY,55.316771,30.306301
0c4b6afd3ed14a63aa59e023abe71c57.jpg,Sweden,SE,61.13283,13.921314
90f174ff3ab94da89c8451ff048e70a9.jpg,Iceland,IS,66.084803,-15.145187
cf88cc90008141a28fdea5d0dad9244f.jpg,France,FR,49.320661,1.411134
dced844275194c88b09d338d5dcc4e1c.jpg,Norway,NO,66.689591,15.426246
be3328c58e6848dd8564e9b66d37c48d.jpg,Iceland,IS,63.523389,-18.473392
573650fb70f744d3b3917f00bf6474e4.jpg,United_Kingdom,GB,50.410299,-4.551573
e64abca0f9574b929005b62cc314d838.jpg,Italy,IT,46.540396,10.432829
7edc350776184f9cacf382263c5a38b2.jpg,United_Kingdom,GB,50.539184,-4.70958
ce3abbae1d6642029a1af83e7368bd82.jpg,Iceland,IS,64.807618,-23.009311
33c27840fe8e46ff9e7dad8350c12b78.jpg,Spain,ES,28.127267,-15.470364
b96f8daf530243dc875b3af5813e4793.jpg,France,FR,42.172352,9.528403
4087cea3264b413584c1ac36679d2cfb.jpg,United_Kingdom,GB,58.529518,-4.316293
bfdc774e327144458d1fcf904c4791cd.jpg,United_Kingdom,GB,50.285353,-4.945512
ef061a61150d4ac9bdc15a4ff0f72dc2.jpg,Germany,DE,52.199142,9.139321
d772e3a3c2724058ba090b17431ea559.jpg,Turkey,TR,37.399629,34.859916
292e9f349f5b4e458330dda66485ea27.jpg,Iceland,IS,65.31446,-21.744239
0cdce1ecd08a484a97ee712f1f439bb0.jpg,Turkey,TR,40.394115,26.870243
333288e997044d109e48281d33f26a80.jpg,Turkey,TR,40.927092,40.542772
589f027bbc5e42fb8759a55d80167fa4.jpg,Poland,PL,52.21186,17.238567
bcdc5580f1614b94b4de0fcbafc4fbdb.jpg,Finland,FI,64.599409,29.686101
7f61a15fb2654f24b3397d8da9bd930d.jpg,Finland,FI,65.700923,24.662811
bad76e6b4cfc4e4487da87e2c71d6015.jpg,Sweden,SE,62.921735,14.845804
4561a75d27fe46ee81c3b77a63f2e86e.jpg,Sweden,SE,64.411557,19.289982
42d6a1be87564913a35402c85bb67265.jpg,Spain,ES,39.971872,-0.58087
bfc37dedee8444859a55620884307adf.jpg,Belarus,BY,55.769048,28.604265
979878a8194949e0946f3a0408d8764a.jpg,Norway,NO,58.035236,7.618838
8575c8b667464578a22c77e2db25ab13.jpg,Spain,ES,28.774627,-17.962095
03ab636551bb45d4b2f5f4cd4500bafd.jpg,Belarus,BY,52.493844,23.717723
9a352cc3fdd14d57b70d7ca72a08c3b2.jpg,Finland,FI,62.963087,28.419332
4bb1417857d24acb8118bb72c4e5d4e5.jpg,Belarus,BY,52.927488,30.068844
ac584830efa44ccaaa8e937f77b3fe26.jpg,Poland,PL,51.590299,21.329363
fef0b35c8efd48a99a5b82febdeaad5f.jpg,Finland,FI,61.109459,21.510456
9891430b2ade4e77914dddfcceb50322.jpg,Italy,IT,39.37917,8.589009
dffa5ca3da91406aae428c27477e70ae.jpg,Iceland,IS,66.059815,-19.326035
01e21430df8c421bbace5dda3cc09ecc.jpg,Finland,FI,64.139262,28.007642
115f30c50e2b435e83b173910724ee17.jpg,Belarus,BY,55.774583,28.604109
0375aab048564dd8bfed5cab97c0778d.jpg,Finland,FI,64.25866,29.170698
f210a2ad9ab44d2caca0a10d16d0ad69.jpg,Poland,PL,53.485627,16.796975
d39f92ad9cc4423ab5a0d5f08e9b8917.jpg,Iceland,IS,65.769069,-23.927239
8b8c62c3e23b44d396c6d86026216f4d.jpg,Poland,PL,49.966726,22.051367
27fffcad2e634435a748cf263305001a.jpg,Poland,PL,50.027773,19.307024
b54a8ab627b74330bf7e8a8e3ad114cb.jpg,Iceland,IS,66.013048,-16.417667
0fe2bed47ad347d7a6e4f12231d23616.jpg,Belarus,BY,55.364061,29.16154
83d1b8e41f0f46ddada8a873d6246ed7.jpg,Iceland,IS,65.645028,-20.294616
51c6bcc43c114f5bb7b09270e196a23b.jpg,France,FR,44.69824,3.023086
0bb6fe7689af4d16951fcb007716d19e.jpg,Poland,PL,54.632306,17.50353
e34d47daed9c4c29a916b90daf64f690.jpg,Belarus,BY,52.281076,30.30096
415b613eb9b641a6adbf1a849541b4e4.jpg,France,FR,43.408601,6.02898
fe79f2675ba348efbb3680524dc34316.jpg,Italy,IT,40.589654,16.250055
e1063277646f4f99b1f88a710442020f.jpg,Iceland,IS,65.747192,-17.131555
02c6013afbed4707a6b0c5bfd58bba2c.jpg,Finland,FI,67.674354,24.220713
d902841c6dd8442a8df72bce1c186102.jpg,Germany,DE,53.369239,8.470098
a34d38810c59485a891a36534da20643.jpg,Spain,ES,42.18495,1.797577
f84986dcdbb44e079ec8059c60b2659a.jpg,Poland,PL,54.453439,17.239374
00eb2764b1304e9e961a630fe3ecb1b7.jpg,Sweden,SE,65.449526,19.401993
5b6712b1d271400a96a34348b69ca84d.jpg,Turkey,TR,41.773651,32.477228
3a3a6178de184ad889e43bc5ab85b878.jpg,Finland,FI,63.069429,29.835529
d49110ce40f5440fab36502fc09cdeff.jpg,Italy,IT,42.280911,12.601198
3ac95fdbbd4442cfaca5f1b7e0d9e4a2.jpg,Sweden,SE,56.877637,13.814168
707be99dd934485dbd048304dc72c008.jpg,Spain,ES,37.635803,-0.792813
e30d0adba1ca457b990b3ec9cee35622.jpg,United_Kingdom,GB,51.409564,-1.625107
7427cdb122f248daa4516a9781c28dbe.jpg,Belarus,BY,53.652873,23.979197
59244140060b418683b39790c327e2a8.jpg,Italy,IT,37.779621,15.126684
abfca459a4b5427baa13e51cdd85d7ee.jpg,Finland,FI,65.741418,29.173334
e5f23f3ef9e14f1e8555e99dd9fe86de.jpg,Germany,DE,51.279546,11.688601
7a3b02c734bf41f4b0e92ae039639592.jpg,Norway,NO,62.486727,6.57758
9a353bfec89046a4b6addad2e126e13a.jpg,Poland,PL,53.561039,21.217042
736f2a670c8b4f799a3e6cb1d54cc6d4.jpg,Belarus,BY,55.316556,29.450466
435964c0279a43378b9a1eb2954951ee.jpg,Poland,PL,49.671829,21.483944
8d75a469716b42b292f9e2ef408e6644.jpg,Poland,PL,50.631738,20.773438
b9627b4bb1b1462ca838ce19add25930.jpg,United_Kingdom,GB,54.391744,-3.400268
40e103705eb048a2bbacbd76bff987ba.jpg,Finland,FI,63.614558,27.677383
f496baf4309f4f4d96accbd82c17bfe3.jpg,France,FR,49.657042,-1.258728
d219dd4c3ac64dd78022433cb170d6b2.jpg,Belarus,BY,55.767992,27.963082
a1db6af4de174adbb59b60d7b45b0910.jpg,France,FR,50.176373,2.734334
5294c15deb814ce7abbbb8fa207a527d.jpg,Finland,FI,68.384737,27.409228
efcddc47084b4e288f4268c27817bd6e.jpg,Belarus,BY,55.088826,30.61525
647e798d3d974a8dab5c3526a43b4d86.jpg,Sweden,SE,55.868138,12.795243
8b427be849f44e178e554ead70ff7f4e.jpg,Poland,PL,50.159738,22.159174
f788b23ab61d4a6ba196897077b13080.jpg,Turkey,TR,40.970559,38.751946
1988169150dd4ad5bc236057d28457a4.jpg,Finland,FI,64.425479,28.445756
9903d6ebe27e4bd6a0c45ca530851dbf.jpg,United_Kingdom,GB,51.069915,-0.61249
f1c6cf2deaed48089d05eb7a208c2590.jpg,Belarus,BY,55.317235,30.322307
a7c0d55760cc48499994f542ce3fb4ba.jpg,Iceland,IS,65.88985,-22.429647
735f6e0f7db5432b8212d630deefe719.jpg,Iceland,IS,66.079521,-17.327381
495fc4b0b54a4bf3b38412f7b66059b5.jpg,Turkey,TR,38.93689,35.59719
3a44efcab3ad4bfb8971fcdb8ed07f12.jpg,Turkey,TR,40.471631,43.327216
e04541d63e5b44c0a136f4c5b77e1ab3.jpg,Belarus,BY,55.615416,28.28619
066f81fc754e49b0b397b31d1473f5cd.jpg,Finland,FI,60.675659,23.096436
5496a2b8176d49089f78c41a02781261.jpg,Turkey,TR,36.642992,29.310465
c54025923cc9491cbe5d142375f5bc53.jpg,Iceland,IS,66.087491,-15.163192
6c1cc3a6edb147b48dae5c96307d3258.jpg,Germany,DE,54.423636,11.172715
a0d4159aa7774a799265280467c1670e.jpg,Turkey,TR,36.204634,36.197183
0eedb5997f194f9e95f327d82b87e0ff.jpg,Norway,NO,58.761876,9.041708
781421ec4fcc4ca3b7840540adaad011.jpg,Italy,IT,40.892369,16.132297
13b4ad53b8664e65a11d8800753a2a43.jpg,Iceland,IS,66.061764,-19.029455
726b56b62ea1465d818b94d556bf330c.jpg,Turkey,TR,39.550605,44.056219
6bc7e5d5218442c296a25b66e54c9a31.jpg,Spain,ES,37.693668,-0.867995
36d54d5b749e44afbf8af6e555309b02.jpg,Spain,ES,37.196295,-4.795081
ea4b73c9afb54c6fb23ca17eb99b912b.jpg,Poland,PL,53.650505,21.515647
39f9314a58fd42e09d20a4642ece1a83.jpg,Belarus,BY,52.37157,25.591842
1dbe38c35db74f83b077159a031cbbc1.jpg,Belarus,BY,52.198832,24.3497
908583be03104bb78fe0b4faf873c024.jpg,Iceland,IS,65.831871,-17.290068
bbac1159056a49c8913cf79d9e46956a.jpg,Poland,PL,54.645518,17.683472
0af6e0b5482745168dc2fa8f5725edbc.jpg,Finland,FI,67.077335,26.562892
c80773069d634a0ea5303b846b9935df.jpg,Spain,ES,37.604184,-5.757007
4a3208e471eb4195b0726bb9d0812a1f.jpg,France,FR,47.628645,-1.864753
68ffe9a37e24489d8b81ceba6abd93dd.jpg,Italy,IT,40.490055,17.760289
23215980412240909ef243a801b9048b.jpg,Belarus,BY,53.264946,30.422466
0c815748d394427b845098d47155a62c.jpg,United_Kingdom,GB,54.180218,-6.232443
00bfe0e7da0047bfb7c78f14ac33dae8.jpg,Poland,PL,51.794583,19.422899
46c598a8291047239e23eff4234993de.jpg,Norway,NO,60.481978,6.991595
21bc237aecfc41029e8fe3228ecbd6ea.jpg,Belarus,BY,55.145295,28.758273
9a72dace5cf042968160d2d04ea35cd7.jpg,Germany,DE,51.606446,14.078887
9accef3801ba424c81d6c69b6cb4b794.jpg,Iceland,IS,64.328927,-14.935126
5a7a5c3289e449fbaaa2faeded108cbe.jpg,Sweden,SE,60.80391,16.930826
ac9989a7d58b4680bd60c224019550ae.jpg,Belarus,BY,52.541932,25.673427
221772e0153541aca76aaebcf875a2d8.jpg,Norway,NO,59.990617,9.923499
2a65b65e3df447d283bc2640162084a3.jpg,Italy,IT,44.607325,8.064191
85aaf22e818e4cec9e4a47b07593c22f.jpg,Iceland,IS,64.532691,-21.609992
1425c4264dcd4aaeb04366e88620225c.jpg,Italy,IT,42.570272,12.343454
4f791214bd874922a531fb92b50b79da.jpg,Finland,FI,64.519959,24.366139
a09f00c9933b444cabf0f490f4870295.jpg,Norway,NO,60.405895,9.496107
7239631cf7974c83946d0516364ba132.jpg,Finland,FI,68.788203,26.551226
f4a24b23c2d84c9cbe58590a337f11a1.jpg,Spain,ES,38.37946,-7.216579
dd0d3a916da44c228ccb018026934ec1.jpg,Poland,PL,51.241954,16.275818
b0af8395aacf43d1a171418d2ee3af5e.jpg,Belarus,BY,52.597127,25.57838
3ebcffea616d4d5a800ef27ae859eb58.jpg,Iceland,IS,65.936667,-19.409649
5d73b04a0dab41c0b6c36a752caa58c9.jpg,Iceland,IS,65.937498,-18.401524
c4d989f7f6c948ca9d782d43e60529a4.jpg,Spain,ES,39.44487,-0.402713
50e18740617f4612962afc961cadefb7.jpg,France,FR,44.639717,1.538495
3703c76c2deb400f85ae3af069dff5bb.jpg,Finland,FI,63.698793,25.909176
64d8de0d778b4997ae7a03a9f78326d3.jpg,Poland,PL,51.444503,23.271385
bdb886fab9bd4904a14ea5ae830f830a.jpg,France,FR,47.413781,0.438106
8ac279ac3e6d4bac89f6cc016b200292.jpg,Sweden,SE,62.701181,12.687726
5fc943b9bba14575a6a26432f6f43b16.jpg,Sweden,SE,57.835296,18.593167
3d299037fa3b491c9520af4faf33f5c7.jpg,France,FR,45.22711,-0.57373
16a1d346e3df408ebdaf259e5274b398.jpg,Spain,ES,39.358193,3.226798
eeb97c6ff8d641aa95b1fbcb95b6fecc.jpg,Germany,DE,53.510688,11.173436
7a5b74ecf1514c37a744c9660c6c555c.jpg,Germany,DE,53.07669,11.270557
feced543964546e3a63b370c8c24406a.jpg,Finland,FI,68.015487,25.193544
9e4251d0aa404fa99a4aa28084b7bf78.jpg,Iceland,IS,64.17888,-15.852489
af7c297684c84822acc16495668ecab6.jpg,Finland,FI,64.175424,27.79155
03a995dbc48140b5860ff87d1cd69873.jpg,Poland,PL,52.205789,23.17661
b1d57a92e52a4e828fd0fa1ba5bbf2f8.jpg,France,FR,43.127024,3.123935
e59cb70963c04a1c988204248ba50a88.jpg,Finland,FI,61.468915,25.147718
a2c61108b94c49ea84dd7fb53f5c12dd.jpg,Belarus,BY,55.814003,28.602072
e5ca7d0bc0cb4130a5d46fab6b025cd3.jpg,Turkey,TR,40.062761,40.428643
f4cbe4b268bd4bc8ab643d07e262f580.jpg,Spain,ES,42.785904,-4.843574
6e18696e38f248f6a59f7d0e4bf38a7c.jpg,Italy,IT,40.706562,8.798517
0e50346ad8f64852b50b411c4d9a6551.jpg,Belarus,BY,55.287074,29.63281
e747315375054d8fa52d7febc962cb5d.jpg,Iceland,IS,65.938823,-17.309862
07460d18bec644e4a047df062012a378.jpg,United_Kingdom,GB,54.918787,-6.319737
db1492d7ec5a4c42916ad358509f379f.jpg,Poland,PL,54.301681,22.635894
9b16b888104440cbaad6eec6f5903ec2.jpg,Sweden,SE,65.247336,16.878074
ee9c2606f3ba4192bc9b2419c5aed179.jpg,France,FR,48.85775,-0.876955
a8e48b2b9c5b4141ac4d412cf52d354a.jpg,Spain,ES,28.785603,-17.767267
9bfb2f9c54f84411ada8dc107c124eb5.jpg,Spain,ES,28.080808,-14.479183
da463d4899e4408c9296f2021f01a7ae.jpg,Germany,DE,52.322202,14.20353
2f28aa485cbe478d88c6acca447317f7.jpg,Belarus,BY,51.923326,26.666495
7687d57cd4744ee7a26813d78ebb0f04.jpg,Norway,NO,60.734686,12.668758
d2e51041280b41f8b2136db29f8f7612.jpg,Finland,FI,63.201793,22.814086
bee3ff7762bf453d9817092611a93e71.jpg,Germany,DE,48.410349,11.648547
d0b189334bf84cac94557b9d14f8d068.jpg,Italy,IT,40.647206,14.700332
7752ea1410fe4f36b2e4985a973ed0fe.jpg,Poland,PL,50.868982,15.800364
41117ac72f2d487996a27a5d6425b14a.jpg,Spain,ES,39.440593,-0.39641
9bf6e123f34a4ddda0dc61e1787a9f98.jpg,Iceland,IS,65.497527,-23.454276
a8f86f3fd0ad4cebb42519ee3b8a25d4.jpg,Belarus,BY,53.582155,23.925059
5b13b18061944a48926768e7caa3eeb0.jpg,Finland,FI,62.623377,27.082659
c171da96bb204e5190505c28a014975f.jpg,Sweden,SE,62.617578,15.661317
539e575bd42f404b971e38377ac10f78.jpg,Italy,IT,37.045877,14.385193
616b530319b849a4b457eb83ea93ea10.jpg,Iceland,IS,63.429756,-18.882641
cfc552076f0c449798c317fe5c58651d.jpg,France,FR,45.14525,0.056276
1aaa07ee406a42b2a6ad6c518bb25d1d.jpg,Belarus,BY,53.142493,25.946456
1afcfd1da36b4b54bfa43fbf41407cf6.jpg,Poland,PL,51.216945,18.478352
7dff35d92e0e445584af6653f19ab6da.jpg,Turkey,TR,36.341596,33.402544
0fd50a383e9a4b14ac0c0fb8451b6a39.jpg,Turkey,TR,39.601147,40.184913
b514ade78944409e82a96ac90bb4b2ef.jpg,Norway,NO,64.380178,14.577786
425a9b210a3c40659a4d45a5c28c6929.jpg,Turkey,TR,37.506818,41.44583
85fac3f0a579482c86beb84fdd200ca8.jpg,Italy,IT,39.312071,8.958598
1c773941c35248d6a5ebd8345ac0294e.jpg,Norway,NO,64.335762,12.338559
6fe39927e1304d7e90b65301a3ae2e0e.jpg,France,FR,47.591357,-2.980008
6f63e2bcebc34bd4a94c2a91c1451dbe.jpg,Sweden,SE,67.964217,19.978608
b5bb8afbe6034f1d98eba8a62bb62cc6.jpg,Italy,IT,42.236429,14.475685
5461fc1e08df45aa9cd43a3f4bc31241.jpg,Finland,FI,64.322494,29.829592
3dee43125a274df39792d892376d299a.jpg,Turkey,TR,41.084565,27.827458
a2a974b4ebf54106a1363a4dd5c61615.jpg,Germany,DE,53.139368,10.566135
984cbdd74d054e40be4879876c1d76b8.jpg,Iceland,IS,65.75292,-20.111648
dfc4fd9e5a344e1c8561b499225b877e.jpg,Finland,FI,68.826955,26.675306
4b11fc3e19994444af4e929dfc44cdfa.jpg,Finland,FI,63.330447,29.994058
27f81a724d4e44868cfb2f8738cc71b8.jpg,Belarus,BY,55.905667,28.631758
2d9bb618cb0a438b8c29377780587ee0.jpg,Italy,IT,43.156989,11.752249
135b43703f38485b904833b52a0e5d54.jpg,Iceland,IS,66.008617,-22.933184
f60581b8c1a5481a8a1cde5923745bcb.jpg,Poland,PL,52.835021,15.060811
4d6953b90b2e4046b324d1fec664d256.jpg,Sweden,SE,59.568743,17.637801
bb774c978d8242a0b02c6f5625784a31.jpg,Norway,NO,67.264763,15.291307
3ff21f6bdd17444ea66145e3c924d0e8.jpg,Norway,NO,67.297742,14.854269
d27ea12d26aa42a4b13903aa4d653202.jpg,Finland,FI,63.176112,25.735485
6228fbc8d28247dcb719feb07f36733c.jpg,Poland,PL,53.926638,21.468402
76e8593d7c1d479ab8a3ac7e588d43e0.jpg,Poland,PL,53.335505,22.458968
2d3b74df61eb4c5f8e54d33d37a806e1.jpg,Italy,IT,38.625583,16.330254
2159cae3728b468bb0711a3499421a4b.jpg,Turkey,TR,40.500473,30.202935
4edc9f30ca4c4362b34880931b480d1c.jpg,Germany,DE,51.793185,10.603517
fb049a6ff2ca46f3a7e6f41e6cf60f4e.jpg,Sweden,SE,67.838997,20.477939
4ef8ef556d1340a1a2138a0ac99fee9b.jpg,Turkey,TR,40.785455,35.113952
624a3c9419da4aeabd9f84cddcacb12d.jpg,United_Kingdom,GB,52.334976,-0.112842
eb1f5c25079b4c03afefa4624b780112.jpg,United_Kingdom,GB,54.709994,-7.596016
e0209fe2c418410f9fff28af3b655a24.jpg,Poland,PL,51.277312,22.526944
faa09292333b405ebcaf88be924ad0b2.jpg,Sweden,SE,63.716977,16.189461
49f22f4da50341f78cfe428608941cf4.jpg,Finland,FI,62.665652,22.447857
6907cda532e84ad09ed0abe9162ebbf3.jpg,Iceland,IS,66.008824,-22.933042
3b80a8eccaa54266bf45ed96aa240b43.jpg,Poland,PL,51.518615,22.055374
2fbaaf8ea3524184b7eb9f064c49ae93.jpg,Poland,PL,53.367162,20.778366
1fd9cb4ba92c4ecfbf007bd3a6c68a93.jpg,Belarus,BY,55.267098,29.738412
cdf95745ff074fd08c700bfc6ed8aff5.jpg,Spain,ES,37.084424,-4.375483
75659c9dc5c844a799a78d98af109767.jpg,United_Kingdom,GB,51.586342,-0.727957
bf2a416aa108447c9592408d942283c1.jpg,Spain,ES,39.430252,-0.340393
d63d01473c084f26ad552e82aa9a8090.jpg,Finland,FI,60.646219,23.011552
6eedd2ab914c42929696f45066e12664.jpg,Sweden,SE,62.195182,17.499965
25e476bf28674c90a83ee5b6eec7211f.jpg,Norway,NO,70.486196,25.055682
2bc59026debf408aad8e0b6a4978d076.jpg,Spain,ES,40.092081,-3.855985
58f9e2c984b64f10911ecfa6cb13520f.jpg,Norway,NO,60.165479,9.711237
a5d27a902fd844029b966661c859b861.jpg,Sweden,SE,61.220499,15.415525
42e50d8455ed46deaded016e2c08a221.jpg,France,FR,46.434166,3.083105
d46ec6f413054acfaec79a4351991ca7.jpg,Belarus,BY,53.631027,31.548626
bc876a8de7a6492f9340a97c24f37412.jpg,France,FR,47.774509,-1.35045
e0b5cb0b545b4eaf86fb642b52bd2ac1.jpg,Spain,ES,43.651568,-7.600131
f45885760fe5437ba72390e6e23c619e.jpg,Italy,IT,42.08364,12.633498
3eb3046ff37442398881db310ac7217a.jpg,France,FR,44.989833,1.07675
ffd50e847a4a4b80b3ddf237088eb9d8.jpg,Iceland,IS,65.207832,-21.387564
3e7270f6ebef4ac7b6e12cf7a68aff81.jpg,France,FR,43.144633,3.050857
b76e203afa8543edae21a58acf2ac8dd.jpg,Sweden,SE,57.56679,18.402924
1256c952cad9404a8a15f99a2f3804bf.jpg,Spain,ES,29.098322,-13.555655
12885c39917d451981d1f3edbdd7f7c2.jpg,Spain,ES,38.89953,-7.061542
4806d145e7bd43958639cbf4c01bdf14.jpg,Germany,DE,51.787159,13.665057
f3a2cb5fdb394b7f97b84174bf1fe503.jpg,Italy,IT,42.984286,12.415629
bf138e73863f47f7a6c31c72cbdb03b8.jpg,Poland,PL,50.57829,21.275213
16080eb7f3a14ed09010f194601d14d8.jpg,Italy,IT,37.82692,15.133666
fbcb2fa2c19745298278dfdac8a0d079.jpg,Turkey,TR,37.420548,40.978068
1afa992055da4d2c89bfb846773d2d40.jpg,Sweden,SE,66.676505,20.164274
c2f8f437df3e447da6574eb58879ee21.jpg,Finland,FI,62.929168,28.238683
485aea047db142a5957bb1a1721ba75f.jpg,Turkey,TR,36.437394,32.209415
c3d981757e0449c99be1a275d39ecc0a.jpg,Iceland,IS,63.887849,-21.287854
4deb8e697cfa4125a7657ba236040cd1.jpg,Spain,ES,38.791971,-7.048533
736152bf5b994f5886d9cebc2d5e425f.jpg,Sweden,SE,56.933192,18.141771
23bad7a071f04249b73af878dca6f5ea.jpg,Italy,IT,40.490196,17.760354
6350974f2c6642d9a67f4dce3d0028d2.jpg,Sweden,SE,66.308424,22.478271
fe02835a37314e60b1e9817bd778c532.jpg,Finland,FI,66.15668,26.256173
79192ecdc21a4fee8d413a01aa33eabb.jpg,Poland,PL,51.548366,20.067223
e8a04276637449b4bc9d2707975bb1ca.jpg,France,FR,48.255853,-4.531581
1a3dbb8d864b42bfa04f20a25112cb32.jpg,Norway,NO,68.684487,16.538142
490f926eb9eb40dcad8b8f216edb9ef0.jpg,United_Kingdom,GB,50.130185,-5.423151
ed0b1ea0b85846718edfeab7afb16166.jpg,France,FR,46.859451,-1.206017
f5957cdea38246208a1880a91063beb2.jpg,Norway,NO,59.401576,5.334451
1921b24da63945a3a4bfb794eefc6a67.jpg,United_Kingdom,GB,52.098253,1.288018
7f5f3a25e81e4091ab39b523789d556c.jpg,France,FR,45.184278,2.600101
631854cb13784d259ca0efd9cc81eeef.jpg,Sweden,SE,62.105074,13.714929
94ee0370cce54b8e94b092a7df9a14ca.jpg,Italy,IT,44.469665,8.026556
8c47ca9bfe4243978fb2ff50aff7a01d.jpg,Germany,DE,52.658756,8.443347
271b3229c4da4846a51e15a80490155b.jpg,Poland,PL,52.900615,19.226635
2f492d3c394f4bdba55efa498d0ffba3.jpg,Italy,IT,41.557847,14.116482
a9b18d9de1ff44769893f7b88d207ab1.jpg,Germany,DE,53.673713,9.05853
77471657378947c0841017d8533b0712.jpg,Iceland,IS,63.475532,-18.568852
5972085263b14f5297fc1108ad8eba21.jpg,Norway,NO,60.373627,10.354053
95dd69bb6a464c91b53f40de7f081743.jpg,Italy,IT,40.590029,17.465996
b5d9d2d178df40138421215cdacd8084.jpg,France,FR,48.878142,2.97675
03728522083445e0a76b24b97201ad59.jpg,United_Kingdom,GB,55.128033,-4.993662
7b0ca52b7c6d4e96ae04b1085ce2a938.jpg,Turkey,TR,38.317439,29.825674
d82428f2c22142ba8333c85b97805fd9.jpg,Finland,FI,65.670957,29.100408
a7da4036e230480885f925325360d036.jpg,Poland,PL,52.603242,21.496226
3e6212855f374f15ba1149ef6a0095b1.jpg,Italy,IT,41.857191,12.376878
e7c604b8a8fd41cd802c819fc2e328dd.jpg,Belarus,BY,54.236407,25.992668
eb402cb3c2c34acdafae4e7cf2c89675.jpg,Italy,IT,43.917429,7.648722
483f13ef218c4b35aee069d916a485b7.jpg,Sweden,SE,57.315579,12.422665
4d4ed179f1b347d2a110a80b9c31ced2.jpg,Sweden,SE,60.039134,18.696953
11ca739d6e59476fbfed04355594730d.jpg,Norway,NO,66.66131,16.144841
bfab171586b849679becdfb56d75b4ee.jpg,Finland,FI,63.339899,25.606026
f3db6bc43f6e4cdabb884018bfb32ed7.jpg,Poland,PL,51.556028,23.426825
752df4cb14ca40f68fefd4b01c7122bc.jpg,Finland,FI,64.746486,29.483094
544d4e7dc90f4ff0891002a80d0830db.jpg,Spain,ES,38.734116,-4.090279
cd9b4a1d55a140fcb4dd4d56290b351a.jpg,Germany,DE,51.76428,8.404596
c5d66a467f7b41e29670dc0cbada33b0.jpg,France,FR,46.853475,4.639222
3741782bb9304a68901ae139ea322dbe.jpg,France,FR,47.578246,6.126839
f40c9f3c52d04d91b47e7ea1afbf9708.jpg,Belarus,BY,53.721031,32.014413
8e1746c160cd41c5a61e9ff79bb7b8ed.jpg,Turkey,TR,37.605583,34.741028
8420d0068fd84fe1b8f0f66e68b5c0ef.jpg,France,FR,50.045754,3.229318
4a729dfb5a71430a9c8c497c3c693235.jpg,Sweden,SE,65.314309,15.858111
8ceae64d391148c3b0f5302efd85a99f.jpg,United_Kingdom,GB,56.102788,-5.476811
af1280e9ea72484f8d023d8cba708709.jpg,Spain,ES,41.968898,3.031821
ba0a413bca504d989a520d266e60a5f2.jpg,Turkey,TR,37.986476,30.285999
b73fd2ba60e9457292363a085cfb27ed.jpg,Finland,FI,61.280884,24.701186
fc0328af3c534f599c721073c1fce5e9.jpg,Finland,FI,64.062716,29.462577
8c2165e6fd884965b28baae76df74cb6.jpg,Poland,PL,52.987858,17.37358
27b82bf79f354f168299c7fa13e9b5f0.jpg,Spain,ES,42.728825,-0.525206
4848ef2bc74246adb2388e758b0c14cf.jpg,United_Kingdom,GB,57.825691,-7.042662
c29e36fe0e784442aed70128ee0dc97d.jpg,Belarus,BY,54.584442,25.889414
0884c9352cf741baaf23a09af7abc74e.jpg,Norway,NO,68.076808,13.195852
e847f342708e483fab805a02b4bba923.jpg,Norway,NO,58.427187,6.014318
4df8d1b16e4642f5956be8b4c89c505a.jpg,Iceland,IS,64.188529,-21.227998
77c17dc70e76452e98b7a00d4a077e87.jpg,Turkey,TR,38.19485,41.100899
4b015a45c1134acca0346a0128878215.jpg,Belarus,BY,53.058261,29.458239
f43e86b5debf44a8ac0bfa78103ea2dc.jpg,Sweden,SE,65.660232,19.860624
36c0fc647bed458eb2b1b0d165e8b440.jpg,Belarus,BY,55.453307,28.6804
fd39b35e73eb4df0819b42127d1d08b1.jpg,France,FR,49.54541,1.512449
6391cb595c514ae184f3823d57c3539c.jpg,Iceland,IS,64.737515,-23.775885
b33032bcc6914de2965161c3062e7f44.jpg,Finland,FI,60.311602,24.64385
87114556f920458e9e17041b290ecd94.jpg,Spain,ES,39.488821,2.809053
b6f22381fdb7433aaf8b7f0c0e4b1caf.jpg,Norway,NO,59.475373,6.293143
89484c28049f466c94aa9afe0209796c.jpg,Belarus,BY,51.688986,29.13527
f7efa2cf5bc14535bc15b5861223ffa2.jpg,France,FR,44.06645,7.589423
52bea8a29b07461e82768e7bd7ac4bc8.jpg,Sweden,SE,66.452131,22.54676
0abaceb0173a4b7c9e4464eb03550517.jpg,Spain,ES,29.102668,-13.555302
d0f59da6ad9c41b6a33bbfc6e5e05ebc.jpg,Sweden,SE,59.146639,17.574425
dd982601a1784f22ac10e3be828f398d.jpg,Turkey,TR,40.305208,31.356899
56982f9d1fd74efaa091615e3d899cdf.jpg,Belarus,BY,55.459073,29.127048
ab38177370de4e82b62ab432b997c3aa.jpg,United_Kingdom,GB,55.648971,-2.787743
fe5692d94a2b4a1788dae2a41f80aedc.jpg,Germany,DE,47.968789,11.407
11c7b125a7874d6ab84b08d0f6520458.jpg,United_Kingdom,GB,50.527462,-4.697611
93ff85eecb0940dabeef6f9d8f707cd2.jpg,France,FR,45.813418,-1.073504
6fc87b751570426ab43da4b33e1487ca.jpg,Turkey,TR,36.567351,36.397881
0ba5031a0621437f9f35df96b2f63764.jpg,France,FR,50.377558,2.089803
1012a949445a42e18b91263a365e6099.jpg,Iceland,IS,64.629454,-21.772354
b69d494d63a349a7b535e66cba2efe32.jpg,Iceland,IS,64.118252,-16.080174
b158368942274803a27bd3a726bdcfb2.jpg,Belarus,BY,55.296359,29.610909
dba9836d73dd4a5fad4f0d4095f39dd0.jpg,Poland,PL,54.66179,18.408865
6fadbec641594298b792ea80649117a8.jpg,Italy,IT,42.411393,13.625525
4c72a4aaba754925a3db77d024fb464b.jpg,Belarus,BY,52.064618,27.75813
092df7a0e7c445728c4a3a1dc1155675.jpg,France,FR,46.379075,-0.868508
5f13b75d13944cd7b0cea097b891c3d5.jpg,Italy,IT,41.783997,12.854971
6588874218d1446fa3829c93d029a2cb.jpg,Belarus,BY,55.51477,28.894869
ef7af9833b4344e7842ee968081600b4.jpg,Sweden,SE,57.069847,12.509087
b8b86f2dcb7b42f39be257a2059bc90e.jpg,Belarus,BY,51.649419,29.109509
8d4576c577e948478f68b6489d3c2ecf.jpg,Iceland,IS,63.429258,-18.768639
f039f124b7cb4eb6bcc29cab4a6ee214.jpg,Iceland,IS,63.986265,-18.909235
441e2dc1ab82457ea3574951a2908896.jpg,Belarus,BY,54.542672,30.719123
6995f4f45cd8402ca87ad04012c831b4.jpg,Spain,ES,39.561677,3.240939
389b5f7196034a9ca94ad19de43d6e34.jpg,Italy,IT,43.86446,10.850804
87e0f862bb4d4bbda443ea27beab015a.jpg,France,FR,45.69699,5.178455
b9a3d623292d4e139dd8df813ba883c8.jpg,Finland,FI,64.575716,29.699802
e1fdbf3480314ead86bc7f0292158b24.jpg,Iceland,IS,63.684705,-20.175899
9ae0a7adcbe04286b06051e5a402ad25.jpg,Poland,PL,51.706544,17.966264
339a244550cf4b70ab4ab7c69fd31550.jpg,Italy,IT,37.255172,14.497794
042ebf6ccf084d6eb0d8dc69c49cd455.jpg,Spain,ES,40.05615,-3.071862
aa1b804ad18349c8b4933f4aeedaef8c.jpg,Germany,DE,50.665983,7.971018
ef19913cd5254d3ab94aa1a7c0f66c6a.jpg,Germany,DE,50.488534,12.973709
7ed5e3b7c3a44862bc29fadb9ba55a5f.jpg,France,FR,43.256793,6.521564
c5945afb8f214f55b39848350c77f58a.jpg,Italy,IT,36.921314,14.439324
d0a729d3b9f6470aa6360478ad522fed.jpg,Finland,FI,66.824326,25.423547
78350dd80a004ab5a5d36d4ae97c8fdb.jpg,Finland,FI,64.054233,29.144659
8cfec5a53478492091eea2d69a611b78.jpg,Spain,ES,42.147474,-1.545109
a2a0d6f9ebb64040a9d777b9bcb11218.jpg,Italy,IT,40.762941,16.064494
40139f4eeefc45a48e2178a9ccdc5196.jpg,United_Kingdom,GB,57.533021,-5.153866
389f6a01f09f4fe48f0875d1bd7c142d.jpg,Spain,ES,40.377346,-1.11557
a3195b185fef4896b7bf8798142079e1.jpg,Germany,DE,52.782624,11.104961
2c3e8b2ff2e4488a968705d9a15f40b3.jpg,Finland,FI,65.928897,24.619141
4ce4e1c4979043f780de0e169f8b9b95.jpg,Norway,NO,58.143277,7.863374
e2efc11997c1479f8304711be6567b19.jpg,Belarus,BY,52.164541,26.090011
a079dc4e7ec94f0eab97665652973c60.jpg,Iceland,IS,64.82253,-22.488772
3433c17279444ac1acc78d914d72a914.jpg,Italy,IT,40.585924,16.275432
33c0d80d80f34104ad61c79ab58107f4.jpg,Italy,IT,37.990032,13.869172
029301fc439f441b8ae3069a8cde8bd8.jpg,United_Kingdom,GB,52.122193,1.350357
0e319abe0b1c4d16aa00b8c75c8d32aa.jpg,Sweden,SE,65.31097,16.196515
4e75769a7cc44e50a856228996bc86a9.jpg,Turkey,TR,39.292443,29.972252
c39c6b49e84241f9aae01222eaeb7075.jpg,Sweden,SE,64.165574,19.680119
8f39b2fcba0e47baa90c3c89325046e8.jpg,Germany,DE,48.432969,9.711427
75cd55378415406d89f6d4dd9bf8ada3.jpg,United_Kingdom,GB,56.082722,-4.82377
9c16f9b710104635a7f261edeb0e70a8.jpg,Turkey,TR,37.185685,34.868055
b1f5f9cfd95f43109b43dcaffbe20c32.jpg,Poland,PL,52.190118,22.102179
e8ac3d5c3c1a4571acad9b3af81650cc.jpg,Germany,DE,48.364855,9.09555
21dbe9982ba54bad8603ae669580c1ae.jpg,Iceland,IS,65.451073,-20.564271
3faafd47db8f40b5a6b32797495c9e11.jpg,France,FR,48.414704,-4.791487
bc9d9ace296c43a0a50bcdbd69b50597.jpg,Italy,IT,40.60985,8.377353
5308da84d0e049d9a67d15aadb708e22.jpg,Poland,PL,51.034292,22.532073
cc4aaf907ea440fa9747e5c66f70517f.jpg,United_Kingdom,GB,50.508381,-4.719895
c00d5fe1617f45519b14e2ac8bf1235f.jpg,Germany,DE,51.839736,13.036492
7de5a046c20247b8ad627060f704f8a8.jpg,Iceland,IS,65.491433,-23.213946
5d5a2b7d4d474b009c0b2df4cb9f2332.jpg,Sweden,SE,57.625799,18.527501
0b8b6dea98fd418e93213fa47d9daed1.jpg,Germany,DE,53.038133,10.694608
e6ef37cb593c48f79fa99cb2a03d553f.jpg,Sweden,SE,59.833939,17.526269
b04daf5fa6574e0a9860dceede9bae8d.jpg,Belarus,BY,54.814024,30.407963
4908568c950a4f1fa251bed9ac95b121.jpg,Germany,DE,50.16294,8.021961
01b988b26a784750bb4b3ab63b95c5fe.jpg,Germany,DE,53.579789,12.725136
5ba3a8802bee451bab31d0d8b3c5b752.jpg,Germany,DE,53.548036,12.712733
768558dac2c542958d615c85b58551df.jpg,Poland,PL,53.36517,22.439988
18a889c525ac4c9a80c21f3712437eab.jpg,France,FR,44.51101,-1.235219
e7f5d5d15c62442dae8d88a075c50b24.jpg,United_Kingdom,GB,50.160783,-5.636891
693f6843b1ab478db46bed7f3986bd87.jpg,Sweden,SE,57.31721,18.259045
dbb69339c64b439e860be5228c33b872.jpg,Iceland,IS,65.669936,-23.239478
700c381a5ef64db888b3de8a02740cef.jpg,Turkey,TR,38.123976,41.691591
4c7488522c0948c3b9c2949185b7d870.jpg,Iceland,IS,65.749061,-23.842507
bfa30a99f01644dbbd2323bbef3a4249.jpg,Turkey,TR,40.229892,38.048801
7f70059c1e0348bf9351562f6cd3159c.jpg,Finland,FI,62.931814,28.041395
015504577c6c49f189e7c3a7a7a87385.jpg,Sweden,SE,57.529168,18.467257
3080beaaec8a4068abb7195529218847.jpg,Finland,FI,66.261623,29.304173
6c179649773f4fadb3db1513cbd6ddc1.jpg,Norway,NO,58.217519,6.962505
b482b615509c430fb2d94aecdd61d069.jpg,Iceland,IS,63.478747,-19.369064
5eaa903ebbe743eea0711255359e71ef.jpg,Finland,FI,64.162756,27.824154
ca69045763b94215beca40409a6597c3.jpg,Italy,IT,40.66969,8.703511
635770ffb73c4e369a11221eb39012d5.jpg,France,FR,46.849925,5.914687
59870f0241e84da78a677b2f5038664a.jpg,United_Kingdom,GB,50.288091,-3.701623
579ffc1dceef4275b41d503634eb6a4d.jpg,Germany,DE,53.18562,11.459855
304b5f281e1a44b2a2328e23de1a0c9b.jpg,Sweden,SE,57.488121,18.514754
3b52a150216b41f5b36ad2b68b67831d.jpg,Spain,ES,43.727791,-7.72416
300e5810fb6d4045a1654b8d758cf40f.jpg,United_Kingdom,GB,50.552351,-4.7217
dac2876e989c43a088b06b6f0f2aed77.jpg,France,FR,43.821977,6.897407
78655ebce85640adac3c82594aa5ef86.jpg,Poland,PL,53.271296,15.959102
4dbaa20be5ff40dbb57f1fac125951d7.jpg,Finland,FI,64.309639,29.119438
97936f3ec24f40d09434544b941e9c31.jpg,France,FR,46.622256,2.556343
4f526e80e75d467ab6f2a6cbb0fd198d.jpg,Iceland,IS,65.633444,-14.992217
2ed31edf91bf49d0b14e5cd75af7420a.jpg,Belarus,BY,53.5122,27.475016
a85d0e3cc0684865b94d7a82d47817ad.jpg,Germany,DE,52.007589,8.342381
c946d14fc9d74419bdf7ec0c8ab822d2.jpg,Italy,IT,45.520621,9.687131
5a641d0c19cd49baa0870e1c97a118d2.jpg,France,FR,48.373221,2.199084
6ed69c13bd104b1bb5139a685bebb5cb.jpg,Poland,PL,50.342451,18.939051
0ddb7d95af37437f946a9d7f90896653.jpg,Italy,IT,44.534928,11.121658
b53a8e99b4324f559a7885b2fdc7ff13.jpg,Turkey,TR,37.597876,34.744383
ab077f07150a4274a4a028c1fa746b61.jpg,Germany,DE,50.05904,9.307823
39538872ffe544a9877989b724f7e54a.jpg,Sweden,SE,67.730799,20.684616
96f761ccdd7c4e979bdd6360964bc848.jpg,Turkey,TR,39.139732,31.219835
5953dbacbe964a189080f04962c3bb41.jpg,Iceland,IS,63.845141,-22.435238
e26ccae926f642e087fe876b0f117d39.jpg,Iceland,IS,63.664465,-20.111067
2caf0da1276d428599ac2ea4740adf8a.jpg,Belarus,BY,53.906388,25.910875
3f54cffc3bb2454aa03909140cbd03c2.jpg,Germany,DE,51.258564,9.945034
6468175752424e50b95a9822d80057af.jpg,Spain,ES,39.319087,-0.408522
59e454eeb9b643bbadcf2c738e4985f6.jpg,Poland,PL,50.124413,22.104306
5efa6afa5c49411c80726113531440e6.jpg,France,FR,46.470417,4.013727
75dce4f5525948a2a664ac9673a680fc.jpg,Germany,DE,52.06319,13.220625
2e18602c41e74621bad011cae462f8c2.jpg,Sweden,SE,64.400648,15.64695
50fbfc4f2cb5468f843b91af756b1fdc.jpg,Germany,DE,50.613346,10.327426
3abda05db53c4f148449dc26a1ace530.jpg,France,FR,45.318228,4.508899
d4e24d25e0e74695b990576de40182a2.jpg,France,FR,48.28813,7.62586
33635b82b5474d6ab01eadfaef56c573.jpg,United_Kingdom,GB,54.263262,-0.392985
242256210a7043f6ac63e5b920a684a2.jpg,Sweden,SE,63.68418,19.378303
80c0cea0c34144a99d8423cb23c2498c.jpg,United_Kingdom,GB,50.141467,-5.395962
f755b22c125345a3904effc2e12a4b45.jpg,Norway,NO,65.082534,14.630677
dd5755d9cfb34bea93c343eb38ebc251.jpg,Norway,NO,62.200381,12.948824
04934daa3305414ea8f6474011d04931.jpg,Belarus,BY,53.287655,23.939854
275fe8d17f20439582e0419fd73f9255.jpg,Sweden,SE,61.98461,14.580846
000f2b81d53847fa840df9bd0d59f9cf.jpg,Poland,PL,51.659431,17.800406
afad62f8dfa04607929757626a606e66.jpg,Turkey,TR,40.395684,26.839398
9e89b01b908c470180760e3a142b4522.jpg,Turkey,TR,39.701748,32.816398
148c5d2f4c9d49cba595f78cbbd3beb3.jpg,Sweden,SE,60.526679,16.484767
221401552b064ce5983c3d0c1a6e8f28.jpg,Norway,NO,70.458411,24.745673
f0080df6fc404badb6c6c127c6603214.jpg,Turkey,TR,36.970139,28.703006
fa794147576b4d719bdc338e49b40a6c.jpg,Italy,IT,38.023083,13.361467
030f2ae46f984a799859b11139a9e2ed.jpg,Poland,PL,51.494168,23.545667
36e537452b7f46d28201be252d53ba9b.jpg,Italy,IT,44.722391,12.15424
b42723ad254b416c97079d185f683da4.jpg,Iceland,IS,65.577999,-19.347365
f42c28eecb1b44089d84abc483444f66.jpg,Poland,PL,49.724352,22.049223
5bfeaaea8ccb4d51ae263f7d6c6d2f8a.jpg,Poland,PL,50.400502,17.688158
2b6642765d8a4535a95fee964e1d7e02.jpg,Sweden,SE,61.252572,15.448635
83b970a47b3045e4b399ad04f3989087.jpg,Norway,NO,70.083242,22.008806
9feb85a0fd58464a9c6221c8d91fb226.jpg,United_Kingdom,GB,54.359416,-3.294828
45b86a6a8887478c8d2e0823eab45d77.jpg,Belarus,BY,54.508769,30.127898
92d6511432274428ad9c8be3ffb74a5e.jpg,Iceland,IS,65.079903,-21.096759
2b4580997d6e416ab796bb89697a73d9.jpg,Iceland,IS,63.970189,-18.739441
afd66ab99eb44d2e8ad1547b14c70d81.jpg,Belarus,BY,52.048745,29.441186
693e208339c94a9eb68bd3240ce9cceb.jpg,Germany,DE,47.966215,12.422676
2c66bea534de4e5d812ca2bc0d89e4bc.jpg,Finland,FI,60.276655,23.378266
81f31b5e210643f29c6ab891556f0b91.jpg,Norway,NO,58.880989,6.610231
c8e6820dfd334584a227f3f46fe0be10.jpg,Turkey,TR,41.008878,40.352816
bd32d254fdbf4be391d9945910a2f7be.jpg,Spain,ES,42.092848,-1.650321
dff805c4c2624e44aaa2f115eb142e48.jpg,Germany,DE,51.28129,7.716669
9703ec512ee446e1a14a36d31e255c2c.jpg,Belarus,BY,51.676373,30.35687
6a31d25c25a1486480239c12de88ba58.jpg,Italy,IT,42.482636,12.400208
81b10f8706774973b82e84e4d0231a05.jpg,Iceland,IS,63.945431,-16.807802
497c97ded9f74e3b8d24b929b180ceeb.jpg,Italy,IT,40.559835,16.411502
8a4c1e67b7d14ec9bc534d21fd0a424d.jpg,Turkey,TR,36.457739,33.962671
db3e92b434f04a4ea08ce1e11d7c684c.jpg,France,FR,48.625259,7.725444
f4225ea755694ddf82d089f8a1b2bca0.jpg,Turkey,TR,40.674106,36.375058
d531c0f33de94a0f9eae1f713b983e2e.jpg,Belarus,BY,55.617705,28.271003
9f049e3ce44d41d7b60556560b2e68a7.jpg,Italy,IT,42.783905,11.144538
f3e9b974a49f4e7bb36efaed5497b275.jpg,Sweden,SE,64.081215,15.358437
9da9b201b2e0400d8c6c39340d500b62.jpg,Sweden,SE,60.0019,17.515881
042748125d7a4d99bad3aea7843856db.jpg,Poland,PL,50.23943,18.938704
d663dfe8e03546d780349293d5ca24d1.jpg,Italy,IT,36.789105,14.515586
8521c34b8ef743eab81102813d725846.jpg,Norway,NO,69.250589,17.954936
563c17f08908445da1a48b882a99b825.jpg,Turkey,TR,36.858162,34.471225
43815479692449feb153440b62762baa.jpg,United_Kingdom,GB,58.540129,-4.11342
95e96fb594784b3492746a6a1267aa6c.jpg,Turkey,TR,41.56696,27.776496
f3499f1d2616466b9310d36b3dc0407a.jpg,Italy,IT,40.997245,14.835634
35ace075fa2146b69ed4086d93991f13.jpg,Norway,NO,60.346999,6.184473
2920d07b06dc4d829d7c3615ae3e1800.jpg,Italy,IT,43.973012,10.525031
13d220ec7c2245969c547a84e7117c99.jpg,Sweden,SE,56.946506,18.154203
72ce6f0827ab4e93987115f5ac124e14.jpg,Belarus,BY,53.900822,25.93554
0851331bf1014e9c9f758a4be29563bc.jpg,Spain,ES,39.636156,2.650821
8060408909364da5be033f2295d4badc.jpg,France,FR,49.561628,-1.316647
1958bb86eeb241198febc8a4b825e47d.jpg,France,FR,44.485385,5.385263
b2822f3c42ea46d89260ea1ce714c163.jpg,Belarus,BY,55.889598,28.534682
94db9e490c2c4d7f93016a3334199308.jpg,Sweden,SE,67.113761,20.629835
1f545e33ad4e4c15bc2db1fdae38a9e1.jpg,France,FR,48.031,1.301797
92e6c1a625fb4e81a2407be78cfc6589.jpg,Belarus,BY,52.470588,25.842221
bf6a03631dec4b65afc0041277f6fbf8.jpg,Belarus,BY,51.856763,24.21061
80cba919707d409aa98a8df05b87d947.jpg,Norway,NO,70.978501,25.775464
0a8fc2744333480ba277d7172bd16f03.jpg,Turkey,TR,38.416976,43.233638
6d34ad30b3d44092b75ccfe227d58124.jpg,Sweden,SE,65.66192,15.445209
57872818da6344aeb3c685031a19c995.jpg,Poland,PL,53.457381,19.72589
befcf29cdf0d4ac295df883d6d5488ae.jpg,Turkey,TR,39.084557,31.129855
b4890763412a40979f9f075cd63de8e8.jpg,United_Kingdom,GB,50.381196,-4.934506
a470ac98942a4653849d40d9422471ce.jpg,Belarus,BY,53.528624,26.253894
52c5bdbb209544ef9d4fbab2e9d4513d.jpg,United_Kingdom,GB,50.439338,-4.932637
5a5947b5db0644428811ac6251e18c71.jpg,Norway,NO,59.914491,5.295024
44f9cf2a6d034405af3efa95f93671fc.jpg,France,FR,48.572167,-4.666586
5f5ad8bf6ce6413c8e0d1309c3a188fc.jpg,Finland,FI,63.461218,22.587565
1a7e530e5c814932b36f187b399b54ff.jpg,Turkey,TR,38.304445,29.758373
139e4b04819e49f99e7e431fd0dbd9c1.jpg,Sweden,SE,58.548832,16.722419
a8d35b4c2ee54f849718d80b2d736ce0.jpg,Turkey,TR,38.021646,41.777571
05b61d9491724e9581071329951bc5e5.jpg,Sweden,SE,67.100624,20.450622
477d34023ae445af9c519da29409b62b.jpg,Iceland,IS,65.98815,-16.408818
def009ce4aa04e34a1fad2d0991c5471.jpg,Poland,PL,53.048158,17.680281
230593e277ba46038f1925d41d6a73db.jpg,Iceland,IS,65.159596,-21.093491
80029498d3284c969ab27cc171b0afcf.jpg,Turkey,TR,41.144326,29.168462
2992a80f10a141d9a803e08e33c5d5e7.jpg,Sweden,SE,61.889958,14.166184
4b23f7ec28cd47eaa896afb5cc39ff93.jpg,Turkey,TR,36.277184,33.474835
cc30d2d88b8445abbe9c7fdb276c5b20.jpg,Turkey,TR,39.473857,33.535726
a9eb905e6de443bcbb9edb3022dfafba.jpg,France,FR,45.454263,2.071068
86156d46ece941a4aed4a5d03c52661d.jpg,Turkey,TR,37.868841,32.534171
a3190f50c5a04b079ebd02a45cc7b4c7.jpg,Italy,IT,40.46751,18.178468
a21ee477b15a40b49e6d9cbf716b182e.jpg,United_Kingdom,GB,50.199853,-5.340589
656c2600fd3949e497d0d46f026459ee.jpg,Belarus,BY,53.420691,27.122306
f97a2b77f558420fb0039eb376b440fb.jpg,Poland,PL,50.504938,16.459517
787b5332e3634e559382837934639dd2.jpg,Iceland,IS,64.879559,-13.803707
ea055f0bf72b41bc9263a7a0781937b2.jpg,Spain,ES,41.442299,1.558577
8f5ef684c2dc48e7aa764ce462e836f0.jpg,Spain,ES,40.684517,-4.620094
df530303e7cf4b1983c889c11de01eaf.jpg,France,FR,48.01381,4.36943
e0f1e54416fc43c0a12326d338c145c5.jpg,Belarus,BY,52.729419,30.322465
66ce0c0641ed4d75b839e573381b39a6.jpg,Finland,FI,61.058832,24.083158
af15112d1dbd46c79517447fd5104d9e.jpg,Italy,IT,37.98509,12.989186
3ddefc3819f240ce90d5a12f9c783cd8.jpg,Germany,DE,50.578327,10.936993
5f505492cffd442a9284a80a87b08ba1.jpg,Iceland,IS,66.282507,-16.408364
82e5f750cb474d52ad1f6fa12f9d9d44.jpg,Italy,IT,40.967831,9.071465
6ea955d819a84c97bc0318d70fb9effa.jpg,Norway,NO,69.689694,18.861018
0b692c60a9144d7b83043a2f5fa5013a.jpg,Sweden,SE,62.185213,14.176863
f14d7e78b6bf4c38986fe5e4677adc26.jpg,France,FR,48.238161,-3.375142
c0d693614952436ea74d3c2b26e91f95.jpg,France,FR,46.312042,4.961355
9d70865a071b4bbab988d5345f98f1ae.jpg,France,FR,46.234088,-1.018614
f724a277602945c1a90ebbd558596521.jpg,Sweden,SE,65.567704,19.274034
c37b5ea64af04b4ebd6838cce9d52c87.jpg,Belarus,BY,54.335391,28.57044
94bfcbcef22040469bcfc73ed27213c7.jpg,Germany,DE,51.077885,13.833644
8f2945bf29c64450a6d11b58578f9796.jpg,Belarus,BY,53.232172,30.586757
c8ac5915943e4f718c21d7f587c5cab7.jpg,United_Kingdom,GB,53.658867,-0.701792
a4047134b28c44128f9266e1d0f1e8fd.jpg,Norway,NO,66.317583,13.301638
7197764d61494cf5bf5074f497983dac.jpg,Sweden,SE,56.354125,15.577375
9b3f8cc0abf54a41a44823c87b525c89.jpg,Finland,FI,63.67815,26.21818
e6e80965db0f479bb6d95cec6f93c3ac.jpg,Finland,FI,63.147365,28.049237
980bed1107ae48a7ac1c92c1f80e3eaa.jpg,Norway,NO,62.480583,6.455667
f429308185f54c9bad90513c3d7220fe.jpg,Spain,ES,41.569444,-1.119207
7878ebc11879402f8620a03af6216515.jpg,Belarus,BY,54.058433,27.539105
88ab955fb447459fbbd1c440734d2673.jpg,Norway,NO,68.795455,16.537051
318492400fd74ec5ba2883b37627574f.jpg,Belarus,BY,52.304898,23.661191
edff774456394f4586f57afddef8189a.jpg,Germany,DE,48.871313,11.090097
f3f6808a68c84a6aa72dbdc71d9a0346.jpg,Italy,IT,41.509246,12.58194
47e42bce3f5f45509c34df139c4d465e.jpg,Italy,IT,40.455633,9.565489
de903128f3dd4a528151c80f326518cd.jpg,Spain,ES,40.601257,-4.899767
b9555b3ebcbd4ef98eb64a2d70ebfbea.jpg,France,FR,43.994231,1.124698
e8d9732ee0094c1284d572ba831620bc.jpg,France,FR,46.610421,-1.635159
83a19507d52d492bbe84a7a3c55ec0a7.jpg,France,FR,44.419577,2.317002
254f93ba7645404cba8b06bcf2504c0b.jpg,France,FR,45.775945,3.739319
cde2718349834dff97ff11b8ead27530.jpg,Finland,FI,60.498959,25.051039
76aa5e27a8864946964626022f5043d0.jpg,United_Kingdom,GB,50.979912,-0.741373
9df38e759f96457b869c1b98abc93681.jpg,Turkey,TR,37.138386,44.34417
d817693a475b432f9d3761351d2dbb20.jpg,Finland,FI,66.752272,25.446638
e213fcdc013a4672a17d80f60a5af088.jpg,Turkey,TR,39.590036,39.879933
b89418002fb74f9fb147d095dd64405c.jpg,Poland,PL,52.964016,20.474304
47dc8bd53d89453786225813105ab21f.jpg,Finland,FI,64.005952,27.423579
0cd592f90b2347c7881e892b18d071d0.jpg,France,FR,43.699774,4.537026
039af00417e34a63a272eef398da30ea.jpg,Italy,IT,44.415407,12.030543
c38866c3e0104f9e98cee2cc139027b6.jpg,Sweden,SE,59.938709,13.55337
37378834d7c345dd97578155494b497d.jpg,Finland,FI,65.679861,29.114293
7d81f67b566d4dbe8bf9ae73509f4f66.jpg,Iceland,IS,64.973129,-22.933374
683d94a1636c4414b5eb4123272ca3b0.jpg,Germany,DE,52.644584,14.53638
c7d5acbe5dcb4675b00e22e13152a4f5.jpg,Norway,NO,61.937187,13.011541
9ac0e49b634a43b2b78b1905221b810d.jpg,Iceland,IS,63.567348,-19.855503
5bc7c96b51504b0590f97b10341627e8.jpg,Finland,FI,62.464361,22.067496
91d5bec970c64637a1bf0d5b00d2e328.jpg,Poland,PL,51.790897,21.726338
9d2f44362e82432b948a493535b9a052.jpg,Poland,PL,50.674478,18.649124
11aa3b2a509947caa880fff46684a978.jpg,Norway,NO,64.743823,12.846214
22a113708b3c47a98a22f27bc34aecb8.jpg,Spain,ES,43.420479,-8.135647
c117dd80026747d0b45cf5e6f25213f5.jpg,Poland,PL,51.649793,22.902276
ff716ca1eb7849899a91ccb369497ad3.jpg,United_Kingdom,GB,51.447481,-1.248135
606e95933517401c9c338c09ee837e54.jpg,Poland,PL,53.564135,17.297759
eb8a9ca047e848368ee52ed5293dbc97.jpg,United_Kingdom,GB,53.251856,-1.44785
adb0f00850fb4b438fcb3c7a32b51bb6.jpg,United_Kingdom,GB,57.163975,-3.687504
b361d4aecb45439e8cdbf696671b0aa3.jpg,Belarus,BY,56.027971,28.372816
3791c47919254c5bb2d6c1643d9c971b.jpg,Iceland,IS,65.797196,-19.938254
7ae3ecf8e50342b3b0bc6b0d75852bd2.jpg,Germany,DE,47.727865,11.184079
57c809d6ee374e20a7a58e272b1abdea.jpg,Iceland,IS,65.614,-24.212991
b8cf29109d67483e9abd006a7ef9cf0a.jpg,Norway,NO,58.622266,8.896024
0c36c831b9ca4974ad2643595f7b22cf.jpg,United_Kingdom,GB,56.269644,-3.318502
b0fed7a35109409496a9a9c1c319edda.jpg,United_Kingdom,GB,50.508885,-4.697502
2099b1b8b4a347f8a2a2819efb6ec21e.jpg,Poland,PL,52.786791,15.17262
ee5aa3db5107471eabab3a2894c8579d.jpg,Norway,NO,67.155284,15.467767
86bf06b603c54715b231d59e47211ebe.jpg,Turkey,TR,39.539955,43.988424
9879a20755254e02adafdd11f0e4edb5.jpg,France,FR,45.744849,3.793346
c7916c46174a46e7accb061d0edbd59f.jpg,Norway,NO,62.201286,12.950278
e2aa08cced0248d5b00f9c2c09348995.jpg,Norway,NO,59.755303,10.569453
0755e2a791a94fe2bf81f17ef7b729bd.jpg,Finland,FI,65.909199,24.101246
80c9fb171476408c975aaefb292d5724.jpg,Sweden,SE,55.531331,13.349853
f919faabbbd84d12a77802717a3cd070.jpg,Sweden,SE,57.590938,18.362006
e4b5afb7614d404ba66d3d67b4c10943.jpg,Poland,PL,51.640919,16.019571
987993dc824c408d9d8b25ad86a57f96.jpg,Italy,IT,36.843245,14.457916
081fad65b6184a74b9525d282327919e.jpg,Poland,PL,53.463153,16.367078
1c718d69698947009b28a10b9b2b0d18.jpg,Spain,ES,43.662866,-7.602585
35d9ffffa237438e8313f81b6ac0f31e.jpg,Poland,PL,49.875124,22.373807
7ad0c69479bf40ab8f8255598f98e6ac.jpg,Italy,IT,37.625233,15.159198
6820d0b38f434d939259406a51c5dd69.jpg,France,FR,46.267917,4.072018
be2cdeb1cb814fddaf5c2d8f876f8e12.jpg,Iceland,IS,66.170838,-23.417174
9dd8a946fd5747f98cbbf57f179c562e.jpg,France,FR,46.229828,5.354255
229c46e271b84571a1fb9af42e33e5f7.jpg,France,FR,48.132692,5.197337
9c83c35295624cc59231d639ba1ffd8c.jpg,Italy,IT,36.833029,14.727737
adf083f55e134f2cbbc51f694ff525f2.jpg,Italy,IT,46.874528,12.122645
0ea1794b8df4446ba33a99d3d2d2243b.jpg,Iceland,IS,64.934923,-14.052192
b8cbbc485a2e443bb6ea89dd5c8c3a18.jpg,Poland,PL,52.381076,21.122096
ad2e178db8b6450ab8f9d433b8142485.jpg,Sweden,SE,62.317838,13.772551
a7c74a8a75ef4be5a0da48ff56b88162.jpg,Germany,DE,52.510105,8.401544
fc9d2daf9b114c69af8e87f6ba5531c4.jpg,Sweden,SE,64.337785,20.51857
cd2fd4010abb45e89e30cd53fdfaf604.jpg,France,FR,48.062061,-1.977106
4220e4d08941478593470087efdc58cb.jpg,Finland,FI,67.628428,24.204299
08520d157ded42c9b7701b57cc654ca1.jpg,Iceland,IS,65.710698,-23.701045
c16183b47e204476aa75430f950d4525.jpg,Turkey,TR,38.424483,42.126262
74067f37a5244bcea3c13bb5937b68c3.jpg,Iceland,IS,65.738799,-22.016716
711e3fa5e7b74203a1e94a43554b7b44.jpg,Finland,FI,64.787787,25.542515
13a9fbf52dc948829f9fff2f299123e0.jpg,Belarus,BY,54.660839,27.972902
2930ec2a75354f7a98d4438acdc0f61a.jpg,Italy,IT,45.8722,11.651129
00d57395be3e4bcfbc668d57f7abba53.jpg,Finland,FI,60.393724,24.43317
4a13a5cc41cc431988f6613d2c231afc.jpg,Finland,FI,64.80352,25.510789
d96730e05b68483781ed927b97e7bfd9.jpg,Sweden,SE,67.867592,19.315389
bd6c5e7c4dc64494b70a97b866722377.jpg,Belarus,BY,53.248953,27.152179
759cdbc20b6e441faa315bcba5436e5a.jpg,Germany,DE,50.406239,10.725955
855851cd6fd34993902ebaf3b4d857e5.jpg,United_Kingdom,GB,54.551251,-3.211184
8f5ab1725c1c45c6aa15cf46cb140387.jpg,United_Kingdom,GB,51.803385,-1.063299
0742eee3051f4845a6bf8724b9d87ca2.jpg,France,FR,49.303198,-1.458641
ed41611072e449eba73a287a0b749391.jpg,Norway,NO,61.117543,9.096984
534e3b762fbc4e119b81899799f74650.jpg,Turkey,TR,37.28934,40.712616
5daeb15ca40d413c93a95779ee1ed5ab.jpg,Spain,ES,39.038644,-1.907489
6c1bbf81792e40029335c191a83ecbb8.jpg,Iceland,IS,63.690435,-18.337182
f0105006df5a4a6698a0fdb836afeb07.jpg,Belarus,BY,55.226249,29.985494
45bda4d8e36d4507b86e11da4ab82a3b.jpg,Spain,ES,39.513313,2.76595
6e3368fd21e34f2fb5a35f9ffcc4571a.jpg,Poland,PL,53.74462,22.747075
5f6f4d17cab5435c9abcc2951f7f73e6.jpg,Germany,DE,52.151155,11.429363
d4540ccc1e034355bc6737659af0014e.jpg,Finland,FI,62.314165,29.831165
b1b5c1f627564851bf6e7eecd8c50718.jpg,Italy,IT,44.911918,11.857416
c3b3f364a2594a02b99014745660189e.jpg,United_Kingdom,GB,56.569212,-3.311706
119f5dfa9d3747d78770ec3a85390698.jpg,United_Kingdom,GB,54.253752,-0.419759
0a11ff56e8424d20919af02d94f52fdb.jpg,Iceland,IS,65.883173,-16.541364
8d97fde285c145809c7c25dc470ad731.jpg,Belarus,BY,52.499828,24.811231
3a4d7bcb6e2f421ba1a66eee7ebd0dbd.jpg,France,FR,47.862651,-2.524701
02fcc433a3684106b68a8457cb7ea6a1.jpg,Italy,IT,44.516523,8.9887
2be70845ead040fd9ae79d4d63e67515.jpg,Finland,FI,64.153272,28.256495
45de143fdd5743da8ea79f8627c04153.jpg,Sweden,SE,65.462118,16.822604
ba2e76321bd84a8e88f7ef225382afc2.jpg,Iceland,IS,65.109178,-14.329833
ffa69e9cf4254c0080e436741c49a828.jpg,Poland,PL,53.158673,15.928122
2d7c34adf47c4b3a80da041900a79097.jpg,Poland,PL,52.045783,20.412294
e2f375a2d5dd4b6b84e37837ff9c95ba.jpg,Germany,DE,47.950359,12.891957
011cd0131f1b4a7db7a62155c7279d37.jpg,France,FR,47.289175,1.796063
b68cfe8398f74597955343a163c6dfc6.jpg,Germany,DE,49.916962,8.757513
a5dfc52be00b44209865d6b38d817563.jpg,Norway,NO,58.039906,7.610576
6d9f0c6d73b240febe3680f216c18b86.jpg,Turkey,TR,41.290533,36.218134
03cc694911264258ba907f8b818e606d.jpg,Poland,PL,51.480985,21.469338
8e1d3d58bb614934b05193bde0e427db.jpg,Norway,NO,62.660036,7.499552
3bf0fa4b9b2145469b2ae44a318a8892.jpg,Germany,DE,52.491966,14.119879
edf94d0f20c14347b2524b1c8d5c3ddc.jpg,United_Kingdom,GB,53.900356,-1.488443
749c6a7670104332a5636ed4b59d9298.jpg,France,FR,43.85156,5.032602
df5cbeff950d4eb8b069a1bd0160cca7.jpg,Italy,IT,43.239056,13.525492
d33bb71a35194864a6b0e74364637b4e.jpg,Sweden,SE,60.496411,16.107689
c51a2d62ce654955a50b11f17098feed.jpg,Germany,DE,51.536783,13.971422
ab71d6fd23b74eddb3b4bd9043cb3b97.jpg,Finland,FI,63.146978,28.048931
5c2466d4f9734188beddd8b11305d53e.jpg,France,FR,45.584076,2.414842
5d99f58344f04bd6bbe15992a05aefb3.jpg,Italy,IT,44.064179,10.441614
f0023aa9a3f34a98af05b676dd71ef2d.jpg,Turkey,TR,41.31439,27.680343
4fe37557a9c843ff857ca1852571d457.jpg,Italy,IT,41.071664,9.210277
3975add91b1c409297b24fd3406a87e0.jpg,Sweden,SE,58.861992,17.82772
2de254252857416280df341269690540.jpg,Spain,ES,43.337925,-4.992945
be67600d19f04a5095d852597f66cfb2.jpg,Italy,IT,37.718488,14.038213
abdd4002d5d4493eb7d0903ecf249782.jpg,Sweden,SE,64.948201,15.470625
5f198926eb944bce979ab3431bbdfc2d.jpg,Germany,DE,50.384297,10.172103
001d942139a74bc7a3dc6f15fda203fe.jpg,United_Kingdom,GB,57.398188,-3.408784
1143ddc7ebad4839a50caaac1f40cb26.jpg,Iceland,IS,66.128325,-18.895811
61e679e78d8e4766b7a37d5a5ddef115.jpg,Poland,PL,52.447733,21.646522
bf5db98f96c14f7b9d11ab4e41e6ec0e.jpg,Finland,FI,62.281361,25.726093
6b221411b3d64704ad92995abd060b18.jpg,Finland,FI,60.524505,24.57356
710857f95b7f4681922a3170acf3e435.jpg,Spain,ES,42.15147,3.026452
422a9ac681404be7a603fb35517b4d03.jpg,Finland,FI,61.099448,23.252536
3575ebc3c7c2463da8fd9e5b472da6f3.jpg,Spain,ES,39.703891,3.087014
9deb681cccc84464bd5e0e74d276a2c7.jpg,Spain,ES,39.476626,3.248868
c9c3ab7436a446ea82e2669937859bef.jpg,Italy,IT,38.037955,12.709249
22d7848683f74f70a837f81838a28a95.jpg,Norway,NO,71.00961,25.894459
79d89d2b4ce74b89bdb49ed595d4d6d2.jpg,Finland,FI,62.10994,28.585284
aa20a95148ca4acdb73ee4b42b257abb.jpg,Belarus,BY,55.607787,28.311598
18bbc04577124333b21fd7f446f7463d.jpg,United_Kingdom,GB,56.798628,-5.803022
48798a569c744d9194200147fd85e2e6.jpg,Norway,NO,69.205414,23.619852
f4bc5341fa2849ffabdae5982aa4e7bb.jpg,Belarus,BY,51.928438,29.576374
5b0d51b0ce874772b10305c5f5808841.jpg,France,FR,46.172395,5.288663
c7a00cf6acf543b9b0949e89758efbc4.jpg,Iceland,IS,63.943358,-18.652809
f34b99722eb647e995004541fd2c2680.jpg,Poland,PL,54.135739,18.721373
4224de4f082e494a9774871b005b5011.jpg,Finland,FI,64.407709,25.827226
c7a2bd358a91459d97d00e15b0a4cb87.jpg,Sweden,SE,61.835335,15.841833
8b21ae914b4640b6b46e22481e74831e.jpg,Iceland,IS,65.866301,-23.325932
0faeff6bd8904c02a80e663bfc58843a.jpg,Spain,ES,36.724255,-2.871589
b6d72e9d96b14f269b02501068de09c7.jpg,Germany,DE,54.796921,8.976985
225d78abba584b55829df7fc451dcc20.jpg,Norway,NO,60.423563,9.471005
f1a19dea415c41c59769979b2d1ae2f5.jpg,Turkey,TR,40.92845,40.07226
2238967145884c64b6dc60966f551776.jpg,France,FR,43.951631,5.046759
280b9ea032b54cf08da7917408559586.jpg,Sweden,SE,58.292968,15.629973
9f04bb14127b4383b923740298d4b876.jpg,Italy,IT,41.028628,8.949332
1c1cdc5c56124a55b494b695cf9a0742.jpg,France,FR,48.476178,-4.58356
e6cfbf4ba8864391b385e9d66ab96d36.jpg,Norway,NO,67.346378,14.54295
f6b263cb722e47998e76bd8613e9597e.jpg,France,FR,47.279471,3.86013
c472375c6ac04401ac624db019590693.jpg,Spain,ES,37.69595,-1.696125
968fa70daca14d9cb65e04796351d024.jpg,Turkey,TR,38.509456,42.278967
f4c672f1ae8d451eb8f4982cb480bca4.jpg,Belarus,BY,55.824072,28.609025
d91407e392be421ababfcfcb3c95af40.jpg,Poland,PL,53.091977,14.944766
3153bafdbce24cb4ab57db96dba053dc.jpg,United_Kingdom,GB,58.464777,-4.903575
8baf8260c36a417d913eecadb7e16d41.jpg,Norway,NO,68.439475,22.47126
b8bf150ed1ce4de59993c15469fffc4c.jpg,Italy,IT,44.369709,8.031063
b48ff83b062a4d78ad85a89616463aa2.jpg,Norway,NO,69.612478,18.938375
c079604f99834938aad6ac78f2d63d05.jpg,Sweden,SE,64.378319,21.381875
8d34a5885af9466e88794caeb869eb8f.jpg,Turkey,TR,37.78384,39.490982
25876dea885c4e16a0db3769d196754d.jpg,France,FR,42.250137,9.057913
2066c735483b43ef9dd0db775907effa.jpg,Turkey,TR,38.855913,29.278934
ce70703a14ed4828825e62d844b735b6.jpg,United_Kingdom,GB,57.907644,-5.17257
248013295aa04465a569644b8f0a2659.jpg,Italy,IT,39.288427,9.134572
2a959302707942aeac0867783cec0f8c.jpg,Italy,IT,40.767958,9.161889
c9aefbd9af874a51bbbeab7592e8c1d2.jpg,Spain,ES,37.641842,-0.788696
edbd49d1674f400791e6d1e01ee4bb39.jpg,Norway,NO,59.686158,7.551419
4f9ea5f3fb644ea5893db789704e30a7.jpg,United_Kingdom,GB,51.110941,-1.673939
01f43d18fb644adebebfc2358b031672.jpg,Norway,NO,62.957201,11.011846
f23fb20f28af473ab30e5ceaa9132414.jpg,Italy,IT,40.112316,15.750876
3175ed696f5146fdbac2ac1ac68221ba.jpg,Norway,NO,60.165344,9.711928
87132932acff4c4c892f429699728185.jpg,Finland,FI,67.546986,27.918034
1d99902ee846469ab7374cf5767cf82b.jpg,Iceland,IS,64.833042,-23.949241
1fb03553d15549d98122a2a3b8172cb6.jpg,Belarus,BY,54.725033,30.433098
0d7e49be675d4b64bdf182bff7caa096.jpg,Finland,FI,60.984228,22.089863
c32dca9aa6f74ab4bf540227132e96e7.jpg,Italy,IT,45.021444,8.256988
9be2fe48d4e54702994b76c01d97e668.jpg,Turkey,TR,39.846239,33.450381
78732f84a3c044d186db05bdbf1df65f.jpg,Turkey,TR,36.252412,29.956167
b9dd266db1574c84ac58643b7349ba58.jpg,Poland,PL,51.828378,19.426653
0303bda7f053467fbb6260ca8c762788.jpg,Sweden,SE,60.692346,13.707227
aa27af38ec804d4baf605854252eeb5c.jpg,Italy,IT,42.40682,12.108696
84f643a5d70d4dae8e68f6989eb509d3.jpg,United_Kingdom,GB,57.782351,-5.037308
ee4ca594ff3247418a1151c4b544c27e.jpg,Italy,IT,43.337201,13.346779
85be254c6cfa4622a932f712280681ea.jpg,Spain,ES,42.024263,2.986053
b7b0f85f6f7045f68082dae2e349b2d2.jpg,France,FR,43.644337,-0.894385
c26c261c4c39455eb384720744acca68.jpg,France,FR,49.198823,-0.29326
16e3705a07ba4429b3361fba7503fcc5.jpg,United_Kingdom,GB,51.983434,-0.492355
54fef4db8b994a7fb8721c6b864d8443.jpg,Belarus,BY,53.227654,27.261457
7b7cb0f84c884b0f9caa87e9d60216ae.jpg,Poland,PL,51.195742,16.018528
8136c972473646539e6850e21f6809a7.jpg,Finland,FI,65.724833,25.203418
6808985b1e4e4e46bbabcb97aa6c7338.jpg,Poland,PL,53.795289,16.441727
a777e7de45464338b42dbb2be945c0ca.jpg,Finland,FI,68.018824,26.945526
673f0453a36942a0963d19671d2636e6.jpg,Germany,DE,53.595957,8.318884
70a9ff862b384b129bb9e28a7f475e67.jpg,Italy,IT,40.790392,16.419336
c4c8aa15d5d046a69f83d6219ad445bd.jpg,Norway,NO,59.422464,10.706679
cfe9b91aafae4b079839f7c64239003d.jpg,Turkey,TR,41.642205,26.7513
3ff426ab94f44c059c54f1b6a09cbb19.jpg,United_Kingdom,GB,52.433795,-3.776592
edada394fa914141af23a5c422867a71.jpg,Poland,PL,51.312087,20.988604
216c8f89888b4361853ee7ba0b0a6e65.jpg,Turkey,TR,40.013586,32.697056
ac8d00b6095743ed8f77c9e86e7c11d8.jpg,United_Kingdom,GB,56.312798,-4.72806
c45363b7ca5a43698ff35d0cbbe37ed3.jpg,Norway,NO,63.584225,8.96191
0ab06fd094e4402e9e9332dbcaee7d96.jpg,Iceland,IS,63.456382,-18.634777
ad828baffd5e4c5d9a851d297aae162c.jpg,Germany,DE,49.38639,7.842707
486ae374e5bc4d8ba33c23b44b9eedeb.jpg,United_Kingdom,GB,55.81367,-3.298209
087ee8c640d24165851560f286210a84.jpg,Turkey,TR,36.882899,30.626014
1595f21237584862bc31f1648adacf59.jpg,Iceland,IS,64.979012,-22.845335
462882aeafa14de59e4fc589bc1d9499.jpg,Turkey,TR,38.694272,35.611705
da28a228901f429eba19fe989a8b4141.jpg,Norway,NO,61.878139,12.660124
cfdf0979a9954e4a934d235ef0597669.jpg,Sweden,SE,64.077023,20.775767
65706a7f1e8a455382647dded0ed5cbb.jpg,Belarus,BY,52.971379,30.606732
ec96421be7b2438c8cb93ac6b8c6bd96.jpg,Germany,DE,48.028075,9.090447
d0e6951ffe5e41c78fe639f33d4aab2b.jpg,France,FR,43.032723,1.553615
c13fc4e503934f6eb20386c89c9b338e.jpg,Belarus,BY,53.131743,26.941672
3c21f673a4974ad09e0c05ab954222cc.jpg,Turkey,TR,41.41228,31.905386
7422582bcc8444669a52a994a9b7a1eb.jpg,Spain,ES,38.525041,-1.675094
96c40306d67b4a7085d57447bd147e36.jpg,United_Kingdom,GB,52.390261,-0.602995
061280e864e34f96ac22414f154ac568.jpg,Germany,DE,53.671187,7.473126
f9e7244b76bc441b8e4fd8e7141112eb.jpg,Germany,DE,52.045903,10.649921
26db7ef3eb764568b137d8298ebc615e.jpg,Turkey,TR,40.70159,43.161113
71423957f8d249908446426ff71b70b9.jpg,Italy,IT,45.192107,10.968573
24da27c6ea6940fa80ce4a635be29966.jpg,Belarus,BY,55.234733,29.962289
17a9d20af793460381af4bc442a47c4d.jpg,Germany,DE,50.354742,11.552608
4bee275cd2cc4d02a966a0c6c3678c9d.jpg,Belarus,BY,54.959434,26.626166
5f736dafc3ee41b8a33cca2b504ec758.jpg,Poland,PL,54.111781,18.691341
1d07585c3abf4331b772268d3997ed72.jpg,Spain,ES,28.782205,-17.764522
50ce4d8a0bf941bbb2461d8554c83443.jpg,Germany,DE,50.027031,10.5588
996060e4403d4681b0e9785c4a16a4e1.jpg,France,FR,42.962556,9.403071
ebd1ac4a0e5943f495da580e81bc0107.jpg,United_Kingdom,GB,54.536591,-7.22963
6730f725dfd749ffaf2eaa51b9407ed2.jpg,Norway,NO,58.800378,5.600375
eabae36a4d32440c85c85bb05cfe3bb8.jpg,Turkey,TR,40.10249,35.608901
14a268a014574ee3b563d0e173addde7.jpg,Sweden,SE,57.37232,13.478941
b590fbe22b164a9f97f66e5c8b3f4aca.jpg,United_Kingdom,GB,50.612053,-1.35517
c0eaf207b1db45e7bc548b4f95888813.jpg,Iceland,IS,65.807319,-17.563097
feee493a910b4bb1a8bae25dc196ff50.jpg,France,FR,43.464629,3.40176
2551a3bc1525459c9a351970ab484570.jpg,Finland,FI,67.997382,25.181752
f08110ca890b4366871db243b0ce51b6.jpg,Sweden,SE,59.761521,15.895004
6b5a937fbd4c493da8cb5e40a6362135.jpg,Turkey,TR,38.392576,30.222073
1fd7bd2201a64100aaacb78e51647b86.jpg,Turkey,TR,41.53471,27.833521
56d796c48e2949e6bf758b5eacce38bc.jpg,United_Kingdom,GB,50.712162,-2.485409
b103279b57694b46b43d3e49e48bf78c.jpg,France,FR,43.905822,0.334496
670d58acd23f491e85ec572a1b491502.jpg,Sweden,SE,67.098068,20.4468
33fc26d6804742aa80a577bbb9d02e3f.jpg,France,FR,43.364337,3.178118
83451e4711b84135979873c84820edbe.jpg,Norway,NO,69.436642,19.251199
b6f85673ecda4de4a9edacf474235226.jpg,Iceland,IS,64.287983,-15.148427
d2a2b968b8034ed8bea65e3710e1eecf.jpg,Germany,DE,53.356219,7.915865
d7ab26e0944a456b99eee500257bc5c9.jpg,United_Kingdom,GB,50.121797,-5.44297
1741d9a65d9442d890f35d0cd20ca2b2.jpg,France,FR,42.02809,9.414713
f84dc98ad944488ba6411ecb06d4bad8.jpg,Sweden,SE,63.717556,17.745612
703a70cf15cc4d21a132cad29634e5d5.jpg,Turkey,TR,40.084209,40.424403
06fb0672fb3e4609bafa12da5236b2a0.jpg,Belarus,BY,52.223114,28.797792
13afc2f382414855947204a0761dc171.jpg,Germany,DE,50.457342,6.793115
e2af99ce162f4892a9f798f785eb288a.jpg,Spain,ES,27.862246,-15.502188
3cd734c7de9d4926815bda45a5c8c7b6.jpg,Norway,NO,69.729339,30.0444
5c2df5956f234b678df7cb51ffd39cd7.jpg,France,FR,43.237116,5.502842
be28d391b4964387afd1e0f4a03b93c1.jpg,Germany,DE,51.139035,9.723032
c9f9da4a1cfc4b25ad2df11744ee6907.jpg,Poland,PL,54.776636,18.405332
ea4744a3cad24d20b001a32fa93be81e.jpg,Iceland,IS,63.547345,-18.450195
6373ac7b42ef423d97de5027bfeb016d.jpg,Germany,DE,51.764687,9.501507
2e5301c1af7d40289762da4399e90ad5.jpg,Finland,FI,62.542066,24.046607
5ea9f05335464c45ba5838bfa1cc0ae9.jpg,Spain,ES,42.541244,-8.799373
e70f60856cc84152819669e21dc933bb.jpg,Norway,NO,58.336997,6.262142
e85b19a15394446488ba4a5537a62f53.jpg,Belarus,BY,52.49801,25.843634
e8411b633a9241308747bdeaa83a30a6.jpg,Belarus,BY,53.473673,26.419556
157cc474f32f4cd997f650ac192b1220.jpg,Germany,DE,52.050287,14.254184
4f5f5f745e904b648e7115b1a60b9e2e.jpg,Italy,IT,36.765977,14.669636
b1332408fd5348ec9b9eb0fe4959d7e3.jpg,France,FR,46.508821,5.310979
887398f6a3af485b9475271c55ccf063.jpg,Norway,NO,62.94322,7.20125
9d53713867194cd1bc4868a7b92f3fad.jpg,Turkey,TR,37.692463,30.350293
be9c68ff3c2842a0b0edb247f608d5f0.jpg,Germany,DE,51.855376,6.225472
665e9c2a13df42bda0550b2c8689aa92.jpg,Norway,NO,60.439508,7.789686
26e8ca02f6c5444a93101bf525cb0f06.jpg,Norway,NO,61.093972,9.123456
1780e5efac2441899959a8fc3c75c31e.jpg,Italy,IT,44.505133,7.616886
b295a0f457484e618cfeaa7bf3cb98df.jpg,United_Kingdom,GB,50.247078,-3.721797
ad06d6c69ae04b7e80989423788319ce.jpg,Belarus,BY,52.612886,30.85318
771cd699a30a4ef2b9095f3b5eebdaee.jpg,France,FR,48.767461,4.583603
9d67ba7244f7443997f595001c4d3aac.jpg,Poland,PL,52.404748,20.329306
49f75f8e7c094d98bbf478a8f7eb4606.jpg,United_Kingdom,GB,50.455302,-4.728684
5c44222d0cba4b78b518228817c0b11d.jpg,Spain,ES,41.612038,2.26656
1b95e43fc59b416681b17098ebd13a15.jpg,United_Kingdom,GB,57.822505,-5.06339
db19a75093804d988cbe05bc655a23d0.jpg,Finland,FI,68.004887,24.086051
4683115ae8ac435481b69293468c312f.jpg,Poland,PL,53.961425,17.107625
3f2112b91f9a484da917572ce6f01ab4.jpg,Poland,PL,53.633352,22.476651
8d2357072ff94d5c8c699e5af11c9a0f.jpg,Turkey,TR,40.964481,40.534978
4268ad8cd7304480ad13fc67778936d1.jpg,Spain,ES,42.767198,-5.071515
3b4daa37c6be4e809c5d15cd2a6e7650.jpg,United_Kingdom,GB,50.072577,-5.240064
3ac69f45fb5841389dcf6f99277c8f50.jpg,Italy,IT,36.913522,14.442323
bc005d841a2f472288f41ee0712f1542.jpg,Finland,FI,60.872786,26.289743
661295af49414a15a69c6666c7b6f122.jpg,Norway,NO,60.737006,10.2382
fb91311b4bf14385a5a4266985cb9c38.jpg,United_Kingdom,GB,54.611694,-2.065502
411fcd21ccc2462eb73855394a531f88.jpg,Sweden,SE,60.177804,16.285333
5713b3d707d6442daceaaeeb0042c767.jpg,Norway,NO,64.028629,10.080843
61707b0e8ade49b0924b31fd165284c4.jpg,Finland,FI,67.948201,24.032038
cad11f64063b4c379e16407f8772d0fc.jpg,Spain,ES,39.440571,3.235009
0ee91a857206457f9f51b0fb397ec27a.jpg,Sweden,SE,58.954557,17.785427
18cba29eac1b4051955dd5d68fee5e04.jpg,Italy,IT,36.795998,14.509037
298ba9fb0efe4d74903569f985742d14.jpg,France,FR,47.633338,-2.989563
88d49067ff914c3ab7170250d1c56901.jpg,Sweden,SE,62.065021,17.136773
4198b8f0d2bc4b848e338a1abbeda4c2.jpg,Belarus,BY,53.200141,28.697516
94cfd4f95e314e6a808810d72d9ef7ea.jpg,Sweden,SE,65.340937,16.04993
0737f29b52744fca882535107316b632.jpg,Germany,DE,49.635908,9.080517
53484e58a8ad4c47a781d86bc2fd2f7e.jpg,Italy,IT,41.263957,13.744894
ab63b0a8089a40fd80851e23f2864318.jpg,Germany,DE,54.64195,13.380937
3cf6b1a2172d4d80a9f61b1ed4fca197.jpg,Poland,PL,51.307329,22.695685
3e6dfd78c4f4458289d4007e806d7fe7.jpg,Germany,DE,54.460789,9.148157
db2d19c61e0e4ecba628fea3ce91b540.jpg,Sweden,SE,58.319156,12.790328
7ccdcfd5a1cc468aa1aef28331f4d598.jpg,United_Kingdom,GB,51.565305,-0.556271
f863654c1c484750a386a1472ed04622.jpg,Poland,PL,50.010116,21.124314
5df711044c174144919ae5d9cae58efd.jpg,Italy,IT,42.628481,13.996457
3088526247c44cd4b2e92ff75c3dffbd.jpg,Poland,PL,50.428953,22.467613
d88b6a93257540a9805203f10ee4118a.jpg,United_Kingdom,GB,53.205314,0.166748
8fac984f86f543aab683617f425922f4.jpg,Turkey,TR,37.124435,30.541094
9c0a48447ae84e4b997875fd0bfe7ca3.jpg,Spain,ES,41.332482,0.810697
b9d313b2bd41404480ac8bb26f5340db.jpg,Italy,IT,40.038959,15.307518
d57c28737fcd44fe9d36075415e4d7b2.jpg,Sweden,SE,67.969906,19.962094
f5669dbb758f486ba193a9e756647928.jpg,Norway,NO,60.779146,5.873446
035d42abc82b4f12bc8d57d1398e18b6.jpg,Finland,FI,62.904425,30.219035
84f731e43397487f859e3bacab936eee.jpg,Finland,FI,61.115098,23.199209
2d7a599d964e4864a425a43387d3e4c1.jpg,Finland,FI,60.242717,22.947205
6a8981dc9a8641c5b9bf70cacb03b945.jpg,France,FR,47.776098,1.75054
70c54efcb54740ee87a666b84d60996a.jpg,Norway,NO,59.613382,7.420514
e686741258e145ea9425b694b4fa6ba2.jpg,Norway,NO,60.624607,8.077111
142018cfdfe44f88ac20afb75453c8d7.jpg,Sweden,SE,61.509374,14.849688
bf357d821df64cd3abd2b48cff9f8a8d.jpg,Iceland,IS,63.852498,-22.26444
f4fb95dd26634526b548056ca8efc8a7.jpg,Finland,FI,61.106178,22.877677
3f259c4276f445e0b046d72774245e97.jpg,Spain,ES,42.455701,-6.13377
a886f634989b449ba2e8fa02dfa3896d.jpg,Poland,PL,52.124093,22.754503
8eee503a148140518feb4f51607935ea.jpg,Germany,DE,52.100892,9.91935
e81def59526f491bb8d2398fa0cb3207.jpg,Italy,IT,45.117925,11.669355
7ac37e4e85854c52b8716764a2cc8ed8.jpg,Italy,IT,39.292201,9.589428
214af0c883ef4058b7e280a7cf783f07.jpg,Sweden,SE,60.978921,16.415239
aef8280f2d9c4bbd848a02b7c7a89e27.jpg,Norway,NO,69.695842,29.377341
5ff6ce99335c40b5bcf59703c4685f4e.jpg,France,FR,45.946213,0.439878
4e09b1e9b8df4be1aa4d6db9c025a331.jpg,Italy,IT,38.835582,16.608243
018417aee54c42c292dc8dc2f9cfa9a1.jpg,United_Kingdom,GB,56.021766,-2.841525
48283a5942ff4050a185118676a813fb.jpg,Germany,DE,51.224737,11.970631
c72792bb35f64be09e8d650f266c47c9.jpg,Iceland,IS,65.764133,-23.918904
49bb9f5239b24b868dcc593f63903e96.jpg,Germany,DE,54.244428,10.590835
4eb527c27a8c4154ba5f5859622f851b.jpg,Iceland,IS,65.911059,-19.396349
85a6422d6bc545918a7007b70bbb4381.jpg,Finland,FI,66.726201,25.454301
f9435f572cdd40a796871b231c8666e3.jpg,Germany,DE,50.000302,9.334376
a9024ddb6b6d474fa70cd95b1c04f7f2.jpg,Italy,IT,42.558856,12.517622
4fa01748c7874a36839c32b15123ab01.jpg,Turkey,TR,36.705251,33.112627
bcb8834a12cf4b6ea94b0af5051eb028.jpg,Iceland,IS,65.679495,-19.603157
c053840bb8e14e72a673f361df506ef5.jpg,Norway,NO,70.296526,24.174526
6a728da95ee24ebda4101c6eeac2e081.jpg,Belarus,BY,54.166565,26.461252
09dcc5208c664cc7bebc6d421b39e389.jpg,Finland,FI,62.91159,28.765358
ad19416ac088481fbd837467ade364c5.jpg,Belarus,BY,52.156136,26.091831
5c5dc165d1134b28bf0b4b8d0bbbeb61.jpg,Italy,IT,40.830539,14.563944
39f684ca02f54c88a5fdb26c65a741e5.jpg,Turkey,TR,40.929043,35.15657
14991449bd8241359d6a4a52b1cdbae3.jpg,Germany,DE,51.622136,14.08093
5ca9a803184240b680a5b43037c0ee7b.jpg,Poland,PL,50.68331,21.141001
8e793de48bf847c686a421d785ea712f.jpg,Iceland,IS,65.945211,-16.567453
1494b44b14a649f3a355d43c4212f8f8.jpg,Spain,ES,28.779701,-17.963034
7513e3fa850e41f99affd0668c6c82c5.jpg,Norway,NO,69.363217,24.038828
6781b5e433174bd88c5b4b046bbb97ce.jpg,Sweden,SE,60.061428,15.891086
9400f27675c2479fa8019cf7642f2f9a.jpg,Poland,PL,53.338786,22.460341
f3e41942e2f04a779c7f66b9935727bb.jpg,Iceland,IS,64.901238,-23.738588
8f6f4acd6bd04aad9d5f878c3dca7e32.jpg,Norway,NO,61.65758,8.163929
d11e92233d7c4507b333099a17953787.jpg,Turkey,TR,37.787755,27.275905
a69bfbf0169a4d54bd2313403ab7421d.jpg,Iceland,IS,63.884242,-21.375005
61a525f522524e04ad5d08b462192897.jpg,Belarus,BY,54.472637,26.397905
2e8f018a780e4fe89c2fb815ee561788.jpg,Italy,IT,40.997164,9.222957
a6b22673bcef42f88707eeacfcdb1cd4.jpg,Belarus,BY,54.477797,28.654856
ac98e580619c44b680f73afbd26fceb8.jpg,Italy,IT,44.861659,7.301967
eebdfe5201824fc8a8a45f740ee0dffe.jpg,Poland,PL,50.242799,18.643505
9c52975ec4ac413b80dfed54b0a205a8.jpg,Poland,PL,54.184116,20.105549
10f4906b590b446c8cd549172522b0c5.jpg,Finland,FI,61.036514,22.07533
6082e74c430b48d6b9ea43cf8f41aa72.jpg,Poland,PL,52.061518,22.292929
d618fe649bb342dea23ac0529c53efd5.jpg,Poland,PL,52.785263,14.495926
ce97289e9f384ef1bfcf01479f74d7bc.jpg,Sweden,SE,57.651015,18.38467
cd05c31532f046e9b3f038e9af3d2f6e.jpg,Belarus,BY,54.998211,30.923392
2f9d538ce04841c1abb4b5f5d8c5aee6.jpg,France,FR,41.65003,9.194713
af9927dba39f40a0b3b55fae13098aa5.jpg,United_Kingdom,GB,50.313732,-4.850217
f163cae856c4491fbad63b02d8f15e04.jpg,Norway,NO,67.102547,15.469368
93a07c84c24141eaabbb37bb983c67eb.jpg,Italy,IT,43.523707,10.616427
7a6139449ea548f5ab8dc63b2a5e0b21.jpg,Norway,NO,69.234026,19.332439
56f2552208c240d09cdd3d65cc787b35.jpg,Sweden,SE,59.899823,18.943441
798ec7b26c7b432e9fdc7f850ea1ccea.jpg,Iceland,IS,64.419587,-14.595558
543f041a613f472f9604adca358921fb.jpg,Germany,DE,47.908264,11.335501
efcdfefffe1c4c91a9c6407ed5932983.jpg,Spain,ES,41.949002,3.105779
3f95fce35e28442ca8da860c79af760c.jpg,Norway,NO,58.075173,7.762058
bb2530e09a43491283c10724b636c0a2.jpg,France,FR,48.291781,-1.238757
2dc7a0f80b404589927b2797200bcbcd.jpg,Spain,ES,37.630485,-0.799938
afe9a62078b34b02a3214d8dff3ce366.jpg,Norway,NO,66.346094,13.480634
6282439863424aa7a6592c53d406cf3c.jpg,Finland,FI,63.107755,23.011817
f843fff299d34fd78da4745d434ba8c1.jpg,Italy,IT,44.864482,7.303171
e9859206c69346279f6c6e43bbfd6295.jpg,Italy,IT,40.647155,14.700341
36fb64c70951410994ef8af02cd0c906.jpg,France,FR,46.45796,-0.873574
18cbfc8a99104a39b665d14e240b421c.jpg,Finland,FI,68.322471,23.02829
54b176fa57b54d2fa06227bc26e3fd84.jpg,Belarus,BY,52.467516,29.278039
e0ada5689b014051b212cdc4e50245fb.jpg,Germany,DE,48.137368,9.128601
04e3f7d876e24d5aad780ab92cd1426c.jpg,Poland,PL,50.652778,17.136212
a5e24fcdcb9543bbadf92918c84234e9.jpg,Germany,DE,53.516205,10.527297
f64015b4043f4c75ae7b710d4561ea9c.jpg,Finland,FI,66.157612,28.566838
519ef0c852624d22a2d38de6ff021a61.jpg,Sweden,SE,66.59737,19.499125
468ed84a2a304845b6d8ebb1eab63169.jpg,Germany,DE,50.492264,10.208583
e8baff9c8e894ff68aae7ff589acf1e9.jpg,Germany,DE,48.300984,8.871537
8c12e2a32c194381b1e3e6fd8f8b0ecc.jpg,Belarus,BY,51.934283,29.55821
4b90770fbda6434999c1550c8cb91049.jpg,United_Kingdom,GB,50.416092,-5.075175
366423c73bb2402e9deaa8bfaba0931a.jpg,Turkey,TR,38.54303,36.454291
ce1b466d152a4e4893b6c68d96587b18.jpg,Poland,PL,54.464849,17.203659
0bff774e058c48bfb4845a3a70c2675f.jpg,Finland,FI,61.88773,28.741298
6a720ba4694841df96401b4d40bc3956.jpg,Italy,IT,40.395052,9.477628
df77a783a7e44ebe88220e7282e4020f.jpg,France,FR,44.446846,2.699506
22fb4a10195145b79be63dffc8113f21.jpg,Belarus,BY,55.605946,28.465349
e15f8dd744c84d28be1ba66e4fe0dac6.jpg,Germany,DE,47.98923,12.846518
f4b7c9e6f6334b269e9d5dd2f460c6de.jpg,Belarus,BY,55.661182,28.366563
a205f7bab07745a9a852452641e02440.jpg,Germany,DE,52.788186,13.736857
c884c1f15ec841a8bb4041d71de23c86.jpg,Sweden,SE,60.557113,16.034246
00a75e537d2744aca7570fe2033b6617.jpg,Iceland,IS,63.89848,-16.606319
d8f42205c90346c39fbc01e099de6446.jpg,Spain,ES,40.824865,-4.65736
56c2c09ed114438190b4b02c7421c4e0.jpg,Iceland,IS,64.778645,-23.644574
707246814a68494f866fb0db6b256650.jpg,Finland,FI,64.487933,25.68825
489b6bfd610c4ceda0b2203c21ada439.jpg,Poland,PL,49.595965,20.583141
d00e57b5c3d44f3baf5d64d84aec55e9.jpg,Poland,PL,54.50764,18.317357
227a0cf02b5d488ea1720948735d8017.jpg,Germany,DE,51.04486,13.864086
12de4d401d184064b119ffba3252144a.jpg,United_Kingdom,GB,50.922559,-0.268975
371c7ac3f3b74716874ac8d02542197b.jpg,Sweden,SE,67.314882,18.955934
e284bd07849d49ebb654a49470aad71a.jpg,Norway,NO,58.33454,6.250226
edbf1d76d1764b75817ed333e2449271.jpg,Italy,IT,45.74436,12.218655
f56d919e9b44484795aa6bb5500b7fcb.jpg,United_Kingdom,GB,50.429733,-4.569651
89a235f82e704d068f7dfbe39039073d.jpg,Belarus,BY,52.48026,25.174993
b30fb82c8df543858d772154ea027212.jpg,Finland,FI,67.98955,25.180279
c066bdeb30b843b1b0542fc4d6794d1f.jpg,Norway,NO,62.239749,7.15377
122435dfeda849abb40b89fbfe2c6616.jpg,France,FR,44.676929,1.747264
468e1302eca64d0bad5b19608ede8c24.jpg,Norway,NO,66.577339,16.299927
47c37afe42d44b3497b68d7ad36ea12d.jpg,United_Kingdom,GB,57.439806,-6.753871
650bf0b7ec27484ebceeeefbb9dcac0e.jpg,Poland,PL,52.715865,21.362382
a678a75f66b844a986b1885f746890f8.jpg,United_Kingdom,GB,50.135649,-5.307914
52206436258e4e2abe2da284979d8989.jpg,Belarus,BY,54.08566,28.687496
f0d818546816412f80dbd140e7400da9.jpg,Finland,FI,61.841421,29.86528
f532bede5c4c46c8a973c16e80f2625a.jpg,United_Kingdom,GB,58.567325,-4.738535
70d0d17cc71645a186ab69472fe41480.jpg,Sweden,SE,59.735967,17.681908
fb840b707075481684c871ed78835c05.jpg,United_Kingdom,GB,55.101628,-2.978618
4472b3143bed40a2a1eefff884ae8fee.jpg,Norway,NO,58.416207,6.021846
79506195a3b044fbb3ec84c5377f420e.jpg,Spain,ES,28.546269,-16.21618
4983ba3dbd0244fd96818e708363417a.jpg,Iceland,IS,65.459218,-19.241216
073847a1421848b38ab6435c807419e6.jpg,France,FR,48.062369,-2.0388
cb7ee566e0dc40af91ac383d1a56028d.jpg,Spain,ES,41.968908,2.867241
d5ce33df381f4b00b557fbc06a9abbec.jpg,Norway,NO,58.264023,7.657612
c5d4477754474d44887758d2ae17495e.jpg,Spain,ES,28.986756,-13.741806
e3a7c4bb86ba42aba499b4f8b455c12a.jpg,Belarus,BY,52.179945,29.901519
5054b1d5222a4f9fa5d0d98ddf5898de.jpg,Germany,DE,48.952603,13.165583
507977cc951f41f5a30a834920089ae1.jpg,Germany,DE,53.365745,7.369852
daf61373ac8943fbbbfaa389a4e4bd34.jpg,Germany,DE,50.173689,6.629151
353e35f668b648859c4faad165397a97.jpg,Norway,NO,61.847824,6.37821
a2fa0aeeeddb4af6bb139f37f463a1f6.jpg,Italy,IT,44.43695,12.004107
d21aa47661f445ffb15085ee2793966d.jpg,Norway,NO,58.33808,6.255782
fa1be73c250443dbac66218b988de3e3.jpg,Italy,IT,39.327102,16.047915
c9d76f11febd4de1a1617c00ad2bb878.jpg,Germany,DE,52.953682,13.869217
c1ce4e9a080d48ed8317b08151e5cf3b.jpg,Finland,FI,67.326915,24.907221
c0402b5951574dd8a95917fd5c62fd2b.jpg,United_Kingdom,GB,50.022582,-5.247881
cb4721d71f01438cb5874859ae7a71d6.jpg,Sweden,SE,59.445304,16.488899
72a78b50bbf841909fa2d1a1cbde169e.jpg,Iceland,IS,66.025335,-14.808961
def7248f4b584f39abe8ce74ae903cd1.jpg,United_Kingdom,GB,58.540955,-4.78118
a500be2f72214120b09f478b0b64cd74.jpg,France,FR,49.211842,2.369643
55bd0e91d13445ce86e18605dc4aba15.jpg,Italy,IT,41.737153,13.432405
1a7c03a3ef5a42759df6f16701de4d4b.jpg,Italy,IT,40.749722,17.639666
5e99f6a9269e4750bcc876acc8f8e98a.jpg,Italy,IT,40.045812,18.473252
841185386f764350a5168743ed15e524.jpg,Norway,NO,68.557179,17.222902
5cb9f10f32ad4aebad4a46a6e11b2547.jpg,Turkey,TR,39.985511,29.963758
752b6e4f11d74e8b9b0fa9586cbdfc69.jpg,Italy,IT,38.095673,13.193202
2302c40ddb074bfcbde379e0ce86f409.jpg,Turkey,TR,41.19107,29.036466
2c4c18d460b54a06b83f8f9feb06349b.jpg,Spain,ES,39.321286,-0.410527
9463d1e21eee4bc1a6c04208da3f257a.jpg,Turkey,TR,37.702494,27.189776
e49393e12ae24c9f93a07330e2b77587.jpg,Spain,ES,38.317745,-0.514607
65396927ac5e4f44bb83ba9f890594d6.jpg,United_Kingdom,GB,57.173271,-6.063268
b5cd0d7360bd485a9ab6ba981546ec75.jpg,Turkey,TR,40.272108,36.544098
a72f41169ebc4203bfeb355a8751d62b.jpg,Poland,PL,51.198162,18.589177
b89f9ff2638545efb261ca99fe87f18d.jpg,Turkey,TR,38.203997,41.098747
b170052682b442fab9b75ff7249cfe9b.jpg,Norway,NO,63.992046,10.182165
0d6579bbc319415283ac8fc53c94edfc.jpg,Italy,IT,38.010212,13.926412
121f90ce52734780904d2b871e33c6ce.jpg,Turkey,TR,36.716015,30.56104
c8853efe39d94386a006c8273d3e2258.jpg,Norway,NO,70.673592,23.651493
823b1453a4064492b4ae08ede88214ee.jpg,Finland,FI,66.904612,25.39556
2bded6eaca7e41b18acbd9ab5cac8e35.jpg,Spain,ES,43.662095,-7.602835
ce3daa3d88504f98880aa9fb6592a341.jpg,United_Kingdom,GB,56.671428,-3.405326
5a6e4435101f458bafb15ae4c473059b.jpg,Germany,DE,49.241265,9.972794
b7d6fd5bf9904999b604d82533d3dbf8.jpg,Finland,FI,65.00938,28.858275
5066bd3bded7460bad77f1af6817610f.jpg,France,FR,49.216169,-0.383786
7387150e0564466095d43d194c1cdf5a.jpg,Norway,NO,62.462811,6.31569
20769741711f4702ad1ce8ca997b6235.jpg,Spain,ES,28.067931,-14.415897
f3ba63a23fa74eee83a624b0337b9d75.jpg,Norway,NO,64.43191,14.315848
37a79e0a0f044c52bc71581ebf665c1a.jpg,Turkey,TR,37.403926,34.868201
462ce21edae5486b9a5c317a250fa75e.jpg,Belarus,BY,52.941395,30.629448
882e31cca3e0417baa36718550539b91.jpg,Germany,DE,54.531682,9.825026
caf10407881a48f5ab7208b60a829ff1.jpg,Iceland,IS,65.893739,-14.826618
18d34be8d3914cddbb046e82ffb41258.jpg,Poland,PL,53.120276,22.122432
e8a8a58c548040d6822e5fa37e0bee25.jpg,France,FR,44.085089,-1.001165
767bc055b1f14e1ea420b84d61742424.jpg,Poland,PL,49.763993,21.386187
06eb91b0ea4d428d885aa3c1d4a89ad5.jpg,Norway,NO,58.215533,7.927071
0bb21826e76341b0aa1474059a360371.jpg,Italy,IT,45.621394,9.605065
c82c46286bbb4c2fb807e65a362daba8.jpg,Germany,DE,51.329307,13.350659
c06ae66a655c41aa960d916507b21590.jpg,France,FR,45.007202,1.533217
b063fbea38f04cc48ca585edf7f93424.jpg,Sweden,SE,59.757224,15.894199
dbe49f21f6c644c1a9e10ddc779c3170.jpg,United_Kingdom,GB,57.488961,-5.28596
9518f6eb862c4e4484bbac965a40bd3c.jpg,Germany,DE,50.660286,11.531397
4f14825c3b104c0ca7398c66f8eef927.jpg,United_Kingdom,GB,51.897599,-4.970636
281ba86750bc45249654701c8aeefc50.jpg,Norway,NO,64.926022,14.208947
a13e606acdeb497ca6fbf345eac0888b.jpg,Belarus,BY,52.536277,25.684381
e91911b968804109920c9cccc601857e.jpg,Finland,FI,64.823244,27.944886
a1c1088145074f6aa6af1c89a0f74f3e.jpg,France,FR,43.185393,6.472581
e2e1bc2aae1b463b89a560a3198e9f41.jpg,Iceland,IS,65.640458,-20.780221
9a7d5f9d40a04a6f88a1d6a2997f0443.jpg,France,FR,44.573892,2.17357
bdd85b3d0f7d4bf8989a8d515cca7915.jpg,Spain,ES,29.001911,-13.549113
c639423573b34796b49d4accbbcee6f8.jpg,Italy,IT,43.198992,13.641246
4e9159f100fd4b03827caa24de02e310.jpg,Italy,IT,38.046737,13.141233
78f09b52389b4334bef78d76df0b1429.jpg,Poland,PL,51.657181,14.814421
e7cb27ba1c5e4cd58f5c8dfd385d9c84.jpg,Germany,DE,50.516203,7.934416
b7497eaf79614a8e982cd80201536306.jpg,Italy,IT,45.525719,8.241066
e8ba7053627a4cf18b0918e8310e743b.jpg,Poland,PL,54.515728,16.534236
71c708752b3944169d5c7e765a52534b.jpg,Spain,ES,42.921475,-5.292561
5aa5a27d848e4c2382dc5c9c17cadaa8.jpg,Norway,NO,69.61203,18.93814
d3471e731ad94298954d8e6fc5ac515b.jpg,Sweden,SE,59.345193,16.025236
1d8787b368d04ec6a4c03967cc468ea1.jpg,Turkey,TR,41.525445,32.047978
e179b59ba353407d8bd55939b3363199.jpg,Italy,IT,36.785061,14.535972
8e36bdef61ac4c5997fe08efd926b6d3.jpg,Germany,DE,52.555389,11.809157
f15fbc6f19f742d4af4047264becdf60.jpg,Spain,ES,42.423542,-8.718336
254a9398941d4137bf73225360721380.jpg,Poland,PL,51.591271,21.981203
8d75a1dc007d4d4fb8e6d7c4240a223f.jpg,Spain,ES,28.053565,-16.596215
d9fc18c633de46b0b89c90abdc5420c6.jpg,Poland,PL,53.373192,20.919251
c78cbc2740264d198b130f2b5f0713c0.jpg,Germany,DE,48.3829,9.127957
8c1ae140b2754c5e96639d3c51f70681.jpg,Spain,ES,42.437567,-3.07748
68caed8442c84d26b3e6937ebb7d6701.jpg,Poland,PL,53.47703,16.187632
0b047691aaa54880bf4aa851d2e6eca2.jpg,United_Kingdom,GB,52.434806,1.466523
eaa5fde5079b4b6d804e2cd35286ac9f.jpg,Belarus,BY,55.125597,29.793207
4a83b2da5bfc4acda678fd108d055550.jpg,Poland,PL,49.636277,21.137074
ce7041b3282948e482f02130789f608f.jpg,Poland,PL,53.307398,15.500943
9b420c52f2654a61b2dced21e04d08a6.jpg,Belarus,BY,53.596944,30.343356
6f97e7e2ac6045d6b0e95c018acfdcf4.jpg,Poland,PL,51.72534,21.06443
197d231507f9448f89c1469d0422e133.jpg,Finland,FI,62.586774,27.051338
e92d7e67020f46e7bd1b3218091f745f.jpg,France,FR,46.504489,3.818491
1c54c1e093e94a4d9792cf8531f037e6.jpg,France,FR,48.773356,-1.540852
cde9b8b497f1445da315caf1c8fb2f26.jpg,Sweden,SE,63.314465,18.988083
2d97e3aab571403590f78abc48b9faff.jpg,Norway,NO,61.921863,6.817851
33dd5e389b4340888c01b134b79b6d75.jpg,Belarus,BY,52.348957,27.455395
1219c9a3abc64558b989cb65965f5f9b.jpg,Spain,ES,28.88029,-13.832304
2e136eaaaac9411f994e5c94ea79d0cf.jpg,Turkey,TR,38.020759,33.552473
950106d6aa6f4d3292193c69dbfbfe7e.jpg,Finland,FI,66.241134,25.341481
08ca9b4a276146c79b3c92995b167417.jpg,United_Kingdom,GB,56.899957,-4.633711
530f320e19a5466d84bc4ee6ed0c6355.jpg,Poland,PL,53.438824,19.221802
be44f17b8fc84ac3bd06f8fe5ea07e0c.jpg,Spain,ES,40.418266,-4.058182
377acd998ea647688ce9ac0d01f37299.jpg,Poland,PL,53.426352,22.590535
a8d52147aed44fa5a75f518452e26016.jpg,Sweden,SE,58.754614,14.396253
08d47fde0d3e454aa5e12ce085660924.jpg,Turkey,TR,41.485609,31.834918
c993fdbedaa74497a32d7c73f29d3d45.jpg,Sweden,SE,64.015091,15.303264
35a764621a9248b99088b267fb610ccc.jpg,Italy,IT,40.416985,17.580768
2ee13430b8c0414cb19161da6b2185df.jpg,United_Kingdom,GB,51.147009,-3.114792
88ddc90d29ad4d38a0d6474a16c64b0f.jpg,Iceland,IS,63.912215,-21.36446
fd574e3ad53f4d899d2a63fc60174c3f.jpg,Turkey,TR,37.202984,39.221144
9aa3f49d3c734246920eb4e91798d21c.jpg,Iceland,IS,65.841204,-18.252043
91ec8ec9d98140f59733023fb57112b8.jpg,Belarus,BY,52.361655,23.64767
378a25819ac947d59e9632c6bf14c645.jpg,Turkey,TR,38.469104,42.471028
06a25a04965043cf854a122b822011b6.jpg,Spain,ES,28.396482,-13.870392
3cc945596f704b62aa781dca0ce4a9e4.jpg,Belarus,BY,52.965765,29.875026
d6a6d742c83c4740a16c1a9c54fd0e0d.jpg,France,FR,41.707778,9.383497
752d2019ebd043b4890a03f0d76b268b.jpg,Finland,FI,63.613282,27.684746
6b276f72335d46129c03c789e448faca.jpg,Poland,PL,54.790194,18.408566
baaed1b9c5334b85bd4283f3dd5efc38.jpg,Turkey,TR,40.626192,37.303927
ed674b31956241bda5fb5b4e6af3f788.jpg,Turkey,TR,36.336381,33.404975
4668f926dfda4900b300131b6843cd93.jpg,Finland,FI,64.802552,25.512973
2353c3450fba4350bb05e513b96c1085.jpg,Norway,NO,68.400193,16.806699
bf4149c6d2e84ebeaf3910a6c8f6bc6d.jpg,Turkey,TR,40.969784,40.308182
4ed8eed6b41a4620af02748dcd04b588.jpg,United_Kingdom,GB,51.387184,0.773248
7254a226930e43a5907854b56c57f529.jpg,Germany,DE,48.705149,10.244091
29fa19e4dc73459daed901b2ab45fa1e.jpg,Finland,FI,67.460373,26.949271
b5589545e226408984dd4e61885fd7be.jpg,Sweden,SE,64.154832,17.862405
62eb049e3ec348ecac62c050ce457ebd.jpg,Italy,IT,40.637793,8.811133
998c2b5c1a684dfdae333e6074722b05.jpg,Italy,IT,40.286051,9.150943
8cd6baf3a49741c39b8b093bb5e010c0.jpg,Belarus,BY,53.786645,27.717729
f5f1f89b04da43c49016541209ddbc80.jpg,Poland,PL,52.602289,21.496234
1dca445912be4973857450372e642309.jpg,United_Kingdom,GB,54.87708,-4.521793
a74d086a90394d1aa66e7bc489e16044.jpg,France,FR,47.794571,-3.808289
81dd848c14a641d4a7fb7384496c2644.jpg,France,FR,48.039563,-1.784924
a3c7e82756c24566962dfe9afb4a5a88.jpg,Turkey,TR,40.961745,40.533511
044d2f201efe46409ea542a3f80be7a3.jpg,Italy,IT,46.640468,11.686222
133966395a324eed810d4950322969d3.jpg,Turkey,TR,40.00009,36.115564
ee6cedd587624206b7c65c482d252905.jpg,United_Kingdom,GB,50.901314,-0.475208
51719672d48649db9799b6b7b0a1beae.jpg,Turkey,TR,38.72754,33.746035
a70c2397ce3545cf9cda79742f6748f0.jpg,Spain,ES,41.538885,-3.203448
edb257cdea174bd28acc6f57d9a5d73f.jpg,France,FR,44.656498,-0.927089
e8013523007d4aa08edddb8d303ce094.jpg,Sweden,SE,64.063458,20.803907
9c49f6359ec54d1ba263acf11d474a3f.jpg,Belarus,BY,55.959831,28.646283
9110d35d56614779a2516d062d8dca6d.jpg,Italy,IT,37.913331,12.508558
83ba44b689ee4f79aed37580b844c788.jpg,Italy,IT,42.187856,11.745818
5a05dfcbd2e340f5a7a33274f081624f.jpg,Germany,DE,50.873691,10.969218
25e905f1722b47d493bf9950c2b145a4.jpg,Iceland,IS,63.970793,-16.420855
1f387df6029d4767aaa307150f83cec5.jpg,Italy,IT,36.851197,14.637094
4f8a76c8703449f882a70fc4147db0ed.jpg,Italy,IT,41.718807,14.698933
727e7972c442477193d8d872575f9f08.jpg,Belarus,BY,54.238541,25.994534
3f7d05c114de4823bac28c00802c78b4.jpg,Turkey,TR,36.944458,33.271389
7dbf219369154cf5a1b4b84ab10d2355.jpg,France,FR,49.673245,5.081747
19e147bcb8744845949c2a33f90162b0.jpg,Germany,DE,51.156396,7.029348
67da2b4be0f04fca8ce14c88e161ad71.jpg,Poland,PL,53.87098,15.568784
9da324fd3b554685bf4b56a59e833457.jpg,Italy,IT,43.438383,13.243565
1e8f06c3c25b4301bf6c27d42e746ad4.jpg,Germany,DE,49.802499,7.254314
7dd2b8bc4fbe482faf0ebdb4b1dee1b8.jpg,Norway,NO,69.489595,19.251477
81f568e096f14c6c86bb4c67021767e1.jpg,Poland,PL,53.362034,22.443575
88a901a3f2be4022b5ffc9ba7d0bb46a.jpg,Spain,ES,28.075436,-14.4952
e209a0fe50c54616a4fe6b25cc0b8d91.jpg,Iceland,IS,63.951871,-16.843522
ef9af64c9f024440b81bbc8d19574810.jpg,Spain,ES,37.629878,-0.79893
d5cfce4d15c849f18c9b9d43be06f9c8.jpg,Italy,IT,40.787341,16.555149
dcf705ef2806488ebbe344b190c2fe60.jpg,Belarus,BY,55.149879,30.242859
3e6eb4b2c21042968286cad1f7220595.jpg,Sweden,SE,67.469111,20.606346
06f499472eb44eafb9efcdbf50098cd8.jpg,France,FR,48.547602,-4.680939
b75490fd7edb4627b77efb7a2512a476.jpg,Belarus,BY,52.531325,24.568612
f6040e9e328a4ecaa5a86fc1101f3135.jpg,Sweden,SE,67.197316,19.404921
d63ee4d510524e30bcdbc38022cc1b3c.jpg,Spain,ES,28.3558,-13.958432
9ea1e23ec49542e1a8491b5fddab1293.jpg,Iceland,IS,64.845128,-22.660469
78ca6cc2a52745089be89065e302f44e.jpg,United_Kingdom,GB,54.548857,-5.485655
a92494d9e6044861aa88b9799898b9fd.jpg,Poland,PL,54.254955,22.271033
a8be64145a08481f95f7d0e5712ee53e.jpg,Spain,ES,43.237431,-8.196038
18789d108ebc40e4b4ac96df7433ecea.jpg,Italy,IT,44.179815,10.085065
6163d40fdd82407c84bc5a2abcdcea3f.jpg,Germany,DE,47.708571,10.95021
da1c83845a3d4084b3725c5d940c61c5.jpg,Poland,PL,53.512277,15.547433
c568daae0aa240a3930b0f0e35c56d5f.jpg,Belarus,BY,53.08861,29.832342
5eb5e83189ce437b982f0d2639c1767d.jpg,Italy,IT,41.800206,12.228114
5429ff66d3d0488388f229bcb69d13d5.jpg,Finland,FI,62.456905,23.961477
2674c430b8824f1e8c534a30cd3d72f5.jpg,Iceland,IS,63.628521,-18.438774
0ed21a05328244bcb58583f4c07cdadf.jpg,Italy,IT,40.039115,15.310215
248a3c69324744ab81e27e9a2b2b6edc.jpg,United_Kingdom,GB,55.990318,-4.377836
aa1c104b5e0d4b90b9f9a26357a0ff53.jpg,Finland,FI,62.234486,24.736198
ae26c6cea1214944bfd1275acdd5f7a6.jpg,Iceland,IS,64.201828,-15.736508
47a1a0687840443185aae557746b06af.jpg,Spain,ES,39.350222,3.184964
2a7a87f11be34a6badd1c12debb5db7a.jpg,Norway,NO,61.429089,8.805149
71bdf80ac7a8468298621cb1f1c86f3e.jpg,Sweden,SE,57.455964,18.342597
54be5b2a6e6b4a67880eefc910140d4e.jpg,United_Kingdom,GB,53.392794,-0.772467
96899b6445d0482c98617f8d700c7239.jpg,Iceland,IS,64.769152,-14.467177
d6c11ea84466459d8cc190e3263d5883.jpg,Finland,FI,66.035261,29.129666
58abd84497914cc4ac68bd8e4bae22c6.jpg,Spain,ES,36.83652,-2.155481
cda2a967f11e403eb1b577455515e370.jpg,Germany,DE,49.864969,8.85714
30466f2f878e49eda3f5d7707c661010.jpg,France,FR,48.802334,6.025052
6b9ef9f24b314e4bb4853e7d1c05de58.jpg,Finland,FI,63.076756,23.736286
b3bbb03d6fab46ffb70f468c427f79fc.jpg,Sweden,SE,62.556967,14.456749
6970bd2a91ba452195a8c1d4a900c1ce.jpg,Spain,ES,42.355281,-0.738097
5f7f46d6eb534026870aed501fc48923.jpg,France,FR,44.133625,6.13159
94638b0158614b37a4902882bbc6399a.jpg,Sweden,SE,65.65043,21.483787
46c091ee0cc34fd59de8c3b1a129c41d.jpg,Belarus,BY,55.190765,29.026062
b503119cc49840149c79ef02ca07fb53.jpg,Iceland,IS,65.941101,-22.469363
70cb43a69c0a4593ad59835f297ec20a.jpg,United_Kingdom,GB,54.954579,-1.845654
67441560b09648ad905b5c1fc4cbb779.jpg,Italy,IT,44.747533,8.529666
30c88a74dba94a90a4fe5edd5c87da1d.jpg,Poland,PL,52.336978,19.357841
031de3dea94b44bd99a7730837ad0bc0.jpg,Germany,DE,52.249845,7.641704
d1d8c49b4cd34b69aaf929ffb2414108.jpg,United_Kingdom,GB,58.485135,-6.254417
13394b67c0ef4065bb0b3c6db012fee2.jpg,Turkey,TR,38.931696,36.056218
72bf6d7f30644054ab4ed76f5e6f0d26.jpg,Poland,PL,51.932388,23.612608
7f055be8382644ea81fad3cdf2d467d4.jpg,Belarus,BY,52.214834,24.867859
5e5a1c940f10439d9ad7e1064272435b.jpg,Germany,DE,50.486272,9.963309
493181754c6049e5a102fa65278aa040.jpg,Sweden,SE,59.381709,15.136423
85b735cb824f4708b30c72368f1bc29c.jpg,Italy,IT,43.14721,11.893615
e0a6cd6125c047488a27a14650e540ca.jpg,Finland,FI,60.636461,22.978176
9aa27a34e54446d48ee3a064719b9aa9.jpg,Sweden,SE,57.166283,18.308923
1a6aa42d155b4073815cee78504068d2.jpg,United_Kingdom,GB,50.397154,-4.437288
9d93216a0a4a4962ac5523953244a725.jpg,Norway,NO,69.256232,15.960134
3dbfb79ef83f436cb95c40f89e11abe6.jpg,Turkey,TR,36.380153,33.937964
9f4dab7eb24a4784b6f896968eacdb2b.jpg,United_Kingdom,GB,53.602599,-0.735479
c4d01f8baf4940a99d8d312623cd306b.jpg,Poland,PL,51.512592,23.389521
1e2b22b2102f4874ab304df06f77eaa2.jpg,Norway,NO,69.505676,19.251603
dab62c99cccb4bed96f8ed885ff4e9e6.jpg,Iceland,IS,65.546337,-20.344022
c2ea45e959b64aeaa6bbe76f96ab5237.jpg,United_Kingdom,GB,50.636119,-4.504568
d4cd6a917fdd48328753f9fb4d66b225.jpg,Finland,FI,61.61598,23.23814
b340968fc21342d2a3e07b90c8b44b11.jpg,Italy,IT,41.22437,9.207108
8d10d305750340a4b1a37aef1536d98d.jpg,Italy,IT,40.934013,17.173062
0aa3bf5342ef4d86b2cb0602f5d1d623.jpg,Iceland,IS,64.816308,-13.886885
cb65e8a359b64f689bd6c8b50de0f9a6.jpg,Norway,NO,69.926533,23.262431
47ce334cb36e40a18d63b78f49727cbe.jpg,United_Kingdom,GB,52.8382,-1.343884
f8ee4de460fa48198d9a202d23621dda.jpg,Iceland,IS,65.611352,-24.195354
e0fdb8dc50d7405989478ff5e6dc16c2.jpg,Iceland,IS,63.547965,-20.086815
ffb4df833cd948d781af9e7859aed07c.jpg,Germany,DE,51.996815,11.557226
5bc76ee9a12a4dfb8bfcf8b86eac7f9e.jpg,Italy,IT,39.654097,15.837828
42b3869a8b2a48119eea1f9ff46f5799.jpg,Turkey,TR,38.032097,32.642387
d4dfe42148024d07879d3b081caf66c6.jpg,Turkey,TR,37.907787,30.317161
e5d3924ddaf84212a2d4f5092fefc2e3.jpg,Finland,FI,64.278348,29.16094
2a78759e8a604153b007f05404b568e1.jpg,Sweden,SE,60.306447,17.957528
c508995d10194efc92840e538c3253c8.jpg,Norway,NO,69.698939,19.003221
a51ed661e10b43fb9b3055a9db3fc616.jpg,United_Kingdom,GB,55.924131,-3.896857
5c2a3c2c101a4ee5aadf329537813a82.jpg,Sweden,SE,65.310913,16.207576
f2e2f9e00c8648f8b484653f6220e09d.jpg,Germany,DE,50.629752,10.915142
34e02cce5be443ddb1955bba29532f6e.jpg,Spain,ES,28.414392,-16.507797
e128093b74e3458f87193df182897ef4.jpg,France,FR,43.985798,5.928253
c0ba65dd0b164b87bf769c39be9c0c3e.jpg,France,FR,47.144607,-2.13345
ab758f8add344ea194f15e08214664d9.jpg,Norway,NO,68.993804,17.72014
8ff53ab35fbc4c279cef11058178551e.jpg,Spain,ES,38.208125,-0.682584
d010d71663d943d3ae93e2048a568a44.jpg,Belarus,BY,54.701385,26.107248
0e736367696c497da5cd337a6ad53a46.jpg,Italy,IT,42.55573,14.112832
ff370b704eb74415b345ce13a68ecd13.jpg,Turkey,TR,38.753316,34.750635
d93eeed866e84cdc8e56d5d7099cc0cf.jpg,Sweden,SE,64.92568,17.038206
96f3878b4fb64c53ab46e9c8ec28a755.jpg,Germany,DE,51.690663,12.209446
b695d5eddd444df4b8659787c9c3dcee.jpg,Germany,DE,51.109962,7.817565
cabf3663ea674f8e82d7dabd89fc1ba1.jpg,Spain,ES,39.701123,3.262162
4f02babbc9c34eb2b92f9fbd552dc095.jpg,Germany,DE,51.502605,14.47499
f63ab21dc8d845079b834990fc77f078.jpg,Poland,PL,53.804509,16.139411
ec0d6c9a750243ef8aedc2611d3b9527.jpg,Belarus,BY,55.900901,28.624499
3fe1a472578e43c5b33b4954ac53dd6b.jpg,Iceland,IS,65.615748,-22.514635
ed185bde0350463c811b8239ae559f17.jpg,France,FR,50.161145,4.042746
d07795ad62a64d7b8240fb2838c7eb5f.jpg,United_Kingdom,GB,58.50259,-6.264269
5db8a5dc91614eff9da0932f202e50ba.jpg,Poland,PL,53.476695,16.56726
304bb15946c34ddba2f3edc2a4aec346.jpg,Spain,ES,37.856444,-1.400201
97bfc1630d6142979a021b95f1ec6313.jpg,France,FR,47.944255,-1.229127
98322252e47b4c579826fc8765fb7e3c.jpg,Belarus,BY,55.2054,27.890054
7f064896807446ebb1b5906446e2a7de.jpg,Turkey,TR,39.894473,29.859904
36685b1e29e647399a87dbdf235f0156.jpg,Belarus,BY,55.774886,27.965713
6e08b7fa69b54da99e72120a37c343c3.jpg,Iceland,IS,66.135107,-18.929184
51b2386e2aa34bc79516b8302955be07.jpg,Germany,DE,51.627331,10.743465
a79768e8fbce47ec8808783b95d86be7.jpg,Poland,PL,49.96434,21.611205
212d0507cfe94eb2853c52b37ea9aa23.jpg,Poland,PL,51.929485,23.61029
aa5baa9a889c424496e947116facdb33.jpg,Poland,PL,52.046645,21.271491
0f0586f2917c4623a38803e4d4cd584d.jpg,France,FR,44.684883,-0.533954
2cdd764a9159486fa22c73d3f0b59bcf.jpg,Spain,ES,36.736364,-2.205532
542c9e88ee344371a84aa947787945c1.jpg,Turkey,TR,36.801284,28.817346
1f5f10aa1a4a4d7989939ae27d7e4654.jpg,France,FR,44.716824,-0.564098
5534605638dd4a27bea6dc2e291a5255.jpg,United_Kingdom,GB,52.833242,1.073067
15c7d8fb55044879a40b503b19914d8d.jpg,France,FR,48.159422,1.255136
064bff5370364aefaadb04070ea67ae9.jpg,Turkey,TR,40.810778,31.652018
c1fa14fc71a34947babe94ce76222dee.jpg,Finland,FI,62.640303,25.090395
f4cfd53c29d241ce8eaa29dd159a7049.jpg,Poland,PL,49.814308,22.31293
fc93fe942cc247969334c3d0ceefcc51.jpg,France,FR,48.3861,-4.761849
bd8db1be1329474bb07b51add2099f16.jpg,France,FR,42.243436,8.795804
99a237ad0e9642388f210c4f431e99f3.jpg,Italy,IT,39.22141,9.188401
93dac9dbcb3c417194fdafc9eaad493f.jpg,France,FR,48.148855,-4.235381
9510b2bbdde245348bcdc1f274524459.jpg,Belarus,BY,53.924427,30.469325
010d1f7b2e284eaea70caaef4688fbbf.jpg,Norway,NO,68.661288,15.525995
638060db69aa40c7b62afa68c4548034.jpg,United_Kingdom,GB,53.361577,0.076184
bd15b78817ff4024b113088fe7e54ad2.jpg,Spain,ES,37.845897,-0.788254
fa43e9b5b0a54812aedd38a86d514d28.jpg,Turkey,TR,39.851013,39.31028
58fd2eec482c4af1846dacf230c58be7.jpg,Norway,NO,61.613345,5.349419
85cd2d80deaf43bf9978a7c75cd5651d.jpg,Italy,IT,45.234371,11.011128
000ff4ddb5fd41408eb4adad85c37e7b.jpg,Belarus,BY,53.227725,28.685234
0e24931aaa6a4fb9b95dedead3095361.jpg,Sweden,SE,67.844216,20.40036
b4b3ac64cae94534a4e9acb6d4c3de1e.jpg,Turkey,TR,38.511847,27.599452
964f77e1e9554ded8be92b5c5339bc43.jpg,Italy,IT,45.947614,12.734162
eb4bcf7fb0a447b78f77c488e2fd96ec.jpg,Belarus,BY,51.682127,29.131744
eabd99f939a64d6e81c7159d62414d8d.jpg,Italy,IT,40.281931,18.069181
2c6e00daccdf463ba147361de8804072.jpg,Norway,NO,69.219644,18.090956
869964c0e02b4cfca9ac72c9ad8c7ecb.jpg,Turkey,TR,37.40133,34.86127
346dc99b7a9247ffb988617b72ceb2d2.jpg,Finland,FI,62.539117,22.041555
1d85a8caa9434e0082f357ee69375776.jpg,France,FR,50.785612,1.95219
789e7b3eea484d2c98adac90abfe03c9.jpg,United_Kingdom,GB,52.544262,-0.199045
0a368a3febd144028f047badc4c0c495.jpg,Spain,ES,39.560526,2.981222
004e2663dd664c728eee9b671633815d.jpg,Italy,IT,39.079642,8.418951
9e67a7e7bc5c4983b0772e3126e7f831.jpg,Poland,PL,50.726613,18.631957
e4022a80bc3440578422d8887dcc155f.jpg,Sweden,SE,58.192244,15.403752
731adfb06eae43dba208e4d5474c43ec.jpg,Italy,IT,41.252841,16.014068
7b1bf15372ca433f96c1193f467d0f71.jpg,Germany,DE,54.234632,10.580435
535429ca67d643a3ba5968d1295f829c.jpg,Italy,IT,45.194042,12.15422
c74c43b4a95446029d356132065c6cf6.jpg,Spain,ES,39.814303,3.053184
3d0fd437fe1e4b809e2c3868a833e6b4.jpg,France,FR,49.530902,4.421843
fe1cf855a446456faf85fa3c6d905532.jpg,Turkey,TR,38.954789,37.545282
65f06c4bea8d4643aaec53e255037022.jpg,Turkey,TR,36.334401,33.659188
ee53df4f8044469db3c58c9277941c5c.jpg,Norway,NO,62.233251,7.147418
b9f3f8cb3fd04942916d81b6ce758505.jpg,Spain,ES,37.543553,-5.04636
7ce50282a30c4ba9b21e62c75c963cd4.jpg,Sweden,SE,58.908828,16.625953
bf722bae5b9a483c92e9c21ab7d19d0e.jpg,Spain,ES,39.256442,-3.75607
58d3701782b8409497b84400016a9fbf.jpg,Norway,NO,59.395396,6.189283
bfd606c1199844e79bee434ddf049326.jpg,United_Kingdom,GB,57.492314,-6.359089
6df5a745dd424c74b5373499392ef53a.jpg,Norway,NO,69.298049,15.993813
8a02466afa0645eeb59b9d49d7794878.jpg,Iceland,IS,65.881945,-14.82761
16c5722d6d254c35907c3959363fbd7a.jpg,Norway,NO,61.516928,10.189771
7bda276aa829494e8af682bec72fbb24.jpg,Turkey,TR,36.844217,28.755908
8299a3c325bf4070bc5aa8c477fb4f9a.jpg,Poland,PL,54.577809,16.933604
51d734d5d4724d05a5263c637e99c04b.jpg,Spain,ES,37.29686,-5.712545
387cce3346014fa3847be536fc30e984.jpg,Finland,FI,63.782579,29.408017
4a2f5a08ca8546db8ed45634b434cc64.jpg,United_Kingdom,GB,55.566601,-3.394363
3d9286fb8254453b94fcc53ff774ba89.jpg,Germany,DE,49.744238,10.526168
0717813125104e7f8e092094da9d047e.jpg,Poland,PL,53.568379,20.879217
9f87ae68d4eb474b91d700b411578e20.jpg,Norway,NO,62.337888,5.87296
f710b4ad5ef14da1aabd10a0a9323ea6.jpg,Finland,FI,62.504306,22.625298
078236cc48044df7923c03df10a0cabe.jpg,Germany,DE,51.960149,9.088797
a384367916324b6d96356ae19755860d.jpg,Poland,PL,52.545181,21.069081
bdcc755616ef405a8782ef680ae44df0.jpg,Norway,NO,65.833744,15.022905
1edb3cae3406464e8ab64aa842ddc1d3.jpg,Poland,PL,54.088204,19.858568
ba0ffc95452545a49e980e7ea9fcafca.jpg,United_Kingdom,GB,51.129947,-1.156045
af2abc8c70ac4a03beeaf93dd23f3dc5.jpg,Finland,FI,66.680404,28.924532
15faa75e97aa4e8ca415d4f65fb9ae90.jpg,Germany,DE,53.100093,11.560021
e9d5369bf9824216b3e3dce602ccb759.jpg,Norway,NO,68.992673,17.720836
26c2bd20916e4691a050d7b6807140ae.jpg,Iceland,IS,66.035971,-18.523542
27013a8184ca4cceb3a1bd897eb68071.jpg,Germany,DE,48.565457,10.732096
0c24eeb0af0d47e0a4f93eaa0f4a9537.jpg,Belarus,BY,54.144518,26.462357
b96f0554c1a2467eb6892ca7f91aa4c0.jpg,Iceland,IS,65.986516,-17.378163
c3c67de04df44f4dad71b66757a6b75e.jpg,Finland,FI,62.301981,26.998262
7de8a74147d249aca1a18fd157963e6d.jpg,France,FR,43.427985,0.047997
2c55ff6fdc004f00a0bcebc8677f38f9.jpg,Spain,ES,37.494225,-2.772559
0abc3ea7d98a486ebcff13c3ed682c55.jpg,Turkey,TR,36.924922,35.410655
ce70bd6af09949c6bd1e0829130d4553.jpg,United_Kingdom,GB,53.864739,-0.365382
755b059fcc84455e9419c6b8fc6b2c3e.jpg,Sweden,SE,61.330769,13.490004
08a1453036f94a9887a0a8ce62a226e8.jpg,United_Kingdom,GB,56.98482,-4.873062
c49e0ca66a844c12ac1205913e054f72.jpg,Italy,IT,45.321351,11.377238
19f8c48db43847d0a01d55acec6a0c7a.jpg,Sweden,SE,66.577336,20.479399
0068ad409c7c423bb620022c5f839e6e.jpg,Turkey,TR,38.270758,40.9521
9de34b96632c499c8bc7d4e6e3fc519d.jpg,Turkey,TR,37.912698,30.488287
34208c8135ba46e6acc1a811311b03c8.jpg,Norway,NO,60.264766,9.686488
4effd27d19d449c48233106349a1f3c9.jpg,Germany,DE,51.306859,13.249595
dd745b3bcc1a4101b691577462a1fbb8.jpg,Spain,ES,43.02848,-4.858196
1d7febd628364cc09edfadbcfef326a8.jpg,France,FR,43.666115,-0.964898
4eacc0cc7bcb470d8b18bf108aa43318.jpg,Germany,DE,47.87707,11.736293
455f23d1d087460488c8c2a78ec111eb.jpg,Belarus,BY,52.078378,27.702365
12d00d3d760544a8851aa838de407b45.jpg,France,FR,49.655349,-1.416967
3b55634bc9dc4c19a25a9e3dd0b5f6ed.jpg,Norway,NO,68.335664,16.740072
2536e3ed4f134f178085eba33423b283.jpg,Finland,FI,61.718063,23.549185
509d4dda8a14491aaecfdb1267a4093d.jpg,France,FR,46.122586,0.766276
02589dff14364941a8f431a5a30f9679.jpg,France,FR,45.037538,-0.546996
31ee0931ab244394bb7cd16efda9125f.jpg,Italy,IT,39.063531,8.433737
00e55fccb2f94dd5aa2e35eb423543da.jpg,United_Kingdom,GB,58.538793,-4.297489
60fb598262a74af387a5a1c39a3e0b5a.jpg,Belarus,BY,55.618486,28.426372
19d5359aaf3542ff9e5f90dc384a920a.jpg,United_Kingdom,GB,53.932996,-2.775358
5227510889a04164906d2eefd3005a15.jpg,Italy,IT,38.747356,16.189812
97a64c53c1a743a7906a19ea16c4d801.jpg,Iceland,IS,64.6716,-21.625595
8554ad9265254eb184368b41459f7891.jpg,Germany,DE,48.623417,8.200689
39edffa5aea34a87a31358f7edf6dae1.jpg,Turkey,TR,37.138737,44.336239
57250710187145859b7a7d7b90e1efe4.jpg,Poland,PL,54.548395,18.549657
5192f5db60be437f99639839fb087066.jpg,Sweden,SE,63.404518,19.019493
cfd9f5c9f56a4676a17de1f0318be452.jpg,Poland,PL,51.314027,15.585624
4dadc0fe90c54e93bd2adc7a7a9692c5.jpg,Poland,PL,51.420163,22.260113
46ac073844e045f1971766b5273daa6d.jpg,Spain,ES,28.368709,-16.849223
253f6c1c33fe4912aeaca0bb5674161a.jpg,Finland,FI,64.337273,23.959168
28dc54f215b440ff8376c56f7a965578.jpg,Iceland,IS,65.286255,-14.430704
fc652b2d5330465e997ede56f55a8b44.jpg,Finland,FI,66.108535,28.575262
452ee71b21ba492e8c824e4e008d0e1b.jpg,Iceland,IS,64.513113,-21.541816
a51dafde5892499f9db55efdb4b4f32c.jpg,Sweden,SE,67.241422,23.279879
abd532800d6941bc9efc5e23cf330c1d.jpg,United_Kingdom,GB,50.186519,-5.122671
7aa5ab98b15f42e9bb5148aea5b49d3f.jpg,Poland,PL,51.89062,21.342192
5b49b21266ab4afe91012649f6494f6f.jpg,Belarus,BY,55.314605,30.317659
a34e89ca305d47aea208af01224bbe8c.jpg,Germany,DE,53.077526,10.073367
f6a03cc5091e459ea15c763797c20cc5.jpg,Belarus,BY,51.951409,26.516594
aba3271533e745c8ba71e61aaf0935c4.jpg,Turkey,TR,38.135943,33.508943
22eb0e1b73ec4239a972b840f291623c.jpg,Finland,FI,66.575294,25.89746
f9dd17d2725d49828d7288bd2b105382.jpg,Norway,NO,64.032948,10.082914
424c8fbbc91643f2a875750a7e39224e.jpg,Norway,NO,64.046687,10.041601
db0f18a882334715bbca2bcba0740837.jpg,Italy,IT,40.98271,15.927166
cc4a13036047465da5749c6da4934e59.jpg,Sweden,SE,59.32518,15.793403
36c96491fbcb4cf5bae2cc8d5e202717.jpg,Belarus,BY,53.464886,31.049135
75f16653f96f4eed950276ca76831af1.jpg,Iceland,IS,63.547192,-19.744967
d97b42e85643404a8a9ebe549e4102fc.jpg,Belarus,BY,52.537745,30.816128
56b42a7aa3544c94a2cfa13d93707b02.jpg,Iceland,IS,65.464403,-20.526552
6cebee5f7f2141ff843dbf6b92c823a7.jpg,Norway,NO,65.67418,14.159172
d9dfd833affd49f991b39a5dcfc884c3.jpg,Germany,DE,52.367481,8.828526
69e2d1dddb924151a737b39d3222440d.jpg,Poland,PL,51.137637,23.395299
d5955d3cc9e04af1836a5a54d1b96e77.jpg,France,FR,42.092946,9.513861
1f44452f85574ba68bc0d9b3669e5db8.jpg,Turkey,TR,38.706093,35.454596
82a44b84ec0a44ad83899d13d95afa4f.jpg,Sweden,SE,56.264797,13.563927
06f64fbc47674fec9faa21b1c66769c3.jpg,United_Kingdom,GB,58.570455,-4.760951
ef3e5c860a4e4d22b8b517cc2b506375.jpg,Belarus,BY,52.09437,27.813359
74a5c9024d964173a580e2c81c58bd7c.jpg,Finland,FI,67.276266,28.23593
9e7b5fd3e7f040249e5197c49039c3dd.jpg,Finland,FI,63.945694,29.916284
7c4b6eeab9f24bc9a37021a5ea0d0fa7.jpg,Norway,NO,69.4412,25.023601
b94712069ff94b989f38a670a53d5304.jpg,Spain,ES,36.519239,-5.045007
8be49500cd6d44afbad4225df7a69ddc.jpg,United_Kingdom,GB,50.949396,-0.275751
a7de0810e6b14d36927021684565fc76.jpg,Belarus,BY,53.049825,28.063994
93120f716b084befa90160636ec3cf6f.jpg,Italy,IT,43.386873,11.308793
0d0ae6edeb564796ad083f7d32d8fe5a.jpg,Poland,PL,50.884844,17.027788
1c88ceb995ab443f94ddd7fb9440a88d.jpg,Finland,FI,66.98215,25.279853
af3cd0aa6cc045f3b2dd668d310245c1.jpg,Germany,DE,47.856465,10.896259
37a11f2c204d47a38b150e981c9fba41.jpg,Sweden,SE,65.004881,17.073022
4ed01f85342d4c73987773142b530fb7.jpg,Germany,DE,52.356261,7.303027
26a0340c23de4746b35041c4acafdb46.jpg,Norway,NO,62.240684,11.767514
451bf0763fcf480fb3b8c794f0e2dedf.jpg,Finland,FI,63.982229,26.772437
86eaabd5b3194dd3849c47e8abf7531e.jpg,Turkey,TR,39.851612,34.078153
a36e40d71ad64e7a9400053306085804.jpg,Poland,PL,50.668366,21.761074
99a527833ffb4bf0889509ba7cf5c5c9.jpg,Belarus,BY,51.695666,30.346586
41dd3354c8b443c2bcb4cabd9fffc5fd.jpg,United_Kingdom,GB,51.962081,1.196913
3c1177c9595048afa8b38ccd614c03d6.jpg,Turkey,TR,38.33261,26.895814
3be21986e27c4a2a9afef1ac6d40ff3c.jpg,Germany,DE,47.801872,7.839574
90945033152d47c8b31b3d80f56cf13c.jpg,Germany,DE,53.498403,8.761759
1816d30402784694b5506062b9fbea52.jpg,Finland,FI,66.272711,26.136948
0041ded3d11848a29e1b5f3e2a795dbb.jpg,Poland,PL,51.776288,21.16491
7fd0e092766843a3a4453c80e7591fe1.jpg,Poland,PL,53.51364,14.679513
5c1c7782ce754751965e4147126831b4.jpg,France,FR,47.909911,2.734171
e9c4695c8047426c89198223555caa90.jpg,Sweden,SE,61.247035,14.767038
4ace73e9ad7a483086e8eac4903a36d3.jpg,Sweden,SE,62.17306,17.157395
9fb1e13cc78c4642b8522c14db6e0f98.jpg,Belarus,BY,52.112886,27.848929
45f7c7c6e279440ca4f95f0e5458a374.jpg,Spain,ES,38.064573,-0.589395
169b9824a12d4f0c91c185c111ca795e.jpg,France,FR,46.161159,0.032102
51849527e4c54a90926aba02ad08325b.jpg,France,FR,45.837847,-0.411092
122de2354784475e9bd58dd095cb1e3f.jpg,Sweden,SE,68.233621,19.565903
f20d8ffc148143968b896f644ffb74bf.jpg,Norway,NO,59.830416,7.173284
3e233cfc6d654071a335a0e8a9610a55.jpg,Belarus,BY,56.030857,28.69149
e6377a038a4a458895fc7e5ba83a095e.jpg,Germany,DE,51.942696,14.036866
9264dc1e93cd441f8fa39cae80d3e158.jpg,Belarus,BY,51.922898,30.420236
c0215e96cc6f49b99240117b4fb9a992.jpg,Spain,ES,38.781029,-0.440526
7d312676a7a547b8af1dbed122c99469.jpg,Finland,FI,62.47935,23.604645
c4914ec607814d37973ebdc9e45bf96c.jpg,Italy,IT,40.665576,17.485722
148d1a6829d14d88b84f930731316411.jpg,Spain,ES,42.48693,-6.760733
0e12355a14bb446ea57736c3e395337e.jpg,Italy,IT,42.324351,12.214533
a087c43d1ba94b329fddf1026facdb21.jpg,Germany,DE,49.702736,7.388237
65cc2e507f6f4c7fa530db226ebae5c1.jpg,Spain,ES,37.880116,-0.940902
7329bcd9a32747289a3815dc1ad33edd.jpg,Germany,DE,55.096657,8.485305
eb8aeef1080849c8b9337aad185e8517.jpg,United_Kingdom,GB,53.649641,-1.597352
f65692cd544f42a5a34791ca8bb35016.jpg,Italy,IT,43.116177,11.723434
22a7b46106f145faa762b8e3a0579b81.jpg,Italy,IT,40.56147,16.582552
8b4024705fe0406abc8038fa2c5787a3.jpg,Belarus,BY,55.515581,28.88616
6e3d4aa6db2544b1ac6da7214ba92cfa.jpg,Italy,IT,42.653642,12.491208
1a309b22a4fc48b89dee6fe7268227ba.jpg,United_Kingdom,GB,50.240931,-5.06483
4bf0daf20520463baa16b8bd0925ea73.jpg,Norway,NO,68.354185,18.808385
cdda3eece8a24b78bc9168b5fc94caee.jpg,Finland,FI,60.753026,25.020691
472827412cb347c8a73374d556cf7c46.jpg,Poland,PL,53.090603,15.516402
c1d454fc94124d88a96522149fe45a29.jpg,Finland,FI,60.694126,24.168639
076d489644ef4cccad91a4ccea2413d1.jpg,Norway,NO,58.143655,7.864008
eaeae6071f2242768e531f566e5c289c.jpg,Germany,DE,49.932232,8.459739
ee69d07bab764530b99a8aae1032dbd1.jpg,Spain,ES,41.69301,-3.279932
92ff086cec9d429282f9a96bee5fe5a8.jpg,Iceland,IS,64.844912,-22.75492
77b845b851bd4087b44514278ed6e6d2.jpg,Finland,FI,60.464139,25.761549
c680c4a288e34219aae56351514fb55c.jpg,United_Kingdom,GB,58.42142,-6.429048
11d5a42a79cc41028bb5f8cbac59a5e0.jpg,Norway,NO,68.424914,22.325886
4766caf29fc04401bf9d415fb970c8eb.jpg,Poland,PL,49.872828,19.04911
bed748ce190b4088b36726705593a15d.jpg,Italy,IT,41.785208,12.624254
3ac5f403dfae452aa8783595f2afd073.jpg,Finland,FI,67.133101,24.022751
4cae8d5d74f148b0bef9ae35b29c99e1.jpg,Germany,DE,52.715946,12.449164
4dc8f2c2d0ea44fe8a91054dc5e400da.jpg,Germany,DE,50.778816,10.200671
7206564441b44beaaacadccc8ac3d49b.jpg,Iceland,IS,65.142489,-14.735545
9499f87ca9b04fd5838861a53f1b055f.jpg,Belarus,BY,53.019013,30.5697
16614b11995148c691d78649707f16d3.jpg,Turkey,TR,36.932163,34.957152
df8e35815d304ee7a46d7a57d58bbd22.jpg,France,FR,47.338047,1.701208
6d42a6217aab4a0db86dd5e16ae88083.jpg,Turkey,TR,37.112709,34.91065
618e97d871cb485a8183ad5592ef89ce.jpg,Germany,DE,49.894375,11.824159
e981878048ce408d97b26267d82a5882.jpg,Poland,PL,52.072733,20.369645
efb5f6f2fe674cee840d1fc089370f85.jpg,Germany,DE,48.444032,11.120169
3b5144ebfab6407b9574a775aaf3da73.jpg,United_Kingdom,GB,58.516323,-4.693038
c08c2a72caf0453fab8faaf24a1f70d9.jpg,Turkey,TR,36.853961,30.917662
edef6fa09354448ba8af8d19df7e890d.jpg,Norway,NO,70.877155,25.732566
ed8e6fef5db9441aa4eeb7b9a235d3f4.jpg,France,FR,44.861058,1.56494
439966e5f4764efd87aee2607b3f2f7d.jpg,Sweden,SE,59.252049,12.931398
10fa5172d2af492aa14189a4bbbc8053.jpg,Belarus,BY,52.481454,27.475619
3b1d537ca8324c03953729591ed7eb50.jpg,Iceland,IS,63.464347,-18.608721
fc6543df8b784598810e2f0d7db9beb2.jpg,France,FR,41.819108,9.402401
e5ba40f04dca4de5b2ed80ed92f877c6.jpg,Italy,IT,37.784742,14.052452
56a924ceb92d43d08193711b45e91bdb.jpg,Finland,FI,65.393088,27.180634
37dfd6c624bb41628217e38202fae35b.jpg,Italy,IT,44.421204,10.457259
51a440c14582456ab90370f153c2523b.jpg,Finland,FI,66.594912,26.058996
01f6bbca55144eb195c98ac212cc173c.jpg,Italy,IT,42.651416,12.373669
6a8e0ee5b7a845c08f33730565817cb3.jpg,Spain,ES,41.618922,-3.053264
b489aecb21aa4c1abf79d5d09c0cc647.jpg,Spain,ES,28.917154,-13.709456
fed323884a044fd381577692e7429842.jpg,Norway,NO,58.345426,6.189872
38e715a3d69b48d8814f25c936a7c5f5.jpg,Turkey,TR,36.76281,28.921411
0aa1c10cee0449919576a351ab492229.jpg,Norway,NO,64.643619,13.837867
703187fe35b8470fa7aa17f5831c3501.jpg,Poland,PL,54.171557,20.331593
69a2375003c8476ba27cb4cc908d95d3.jpg,Poland,PL,53.879826,14.621169
5de4b43e66864ffdb6fef16e2edb4e84.jpg,Sweden,SE,66.231511,19.932041
b4de3d8613864df683e7ed660e38972d.jpg,Sweden,SE,66.483439,20.280697
d8b1b5ab017a494681d8cf346e70125c.jpg,Poland,PL,54.641596,17.728339
5262045e5f54485f91ef8b1cb6a95017.jpg,Iceland,IS,64.158657,-20.304283
724d4643fe6842b7a1db9050bf4f88c3.jpg,Spain,ES,42.554245,-2.946299
4fa31fbffce84982a14de94db6a5ed26.jpg,Germany,DE,52.257158,14.133853
b1da0471edfd40b195438ce0e0fc050c.jpg,Poland,PL,52.828788,21.225611
56024755a6e54192b5a4f604fc11d38e.jpg,France,FR,42.954593,0.377998
ca28d822d1b545b09a75913215e32cf2.jpg,Iceland,IS,65.732172,-19.637462
0a4923622e694e4ca72e427817ec71ae.jpg,Belarus,BY,53.013864,30.573783
0bcf949135154c1f806d35e068a39344.jpg,Belarus,BY,53.226471,27.316008
5121e71efc5d4a55b1dcf56562a5684b.jpg,France,FR,45.767725,-1.229854
413380acf92f4ce0913116ee34dff8d3.jpg,Turkey,TR,38.851826,33.813378
2672fc971988404d88c34d8bf72d68da.jpg,Finland,FI,62.525664,21.782142
96b5e8ce551b4612aea6b46aa9c06580.jpg,Turkey,TR,36.984381,35.81847
b3d867c81de647edbae60d910c28c9fe.jpg,Sweden,SE,63.916546,20.463167
f1bc19889f614a3584814416ff145093.jpg,Belarus,BY,52.216834,29.300354
9a503c104c884720992d10f20b3ad2c6.jpg,Turkey,TR,40.627396,37.294415
159ef78cd3dc4f7f88d2c06838faa98a.jpg,Sweden,SE,64.344933,14.714131
3baae3c6aa5e485b8fe487db4c19abf4.jpg,Iceland,IS,65.554549,-22.3615
d9f429c9662b458ba5994675ef310159.jpg,Norway,NO,70.976558,25.793858
dc169df7b0804c33b25763ab3959f128.jpg,Sweden,SE,58.679544,15.315409
80d5a850ca3547c9af665df0ffb45b08.jpg,Norway,NO,59.708193,9.786036
6c1d2fc7fae943a2a0e3f6d2c8e1f5f3.jpg,Finland,FI,64.158282,29.261762
94abb01f9b5e4f308bfcb2ed39dad0cb.jpg,United_Kingdom,GB,50.647955,-4.739322
1f4c2f00e4f34d83989ce75320c19bc4.jpg,Turkey,TR,37.832534,39.669233
5062d4d6aadf4a05aa26e8d04c2e58ef.jpg,Italy,IT,39.243458,16.062756
82952b4bd0394a84aa524116284b69e6.jpg,Poland,PL,53.892177,22.346202
88437aed33944aac8ca89e7c0dd62c73.jpg,United_Kingdom,GB,50.375498,-4.618852
a6a9ec81a4684ddcb8156377850c2411.jpg,United_Kingdom,GB,57.544358,-6.608867
65cb260d998e4677870750568d8480ad.jpg,Spain,ES,42.862874,-7.908033
9e4647a93c5e4c6e8d57514b327e77f2.jpg,Germany,DE,53.603695,7.180543
c278dfc9ab77442ca77692c169fba55a.jpg,Norway,NO,70.674224,23.65215
c12ed7de9ed34b568af5c253eded5720.jpg,Norway,NO,68.356238,22.890018
2678c4de09794d7fb49c07e506b0be50.jpg,Poland,PL,50.742406,17.71424
381a6f8e649c4c3dba45237ca290dcf9.jpg,Iceland,IS,66.179326,-18.969438
9ebce84af03843709d3435e5ac9c80cd.jpg,Sweden,SE,64.512091,21.062322
daa6b45f058a4b7ab24141dd78bf9c0c.jpg,Turkey,TR,41.133681,27.858903
cceb4c02cdfa4ad4905e7eb44943efdf.jpg,Finland,FI,62.298626,22.243543
dc060579b1d94e4db3e3cab201ac20b7.jpg,Sweden,SE,57.17925,14.078959
0921848fae494c73b87e661567872aa9.jpg,France,FR,48.358327,3.984238
0a670064d4804cfc81f500a7379e5357.jpg,Belarus,BY,54.702159,26.105111
17f2f019a4554cea9e73c5fabd85e271.jpg,Germany,DE,53.067468,13.2877
856dcf002141473480339195b8b477f1.jpg,Finland,FI,64.048022,25.791236
f5fbdede28984710ab3dda6ae5719822.jpg,United_Kingdom,GB,50.199016,-5.525764
855b02b553ec494c9814180edaa04f26.jpg,Germany,DE,52.922383,10.366615
06e7aa4eafb149a49ad83b003a9c39f4.jpg,Turkey,TR,36.709153,30.560857
8a36dd7cdf6e4ed58dca0f67556942b2.jpg,France,FR,43.398501,3.354541
68fd2d8d831847bfa316cd287ead0e63.jpg,United_Kingdom,GB,50.579607,-4.7194
538ccd1f839b4cb9aa494fe6756d99fe.jpg,France,FR,45.953445,-0.554727
438b37c59fb9477a82600a1ff19f2156.jpg,Poland,PL,52.65476,21.56889
d356709ac0454ab59e597399cc874e3e.jpg,Iceland,IS,65.713411,-17.057121
09964dc091bb4b1aa261dd9074216b53.jpg,Poland,PL,52.510563,19.830219
98827dda7e8d441eafdd649cb365e55b.jpg,Finland,FI,65.034421,24.592728
93ec1b99f1c4474ab40ce04b8b5c5251.jpg,United_Kingdom,GB,57.212318,-3.259059
cdfd5a11d05f43b7bf0a3fa13d8ded63.jpg,Finland,FI,62.169041,29.964451
d84c7200ba6d4628be02c2813c2f384e.jpg,Finland,FI,68.36029,27.416246
70a539edddd2424ba1b8ffce40edd8c9.jpg,Spain,ES,36.593456,-6.085507
5321ffd22a2740e8bda1e42bc4725621.jpg,Germany,DE,52.643084,13.756178
a98bb2a38c4a44ca8cdc72b6a6b3cc88.jpg,Finland,FI,61.221214,27.151996
38b074750cc64304adfdc54ca297e7fd.jpg,France,FR,49.079918,6.059378
e7bb8fdc74104845a819698e88de5f4f.jpg,United_Kingdom,GB,53.603625,-0.65156
2a1dcb7afeca49f5a4830eabda96a11d.jpg,Turkey,TR,40.270893,37.877089
70ec5e501b1b47bd89df146dbd1f3386.jpg,France,FR,48.498398,-4.506924
c27c457cb5d54655bcd8a429330f9f00.jpg,Sweden,SE,63.020506,16.157757
fc6edcc352f5413ca5c9e5ee869988b2.jpg,France,FR,43.79423,0.824933
7c853c12028d48f089b599793d139f0e.jpg,Italy,IT,41.442617,13.944146
7039008b17944086b8468a43dcc5f173.jpg,Norway,NO,70.045302,18.892194
ec23b70db7e34a41b83e948bb69d836c.jpg,United_Kingdom,GB,50.174604,-5.507682
8fa61e60611f4d35ab18f88be85f2917.jpg,Sweden,SE,59.146031,15.167312
3a55e0bd6837457182b2f3b7d9712bd9.jpg,Italy,IT,41.215209,9.245403
bd1e822b6ff546c18f4d6babd44b240e.jpg,Germany,DE,52.023061,13.612706
ffac6036d2ab49c1955174fc928b734d.jpg,Finland,FI,60.617751,26.191511
eab3aca3ab7b416eac0f168724ef296e.jpg,Sweden,SE,57.580503,18.377275
d502910dba3d4f9a8aec5ee5ab5b0d6b.jpg,France,FR,49.303244,-1.46278
ad15c7c392c348f9b8c4e1e77c445b45.jpg,Germany,DE,51.820576,7.440758
0dbf5964fd334ed7af85de2e3434cd78.jpg,Iceland,IS,65.89799,-18.067247
5240c79a2c654397a3813fad4d8e1c15.jpg,Finland,FI,65.25382,26.500389
cac247d85f634a1d90d4eb7f74fb5aad.jpg,Germany,DE,47.567486,10.983228
0b4c649c555041ad88dee6e3b2c8179d.jpg,Finland,FI,61.746607,24.34826
61224460a9464735b004248300b839fa.jpg,Finland,FI,62.863506,21.250769
60fadedc0a1042e3aac310ef3a9d1c54.jpg,France,FR,44.089259,2.294419
3fc372d8638c491c86b958038047ff1d.jpg,Belarus,BY,51.8645,26.797806
ba9ea63c8d8a4c199d3a4dd84af4ef8b.jpg,Norway,NO,68.401461,17.474448
bae13f8a8a514330877e672894fc8fa3.jpg,Germany,DE,53.782348,9.30698
4ab7b542c981460eaed88bd080e72ce9.jpg,Italy,IT,40.609019,8.327648
285edbe2415048c1b6efca099380fee5.jpg,Norway,NO,65.024836,13.264094
57dc49440fb34394a5fa9b0f252e6b73.jpg,Spain,ES,28.053232,-14.359174
8d064d5419fb474b8c853f49ab6cb863.jpg,Turkey,TR,37.046134,27.439955
db757a7709894a348ae9f5b6237d5b25.jpg,Italy,IT,41.642298,13.5805
553bc542bc6941adb3ebac703fb7c0f9.jpg,Germany,DE,50.94466,14.703856
7dc23964e9c14e78863a3a5f6e344790.jpg,Norway,NO,70.486972,25.054913
c2c851fceb564678896c211e2813b6a9.jpg,Belarus,BY,54.806652,28.647409
d9a0eea85f674ff88ac39e5c5cf51fdd.jpg,Belarus,BY,52.390927,30.849675
41f4cea541284428b49541d9cc87be3b.jpg,Spain,ES,39.742311,3.168865
bbde42aa3251468d979b638a1866ca30.jpg,Poland,PL,54.146887,22.931552
1851ad0c53fb488cb7c7d00b04acac9e.jpg,Norway,NO,66.658311,16.162488
ebb92539dab34faba8aa79832be20811.jpg,France,FR,47.237574,-1.343408
bb9a5b4323ac4a1eb8c56fdfc25ec5eb.jpg,Sweden,SE,64.530242,20.836752
c1707e471abc4e8aaa7d32836fa53097.jpg,France,FR,45.993767,4.370182
25c0e33305844d63be5e725d0ddfca16.jpg,Sweden,SE,67.828787,20.721484
f3e7af8811bd441aa7dbe66a692e240b.jpg,Germany,DE,50.901621,13.215217
7eb20104d5e34c3da9dad1a4e48186a4.jpg,Belarus,BY,55.27113,26.495818
9358b32709cf4f24b05780a0c1492e57.jpg,Iceland,IS,65.576362,-19.344951
d2d4b83634ee421cab7b246559fde7f1.jpg,Sweden,SE,56.955931,18.302545
c35a62a90b884e879820b4fd492e7d1b.jpg,United_Kingdom,GB,55.766665,-2.212121
e73210d4279e4b7089af2387bfcc46e7.jpg,Sweden,SE,65.184437,19.535891
89c6d7d9dc61441da12b7e6480e217ad.jpg,Spain,ES,42.709318,-9.015408
bbbae30bac474d2a962cb3a41637e8d6.jpg,Italy,IT,40.425148,17.903716
a70d56ce34ba4c8da539a318190bd066.jpg,Germany,DE,50.037722,12.037186
a16db499700349cf842571177a03ca51.jpg,Sweden,SE,64.517321,20.810443
452f956bd2934ea2818e6436c85e726c.jpg,Iceland,IS,64.912407,-23.800747
486eb6239b0f4d1fa5204d27b4af8a0f.jpg,Italy,IT,38.075378,13.405314
5666bd6844a24bc990d26a20a0cfdf16.jpg,United_Kingdom,GB,58.547067,-4.778235
ce6979988cf749b1b7206798ebad8f1d.jpg,Belarus,BY,54.657055,29.149103
72f833fb23f440f2aa7c1f0eb815fcab.jpg,Poland,PL,49.990135,19.213565
9503f1cd02e347edb4490d2416e361f1.jpg,Spain,ES,41.887766,-2.790526
9503d99dffed40dbb1ad5b2e21e90475.jpg,Italy,IT,45.467289,8.740133
7e5852caad524230b85d53a9d503ddf1.jpg,Iceland,IS,65.787343,-20.258106
1137c7b3bffb4427bf388ae9e811d23a.jpg,Iceland,IS,63.851573,-22.030376
6d4b1b9dc2b546208129d72e476d558e.jpg,Norway,NO,68.908077,17.759884
0d4003ca3515444a830a14c8601ebe0b.jpg,Italy,IT,36.816285,15.049098
af414481b5034f1cbfa6a773d13093cf.jpg,United_Kingdom,GB,52.257696,0.37187
7d3809073a3046b994216124c5c3141e.jpg,Iceland,IS,65.729805,-23.163249
624568980a594651afe25bf91db9f455.jpg,Italy,IT,39.490319,16.958554
97a0ced4073d4b648da081ead909d810.jpg,Iceland,IS,64.968431,-13.855779
ebc7aff06e5b44279106c310996418e2.jpg,Sweden,SE,67.64169,20.943695
4ed1ef6db4b346df94bb58f7a3f60b57.jpg,Iceland,IS,65.572453,-22.296899
8814ab78b4954be3ae5a39e7248ae6ae.jpg,Iceland,IS,64.179929,-15.831023
e502712a09ff4be9a141af86f932a7f7.jpg,United_Kingdom,GB,54.118695,-1.19109
73ef64cc0ee249278ebcb49561b23d93.jpg,Spain,ES,38.20467,-0.723269
b7fb713f97e4459bb6235d0bd0440c85.jpg,Belarus,BY,52.358937,25.024378
1c9135078c5f4a859c584eca879a2b29.jpg,Sweden,SE,65.901352,16.322517
096c28b6bfd24895b1e7b5a798359304.jpg,Belarus,BY,55.316826,29.447743
4de3b4852e1b425e9e8346be9f2aab5c.jpg,Sweden,SE,55.730081,13.874312
d920fe6ea4ab4f64822baab4ee837c93.jpg,France,FR,49.387939,-0.963889
6ae2fc7f747744ce8693154d1384953d.jpg,Iceland,IS,65.745342,-19.362416
892cbddf1f99471daf94e11f1e42c4e2.jpg,Iceland,IS,63.541128,-18.455069
982ab0088b724607abfeeafcee1fbe71.jpg,Sweden,SE,57.452758,12.171271
c4a44b759dd14ff4ba24275607d7b6ef.jpg,Germany,DE,47.54574,10.548222
7311fa286be44b2f9dfd63708d2a8789.jpg,France,FR,43.719975,-0.392368
c97504e2de9745b19e62a6e608849184.jpg,Belarus,BY,51.699058,29.142993
51972d7bc70e49418b8f706e7ea3a852.jpg,Poland,PL,54.232511,19.540087
1c5c7c796bf04ec798f4e7493acb6c36.jpg,Sweden,SE,62.095429,17.43106
09e592829b1d4b7d951cecbfc69ef90b.jpg,United_Kingdom,GB,50.59528,-4.745895
2d35a386dcc04267822086ad89d50af5.jpg,United_Kingdom,GB,53.605684,-0.663562
7e5c5c1f8df846a1b4965e94c386b11d.jpg,Germany,DE,53.211736,9.550637
602a14d8688f4873970cd14f91380838.jpg,United_Kingdom,GB,50.888549,-1.578226
ffbaab002cce4339b6cf0886e1f7494d.jpg,United_Kingdom,GB,55.822208,-3.996808
a81e087b629a4294a3379be41c99c822.jpg,Italy,IT,40.647544,17.316788
ce53d1abc0594e20b91f6b6f8dc35d9e.jpg,Germany,DE,53.231996,10.225927
99c17d510d1a4e339f911187e9c33d0d.jpg,Belarus,BY,55.809204,27.973134
13327168cc9e45bcae8b1caf4d553052.jpg,Italy,IT,40.926921,16.072173
15bae918e55848218514ba7686c947b4.jpg,Germany,DE,50.007482,10.665394
3cebe0d58f2b414bb7ee428b9c997c2d.jpg,Sweden,SE,64.151277,19.685873
b81df6b5c5b441fa896fb8c5d56bb981.jpg,Poland,PL,54.160846,17.942825
e22646b5278c4517b297f6603c541bb0.jpg,Sweden,SE,67.257289,22.747307
30ab5842b0e44d59a8a75bb71e9b22fc.jpg,Turkey,TR,41.664153,26.614502
a640586e30db4908bf576536c0ceb716.jpg,Spain,ES,40.448122,-0.219346
d23658ba75e44bd8b06ea352a1cec65a.jpg,Finland,FI,60.624597,24.353904
bf260f0c4ced4699a67dc965ed4b7412.jpg,Belarus,BY,53.235941,27.234075
cb2a8f7978c646f68f515ea610f56fa4.jpg,Italy,IT,40.594303,8.293516
5f4eceb86bfd41438a37255d2088adb3.jpg,Sweden,SE,66.726631,19.844821
e948972689f74453912f3910fc3eb1bb.jpg,Belarus,BY,53.666846,31.647785
243299c474fa45938d36a53c8b1d01e6.jpg,Sweden,SE,65.980633,22.866528
69bb0e4c46d546e5a0f73f109004d2e5.jpg,Germany,DE,49.279339,10.928837
0933fe88fc53443489a88c553c0a69d7.jpg,Turkey,TR,37.110762,30.616313
c555b21338bb4220adf661d7bbb443f8.jpg,Iceland,IS,63.839165,-22.434736
5bf1da7806a44084b8bd1d695d82c831.jpg,Spain,ES,40.330093,-3.448117
4f165c407a5b4c6a8549c4697fe424c6.jpg,Germany,DE,51.847743,6.165924
a8db269dab3d49eeb871448f3852789f.jpg,Norway,NO,63.936447,10.222638
e44b133e006f4e78875ad5f242d7bc38.jpg,Turkey,TR,38.45382,42.395646
d7b9370f2dba42de9df9c0a4083320a3.jpg,France,FR,45.144669,-0.479978
45541e0fa5404535b4df7b53b2e35496.jpg,Turkey,TR,36.535044,33.454668
6aded972a79d4ad5b3fd26e58e8128e7.jpg,Italy,IT,43.523567,11.589749
75711b9de35147f795f253d5aebeae0e.jpg,Belarus,BY,54.341532,26.20063
f51a23b12df24211823c5f17b46f5e2f.jpg,Poland,PL,52.322636,21.565853
60b6fd0a0e7a44bd8b8f43ca49bc4db7.jpg,France,FR,43.730084,4.062347
ee6642b79cbd4b329fa0282721131227.jpg,Iceland,IS,66.124523,-19.072896
8445462cbc5c43a4b10d13d9e1bc5882.jpg,Norway,NO,61.386876,8.810942
02f143f6fdf6449b9cf4ae6060eb6c3b.jpg,Italy,IT,40.559767,16.265649
e5ae2cc17b5e49b69db525d1c8eea6a6.jpg,Belarus,BY,53.936709,30.204444
c2e5cdec00cc464cb75cd51336a96a1f.jpg,Italy,IT,43.028617,12.89218
c15e2f6601224c76a391202ff85da0df.jpg,Turkey,TR,36.912014,31.125777
7895e8d5ba4a489bb72c3965bffc554c.jpg,Spain,ES,39.709139,3.014539
4be60f9a30a64b17929a32ba4cd39ed0.jpg,Spain,ES,42.019372,2.992918
939538b49c764308ac2d4356a65bb6c8.jpg,Turkey,TR,38.784368,35.455759
145a88dacdab46ff96e8c1e5de011961.jpg,Sweden,SE,65.412038,19.402669
e53895b9ea8447188cb6c8a5f95e2aac.jpg,Spain,ES,37.486248,-5.626076
0050602ff67c4226940f39601ead69fd.jpg,Germany,DE,51.058411,14.616768
b5043979dfed4968a4faf6995b13cd51.jpg,Norway,NO,61.106855,9.108772
29459b40295b43b7b40d4e4faed6926d.jpg,Germany,DE,52.17672,10.481295
02467a44220043d5a7d79737566a7c55.jpg,France,FR,48.257256,-4.538719
b3cc3d4ee69e4519b081d9c485622238.jpg,France,FR,44.084387,-1.310524
6e23488d1d8744f38beafa8a06c098e4.jpg,Spain,ES,39.275893,-2.205168
b08d1747970640229cca14996978fd8a.jpg,Norway,NO,62.468273,6.104138
1cd35ef403404f369a86349fda05b236.jpg,Iceland,IS,65.581726,-23.186609
515dd87b42f04b488f0ec46d4d3749db.jpg,Belarus,BY,51.969796,30.447273
17dadfd993004d13b9c3314fbe37ca73.jpg,Turkey,TR,39.740129,42.940702
7ce8d5eed53140828eb62903e466fbd4.jpg,Iceland,IS,64.118417,-20.625491
9efe456471254b6b81b3a5eed33119f7.jpg,Norway,NO,67.308332,14.531155
0eb204d6c624425680367d2ab0811084.jpg,Turkey,TR,36.206228,36.198233
37a3580f78af4ee0b1f2f2c1f98c5d19.jpg,Spain,ES,36.804632,-2.132193
843f2a498fa14563b43702de09a2c0e9.jpg,Poland,PL,53.634273,20.755456
6d1a60b12f0a471c99a7889785fbe25a.jpg,Sweden,SE,61.797304,13.505918
cb48c55d3cde48cfa83b0cc63b74c903.jpg,Iceland,IS,63.988715,-18.91654
f31a4cf740b344509f1f09d32b35b060.jpg,Spain,ES,37.674876,-0.889448
1fd7b8ef63e84e8fb3839eb7130461da.jpg,Norway,NO,66.339523,13.411082
f97dae741bcd45ed936295e56274bf90.jpg,France,FR,43.761831,1.233119
bf4161afa7834060b34d0f790c046a3d.jpg,Belarus,BY,55.477076,29.076364
720fa8650cad4405bf42a4a1b9938317.jpg,Spain,ES,39.520131,3.287639
6c44076d052d469195a0f1184ec57eb6.jpg,Spain,ES,37.557241,-4.051856
617717ebceb84f5d900a73c602d4725e.jpg,Spain,ES,42.92849,-7.663963
46b2e1de02ad4449895020701dfce516.jpg,Norway,NO,68.842188,18.268426
e919b06631254bf986b2acb0c3b3dcac.jpg,France,FR,48.155107,2.343306
cc7eb6c93844412cbb0cd189464da276.jpg,Turkey,TR,38.260489,40.958394
7ca709b1cc044107a24911e34f9b22d6.jpg,France,FR,45.134991,0.538277
b918e9ff72c14d8f8fed7e9c8cab3944.jpg,Finland,FI,66.13501,28.480281
ed51e6633d3a4fd68533dd8637e38743.jpg,Poland,PL,54.496962,17.060184
88622b48b36f4b64a1a7bf80d1e7f574.jpg,Spain,ES,39.930903,3.826913
fd296eecd74e4d4e99ee5a2d33db6d77.jpg,Belarus,BY,53.726094,32.076557
91b2e39329b44434b4947ecced6af9bb.jpg,Norway,NO,58.672607,5.595401
2a439d6e2cd2406fb55f65d70c6715e8.jpg,Germany,DE,51.500331,8.341294
fdfc3accf4a44086a07f5a65a8775546.jpg,Turkey,TR,37.350063,27.508666
a4881cc1011d472885cf928337d05c44.jpg,Norway,NO,69.454939,17.347546
af03c0f6c9ee4ccaa35f9e1692fadc62.jpg,Finland,FI,66.598129,28.989443
c24594ee96174debbd764bf65e02059d.jpg,Norway,NO,58.330126,6.265267
f86933dbea414661a13c46fc253b6e6b.jpg,Sweden,SE,57.859303,16.300495
a72513de1f4d406e94ab792365a0c345.jpg,Spain,ES,36.847105,-4.451494
dc8acb6ff560476c8c3180f4ca1f5241.jpg,United_Kingdom,GB,50.348435,-4.662825
5eca2fc7b450417a8fee8610320a6050.jpg,United_Kingdom,GB,52.844367,1.063985
85d25f802aba4c79a5e836914c323037.jpg,Spain,ES,39.026099,-3.374009
1329806b387347e28e2fc67e5f97ee0e.jpg,Poland,PL,50.970347,23.18315
a3f3e65875a84db88c08b864420cbec9.jpg,France,FR,44.184349,3.435827
7eeec8e67b2940c3b3d1e7df0c105471.jpg,Norway,NO,70.083503,22.009552
3aed9af5773e4956b96adbeefb5237c0.jpg,Iceland,IS,63.972086,-16.86272
f32df68d63a3407aa020197f3d880b68.jpg,Sweden,SE,65.632147,22.31811
7791758ff3534689aca390923a56df2b.jpg,France,FR,45.786002,3.014495
a8f654777fc54d04831d67437df29684.jpg,France,FR,47.209642,6.824378
0c1c78c220514ad1b05238b8a7a9e844.jpg,Iceland,IS,65.881348,-22.300504
31c77b809df446f9a718fa205c1dd5aa.jpg,Norway,NO,69.626816,18.969115
7e6fb5afbfc94871b5f7faa17e527e31.jpg,France,FR,50.545104,2.475844
30686c35b76c4977864c2251d7fdfe7b.jpg,Poland,PL,50.746038,20.947442
91d63f5e738d4fac9c42b80707d1b5d2.jpg,Belarus,BY,52.300298,30.924334
64b29ce0052940deaa6ec40b82799142.jpg,Sweden,SE,64.679159,20.946116
d61f1808e1a44a3f99673644685da897.jpg,Turkey,TR,39.45114,31.440788
04bbb772a912429da1d74023e06995d2.jpg,Sweden,SE,65.486279,19.329744
072b8a94f3eb4c64ac48e804607c7c03.jpg,Spain,ES,37.031067,-4.544283
cce79247df0f451c980e190ef3e9edc1.jpg,Sweden,SE,59.358865,16.887215
a5826ca8bf894e79b1596189212a704b.jpg,Norway,NO,68.340864,16.330012
16b2c929d3bf4df49c5da8203ed5e688.jpg,France,FR,46.348986,0.186287
2931ee28b80a444fbda39167a68d4799.jpg,Italy,IT,43.578869,13.498627
5c7b8838d97149b0ad048655e20895d4.jpg,Norway,NO,63.551359,10.187933
acd05668cc654ebcb489020c6d03ae10.jpg,Poland,PL,50.567062,21.676632
c35fe0cb05fb473981a06e8ecc5a5f91.jpg,Spain,ES,42.425237,1.903293
9e7d9f4dcd69415682e46b6179f7885b.jpg,Sweden,SE,65.627285,18.934853
899d1459a151443f8265999832ce421c.jpg,Belarus,BY,55.032563,29.304935
eac386a6a4e64e51b86207df0d3ec4b4.jpg,United_Kingdom,GB,50.375563,-5.041491
34fed141bbd34da396742765e24f9a1d.jpg,Turkey,TR,40.738456,36.231569
07e09c7c49ce481f8e49b217f1d20617.jpg,United_Kingdom,GB,54.630499,-5.784231
2a0a1ecfb8994bf19bce7fa1b3f2dd48.jpg,Iceland,IS,65.900993,-18.061126
ccdf3ee406e640a2a7c391ae5660dccf.jpg,Poland,PL,50.535552,23.735592
d9d62bf41a6c4c139ebc39cd0f0e3388.jpg,Poland,PL,51.529984,15.604478
98a80b6752d84bacb8e27a41c7fcb446.jpg,France,FR,45.807284,3.535326
7ea61158865c40409cc4a24959f27ab6.jpg,Sweden,SE,64.317758,14.93895
7f0a9917bff4425780750bda1c952b96.jpg,Poland,PL,54.581144,16.905119
19ee9782abd34059b5b4173b318d3071.jpg,Sweden,SE,61.368717,13.526002
42bc1af66b5d454f86da0a685c5f93d4.jpg,France,FR,45.124963,4.177179
808ecc8aacb949e5b2d3a1f0487bfa88.jpg,Spain,ES,38.381189,-6.277205
82d5a904db924e048b4cb8cd2364e60a.jpg,Poland,PL,54.357282,19.679806
da240abf830a4db99a100bb1cd1a5410.jpg,Sweden,SE,61.791205,14.128996
5428fd9c24f7490eb784f11712da153f.jpg,United_Kingdom,GB,56.626356,-2.525955
40f95bb1faf74f21a2938309ed68fec0.jpg,Iceland,IS,63.569448,-19.863883
5c90e2570fc84b73a706b79cbc969bb7.jpg,Iceland,IS,65.563596,-19.966594
7fca2c2e1e6d4450a72f61ae13e685d2.jpg,Spain,ES,41.888753,1.067805
73ffbfb212d541fca0dfedffdd6e4808.jpg,Turkey,TR,36.971969,28.698466
c994da57dc824cbd939b11a255ebf900.jpg,Italy,IT,37.116741,14.286913
686bdd69dac84c4d9e1fe6a650f1ff7c.jpg,France,FR,47.475379,2.437681
3e9c1608f7124926b7c63a392f8e76a5.jpg,Turkey,TR,36.265123,33.522441
3d7bffdf0ec445849ef6a2670112156b.jpg,Poland,PL,51.924201,18.982082
871eebbfbeaa442c99d6ca41d9855c9e.jpg,Finland,FI,67.336016,24.906071
ec41ce4e767347ba83860cf53de88780.jpg,Germany,DE,53.823182,9.601256
2c0877f0c2b74dd9a6d68b149ed4ed4d.jpg,Italy,IT,45.645176,10.827707
d990a7f05eb0433483cfa93e428e01f1.jpg,Sweden,SE,64.409291,15.626103
132e86f90f9b4e658d9b983b91d30543.jpg,United_Kingdom,GB,50.370888,-4.96314
5429e4e0ea0a483c9e4928d11991c58c.jpg,Turkey,TR,37.838862,40.610379
721e38d1e4c44a04ba84e5629c104188.jpg,Spain,ES,41.449719,1.785866
abd2d726cfb54345bfe790e198099208.jpg,Finland,FI,62.100731,29.968609
902cd971f2f74bc194df89c58aa07870.jpg,Poland,PL,51.050043,23.521041
637a411cb1dd4ddd98d0f9804040114a.jpg,Iceland,IS,64.946517,-23.446352
326e13df8ad24ce4a501475634a32117.jpg,Sweden,SE,65.250431,16.855883
62ea81fb96204e2e8154821c1a2b979b.jpg,Poland,PL,54.352818,22.711807
04a564954b384352aadef83c91724d05.jpg,Turkey,TR,38.492373,28.04968
e177b3d5e8524f25b32f1cf8b62ffa01.jpg,Belarus,BY,55.311983,29.553656
11ca4bf126864ee8b3dd3b4c6eb9d9e9.jpg,Norway,NO,69.683688,18.804869
8effb42fe55e45019240cbbc3b13a564.jpg,Iceland,IS,65.622401,-23.474085
73f4e9ee9c0d434f9f8f2b4da430ad96.jpg,Spain,ES,28.951643,-13.673207
dfd2d37cef5d4bacbd32739d54e2ba5e.jpg,Spain,ES,42.458516,-5.42088
38d5e997e51e4ff280af3e82ab39177a.jpg,Italy,IT,45.430578,7.376267
430509ffcb564a7a825a4170c151d10d.jpg,Iceland,IS,64.912267,-14.006476
7daa10289fa44b048fbf7540fc4d40b0.jpg,Poland,PL,51.044551,23.041529
007b0d7c6deb41499dfa6e335c370d37.jpg,Turkey,TR,40.741136,30.43627
02486e64fed044d9a123ec5b319d377d.jpg,Finland,FI,64.415905,28.438687
44019ed2f04c4e9ea6d2ebc9f7909349.jpg,Italy,IT,38.004936,14.97563
aa00769901e4491b8a61f7df2f27a649.jpg,Norway,NO,68.443138,22.742898
933c074bc123446da31e1ab0d1da7466.jpg,Norway,NO,68.704582,16.527617
ba2c38769b5f4ec79a3ec611b9873991.jpg,Spain,ES,28.317492,-16.565578
6ec2129b3bd2461a9369c4e1c1873f5c.jpg,Finland,FI,65.75071,29.193629
df34132c110947b390ee6fd74bd12f12.jpg,Norway,NO,59.909556,7.211085
e95d06ad3e5646479dc24ee69961152e.jpg,Germany,DE,48.195134,10.927748
449201e5385a4f7a8d25d5bce122853e.jpg,Finland,FI,67.898402,23.954186
6d60d6562a904a85892a7043c71ad77f.jpg,Spain,ES,39.64826,2.698728
9052d173d0f74c9aae99773a2cb3cd55.jpg,Poland,PL,53.116062,22.8425
aa691e929ba4436aa828ec60ab5ea880.jpg,Norway,NO,59.460237,6.327041
fdbf4ab79c0848fc893146d68ff76d3f.jpg,France,FR,49.994325,1.737158
62a73fd37614483d9dea37c478073805.jpg,Spain,ES,37.655278,-0.808124
d1843b7afdfa48c5b69dc60d7e4e0ee3.jpg,Finland,FI,61.505708,22.966829
7865e6dfd70c4bab8cf9685ebdd587d6.jpg,Finland,FI,61.341425,21.773551
d79cda0ef017479d872c09823cdf52e1.jpg,Iceland,IS,64.945375,-22.900832
ffe0770394ae400485138dfe10543d2c.jpg,Norway,NO,67.348437,14.548636
224a92c429164ebe89b20268a42571f3.jpg,France,FR,47.943763,4.513505
a865cf84866440018fa570db90d5576d.jpg,Spain,ES,38.011527,-3.838726
af78de68883b4e54b72a313c91e29765.jpg,Finland,FI,67.628723,24.204512
8b5c4cf7c9bf4d85b965952e9efd7680.jpg,Spain,ES,41.028628,-1.658791
a2d3f3190bea4e3fa21d917f95f1a8ee.jpg,Finland,FI,61.309372,23.478915
8329c0f3c4734d5aab6a5d6cf972211e.jpg,Iceland,IS,64.847656,-22.667702
96f121454bbb482b86415dc69a4fa20d.jpg,Sweden,SE,56.549416,15.448048
98b9c3176ade4d3286f6142a2bf5e547.jpg,Turkey,TR,37.2329,32.228513
0107c5d7064d4e1b909e216d4c71a09a.jpg,Italy,IT,40.450208,17.333467
b76566addbe1478c9f2ed275430c530f.jpg,Poland,PL,54.150583,20.444417
fcbcde6ddbd34fdba7cc3c73d36e6d46.jpg,Germany,DE,50.720617,11.021189
05d1f2e4d9934ec99dcd09a47f78f3f3.jpg,Sweden,SE,65.691216,20.476206
0a819750fe844721930b4f5342f47c7c.jpg,Poland,PL,52.063263,15.221163
e1bff04d9fad46ffbca2c39859c4dd20.jpg,Norway,NO,62.368762,6.008613
e0a7a0ac1b8041af99c7f0afe0907958.jpg,France,FR,47.326428,1.69145
705b29a6c07949b892bd9400d3f9ce9c.jpg,France,FR,48.460255,-4.580968
3728eb4b80514092ac647f770d633b44.jpg,Italy,IT,37.56623,14.917226
93df3925f2204735a60b41faf932d963.jpg,Finland,FI,63.499101,22.632764
59fea02ee1af4f6d9e2132ed2278f56b.jpg,Poland,PL,51.039568,15.907589
c1cbb1813a1949bf8122fea483278b7f.jpg,Iceland,IS,65.983133,-22.856357
1e986b508a4c43dd83574b45cc1c28af.jpg,United_Kingdom,GB,56.046013,-5.178459
6ee8b69ae4bd4fdf8b82ca8e0e175811.jpg,Iceland,IS,65.394461,-15.432111
a04ef04ae8364cb3b58222f52c5e7966.jpg,Poland,PL,51.483719,22.260235
aed22d4cdde94b6bab7b36e09e070ef7.jpg,Finland,FI,65.48287,25.341775
f62b647fa0814b80969b4865854ed2f2.jpg,Italy,IT,40.792529,16.167957
9ef0664e02504e7f9e27e805f892df44.jpg,Norway,NO,64.094961,11.524661
082b6c4e18d742bb91b2bb3bb8e0847e.jpg,Norway,NO,62.557613,6.12716
3c4d8402ce24423b9ddd39e5b62e00ff.jpg,Belarus,BY,55.77185,28.605137
4b8fb1010201448bae1bd3ef2f439ecf.jpg,Germany,DE,53.664453,11.222042
c3112de98daf412b8e61eb12128fd9be.jpg,Sweden,SE,59.865138,16.822127
22fc55cc98f84c3d87188d088c07fac1.jpg,Italy,IT,41.551019,14.748481
5e585d8cf571420794c6aac8208154d9.jpg,United_Kingdom,GB,53.854416,-0.416005
59407328268b4001a7d9e1d49c42f05a.jpg,Italy,IT,36.740933,15.116421
554d10314c934eb19668d3779390f62a.jpg,Belarus,BY,55.992684,28.646943
2e173c6c06554bf1b04ee72469be9c13.jpg,Finland,FI,68.357795,27.400849
9ce43f9c53e7487a96e858cbd7bb538c.jpg,Germany,DE,53.991302,10.141287
b39b40c25c9b411a988972cee7c02235.jpg,Germany,DE,48.783557,9.514531
0eb950d6cb474fe09c122c2412ff1011.jpg,Iceland,IS,64.909923,-13.99471
565202c58e7d4a3dbb176556969dfbe2.jpg,Turkey,TR,39.007267,35.563393
0eb4adaef7e84ad7bde72aec23e3f108.jpg,Norway,NO,67.260499,15.433198
477184d5b8e742849af6d7831725ce3b.jpg,Sweden,SE,64.377302,15.644258
c8bc1d669d43430d9b66d057ed0a358b.jpg,Turkey,TR,39.87254,39.256192
50d82288a0464d48a81e9b46f06a5203.jpg,Norway,NO,59.398699,6.193597
187f3ed7673f402780598d637c8fa2e0.jpg,Belarus,BY,54.554917,30.455503
359034b428c94dbc903163183f6c1269.jpg,United_Kingdom,GB,54.517056,-5.548987
5d0906eeb0134f6c98e4faeb67846fca.jpg,Turkey,TR,36.632633,29.223868
bd810c760f6e4bfba13233aa5c8b23e7.jpg,France,FR,45.697205,3.748992
b35857d6e3f340958c217f6cdca912b9.jpg,United_Kingdom,GB,58.476123,-6.277236
edf47c1038da4b5985a32a7e76b680f0.jpg,Iceland,IS,65.511953,-19.735448
6fae79d9ec5d4d1db1825d5a85035316.jpg,Norway,NO,58.263116,8.166065
49e2d8b39daf4773983532c588cf1b06.jpg,Iceland,IS,64.062095,-21.559126
117e56030fea49088898c6fd8b8d19b7.jpg,Italy,IT,41.914684,15.138913
949378164bc64c198dac9f43b154e297.jpg,Norway,NO,58.320093,8.058448
2c00206fb99b41df96648360e3a7e611.jpg,Turkey,TR,40.565718,35.992789
8e0548dc5b8c4c8db7ee76d8816edae5.jpg,Finland,FI,61.92056,24.718536
f391e7bdba4a4e2db0a5e27a4ac7cd68.jpg,Turkey,TR,36.145184,36.210803
0484a47f65884c1a949f9e1dc2dfd01e.jpg,Spain,ES,42.745708,-0.516635
555f131458d74c8ab45df922f3792a1d.jpg,Spain,ES,41.888569,1.072057
1135a575e63a4062a12b0638f21f6c2d.jpg,Finland,FI,68.352694,27.392649
725db58f92a641d89c18671bc69f863a.jpg,Norway,NO,69.780044,25.169465
a436ef12ca524e8eab2ce6e50edf438f.jpg,Iceland,IS,64.002237,-20.978885
9ddc90beba2342068a9dcc62f44a2031.jpg,France,FR,44.325544,-1.097516
c8cead672fe243ec8b4ddebb58cf5710.jpg,Belarus,BY,55.719023,28.244802
d0b52124701b4d688acd31c9cbbec99a.jpg,Poland,PL,52.206483,21.358505
fa9ee99ba8a84510b4e4f4fa7a91c9e4.jpg,Italy,IT,43.524524,10.459475
dce0c41b2052451494965cc1f0a9fd19.jpg,Turkey,TR,40.614187,43.392593
3cb3538cd567483a9ca1987a8796c625.jpg,Spain,ES,38.116988,-0.550413
cfa1f3583553443d9dbcfa22fd926407.jpg,Spain,ES,39.000437,-3.927812
9330caf2f5594befafbb6caa52287ae0.jpg,Germany,DE,50.254917,8.989502
e38fd7e01585407cb24598f7b26a1b79.jpg,Norway,NO,68.501656,16.889378
280cc8e65fc747668dad59b5362570cf.jpg,Sweden,SE,57.660029,13.327479
3570f8ba997047d19831e4eec0b1dec4.jpg,Belarus,BY,52.979181,26.881763
1ecb94202aba4d5591be002852496157.jpg,Italy,IT,40.736604,8.532698
c80f5d8aedf44c5e84199ee8b59a4f71.jpg,Poland,PL,52.479205,16.535006
31461abae3ee43aca139e8c1d68e6481.jpg,Italy,IT,40.979115,8.930611
82f204cd6e1f476888492388c363668b.jpg,Germany,DE,50.119775,7.437426
4415a1cec9f94abbbf271e82a344f52d.jpg,Spain,ES,42.804393,-2.905447
502c47587e944a5bb364ee50e24ec562.jpg,Poland,PL,53.211752,20.848399
edfc6eac501049478abfef9177878be5.jpg,Germany,DE,50.730307,9.237267
17ebfbaf5fad4524b6b5ccc74f86495b.jpg,Spain,ES,40.693348,-4.105842
2a619b6675334db2b5e519ae70cda993.jpg,Finland,FI,62.302979,27.308843
388a0c4fd4194ce5a74dfc132d21a2ba.jpg,Sweden,SE,57.561072,18.709824
114c855f17554beeb102c2bceffb1bdf.jpg,Italy,IT,43.594344,10.734146
dde87a96dae74dd8acf54fc7f5a821a1.jpg,Spain,ES,43.294698,-5.136941
053bbfa8abc24812b9ff11460e9d644d.jpg,Italy,IT,45.188992,7.657575
485fc301ff544e349d552510f9c59c7e.jpg,Italy,IT,40.485485,16.303157
4b21188c9d3348e2a155e05544fe064e.jpg,Norway,NO,58.926934,9.315328
bf4104f65da5494a802dbd8b33b6eb81.jpg,Spain,ES,39.54071,3.237928
bac7d427ad3f4f56b28ab193c2b945a7.jpg,Sweden,SE,63.154321,14.227609
78c653eb152e460881594d2ac8b922f5.jpg,Italy,IT,43.811763,11.230281
a683c8ed9c064b29a214c072bbfb63d1.jpg,Germany,DE,51.039147,13.520706
bd708d2bb14d4d6489114c97b256010e.jpg,Norway,NO,60.81791,5.820652
49ef156911ba439aa0c3ff8b252148c2.jpg,Germany,DE,48.648046,13.410859
f088661c239c4dee90e4d42632215935.jpg,Spain,ES,28.651833,-13.831988
2173d2b2add34268b2fd56bf86d10079.jpg,Italy,IT,40.517973,17.935881
bd3e0068cdd04c11b9357baab00acb0e.jpg,Norway,NO,61.072149,9.139598
9f0bf1e95f0a4fb8a7bd16b2a2a85545.jpg,Italy,IT,38.743118,16.475035
0fbf5296f7264de8b68bfe4e0a08e599.jpg,Turkey,TR,40.833621,26.632051
b3656db2f23148ba8babdbe2cc4ed6b5.jpg,Belarus,BY,54.497546,28.823381
a2fac261b9f44032abd3c5dc07ad585e.jpg,United_Kingdom,GB,50.887392,-0.281515
b53436edd5e54d06b1cbdd5d30142e78.jpg,Norway,NO,58.424621,6.017502
49aad7c10de9414e9ed30554109341f8.jpg,Belarus,BY,53.129083,29.487088
9a6af165444848aa9e8844e2e82953c1.jpg,Poland,PL,51.445328,17.822866
eaebe75f69884643b81f1a4010b07242.jpg,Norway,NO,61.738356,10.185951
6a555120a2b0458bb2645204ae026095.jpg,Spain,ES,43.729278,-7.687743
40bd5e18347c4303b1a44ace389427a2.jpg,Norway,NO,60.902419,6.861809
c0c49d15801840bf98373fad1fd80c02.jpg,Iceland,IS,66.565946,-18.020466
38ded8735d964b529f2dd63180b901ed.jpg,Germany,DE,53.31132,13.933292
fc9dec5428e34346ad8a5223b24684f1.jpg,France,FR,49.688398,0.545141
1c2dab4a72ac49ce91ed40b02b3a2e64.jpg,United_Kingdom,GB,50.635871,-4.501733
92a4796e46b342f69059df9c0e93e446.jpg,United_Kingdom,GB,52.339959,1.331629
1bbac00df7fe4650baf9657bb53459a8.jpg,Poland,PL,52.242688,21.261324
84844c76f1dd4a998ca731f775a4791b.jpg,Finland,FI,62.015428,23.660301
f99652db3f5f4f8494b1becb842ff12a.jpg,United_Kingdom,GB,52.628743,-4.090378
08bba0c47b74404db368fe02a5aff9e1.jpg,France,FR,45.534759,2.353654
d7d6c5077feb4464bf19fb49aa3d92d7.jpg,United_Kingdom,GB,56.221671,-2.91415
ef794c077b1c448da0d2326b1fd5b242.jpg,United_Kingdom,GB,51.907226,-1.521096
b7221be5c4e149d48ae34f7b73491b50.jpg,Belarus,BY,56.028425,28.326887
0f5aa9c6227d49adab97db2bf087e8fc.jpg,Turkey,TR,38.50802,33.952951
bb5a7dcfb33e4d1b8bbc1d0bf699fa1c.jpg,Germany,DE,48.349236,8.777997
052b421b96fb40579bb0c3bb9d45f007.jpg,France,FR,49.020105,2.702849
fa34a89cd5934cbe9d563666ae5994ca.jpg,Poland,PL,49.819205,21.424565
41388e2615d9437c9f3fe0b95c5f7ca8.jpg,United_Kingdom,GB,54.28438,-2.767693
9e73d0d4346f4ae7948696d29c7adf8b.jpg,Poland,PL,54.612728,18.389594
ec8540bdaa284292ad4d2da83409d4f3.jpg,Finland,FI,63.144236,28.044601
7f7f5546796046f7aaa6d7269e3fb32f.jpg,Germany,DE,53.759318,9.07934
7dd53eb9dc594496b75663179e16e2d1.jpg,United_Kingdom,GB,56.519868,-6.956313
6e0899342e6d4a4182b6ccdb3e6e8f2f.jpg,Spain,ES,37.634291,-1.058203
ea1c6eed732c4022bb0b6cdbfb28185c.jpg,Iceland,IS,65.224854,-14.349365
1e17bcec513440ab9beb5f4f38d8b464.jpg,Germany,DE,48.167884,7.721377
dfd80d639d1c4625a5af1c8d76b51f6b.jpg,Turkey,TR,38.638033,35.869781
8125d4269d1848e3b0c4a3639f1fa952.jpg,Norway,NO,71.115056,25.700177
271f4acce1aa4782a6617bd8d847d437.jpg,Italy,IT,45.866401,11.550691
c5601809f42b458c9da5dd388aaf99db.jpg,Italy,IT,46.266624,13.329665
c010a9559bae481485f85986a4d42351.jpg,Germany,DE,53.924532,11.486047
5477f0bf0aa841be9c09d5812dafaaa4.jpg,Finland,FI,66.11567,24.834209
081663b20a734e71be16f91514fad3a6.jpg,Germany,DE,53.089773,11.289851
3a459ad6dd264e94935627a6a705529c.jpg,Turkey,TR,41.224597,36.452698
c731d8a2c1944e05b8243bae7590d3b7.jpg,Spain,ES,41.94892,3.106373
e5f41e95070f4c02a5dc3911929ac502.jpg,Iceland,IS,66.052907,-19.052127
2d341e3b17884c56a18a36ef0dbcd398.jpg,Belarus,BY,54.591302,29.066843
e46a8e053b0d473485e4fdbc2e56631e.jpg,United_Kingdom,GB,58.501682,-4.816372
48ff48bcd32e4b80b92c826714ce083e.jpg,Iceland,IS,64.964155,-22.890035
b5ad1f3d02434b5386e6cea10019f7db.jpg,Finland,FI,63.103757,29.815951
938b038921af498dafd8f774a114d369.jpg,Turkey,TR,40.615055,43.200825
0a951d24f4084b3ab2d096dff456e4f0.jpg,Belarus,BY,55.431243,28.746471
599a4338b8ce4319a91c7d0c3e52bf88.jpg,Poland,PL,49.511805,20.239689
8826cfdbd1884338a42829c890b05c36.jpg,United_Kingdom,GB,52.087129,-3.678146
ea8ee180a36240f497f5df9463b71473.jpg,Germany,DE,51.33864,8.955279
d0b4b63a9b5c4468a445c74f1c9e0bf2.jpg,Poland,PL,53.469542,16.197437
47ebeff71a5b4e818751de1e4e35608c.jpg,Norway,NO,69.293191,16.017455
6431c97afd7d4a7f8eb53df4d7df61f0.jpg,Turkey,TR,38.252436,41.018467
e640fcb750634ddd86ded99c317e3262.jpg,Norway,NO,58.259866,7.971655
989d1df7cca549d08c57dd177ed42525.jpg,France,FR,50.494227,1.624388
9d2cf3feaff64462a8aa3dd998fc34ad.jpg,United_Kingdom,GB,53.871321,-2.757613
3da883761ea84b689581ad095b916dd0.jpg,United_Kingdom,GB,50.341204,-4.239431
47cba054b8bc4a7098ddbfa049e75ffb.jpg,United_Kingdom,GB,55.994247,-5.205006
36ede0714d5548b294b0ed3e1be886ed.jpg,Finland,FI,64.005835,29.429391
36383a6350374ba48ba0e5c8e01d8878.jpg,Spain,ES,38.627017,-6.36858
b4c17bc571ee44d6a0155a671215ea2f.jpg,France,FR,43.647487,-0.906509
a9872f244a9d40f6a2f5168d2e5ef679.jpg,Norway,NO,61.182745,12.943767
cc293ef07f5148d0a6f85c566e4f55b0.jpg,United_Kingdom,GB,55.340282,-1.596644
cc5ba81578c74f6d81883334be939568.jpg,France,FR,42.518416,9.397703
7f9e0ebe976041c7a721ca86cdfe24a5.jpg,Sweden,SE,61.262393,17.131567
03c58e4f51d44b7f80a585800fea69b4.jpg,Italy,IT,42.985037,11.958973
e0a90de085624c509fdd58c4384ef38e.jpg,Belarus,BY,51.635884,29.09308
d749b5c6d12046289856583dc4201418.jpg,Belarus,BY,55.215464,27.91274
f36e62f8f746411dac1b170b9b6d4a81.jpg,Iceland,IS,64.416867,-14.587286
3b0f9dc9175b482e947b28670acfda7a.jpg,Poland,PL,53.415636,22.45583
5e63258843c341f7be2ebdbc594a42d7.jpg,Poland,PL,54.641503,17.66953
780e7472c79d47d6a62b492fec8e3545.jpg,United_Kingdom,GB,56.424635,-4.834722
56541ba7868041378fab5aa3abb55d94.jpg,Belarus,BY,52.896863,30.377933
026d865df2ba44fda58addac0a2bf458.jpg,Sweden,SE,61.758814,14.156599
5bf4bae616664234aa18e3167fccb416.jpg,Germany,DE,53.769189,11.420896
e65c24d6566b4444a5f6efd51e3dd579.jpg,United_Kingdom,GB,50.279947,-4.991215
c6e612672aa840f882433e9940343d2f.jpg,France,FR,43.387337,0.071518
1c53eedb68c4431eb38c3479f8cab058.jpg,Spain,ES,37.70403,-3.378868
3dffb8fdb0e04a49bc7fffd029d52133.jpg,United_Kingdom,GB,59.082222,-3.321316
0ea8e9702a8c414d9cf2b82759540363.jpg,Turkey,TR,39.894883,44.061837
ddc2e5c843794115bed98b69b3942403.jpg,Belarus,BY,52.749695,30.771588
7034d6cf82ef4d60807b690c8c1513ad.jpg,Italy,IT,41.004705,8.893063
7a7577f6ffd84504913f7e1d2273ba9f.jpg,United_Kingdom,GB,57.583569,-2.810756
446f1b7e3a3e49a6bcfdfd013f85254b.jpg,Turkey,TR,39.713962,39.583409
2e9f372d6dc94ad3b2efa556e459dc14.jpg,France,FR,45.410017,6.00905
a99d4bd5ef184cf3ae6a9a3c26decea6.jpg,Sweden,SE,66.119462,22.864653
bacbac8e78bc45c09933a6c038bc7df9.jpg,United_Kingdom,GB,52.941973,-0.598363
2df79f2af0684748a0e150c325d8d204.jpg,Poland,PL,53.98536,15.022793
8f4ea52c02d4495eb88f73687f8baf4a.jpg,Spain,ES,37.169503,-2.875597
de6502f5b24841e2912805fd4cf8c9f0.jpg,Finland,FI,61.127917,24.812637
67cfaa470704417fbd16e6619ff45319.jpg,Poland,PL,50.082249,22.375839
318bca29a6ab4ba8a1eb0aa50a63424a.jpg,Germany,DE,51.620887,14.184331
b85e3c1fddab45189e24e9cba220137b.jpg,Germany,DE,51.964758,10.663356
a9dbeee1c94341e6952ac18a616132f6.jpg,Turkey,TR,36.968532,35.035434
295190f42ca449399dc2bab5f2327979.jpg,Germany,DE,47.659986,10.740767
117cf3943dc34da9805e569cb2e285fd.jpg,Finland,FI,61.306473,22.813527
67aec5199ab84536920c5dc5c266db27.jpg,Sweden,SE,65.249473,16.860178
b39c5baee13742cfb4a11ef31fdf66fb.jpg,United_Kingdom,GB,54.534103,-7.65869
f736264fe144442a9d9f5acddf607672.jpg,Sweden,SE,57.640896,15.68303
7c48b910cfb4414cbdf5370662571618.jpg,Turkey,TR,39.34618,26.780973
0cc5449bf8664acd916038f1cde6a0ce.jpg,Sweden,SE,58.278021,15.379167
b144fde8a21a4e9eb57b1d2c4d8b08dc.jpg,Finland,FI,62.435993,22.779096
9190d9054fe74c7883b0c3ea43511680.jpg,United_Kingdom,GB,57.139032,-2.345746
96d512aea6d04d3eb895f0f4395f28e9.jpg,Sweden,SE,63.902702,15.253195
6739d67cae034a77a6a56832143a99ba.jpg,Norway,NO,69.717876,29.84432
927e06d037d64c90836b045601424586.jpg,Iceland,IS,65.587265,-20.069707
3a56ee5181a34a5ea936d4fd4bbcf9c2.jpg,France,FR,43.64486,1.217469
d742e97f2b75414885c6370c63cde4d9.jpg,Spain,ES,41.980235,2.868886
035e5970e12c45f58e042891e9c978cb.jpg,United_Kingdom,GB,50.227643,-5.078651
b65469d62782470fae14d0a080f34b4c.jpg,Poland,PL,53.226021,14.644797
eeb58e3fb7eb4c39938aaca45cafe664.jpg,Iceland,IS,64.826734,-13.929454
189f95a2d3c549698b8f7de988e16576.jpg,Italy,IT,44.895477,12.46186
8ade06e1bae8429794856fc0f5f981a8.jpg,Finland,FI,66.231408,28.823469
9a1515966fa24c36b8e59dbe5e107588.jpg,Poland,PL,53.002843,15.012551
685eb95286a44e568ac2ce992145dfca.jpg,Sweden,SE,63.49659,12.470929
faea5d0c8df8408bbf7cece638aba598.jpg,Sweden,SE,58.379225,15.896588
0057bf0f91f64f04b899dee57ade9960.jpg,Sweden,SE,62.448483,17.308534
72cd8f42b06540f785f17f922143fd89.jpg,United_Kingdom,GB,57.305492,-6.234993
0ae48cb6fc614004815df7547ec50332.jpg,Italy,IT,43.485511,13.633364
447ba47892b142a8844e8eb09cb8447e.jpg,Norway,NO,63.991095,10.17947
d35d570bf593493cae797d8a4aae0ca7.jpg,Spain,ES,36.701668,-2.717626
0b0e59e39c674705a1230dba42169f75.jpg,United_Kingdom,GB,50.58229,-4.703927
b54277e4fcd54407bce6c609d1c427cb.jpg,Norway,NO,59.635947,10.696542
021be4c6462a408dab42813843fdd598.jpg,France,FR,46.399715,-1.32036
462a4e9dddaf42a19df3f6cca9229345.jpg,Finland,FI,63.125703,30.601843
bfadb75b7e584ca4b33f9ce568378267.jpg,United_Kingdom,GB,53.334171,-0.231633
617ecf254b5144c6a100bab74f084e59.jpg,Italy,IT,38.052958,13.15384
0f5f53aeaa3a4647a85873d42874ced8.jpg,Spain,ES,39.489617,2.805731
961e07530f24434da9b58af4486a1034.jpg,Turkey,TR,40.160884,29.371821
0904e4a00bee4c709711fd3d41861507.jpg,France,FR,46.051633,4.355845
e6c4ad8b0e784f419b5e6f47c755bb8f.jpg,Poland,PL,52.331743,18.299378
2535ff90ba4145fc8ccba3dceed628a4.jpg,Iceland,IS,63.657997,-18.41391
26c2c56cde024985bf61e80532597028.jpg,Belarus,BY,54.571474,25.739879
765a73b59fa943f28dc2bfb872c8142f.jpg,Italy,IT,46.596419,12.720964
8533aad7b67b45c5850d19b560fa8e2d.jpg,Italy,IT,40.935194,9.314385
0e63e15f1b264aeb8a49d1970d59c6f2.jpg,Italy,IT,39.408588,16.014914
a786644b129b4b35b7537968dfd2600e.jpg,Norway,NO,62.339427,5.871033
a895718e705c4b01912ffd32fe06747e.jpg,United_Kingdom,GB,50.647209,-4.738397
c80a7b1d63f2413a9f1de4f8fb1a8fa1.jpg,Norway,NO,61.150656,9.045609
eb7fba610651475c9c8c2d7eb3e80658.jpg,Germany,DE,48.426187,9.325146
5bc02efdebba4d70a57e327d28423a42.jpg,Germany,DE,51.826717,14.072883
816e4fc1c06d4d8195a5141f18bbd02c.jpg,United_Kingdom,GB,50.255007,-5.090458
a88c3d33a6b24dc9aae6149336e4cf98.jpg,Norway,NO,69.453678,17.346293
2a86a2f869cb4afb91b55d05974b21fe.jpg,Finland,FI,62.807034,22.926899
86c7743d6e064b778e7af55450128e68.jpg,Spain,ES,39.467666,2.899223
cee1daab84b44bb19fc6a6a3d356efdc.jpg,Iceland,IS,65.741336,-22.008326
5cbca56b8cd34f279fd209ebb4b658d8.jpg,Italy,IT,40.89337,14.610598
d0592a13deee4002a295e42514e15721.jpg,United_Kingdom,GB,52.035974,-0.351193
d4bf4d846b874683ab25793b48798b3a.jpg,Iceland,IS,65.480775,-23.956547
e583e278eb964ff7abd63968f412fdbd.jpg,United_Kingdom,GB,53.761475,-0.526509
9231f14564e3438880a318bc6f5260ab.jpg,Sweden,SE,65.321013,16.675509
5e540705c87a420283cfb364f3b1fef6.jpg,Finland,FI,64.656354,24.46336
0c9926681e244ac3852b24ae46fa9e74.jpg,Belarus,BY,53.391882,28.53611
6b2faf8da204445796074d3e69796a73.jpg,Italy,IT,40.609056,17.985908
1d32e3e15fee4b7db387746457ee334f.jpg,Iceland,IS,63.440931,-18.758089
1e96bfd111e44d59adc90b465453316a.jpg,Germany,DE,49.07911,9.385768
ea30355a301d44f182453b35538a83ea.jpg,Iceland,IS,66.02771,-22.988935
b9bac76e002247778974acc356a04359.jpg,Finland,FI,61.748476,27.457391
a0ed0f23766544478d42d516aedae7da.jpg,Italy,IT,40.612822,9.703914
03962144350540879ded8f31d4994eb7.jpg,France,FR,47.133667,3.881387
d5cdb7d269e6447787531003e4420328.jpg,Turkey,TR,39.083451,33.903759
af2e28e9781e41a0ab62cd0844960e44.jpg,Sweden,SE,63.134141,14.752372
a0cca3aa16da45d8b2499c3cb2fc733a.jpg,Poland,PL,52.902897,14.330751
7453020d93134140a1a10acec216389e.jpg,France,FR,47.487689,-0.254745
2a4d211f3ed7430db75b55b45214d4d1.jpg,Turkey,TR,39.799968,33.491669
53c37fa6039b4d5bb5f7f48ebb40c780.jpg,Norway,NO,61.539009,8.88646
119e4f3286874bbf980fd8780153a2ce.jpg,United_Kingdom,GB,56.381316,-3.8231
81fa2ee3f75c4878940c269b4429276b.jpg,Turkey,TR,38.290799,41.104076
26dbc2a4329443d6a1b8cdb74ec81389.jpg,Poland,PL,52.254153,18.917164
3932d4a4f645434f8e782aea5119847e.jpg,Poland,PL,50.836457,20.373696
4ec0c2fea0484beda5d07a5c1ebc8902.jpg,Sweden,SE,63.829725,15.615979
eb3eb7c2815440cd9ebc85f6c3f079ce.jpg,Spain,ES,39.348074,3.005866
724451d314c74488b90cbde8a8ca7408.jpg,Germany,DE,49.005286,11.265709
5c837ead584f49d6bc523933b776757d.jpg,Sweden,SE,65.600684,18.125367
f17731e23a524534ba8cf04eea59cda2.jpg,Sweden,SE,65.630805,18.928662
d36fbfc78ed846839907d0e145d44654.jpg,Spain,ES,38.216162,-2.4546
8df17b2d80a94c188996722185bdcec2.jpg,Italy,IT,37.257817,14.917591
66278afaa6804431a0822fcca02d5b44.jpg,Iceland,IS,65.198652,-13.931677
7f3a88a3321a4a12bf21d3ddbeea51a8.jpg,France,FR,43.770575,6.160239
c65415c2ea4a4b4d825a8a1832162bc9.jpg,Poland,PL,53.681477,14.631165
f17402f3fefb443383b3b140c6213303.jpg,Turkey,TR,40.989824,31.202115
96209a06e34e49b985ae30b8d6f62c0d.jpg,Norway,NO,69.378863,24.061204
cfaae8f37acd4bd484eace188a1739bc.jpg,Italy,IT,43.907924,10.275545
a5521abbb0704f33a196e9dcb5852dfb.jpg,Turkey,TR,36.58481,36.421624
1fd5d17c142e40398659d8581a29748a.jpg,Spain,ES,38.444642,-2.770463
4fd17b8b4cdf46929cd34f5d80102f55.jpg,Turkey,TR,37.680505,27.379506
99e9f730da1a412cbe7dab9049aff46c.jpg,Spain,ES,42.048934,-7.662925
d66b55692e644d3f854c976545917166.jpg,France,FR,44.360411,0.716375
a73eec28fadc42ffa9d3f97defc9ba8f.jpg,Norway,NO,58.382938,6.107381
2f683cff9dad4ec1b96ebce31c18a2ef.jpg,Turkey,TR,41.941525,34.317575
a96e5bd0a4794be2ac1643da1c42392f.jpg,Finland,FI,64.013968,29.486737
1c57297f019b4f49af175bca51635724.jpg,United_Kingdom,GB,53.569661,-0.703453
8a4c863b54ac4fe1a24ab6b52635f246.jpg,Norway,NO,58.37841,6.119521
c1e1d7c4bc734db2bcd604d741521c18.jpg,Belarus,BY,52.704815,27.450029
ba8755b2ec7a4ac2b0af24d36a8cf652.jpg,Italy,IT,42.045423,14.817839
1ae7639a71c443ed87a1af5cb0e90ebc.jpg,Germany,DE,51.476377,13.138438
bcd3e26944514ebe92d84173ed633717.jpg,Germany,DE,51.338446,14.565977
b00a49e95c2241898c8592ab3c899a39.jpg,Spain,ES,28.54494,-17.810161
189fe36fd1af49f7a9d19526d44af99e.jpg,Iceland,IS,65.72455,-17.375018
7576b75676074f60a7f1fd7069b89fbd.jpg,Germany,DE,51.425688,9.500833
9910ea5d40ac406caeeeec497a6abb75.jpg,Poland,PL,51.334549,19.996041
5faab3f69cc34477bdecedaa2339eb2a.jpg,Turkey,TR,36.171288,36.126764
3d8884e039dc45ca84d4bd4af9635e96.jpg,Germany,DE,48.355179,12.397015
549435058cfc40ec95336cb606b7d6b5.jpg,Belarus,BY,52.179286,29.907571
bb1ac9c6b78349d58a04ad774bcee320.jpg,Spain,ES,43.458657,-6.983937
d0494f711f174096beeaff330773b50e.jpg,Spain,ES,36.782111,-4.104239
03b6cdffb18d444faf01788645b56ef1.jpg,Belarus,BY,54.611587,27.909403
d86038d206fe4e7baef8198ba32e6623.jpg,United_Kingdom,GB,50.283408,-4.983344
c536c9993aeb4960b8cbba72f7d34dd5.jpg,Iceland,IS,63.83821,-22.437933
44c2ffa568bf47f6a1cdbe24dc706aa8.jpg,Iceland,IS,63.683822,-18.361406
da95342aae044ae38a8e080c29f5dd17.jpg,Turkey,TR,40.347052,39.946394
99621534847948ed83f5cf6e903ee9c4.jpg,Poland,PL,49.949015,21.651658
7dba9dd2da9c4ceabcf5c1e8aeb58787.jpg,Turkey,TR,38.982479,33.940907
7ff5d309732e412aa49c0191f16a15d8.jpg,Sweden,SE,56.80765,14.462141
b9cd1625f5bd4839b62d5f6c51c05131.jpg,Germany,DE,50.365311,6.999601
6a4432cd6fe54b2398834071104d9e5b.jpg,United_Kingdom,GB,52.383836,-1.168162
d2ce5e4794f04d8ea53f5c36ba78c39c.jpg,Finland,FI,61.633318,21.77482
a31a8ec59d184ae98b289c50bf30ead2.jpg,Belarus,BY,53.800393,25.368167
8639a55627074c82be69fb494285de9b.jpg,Spain,ES,39.36108,3.128669
c54526fae9eb4054a267ac55928d402f.jpg,Germany,DE,50.202678,7.017817
66d0a0e0a819415dbc1a9f1b49bdf1a2.jpg,United_Kingdom,GB,55.09167,-1.488232
7147affe6e6f4de1aa6c872e2ef8f8ab.jpg,Poland,PL,50.672373,18.001684
f368b52a01ad4a63b883a17c0afb5bfb.jpg,Sweden,SE,64.100378,20.752347
0b793a915a4b4c1bac068578ff0f8238.jpg,United_Kingdom,GB,56.428121,-5.208831
975d652cfd5a4bf28b4bedee21cf8bcd.jpg,Finland,FI,61.205301,27.970565
7daea2e8fa4440ecbb77cf9705d35b36.jpg,Turkey,TR,37.226793,39.642362
abe38d465a824fbdb63375f7417e4bf0.jpg,Finland,FI,63.795966,29.189846
11ad23a90a974866bb533580e1c559b9.jpg,Sweden,SE,57.082063,12.527574
f81be49b5d30454d8880c84eaae93d38.jpg,Italy,IT,45.756207,12.49561
c92bdf93ef4949e2befdada4fdc58b31.jpg,Norway,NO,59.650749,5.479506
1a4fd0cf4518459eb53fe2966b3080c0.jpg,Sweden,SE,66.454428,20.497432
4804822430614f1691cfc3c601ee106a.jpg,Italy,IT,40.532443,16.458766
f384e505e0ad49d4a7a0d0ad1a79d8bb.jpg,Norway,NO,64.038381,10.047166
f75ad218ed3b478ab76250783131d3ad.jpg,Finland,FI,62.019374,24.493438
0d4c172d1cc8401891b2fa10be90855c.jpg,Belarus,BY,52.290326,25.682711
cc927ac023544af79f7a492fb1ecd45c.jpg,Italy,IT,37.724971,14.043879
044cb462376441d3b3f91753383bbf44.jpg,Poland,PL,51.188283,17.165946
14122c86b01649bba1bcef3b19600707.jpg,Finland,FI,64.380888,29.053629
f89410da78684bbfb132faa1d61a7a77.jpg,Finland,FI,61.691275,29.674254
869244e4d311432ca7a5e94e2495ac3b.jpg,Spain,ES,41.776543,-2.851568
b14596eb0b9143588df8db29bf5cfd8a.jpg,Sweden,SE,66.657957,19.94757
9e13395ab1184ef39f63200bc71ca26d.jpg,Germany,DE,52.054843,14.231174
818d12c7f2c842a6a240547db45c769a.jpg,Spain,ES,42.248432,-0.648802
bd8035051ca344b589305680c266e6a0.jpg,Italy,IT,42.282346,12.522205
a445981fa11a45fca23d9bc84fcec001.jpg,Finland,FI,66.976692,25.299274
ca7997cad3dc444b857e530efb5965f4.jpg,Poland,PL,52.903416,19.472434
4af5a65109914e95936fdadab5a1cb77.jpg,Germany,DE,50.169099,8.807887
7361f14ef6864488bc699385bcbb8185.jpg,France,FR,47.212696,5.270874
27460fd465b54124af98d41cf1e32abd.jpg,Spain,ES,29.00024,-13.544474
39a32179624a4f8882db35c844bba8bf.jpg,France,FR,47.628623,-1.862795
f2cebc78d7594278bd41e19507c36635.jpg,United_Kingdom,GB,55.364795,-3.498452
99ff36cd08f541fda056d8690d3b43a8.jpg,Poland,PL,53.137884,19.208704
1b1af6f424224170b269d24dbd8d925a.jpg,Poland,PL,53.485434,22.551007
09ae5e5717b3459f8e36bda782ba6032.jpg,Germany,DE,50.497641,12.974836
74c325c8b2bb448d9b7b2a0f4dd25a3d.jpg,Norway,NO,68.129661,13.385885
0e2835c2d8354ebc9bc2c9f0e9eed273.jpg,Belarus,BY,53.096538,29.767143
cdb538201b954ffc90417213bab1c3a5.jpg,Germany,DE,50.685391,11.480519
32d91b0bd0da4000a4cd680364198443.jpg,Spain,ES,38.509096,-1.654367
30ccd8202bf84878bd8966679100dd10.jpg,France,FR,49.405679,4.041008
b0bc50e536314eb9a31aae2012b6071e.jpg,Finland,FI,62.027099,24.531285
4b79991b4b774dc398769446c000b9dc.jpg,Finland,FI,64.738022,29.787482
29ce60e8fc404f71ad3ca986eba88621.jpg,Norway,NO,62.470437,6.190468
4450be5e31ac498498939b5de9af430b.jpg,Sweden,SE,61.104801,13.30346
405546594ae94458be762d5801c6657a.jpg,Belarus,BY,53.06727,29.42321
47ffa6a3dcd04f09a61ef3b536df256b.jpg,Italy,IT,38.038435,14.990761
11134130c82b480fb5564b262b053a4f.jpg,Iceland,IS,64.834836,-22.449557
bd328c8874fa403baf2594b3ab6a896b.jpg,Italy,IT,41.131092,14.195698
6d6f0e16c28b42de901b0e8ed636db57.jpg,Iceland,IS,65.060138,-22.749384
6d6ad81ffe554afcaf8da869de6583a7.jpg,Sweden,SE,64.381075,21.381786
bc5e62f2e5f74a929ce6bebee31de457.jpg,Sweden,SE,66.686073,19.830746
ee7a118a7d674fefacc01ad2dfb649c6.jpg,Sweden,SE,57.314168,14.321065
b9a6638f2b454a7e971f6be3fc45a55b.jpg,Iceland,IS,65.722925,-23.743884
93ea97e4cd8b4363bb74f29874feb00c.jpg,France,FR,44.204107,-1.214225
13c4030cbab54e919d5b4b999ec5e8c1.jpg,Poland,PL,52.864569,14.793641
a466e5fc77fe456ba1eab7c0f0bf530b.jpg,Finland,FI,66.094553,28.406416
c5debb7009324e82ad36e52320372e4f.jpg,Iceland,IS,64.791456,-14.003116
b4e01c7888d04421a5eeaf4560e9d339.jpg,United_Kingdom,GB,50.291717,-4.971389
5145f61964244a278251426c879b68b0.jpg,Norway,NO,68.128985,13.385203
32fbe0ee6b06412d9f8bea9a0b07a0f3.jpg,Poland,PL,52.315758,20.87587
cbf56fee8c8d42279f4e0772373b93df.jpg,Sweden,SE,57.537906,18.517124
abf983a51e2f4ae9ab77123671f7ea5d.jpg,Turkey,TR,36.222032,29.696394
97b6eede9e394cda8b399108c6299507.jpg,France,FR,49.081297,-1.422774
65f1a2b2b68f4805b4081a759a550fcb.jpg,Turkey,TR,36.215241,29.649751
1bea2a68ec514c96aaa7c74ad1292d3c.jpg,Finland,FI,61.229169,25.346442
ade2fd39f31a48ccac5dc19ad4fd3b07.jpg,Finland,FI,65.853104,24.532256
762c960ea33349629177cafd4bc25135.jpg,France,FR,48.279094,-4.500337
1438e7321cae4e2a9f2a773abbe849f1.jpg,Spain,ES,43.664482,-7.601549
3a6f7991743441ae859e067897494fb6.jpg,Norway,NO,64.589067,12.562835
ea541719283145268bd1382b82f73212.jpg,Sweden,SE,59.958486,14.633311
c7e80631aff64214adac0c944cf05ba2.jpg,France,FR,44.10611,-0.284358
7369358ec0b14234a7cc98141b79abbc.jpg,Poland,PL,50.233471,19.709155
ed7907097dbe48c99d52a578690ecc11.jpg,Poland,PL,54.518449,16.553223
facd234f95a54c23b28a3fc2b54796f9.jpg,Poland,PL,53.835336,22.914931
f215696488c64105ac465a78035d2c73.jpg,Finland,FI,62.069955,29.92596
afafdfac861941fe8ef351f41deddfa6.jpg,France,FR,48.563927,-2.574114
76a6a5cfd9624afdadd5e53083d720e1.jpg,Spain,ES,28.279178,-16.816588
e659a45335a742388a8f001ef952b801.jpg,Finland,FI,67.233783,28.400773
97447367fb034db79594fe4ca6bd459a.jpg,United_Kingdom,GB,53.660672,0.051541
ea8c5fca88744ff295e9f936db831567.jpg,Germany,DE,54.803606,8.879703
77cd79df319d48b6a3e4d7cf73f86c9f.jpg,Belarus,BY,54.583553,29.014996
beff8cbd059c4c7990ae07972070fff9.jpg,France,FR,46.510408,0.158576
084b891a39f042a4973b96726321cb85.jpg,Turkey,TR,41.634078,35.516713
b5ea496c59544264b9c4a3bb328e4f76.jpg,Iceland,IS,65.629961,-22.770375
e75a980b2c824b6ea8a900cbb1d842f3.jpg,Spain,ES,28.958284,-13.573914
07b3b86da26c436bab8e1db2e13b36d8.jpg,Norway,NO,58.324484,6.282986
c0a932d776d343dab249ea95682eab48.jpg,France,FR,45.520643,-0.861232
1b82e3162a5f4edea246087d316d46e1.jpg,Norway,NO,61.166661,7.444682
994c85ac35614d03a73d014025ecea03.jpg,Finland,FI,61.938177,21.628179
fe1706636f0f4f13b24e5d26d8ac4753.jpg,Italy,IT,38.070302,16.142155
eb6b1b5591384d55862782695187855d.jpg,Sweden,SE,64.646519,15.733068
265b9f260a114939b1621c90b4d833d7.jpg,Italy,IT,41.052047,14.321128
ee90383daeef4f2893efc8c6f666b71d.jpg,Finland,FI,60.492494,25.016808
7535386eff2b4ad786a7408d00fcb5d9.jpg,United_Kingdom,GB,57.554154,-2.834662
052dad75011f4f379b898a95c3c43f63.jpg,Germany,DE,51.357571,7.346681
af8242d4578f4e128b1981d03521421a.jpg,Spain,ES,43.188915,-6.076391
146247f0ba974b82988cc12942acc3d8.jpg,Germany,DE,47.566076,8.386487
a240f2cb45af4ea3ac1d9ce7583bf78f.jpg,Poland,PL,49.97578,20.508276
d0d5c1b45b924f2ab1f9fb1130a0f435.jpg,Italy,IT,46.260951,9.414184
5013b8587bd14a629743c7c467fc706b.jpg,Spain,ES,38.790542,-3.408166
331d523f8fc74649a58eacd279e30da1.jpg,Italy,IT,40.784173,16.424097
ce20499c00904032a6bcc14e63de5d9f.jpg,Sweden,SE,66.419856,16.893402
b8c6a455e0154d338efa26381916e02d.jpg,Iceland,IS,63.843292,-22.407004
6e33ae58c0424deeb5a653b5825245e3.jpg,France,FR,48.544304,-4.504034
2824016490944b3085907d49ffaa052e.jpg,France,FR,46.738069,4.58365
1de2ba3f9d074764b035453f51fdaa6a.jpg,Iceland,IS,64.695151,-14.188312
b0088b5f19b240e79a01c932fd8872d0.jpg,Finland,FI,62.293657,26.476005
c95c603375df4497a4349404fdd2983b.jpg,Belarus,BY,55.289707,30.322642
345d1bdd59f347399d6a2e7d13a66716.jpg,Germany,DE,48.197931,12.359153
c90e9833f7ce4f35a73557002fa19d77.jpg,Turkey,TR,38.547257,28.078079
40da82d5f8624c0dbb39d125efaadfd2.jpg,France,FR,47.712332,-3.472722
4e41ac2ef8df483fa868f6054ef75011.jpg,Poland,PL,52.976018,14.694
00c1b46f23a742efb330ae46aa173c56.jpg,Spain,ES,39.561229,3.249621
8875b3ee497a4d618f172b70d5c4efca.jpg,Spain,ES,42.177951,3.033926
6538e720a3314374aba0c80c3056174f.jpg,Finland,FI,64.486653,25.690162
39868296dd8e40bb99206e1922612feb.jpg,United_Kingdom,GB,50.535795,-4.790332
64c4d83a8ce24b0989e1e73c74821470.jpg,Spain,ES,40.485412,-5.594538
60fb11bc0acf4e95afa13fe5d09a8e0f.jpg,Iceland,IS,64.951997,-14.139647
66f3870404ef42979c8751ed0c680744.jpg,Sweden,SE,57.557679,18.414362
fa4a47f005594e09ace3b094d05aa1db.jpg,Iceland,IS,65.787779,-19.946876
a3278a0c476f4a3da78d3139075690c3.jpg,Spain,ES,39.873513,-4.017265
2011d99bd9b8446ca2397730c7b5f52f.jpg,Iceland,IS,65.837072,-19.355966
2a53c4d0f8284037a6f94cb6e0958312.jpg,Turkey,TR,37.571238,30.034171
f70b912d93f140f7a54a22fc4dbd37e5.jpg,Turkey,TR,38.827752,36.549431
23e2662e5462485082b679682e4b35cc.jpg,United_Kingdom,GB,52.29573,-4.169121
cc546b1e6c5949b4a10b1b43c8ad5bb2.jpg,United_Kingdom,GB,56.992464,-2.279252
d9d7d77029804eeb91caae32ffe6bf05.jpg,Germany,DE,53.549096,7.920105
bcd00511789d4fe3ae21ec589175d11b.jpg,Iceland,IS,65.534,-19.895781
28c3898245134a968ac5d2bfe8f49a9a.jpg,France,FR,49.426979,2.694839
1e24ce9005cc4af6b2d1872f171b5b85.jpg,Finland,FI,61.272505,28.944147
dd3d527bf97b4e97ba0007aa98f1f8a7.jpg,Italy,IT,40.99501,9.220094
967e7db70f914a4eb0ab3f0ebf566d22.jpg,Finland,FI,61.172788,23.217867
79629a8dc43342f9ad13b70125470aa6.jpg,Norway,NO,58.074479,6.685535
a85cf5f7ca534fb08217ccfec1d6d247.jpg,France,FR,42.00492,9.428617
40de54470c054a8b9754885f8012db7d.jpg,France,FR,46.704282,1.113523
40bb2b81b78f4041825d6fac49051cc1.jpg,Iceland,IS,66.083778,-17.322374
3c6796b7bcaf40d1b49e4d90d1d7697b.jpg,Finland,FI,68.363535,27.391015
2d222b5408134241adb0a4cd8d9f1bad.jpg,Finland,FI,65.98544,25.06029
9215b0556d6343ddac5fdcbae0418337.jpg,Sweden,SE,59.926452,15.935854
182f8e586adb43fe8855c78e794633f2.jpg,Spain,ES,28.953111,-13.669556
a6da2706c3e14f11b0410bc1ac6259aa.jpg,Italy,IT,40.823885,14.38893
66521b84dc52451d9cca8b3421b324b8.jpg,United_Kingdom,GB,52.016609,-0.499286
779cdd584d824910b476369fca51247e.jpg,Germany,DE,49.150644,12.770521
98b3283f443d46b79a206961aeb6eb97.jpg,Sweden,SE,62.157194,17.448195
b40ae1808f54466da9337f22b7170810.jpg,France,FR,47.844537,-3.762955
6c184d674f334ca9a51b83e1393e26a5.jpg,Belarus,BY,54.483817,25.84286
bc9da5747f2e46978f88943a5753196c.jpg,Norway,NO,68.439336,22.614378
331ac14005c54cb79f4d1757fa838f49.jpg,Poland,PL,53.147455,19.187651
ac6e515fa1db448cb4852f0a038f622b.jpg,Spain,ES,37.94765,-0.711221
c533c5b4842b42769754293fd7c01afe.jpg,Germany,DE,54.409451,13.46609
09a1f0733b0a4973a7d096dc89c39dc8.jpg,Germany,DE,48.85693,12.919923
19a7173a47744df6b5dd38d2d3bdb06c.jpg,France,FR,45.275223,-0.876055
9deef981f05b405aa0198278c4cae043.jpg,Germany,DE,52.052851,13.897482
50b820cb6f54465287ab90c852e12082.jpg,Iceland,IS,65.795598,-16.44106
83239aa3412a44b8acfd1e7411e1b12b.jpg,Germany,DE,52.569998,7.786979
1a72b3faaf0044e58fbd1f8b0b0a3ffd.jpg,United_Kingdom,GB,55.761881,-2.764451
dad44bce4f414940bbc85ff6348c0339.jpg,Spain,ES,43.746086,-7.720213
9f2d9e7034334ff29a9e63c3123fdb3b.jpg,Iceland,IS,65.777903,-23.952217
ed77153662d3492daff38aa246c9d212.jpg,Poland,PL,54.477609,16.584071
a795732bace84989951cff791fe8046b.jpg,Poland,PL,53.658057,19.037787
b6e9fbfc05214bcbb3506fd3a9c3d1c2.jpg,Germany,DE,50.476864,12.731218
2b79408d95604b78aa27e8e33fcda9f9.jpg,Turkey,TR,40.223727,25.960006
e8214818b8004a3197f1c30b7978a012.jpg,Turkey,TR,39.287131,29.972519
107e989adaf747e2a63af0379537ff12.jpg,United_Kingdom,GB,54.47734,-5.980135
21437a16b96d456f907d4d9c1f517789.jpg,Spain,ES,36.327563,-5.956903
c1eb55cc75ca469ea8d969ff395ff03f.jpg,Poland,PL,53.050563,22.161029
83569ac696f44ea8bc9c6ee052bbdf8f.jpg,Finland,FI,63.778483,29.406286
408024e484e74a7683a4b42df3305fd3.jpg,Sweden,SE,58.533458,11.5742
8ab9d1bcf40b4504a70d022faa111d5a.jpg,Norway,NO,61.848349,6.147823
e6dc35d438644131bb0c437f37fabc14.jpg,Finland,FI,67.936361,23.94645
9c00253691e24444baabc19d46c59b23.jpg,Italy,IT,44.531121,9.158908
379f2af394b44c0ab0e24525dc0b0804.jpg,Norway,NO,61.801527,10.223131
e6418ce8328347b9b4c90d05453d269a.jpg,Sweden,SE,66.558392,20.08932
143d249f9da24674be2c0937e9e7150a.jpg,Iceland,IS,63.545429,-18.451523
4472581da8ad4fd79abaa2634652e0ac.jpg,Belarus,BY,51.907063,29.815212
31ded35d80d54574830831d6dd802727.jpg,Germany,DE,50.173649,11.226447
afb780ee35f04fb7a529bf1773024dc7.jpg,Sweden,SE,61.60086,13.253221
e0e6bf9f7fcb4ef4874fddc574e8e1f2.jpg,Spain,ES,36.151285,-5.823768
7dabdd85d17140f093762d1604aa8f87.jpg,Belarus,BY,51.910855,29.797803
c919ed647da24d649a3e6fd981e50fc9.jpg,Iceland,IS,63.435155,-18.770042
4305f50ad6fb465cb80a51e8974aa4b4.jpg,Iceland,IS,64.848768,-21.496379
bd3845f1feb34f9f91a3fcafa169fc11.jpg,Germany,DE,52.956335,14.037159
035cd460f00e49df849bde4103f3831a.jpg,France,FR,43.463479,1.027612
025337a5ed2e4200a52b619aed5e46fd.jpg,Iceland,IS,65.414525,-21.883301
1532ea97b99d432ba09b2058366be38f.jpg,Italy,IT,40.516722,17.325095
2adb7e01159a4cafb974d85b310fb9c4.jpg,United_Kingdom,GB,57.787959,-5.798969
bfb372b200ae446fa3c464c04cc71dbd.jpg,Belarus,BY,55.170947,30.072181
c4a1464c9aa84587b52721b11b2bbc15.jpg,Belarus,BY,55.997854,28.645426
1a4d13f7414b46cbbda273e54f30f86a.jpg,Norway,NO,69.257743,17.95031
1740bea1a4e841a2b4d8fa9c0da8431c.jpg,France,FR,46.568884,5.992501
0e4be5d5098b4f11a29bbb29072df38f.jpg,Turkey,TR,38.455411,30.263784
46d3b32dca064ec1b2c6def85304e2af.jpg,United_Kingdom,GB,52.456357,-3.507105
8334f10090574b9c9ceda27ba4c63db8.jpg,Belarus,BY,52.891529,29.312066
acd7514b905f485cac653ed1fa5d206c.jpg,Turkey,TR,40.767287,30.614463
b5b0ec243f4b4ebbaf361cecb4d80888.jpg,Germany,DE,51.815334,6.921769
a9497bdfb44d46afb5cd3697a7ac0790.jpg,Belarus,BY,52.077767,25.558038
07407d6170c842ff8633e059613ed804.jpg,Belarus,BY,53.399106,27.105411
9664cd04a2b148ad94f8b4f617ba3243.jpg,France,FR,50.177156,2.795795
b2098a24ac8f457eb44a0cd0d0ecb332.jpg,Turkey,TR,37.028163,35.4501
9e1a2d3f75f541ae81fdb983b249fac6.jpg,Norway,NO,61.713566,11.973162
5e8200ceb0b94ecb83210adeefa64db1.jpg,Finland,FI,63.071916,29.852636
81778315ed5348d9b88d4df98f4d76d0.jpg,Germany,DE,49.280711,10.775211
b03d274da8344c61bab3df016f1f0b2a.jpg,Norway,NO,61.927368,6.841633
fc7fc0abb0964c87842b716a8495c52a.jpg,Germany,DE,53.664496,10.045136
041706580b224db6866e3b762fc2bf72.jpg,Finland,FI,62.530215,28.540799
da54c421a832492ba03a2b4e16d2197c.jpg,France,FR,45.987653,4.861631
2207f99540284852864874624fc4a1ad.jpg,Poland,PL,52.116149,21.240248
496c6a13b051446fac9cb6d52e4b9dc9.jpg,Iceland,IS,65.823367,-18.240259
184ee7010638466c9fc44099844230c4.jpg,Poland,PL,54.223719,16.521671
7e8387b9d53b4043b94bc3f241c26d79.jpg,France,FR,44.025512,-1.327789
4338bf56a3c242009b3c4dde9c9711d3.jpg,Germany,DE,50.725329,10.000431
f9442369ebf8496eb670fd3687cbbf63.jpg,Sweden,SE,59.729782,17.713669
ad05ebf1660649e484a1df35992d94e3.jpg,Belarus,BY,52.205268,29.302858
81172d1922b54890975f95cca006d21d.jpg,Germany,DE,50.374468,7.799888
3f8af61e7d61435db83c481839eea5ae.jpg,United_Kingdom,GB,56.20383,-3.12925
6f2e1c04acb047abb5d3537024027f85.jpg,Belarus,BY,52.467558,25.84126
edbe03a5244441b1a4a6e83a1c3c00cb.jpg,Spain,ES,29.063582,-13.58522
95c8dde7d79a4cdf82f1a09eb3f769b7.jpg,United_Kingdom,GB,55.841474,-3.156091
66907e758caa4d54a3d1fad2de1fe8fa.jpg,Italy,IT,42.326596,12.214835
9e08605636a746f7937d7c4de2c3dbd5.jpg,Poland,PL,51.060931,21.743771
86072f2f2e184873a2ab508fc3c5aa8f.jpg,Italy,IT,41.145297,16.760066
9a315a1d7b494557af8e9e53cf04e416.jpg,United_Kingdom,GB,55.905559,-2.718006
7bc57c25ce5149fea0858a9072a52013.jpg,Finland,FI,66.977386,25.295984
f2c1ec729ca94a57ba532527959bf746.jpg,Germany,DE,51.99864,9.856611
85be0f9aa5134568b5161246fca72f7f.jpg,Turkey,TR,39.558199,43.8849
bba3567e552e437597885cfa24bcf112.jpg,Italy,IT,39.216198,16.06249
103530f3f8d74c3ea558f339d3942dbd.jpg,United_Kingdom,GB,58.510924,-4.335503
7812e7a44aba4e70801b5b472309a611.jpg,Italy,IT,45.143276,10.627674
e3eeb090b1db44f99b21507503625ea3.jpg,Norway,NO,58.285027,6.54034
1164dfe7ded14ae98c1c9baa0e7fa48d.jpg,France,FR,47.705529,2.533509
ac1b6318d29f4aa6b116b09c411a9658.jpg,Belarus,BY,52.321045,30.86769
82ecca74bd1345a590dba9a9fb8cf32a.jpg,Germany,DE,48.137174,7.951792
39d0c0453ee9452a96f2a225e36622ad.jpg,Finland,FI,61.670778,25.029125
68db775651e7432c9f674cde6e6a3da7.jpg,Iceland,IS,65.863942,-19.375504
7d46178de4fb41d9acc06bd21fdd7727.jpg,Iceland,IS,65.164719,-14.190469
607e195539b94a75ae6edfb2d22ec4e3.jpg,Norway,NO,58.160948,7.950473
5f1dee056b384792a9905483085187a2.jpg,Iceland,IS,65.944858,-18.432526
c3fd2f6c067b4e17bb529d9dad998185.jpg,France,FR,46.120697,3.522057
13e5682219d44786af4a489c485b4ba1.jpg,Turkey,TR,36.683643,33.411888
bc55b69e81fe436d98a0d29f25cd688c.jpg,Germany,DE,51.032173,8.668183
f1d36996bb8e4be18257a73f3084c33b.jpg,Iceland,IS,63.456764,-18.870472
cb050e1343e1457bb9550160e9092023.jpg,Norway,NO,70.163093,28.57018
f87f27e8141f438ab7b8c3ec51e4e9ff.jpg,France,FR,44.282114,2.661655
00bf755ac0f84c9d90fc5a4f7ee74ba5.jpg,Sweden,SE,58.281304,12.745366
b30740a2f1464d78ab2be1872870be89.jpg,Sweden,SE,56.211379,13.736622
04129a2e3f864f6da9278a0ffde6722e.jpg,Sweden,SE,61.710133,15.693805
78174b5e1b1c4fe7a516ceb88de46a3a.jpg,United_Kingdom,GB,56.516485,-5.936348
341486f262c34f0b86d060d6c6cb445a.jpg,Norway,NO,69.802808,25.175129
cf0f184e07784cf793dd87914392b954.jpg,Germany,DE,52.333556,8.12895
6c4966892ef54e46a62e581c9d413206.jpg,Belarus,BY,53.975007,30.466634
57ee8ca4a590467dbf6f6026b6168f9b.jpg,Finland,FI,61.939643,29.84355
3d489fbdd97f44f19d4bc13bab8ce968.jpg,Spain,ES,38.29099,-6.302999
41eeeb3089cc46b498a62db76d3f178b.jpg,Germany,DE,52.352998,13.95276
f09e811a0f2447d8b9db7af6af2b77cc.jpg,Belarus,BY,53.579059,23.875464
09cb1bf1f0374f6baf6cb5f8b3df0943.jpg,Italy,IT,40.57526,8.360246
9e98c2c1a3754ef5ae0e3864f25ae37c.jpg,Finland,FI,65.506142,27.969896
50ca6c2bc53b44ac814204b19f73ea51.jpg,Finland,FI,62.637052,22.430047
41fb5f7ad0e44875ade13301ef9e1196.jpg,Belarus,BY,53.870872,29.21401
6755d665854d4cd1a1cc9ab56649c04f.jpg,Poland,PL,54.456285,17.402512
11f69554abb044f096170981e4cb22cd.jpg,Norway,NO,58.631728,7.978469
93a93ee567fd43ebb841a60b17be8e18.jpg,Finland,FI,68.385087,27.409191
baf86750ee514a69a87c50db49a07c88.jpg,United_Kingdom,GB,54.994759,-3.224624
8d1a517a22bc4232aafc065e1a428c88.jpg,Belarus,BY,54.559285,30.706093
6316503290a743c9a37ec2b811ff8304.jpg,Germany,DE,50.125825,7.487796
47a894a8f3b64f899448df92ca5f0685.jpg,Norway,NO,62.049625,7.25159
5349b54ec0184195a2bd9f821be07eec.jpg,Norway,NO,68.8293,18.225257
cc2560cc4ada49cd8369131e51ec11fc.jpg,Belarus,BY,52.579324,30.836043
12f71d76b01044c5ac130001189ae120.jpg,United_Kingdom,GB,51.871741,0.216859
265d56b9e44441e1b205c03146af13a5.jpg,Spain,ES,39.596871,2.653853
be059905e0e04f269a270ffc0ffcad52.jpg,France,FR,49.029153,-1.435479
e58a4a4e0f3e473e82a463b437bacced.jpg,Finland,FI,63.508109,30.01536
dcd1992e2c644881b1af5fe1cb7450ba.jpg,France,FR,48.30188,-4.151144
ddd1aa3f222e42d7923580e79f1bca6b.jpg,Iceland,IS,64.968644,-13.856102
958fb16d0ada49d9b12b02a6436060cd.jpg,Finland,FI,64.420799,29.67788
c629736872724e1189f23b2b8b35e069.jpg,Germany,DE,49.213034,10.818797
494ec7456a66466eaf5981a114b212cd.jpg,Germany,DE,53.503246,9.077636
1d8742b44bbf47f284997094e5890abd.jpg,Spain,ES,28.985871,-13.584265
5e218f9bdb184d7c85d684b1562cfb2a.jpg,Poland,PL,53.476343,17.240533
80dc873a9f724c7a97c7dad6322330a0.jpg,Italy,IT,41.876557,12.378809
e0d23a2a355a4179a35b5823a79dd07e.jpg,Italy,IT,40.895419,9.07123
540aedaf49eb47e39e877165986a7da9.jpg,Finland,FI,62.61615,22.751084
61d437b88e1448ccb2294c8789e712a9.jpg,United_Kingdom,GB,55.488146,-2.997062
446729cf80e04acf8751a3bfd9f91f11.jpg,Germany,DE,48.987973,8.770371
317416b6c26f4adaaf3e182e59d26986.jpg,Italy,IT,43.470744,13.569322
5538e9dd146643ecb89fd1e592074422.jpg,Sweden,SE,60.065481,18.774006
df28d4330376438f8dde547dc787d04b.jpg,Finland,FI,66.698726,26.251123
a9fbd164b4344c809fd3793e6358dd51.jpg,Turkey,TR,39.523523,44.239145
941cd0a68ebb4524896304cde756e9b3.jpg,France,FR,42.888519,1.400863
ff8af53bc8504abbac7d9677ef38544b.jpg,Spain,ES,41.058017,-1.252225
debf9b1e36d449f78d574bb30164f47e.jpg,Poland,PL,54.493315,18.335167
96ba1acba2ac4522ac893e0035c9b910.jpg,United_Kingdom,GB,58.562294,-4.743877
cc01e860af94488fa8ee55ed03de734e.jpg,Sweden,SE,59.807539,17.982223
dbe1df67e5804afd9307b0ce4e6598d7.jpg,Turkey,TR,37.33964,40.79276
c95e624bfea54a0b994ee2ebd9c79ffa.jpg,Belarus,BY,53.630588,24.742174
5113da2295564dfa81a0ee378fbb4d53.jpg,Italy,IT,43.522332,10.378599
4644dd05848c43efadeabf25efe9df2c.jpg,Germany,DE,50.948551,8.83332
ac435b3a412643bfbd0560f7ede01c54.jpg,Turkey,TR,36.42827,33.722287
316e9b0dfa6a4b74882178833166cbfd.jpg,France,FR,47.398473,2.792689
3683a8ac228c448b956d40e25f5053a7.jpg,Belarus,BY,52.269168,25.682699
19810c42ddf449a2a7c80c808154f474.jpg,France,FR,44.395663,6.479396
b009dcdd8bab411ea248eba2e1eb9ced.jpg,Germany,DE,49.748021,10.194909
f1123ad21d5f41d184490c47f21a27e1.jpg,Finland,FI,61.647403,29.585908
f00e1d06d75a4b70a064cbb1d85465aa.jpg,Germany,DE,51.794413,11.596427
f0ca7e171adb4a929eeb5de7d192b52c.jpg,Turkey,TR,40.983443,34.749593
d2e4bbc972504639bf429d2ba5ef75a9.jpg,Turkey,TR,39.709868,39.592382
409f968c5fc642ae8d37478a956e4079.jpg,Iceland,IS,65.492461,-21.893478
027d74a0e6d4499890fe7102dfd6a483.jpg,Germany,DE,50.161007,7.94395
8d80f928c7fa447fbffe7cd42af515d9.jpg,France,FR,44.066333,3.385927
e9577997826144d691bb5ed897267073.jpg,United_Kingdom,GB,57.439654,-6.757801
f05a9a51f4f4451f9a4c216b4bb76111.jpg,France,FR,47.766653,0.88949
45abc2d04a394041bc839db35a20d29e.jpg,Norway,NO,66.316632,13.297645
ba01242936e941599b0165160d5210c5.jpg,Poland,PL,53.591454,21.039176
3d9f3345c11b4a8b86b0bc1a82577329.jpg,Belarus,BY,56.028141,28.370143
86d23418300c4408893022893b0e751f.jpg,United_Kingdom,GB,51.617069,0.25248
29bb92e8379846cd91bf9da8190085d6.jpg,Turkey,TR,36.33455,33.65906
b657ecda6449426c9c1a9b4280bc1262.jpg,Spain,ES,36.849531,-4.130738
5aed27363d7047c08be802c49f7cec89.jpg,Germany,DE,53.830841,10.014934
01e1b61af7f54304a4ce4857438d0898.jpg,Italy,IT,42.819265,10.288272
066ea50d33b44d35a215887c337e7488.jpg,Germany,DE,52.169167,7.146733
e2ffa87f35024ffe8c40d3ece6ddf813.jpg,Iceland,IS,63.476729,-18.563733
4effc7cad22e406f85304bb94c3f1289.jpg,Germany,DE,51.98899,12.422987
e65530dee7b2429fbba0615f12a29b25.jpg,Germany,DE,48.62618,12.11965
1687017adb1e42e18ce123421da395c0.jpg,Iceland,IS,63.529056,-18.468604
b37f8eb0458146c39585bb84fc92f29d.jpg,Norway,NO,69.293549,16.016331
82c74060e1a24d3ea392976ca73db307.jpg,Sweden,SE,58.909758,16.809982
2dae7fa55b9b4ddb95695f1c97acd263.jpg,Spain,ES,38.370117,-5.961787
8a450fafdfe242f38d73c2babb8647f2.jpg,Turkey,TR,38.446878,36.473134
1676135727f14b59b794380065e4b7c2.jpg,Sweden,SE,63.04808,16.777316
27aa2a7b609b4f3bae8d6819411c3281.jpg,Norway,NO,61.309932,10.173958
9350f2e9a89f4c43b7fec534f0c4d310.jpg,Poland,PL,53.526849,20.592238
722559fe87e941d59e4c20fe8e779460.jpg,Iceland,IS,65.124115,-14.769465
5702fc3f9c3c453daf6686e013314a97.jpg,Poland,PL,53.94172,19.025272
57bdf2b5e4e54df4ae193a60e0bb74ba.jpg,France,FR,45.702243,5.121857
0676cc142ee94ff4a8fe5e890db0a351.jpg,Turkey,TR,39.904398,42.342804
f1c2d38820b64e4d9c3d8d2c0aa358fd.jpg,Spain,ES,28.777242,-17.963019
34c3203040c44de0beafb66049c0d897.jpg,Italy,IT,42.73541,12.474057
65c19c790a7a4400ac7c1defb847b069.jpg,Turkey,TR,39.553775,43.913275
ecdd0de8dd3148dda9878f3c24cc089c.jpg,Turkey,TR,38.668644,33.891603
b9fef6e33b074e02b32c3bfd8b52af70.jpg,Poland,PL,51.288355,18.564826
f76fff62fb1848ec86b860ccee8c44b0.jpg,Belarus,BY,53.032695,25.655488
251223649b664713906e8f88770dbcfb.jpg,Spain,ES,36.772698,-6.04207
c49dc5c58b2545229ce61f9d7f493b3a.jpg,Belarus,BY,55.926252,28.647646
b9996282121a4e64b35a7fa6c768b762.jpg,Sweden,SE,63.252289,18.518978
5db42385b6c84f518f3ae8aaf40ab0fc.jpg,Belarus,BY,52.226357,31.44655
19957d4695994d58993fd4f9c3a46b9c.jpg,Norway,NO,60.155133,5.434058
16a5612695894c4a9fc16e21a0bbf0fe.jpg,Belarus,BY,52.213219,31.529268
9eff71d204f1413bb4d3c69865601ef1.jpg,France,FR,46.821993,4.014207
f9c5849eb2814f1488baf2618ef18876.jpg,Turkey,TR,37.033084,37.377579
ed55d6b72f9940d1865c23679da3e064.jpg,France,FR,49.257578,0.053076
6ad8a8a193cd428789e6ee01db25160f.jpg,Iceland,IS,66.184741,-18.941231
2252900de3714b6daa418002f822fb52.jpg,Poland,PL,54.299711,22.401978
821b52a8ec064350b21399255ea4175c.jpg,Iceland,IS,65.632626,-23.267904
50d9b30ee83c4059b95b3fe0f7d4e76c.jpg,Sweden,SE,59.134639,16.45956
c4966afb7679489597a3b58a7ce5b6ce.jpg,Spain,ES,39.564654,-3.684938
d0a39e95cfd1441ca24e01463db16ba5.jpg,Finland,FI,63.357878,25.596325
27fb5b360a0c48b7840ea1f7c144537b.jpg,Spain,ES,39.666768,3.234908
1131b2cd86024ed1b3234f2b1bdd7362.jpg,United_Kingdom,GB,52.507256,-1.250688
9fb44ec17dd04116bf242c4b543ab88e.jpg,France,FR,49.523653,-1.872275
816cee8006a3466ebe5e9bd134b23941.jpg,France,FR,49.131304,1.254226
31acd89f83c14827944e0054c825e000.jpg,Sweden,SE,65.034072,17.474645
58b69364aef840e8a1edb83217f4bda9.jpg,Sweden,SE,58.358378,16.576488
6b95be0f5ead41378892e663c6fcd3c4.jpg,Iceland,IS,65.820387,-17.356904
d5024a253c0344359b198c83afde373b.jpg,Belarus,BY,55.782069,28.600845
0d54066af78141c8a21b03d08354cb6d.jpg,Turkey,TR,40.325496,32.491929
005def1af56347558723886d9ddfa48f.jpg,Belarus,BY,53.790706,30.93654
7363cd30185c4322993e7199fa99f0df.jpg,Italy,IT,37.731755,14.059568
05efda5f30d844609d012db6e1e3b796.jpg,United_Kingdom,GB,55.205507,-6.590937
6ea39a226be046aab743d2d3f6d0292f.jpg,Sweden,SE,63.918676,15.746666
f59f71d433e84de6b84efe6b8b8e0ce4.jpg,France,FR,44.881332,-0.662645
c0d9db5f5fe94bc28f9b25f030d4ab94.jpg,Italy,IT,42.294356,12.497596
9ab920ce9e95414bbc4cbcfff98676bd.jpg,United_Kingdom,GB,51.918519,-5.116318
b4bbd47b65ec40c098dd05b2a1c3bfe9.jpg,Iceland,IS,65.762243,-23.916345
a4dad9e2f5e14d908e7927dbcf19e705.jpg,Germany,DE,50.134125,6.993703
4c10f418ac90479aa37ddfd9467aec8f.jpg,Turkey,TR,38.632394,27.666155
96dc7c8c05354b54a7612b851ed5a8d0.jpg,Iceland,IS,64.610841,-21.813335
9ddd5deb03c646499b83af29baba8437.jpg,Spain,ES,37.009124,-4.488741
1c4ba0da46654553b30a078691683afc.jpg,Turkey,TR,38.249584,41.022659
1d321e79694949459ddf8c5dc1a231bd.jpg,United_Kingdom,GB,57.128072,-3.937631
7bdf55e78def4078a07633b22ad41fb5.jpg,Norway,NO,69.611981,18.332726
daa0fb441920470d9dc4e1a91db1e83f.jpg,Germany,DE,47.524923,10.031629
c23507a9a2124674872fade1966c2d79.jpg,Norway,NO,62.235066,11.772583
dd108f386ffb4edbbbe83217c053f6fa.jpg,Poland,PL,54.169744,22.931066
56a409530f5f414ba247da86ac24f1b3.jpg,Sweden,SE,61.446445,17.032675
80d7bf9652654dcaa3aa9e3d15b967a9.jpg,Belarus,BY,55.291132,29.619615
ee23fefc63fb432c9e16b460da8a764d.jpg,France,FR,45.053917,1.020083
9d45e9b1aaab4ab28404453884998fca.jpg,Poland,PL,53.076853,22.148214
a8332aebded845e4b930b3abd869ac7a.jpg,Sweden,SE,62.252036,14.129205
f82546ead7e344c28a53dd27056e6cd2.jpg,Germany,DE,51.292822,13.390976
d44bf264641c4b2b879f31fb506fa848.jpg,Finland,FI,63.33203,29.995646
7acb3ec70d364a5bb440886ae87ddef0.jpg,United_Kingdom,GB,58.526457,-4.217065
e418966027a94eddb964917e9dbc4633.jpg,Germany,DE,52.39957,11.31045
0b2392dc1e9f43529c2cb631df6ead94.jpg,France,FR,45.564208,4.998964
87217a087f00471aa61bdd3915239220.jpg,Italy,IT,46.672239,11.674572
e94706e53c674dd7bbf4bc999c842bd7.jpg,Germany,DE,48.938642,8.332953
dc8b4db7ada6417ca5177ae666cd3698.jpg,Belarus,BY,53.706774,31.742789
e9319fac826a43a18eb5d79ab87e2dc5.jpg,France,FR,48.60556,2.651132
1d8fa2f3383746688b80a1e512b4dc63.jpg,Belarus,BY,53.916971,25.798598
ef75bf97f76c4505ba26210d7715d9e7.jpg,Sweden,SE,57.862884,11.706913
478d11c4239e43a48e852f3f661dc5d6.jpg,Poland,PL,52.71391,21.36695
3144ab0afcfa41f69f4590d071ea29fc.jpg,Germany,DE,52.959815,8.620362
54774b5575fc462682981f8efd867ad3.jpg,Sweden,SE,64.458925,21.122909
0c05ebc6ff9c41058298a6d3a58f4a86.jpg,Finland,FI,60.404127,25.79292
f5f1da42f38b470a8ba08865770e4cfd.jpg,Germany,DE,52.178439,12.063875
78c81c60eb72479db2f506efa15a5dcc.jpg,Norway,NO,70.29497,24.155149
976ffb53200a4aeaaa0e21a3d31f7a7a.jpg,Belarus,BY,54.542515,30.194909
2e34a356599f48d3ad47d39df61155af.jpg,Belarus,BY,55.862421,28.605279
862f25e94ac14da985b20ac874189894.jpg,Germany,DE,48.07729,9.447945
9465eb4fc2a5453ba859235925af6884.jpg,United_Kingdom,GB,53.188681,-3.073458
cbcd5e7c55e9471d9ee768bec5b51ea9.jpg,Belarus,BY,53.4829,26.400855
427bd726461b42dea5218758237c7f7c.jpg,Iceland,IS,64.821965,-23.191003
f46fafd5830841398cd678d8aeaa8674.jpg,Turkey,TR,36.911598,31.126239
599c9cc20bef42b7a7c5ccfa94ad11f0.jpg,United_Kingdom,GB,50.576031,-4.876399
d86a40f37e224144b97a4a01f8714b1a.jpg,United_Kingdom,GB,52.458289,1.568686
6af30a0774b24ee4bc253d6d57de9c83.jpg,Finland,FI,60.253674,23.472703
a37c24442f2d4ab1969b32f8d0b4828f.jpg,Finland,FI,61.09127,22.957754
98887a5fa6724e64b2ffb914d213568a.jpg,Sweden,SE,62.933443,16.216003
2c8c587b859449858926175941aaeba7.jpg,France,FR,43.800218,-0.913701
07572004ce984e6f837ad806a42e40ca.jpg,Germany,DE,49.087415,9.343531
e79d9e3c622c4934b7030405c03589d5.jpg,United_Kingdom,GB,55.785301,-4.442247
e7d3bbb3af8c4379b84544c6d1be3dd8.jpg,Turkey,TR,38.24018,41.037783
b423d1a1304e494ab7d0a2755af69e09.jpg,Sweden,SE,59.75123,17.083948
acf34b209ebd4c3e84e9821274f8dafe.jpg,Turkey,TR,40.005743,42.21293
6504cd4995964f9ca6dc289b7c7073ab.jpg,Norway,NO,61.936309,13.012515
d3394540e74346bf8ead3534e1fbfe80.jpg,Belarus,BY,51.640983,29.098483
22de519bef544ee69c3ccbdffdf0651a.jpg,Belarus,BY,52.661699,25.421355
17ab74ca0db84ec0a2bd40a1424c9a2f.jpg,United_Kingdom,GB,58.490152,-6.246965
dcb1538711e04e5188a07b851a8e1b75.jpg,Poland,PL,52.963439,18.912273
f8f7085bebb948308dbd3534006a40a2.jpg,Italy,IT,42.646733,11.136837
7ea0a636c3f44f3c96ffb7f38e829ea0.jpg,Iceland,IS,65.508431,-18.609608
6470b2fdce3641bc9ad6e0bc594b6c1c.jpg,United_Kingdom,GB,52.613468,-2.944851
e50599ba2d3d425786fc942f15a85d33.jpg,Turkey,TR,39.615259,43.722583
306c3c9ef4f44b0da2440734d40d94e3.jpg,United_Kingdom,GB,50.12468,-5.441154
e469e1be1ffc438e915e88d2f5621cec.jpg,France,FR,45.615129,5.803492
308fcd2adebd4021b092b4b68d629e63.jpg,United_Kingdom,GB,54.508672,-6.458169
ba18210c629949c3ba3292f397efa8bf.jpg,Italy,IT,40.840505,9.401918
d61545dfa4f14269af451f0a51e4ad70.jpg,Belarus,BY,52.233295,28.419575
f60bc74212ef4cfa82aceedf8282d906.jpg,Sweden,SE,66.721182,19.837625
2e0bf467d1ce467798ba3d2f9d193ada.jpg,Norway,NO,69.604287,18.303148
90549dd8cfc148cebc50f8ece4bda538.jpg,United_Kingdom,GB,54.74716,-1.699927
8a47520bd49a428c8dd8dd172209b7e3.jpg,Finland,FI,60.951691,23.24143
e106289e2f774d7987a217704271aa78.jpg,France,FR,49.088934,5.178046
c922878106784781844fa2640dadcd8a.jpg,Turkey,TR,38.334214,26.897962
95c3114efafa4521a9757e27fac8da9d.jpg,Belarus,BY,52.218044,27.865128
3d9891c13a574c20bd402ef63b332ab0.jpg,Turkey,TR,38.312898,41.114814
71234600632142c3856824c502b223fd.jpg,Iceland,IS,65.689862,-23.192854
35bf709d9f8f43019a86a56fe9b1788d.jpg,Sweden,SE,64.223068,15.902874
28c721e4bd4346eba333124555e4956b.jpg,Turkey,TR,41.049121,39.542383
69825878a4a848e893ae4ffb45bd3716.jpg,Norway,NO,59.736801,6.653112
7bcf83cde8184cf29dc3994c0e32bd67.jpg,United_Kingdom,GB,57.013502,-3.374299
f716d84c0b9842b48436f13f0a129811.jpg,Norway,NO,58.409307,6.026609
11074119e7904508a79ab47eb3d12078.jpg,Italy,IT,37.596612,14.131395
8a7c851221164b2d9dc50cd2ba7a0200.jpg,France,FR,47.042449,4.339953
df8042fde8cb466c96846884b42a63de.jpg,Germany,DE,53.829853,9.167
ed0604883bd6470ea9b82c1c31eb1e5f.jpg,Finland,FI,61.638746,24.337906
7b2ca5ebd5914c6b8aac571dd1acffe4.jpg,Belarus,BY,55.333601,30.257192
687e05ec1986407db69cc51f3d8ea6a5.jpg,Iceland,IS,65.649107,-16.734022
1e462188fc03416282152cac0f54f8e4.jpg,Turkey,TR,38.017554,41.774404
4414e76fa52a49e799b90b7d0bdd6f7b.jpg,Italy,IT,45.570605,8.328793
98c2041bc7dc4e1d8305984e37c27fc7.jpg,France,FR,47.475103,3.809731
96f03ae8fb80446991a91be42accb493.jpg,Poland,PL,54.659429,17.629052
d490500b319042ff873c2d931892d023.jpg,Finland,FI,67.509368,27.956837
eb5c419f5b924d68837709c0ec8d9424.jpg,Poland,PL,53.778424,21.421163
a6871cbdc499405f982cc51b2f1de0dd.jpg,Iceland,IS,65.47706,-19.276229
b211ac33ea5c4e5981f7fc8af40b7006.jpg,Finland,FI,66.230858,28.800119
2f49aa0285f745fa841e677fb86d4837.jpg,Spain,ES,41.642954,0.902941
5e3c7a0e87614dfc812751050eb80c8e.jpg,Poland,PL,53.689347,21.614721
413609e69ff44aa7a2cd7f1c27cb7aab.jpg,Norway,NO,69.376497,24.057266
2432c6509b5d48c49d398c587e2fc894.jpg,Norway,NO,62.237901,8.257082
66495737445b402eafc4a4ccba8512a1.jpg,France,FR,50.293993,3.14714
1ba2ac638c384a01b3c05aa5263a623f.jpg,Turkey,TR,38.457435,27.32656
9e6cdc3863e84fa886948551463829e9.jpg,Sweden,SE,59.693365,17.1813
3962200b48df4041940da0c61143b68c.jpg,France,FR,42.985131,2.973048
8716709bd75d49629b6db0dc86780736.jpg,Spain,ES,37.362366,-3.824284
69d7f37c233b46beba0a9ce533705c2c.jpg,Spain,ES,36.146006,-5.448637
52c7f3902e4d49508296691f88bdbdab.jpg,Iceland,IS,66.070681,-19.290637
82b098309aa047f7b792af2794cd2b9c.jpg,Italy,IT,38.902416,16.336121
4d0d728dbbbf444690dae17745f28d7f.jpg,Germany,DE,53.543606,8.13631
66909d1be99544f19c23a91204f8753c.jpg,Sweden,SE,60.311661,15.045519
19ab10c8976c46e2816f6d1c787bb4b0.jpg,France,FR,48.936198,1.556934
8772ffa234584c86a9801cf688c63747.jpg,Spain,ES,42.764643,-1.10566
c1cde1d9a2b443ec97d420d408ef4260.jpg,Belarus,BY,54.187928,28.585545
80be80c5ec924645bcba6884b416e480.jpg,Sweden,SE,55.423056,13.002909
72fe6789b03548538382848e09f6aa67.jpg,Iceland,IS,65.926344,-16.578731
1925c4c4c4df415dbb6ee0d623ebe67e.jpg,France,FR,43.816474,2.16958
1ce217c8f85845519758b6122b02ec08.jpg,Iceland,IS,63.44198,-18.750103
8d19d443ce834b8fa5e4cfeba6d4fc88.jpg,Turkey,TR,41.279274,27.466914
0c72149df74043318248fe18bf1b8f07.jpg,Italy,IT,41.090086,9.234108
d1e8a9b2f13a4227884587b3d1c484d5.jpg,Belarus,BY,52.561028,25.039784
f6090d04543749238eef456862ddab02.jpg,Spain,ES,39.39569,2.977685
70e87f9cf1704de4aba2ff22873ca260.jpg,Turkey,TR,38.283809,41.098755
156db1dde5b748e78501c2bfd23cb62a.jpg,Germany,DE,49.796686,7.301667
0fd7c20a43064a9799722850ae5f5ca8.jpg,Finland,FI,61.669312,27.24568
f040bdbc5d1d443fb2ae105c5cef3991.jpg,Italy,IT,45.96558,9.650088
8db23d233ada4f14967df8a31939fcd4.jpg,Turkey,TR,38.564305,33.235199
299409f7bdac4c92ae82331e3c71cac0.jpg,France,FR,43.961609,6.494882
9f138c1b541740a9aef5ef8a9495a28b.jpg,Iceland,IS,65.797523,-20.259985
18fd120a7558455f818a31d6d474f689.jpg,United_Kingdom,GB,55.213249,-2.985384
b61f6f2e2a8e4168a48d4615b71295d6.jpg,Poland,PL,50.800048,20.826291
115a47a1e3f84de8bed84e5fbeff504a.jpg,France,FR,48.792682,1.194648
82852341cdfd419ab0d5b2f2966908d3.jpg,Finland,FI,61.137429,28.087668
e81eb704ac3441e780f1f222c1a17fbf.jpg,Norway,NO,70.045651,18.888101
6ba9f7ae03174b01b1a276502a4f2329.jpg,Sweden,SE,64.248047,15.831514
19e62abb8dbf4828bce386060ffc9a79.jpg,United_Kingdom,GB,51.983513,-0.973073
8a6f74e3bc1e4fd992247cd228549bec.jpg,United_Kingdom,GB,55.183346,-2.812824
9ee6391950104f55ae91c9caa27ce7d0.jpg,Iceland,IS,65.573783,-16.055936
912404824fe84470958fb1b4d8257bda.jpg,Iceland,IS,65.586593,-17.149567
5974920a479b4ef1bbc4803922b5188d.jpg,Norway,NO,67.071903,15.381277
ef59984ff0a541759eadbf701e6865d5.jpg,Finland,FI,65.912019,24.590762
a25e2f027bc9435f983cd3456aedc774.jpg,France,FR,43.546161,4.812498
e140fde5b846471d8d8ed542d13ddace.jpg,Finland,FI,65.004635,28.822809
b8746a4f792b4dd9a15c77abfdc5bc2e.jpg,France,FR,46.445537,-0.035939
2053eaf0a64141c9b0db0a9e8a99c1aa.jpg,United_Kingdom,GB,50.640768,-4.26931
9afb3ebdda204817820ad3890f3898f8.jpg,Finland,FI,68.372411,27.415088
27ac69a0982249fcaf9fe59c088066c9.jpg,Turkey,TR,40.568607,36.038915
212f77af74404254a6e4608e51cc936a.jpg,Belarus,BY,55.188323,30.089116
cf0a0517558e4744bbc6d7357364903d.jpg,Poland,PL,49.96007,23.0958
ab057285c05b4695b0edd44c4e1fb65e.jpg,Finland,FI,60.322894,23.876627
3cfd0cf4890e444385ab25e043765015.jpg,Spain,ES,42.835816,-5.206527
af2816345fd04d6d9c46ea3d74f4ef8f.jpg,Sweden,SE,65.924175,22.657625
c3c0bb3838ec4c49bcad019e6eb4d819.jpg,Norway,NO,58.159438,7.951573
ceb0eb6ad3944f45a957ae58356c62c1.jpg,France,FR,41.995491,8.730614
d70b1555fb524b38858072165e650cc5.jpg,Germany,DE,49.72925,8.417897
fbdc71dac7de4fb6bfcf3e83f746e141.jpg,Norway,NO,68.412237,16.690519
70349a4f043d44e19ad709649751b2f2.jpg,Italy,IT,45.991999,13.317729
0eff7e4e60dd4b19b221bf16d14766ac.jpg,Sweden,SE,59.614867,17.997028
630345fdef4d4e378b6c37de9238e1d4.jpg,Poland,PL,49.35731,22.090883
536c59096943421da5b9ddb469440aa0.jpg,Germany,DE,48.341638,10.480525
1927c6f2395d466084d0da6732da070e.jpg,Sweden,SE,63.856116,20.540463
b0f259ef06204c549a5c93dcd6f8efb0.jpg,Sweden,SE,63.748231,19.31819
1486ca863dbb43ed97c29280746c1a4b.jpg,Finland,FI,62.168422,27.837157
7dc400f4e6ab49ab9496bad354e760a1.jpg,Norway,NO,60.347274,5.244383
426bd2f23e424b968565efaaf561564f.jpg,France,FR,46.465732,-1.299564
dbff8be73c5a4ed88aff2eefa0ef2224.jpg,Iceland,IS,65.446993,-18.9967
6dd552eacfbe45c5a0d5ae2407b7ab82.jpg,Iceland,IS,63.845366,-22.435288
c8b7e807aaa34272ac58506c721b8bda.jpg,Iceland,IS,65.729497,-14.863837
18d29e708ab64bf9b480cf48d98a8a9f.jpg,Belarus,BY,54.174509,28.46868
f32ab2440f944733945701073cafd5a6.jpg,Finland,FI,67.981043,24.075276
0e32d091580140c5bd99315d84ecbfde.jpg,United_Kingdom,GB,50.128064,-5.566661
9be6a052bb65412dae25169eda0b3f01.jpg,Turkey,TR,36.940189,33.271048
60964edcaf174863a7fc722ed406f94d.jpg,Norway,NO,69.803405,25.173858
2efdad6b40014c05aefc719d830a1b65.jpg,United_Kingdom,GB,50.458489,-4.673857
5b218b93cf4949eb93d321accf57df0a.jpg,Italy,IT,38.49917,16.528403
f673ac3e428a44659d1dd4669f998294.jpg,Turkey,TR,39.558915,43.879001
6e112c8ddb1b479d8e47c0fc8d30ce11.jpg,Spain,ES,42.656992,0.926214
512b66f7206146c19db5c0959fc4caf4.jpg,United_Kingdom,GB,55.219811,-4.846922
7503d9f17b9d48e7b0769adec182ce88.jpg,Italy,IT,41.0175,14.746772
72d1af070abd438a8bc55cb3b31e6ec8.jpg,Sweden,SE,67.830541,19.621827
9e9d703fb5b043669a5d5a9f6c0659a5.jpg,Norway,NO,59.686383,5.186006
fc7b489b69c44d2387cfce73d471c916.jpg,Finland,FI,62.52329,22.731959
1ff241ad7da7434d944727192d701049.jpg,Poland,PL,52.270825,20.353836
9d32032a4c40404bb9a6d5c4d734a41a.jpg,Finland,FI,67.116348,24.773358
9be3870571ff4f53b355b3644742e179.jpg,Belarus,BY,54.653524,27.963787
48328b91043343429411f11f3413b691.jpg,Poland,PL,53.42637,17.16252
ebb4d43be3a24a85b675caf0b5124cb8.jpg,Turkey,TR,41.100488,28.330175
6e2df17981f248bc9e641481108ff4cd.jpg,United_Kingdom,GB,58.503863,-4.571898
1e5b275771c44f9da0d26fadea189fb5.jpg,Germany,DE,47.719634,8.322153
3a6457a32fd14cda8d2e808db68c4170.jpg,Turkey,TR,38.271105,40.949906
eca668d91c744988971bdc0ad7419626.jpg,Turkey,TR,39.198574,31.315228
398dab1f7f93447aa956478f9cd016fe.jpg,Norway,NO,66.343592,13.471508
5d801b5d667c4890920c1eb61ce630e3.jpg,Norway,NO,59.990304,9.924418
1e8c433d73f5476398f798823a2d4048.jpg,Spain,ES,28.546979,-13.94608
4cc61e1206c64ab196827dd2e04ab284.jpg,Turkey,TR,41.494109,27.885843
d0690f02c6ed447dac104c173a549d78.jpg,Poland,PL,53.312511,18.594576
e3138b909aba47318b8c6607c513aac7.jpg,Turkey,TR,41.623602,32.338467
dbada8597328410d80c08bdba529c245.jpg,United_Kingdom,GB,51.690467,-0.927052
81c8c3f8ef0448ec9a44450704f91bdf.jpg,Italy,IT,45.773584,11.234605
597797ae8db0418fa0c2b8bca499a9ea.jpg,France,FR,49.178649,3.370074
d5de03cf3762474bb13ebb567733170b.jpg,Norway,NO,61.93019,5.11204
06a036395c434c8e8e936d3a6d6b6fcc.jpg,Norway,NO,69.199731,18.066862
9dd9a8cf7acc456ea5e6b197ad80fda6.jpg,Iceland,IS,66.126602,-18.891686
1a20b835b7b5498b91f2b36f8b109986.jpg,Finland,FI,64.344708,25.877472
f022be86d5904a50a1dad1dd9eb00b8c.jpg,Germany,DE,48.753296,12.970261
064c26274040493098eaeb0200f5afcb.jpg,Norway,NO,61.289071,5.832616
884bcf20edf84edd8762c83a4a26c52f.jpg,Norway,NO,60.000546,6.565308
7ac48f0d17bd4b50b16c8e3d0bcf0920.jpg,Italy,IT,44.736543,10.149462
c9b4cfc22cdd421d81358aeb92f74aa5.jpg,Turkey,TR,39.869188,37.76076
8fa4d3bc67074fea8652917dd8749491.jpg,Spain,ES,39.939438,3.909834
97ce386518ce4a38950219f9c8cd60d2.jpg,Finland,FI,64.403874,24.094132
e9ad3df7aea644bba091942b9e5e25f6.jpg,Norway,NO,61.407093,9.965637
26d3599ccb624f17b6f6068c46f6629a.jpg,Norway,NO,60.56509,5.350247
40743fab8bcf4f5faeb1313c45f496b4.jpg,Finland,FI,63.72945,26.929663
aa73da2bedea4b4abe0c9e1d7f535958.jpg,Turkey,TR,40.270365,36.544936
f7be483ddbce41a0b267f3b009773548.jpg,Poland,PL,52.085213,23.574169
f86256ada30b4eb7a32fcd4179e24c4a.jpg,Germany,DE,54.032807,9.529873
fbfd975f75a449de8aded6419e15fead.jpg,Norway,NO,64.752732,12.860303
af0c69bf2db84884a12c9180fc6d2c67.jpg,Belarus,BY,53.474426,31.078883
3936d6eff50e4b4bb8b486cdfedc050f.jpg,Italy,IT,41.54833,14.755716
2a590083953e4310aeff0bf63e732b93.jpg,Belarus,BY,52.586723,29.367822
e80a159b2fb347ccbfd1a1fc402f566a.jpg,Iceland,IS,64.251419,-21.360522
ece0fe0cccfe4ca0863e0f1e398f1106.jpg,Belarus,BY,51.634234,29.091938
f09c360e288f4656b6551ddc8f2aa3fb.jpg,Iceland,IS,63.852085,-22.36296
3ac83c01f69144218b5cab204c844f9d.jpg,Turkey,TR,40.239261,32.50932
bfd3bb2c72c2400c8eef88815375c782.jpg,Sweden,SE,67.086083,20.749479
8debe4811cb74b4f9ca0a8e83015d121.jpg,Poland,PL,49.787482,22.117257
2441cdef3938476198b2608d5e698923.jpg,Norway,NO,62.470196,6.117704
259dc057949e4eafa20bba2a6be1ef5c.jpg,Spain,ES,28.409751,-16.5097
342630a6bed0424a9f6414b6c21cc0b6.jpg,Sweden,SE,57.322247,18.607789
d88d92d2f5f64dee98904075ecd4bc98.jpg,Poland,PL,51.470528,21.53391
a5723eb87c4b44f29080c57927385ca5.jpg,Sweden,SE,66.540744,22.366148
e1fb0cfd20cd4811ad8f16e92f2766fc.jpg,Iceland,IS,65.746989,-19.644512
25d9a16c6f1242acb52c7c9cc0aa9fd0.jpg,Iceland,IS,64.834871,-22.83082
d0781ddea1174606a2571de865c02f93.jpg,Turkey,TR,38.891258,35.59464
079a49ed3c4c4e76a54e81fff6571f8c.jpg,Iceland,IS,63.97621,-16.863628
c3fda65c92534c1c9fc08356960a5ca5.jpg,Finland,FI,63.103346,22.189698
8f5b11e9a9e443aba5733027dda79f36.jpg,Italy,IT,40.118105,8.865895
96ba6b1e3e8549588a284e6bc59ec2b0.jpg,Finland,FI,60.769946,23.428067
733d3659aa65465f873de5cc564c7ee9.jpg,Belarus,BY,52.993727,27.295023
eb964975d37f4595847af5776a234d5a.jpg,Norway,NO,62.536714,6.127765
a2a50d9cbe3a4d9cb243165050b5c702.jpg,United_Kingdom,GB,57.578866,-4.106744
19d33960009c42f397ecc8d1e486641e.jpg,Turkey,TR,37.088518,33.255519
67e11bbecbb748d2bf60a118290a06ce.jpg,Iceland,IS,65.581349,-20.047073
9e2e0e93a4334621bd2f2b88ca24eb47.jpg,United_Kingdom,GB,57.144464,-3.856218
bc49ba27cf3848b6aace26eb262053a1.jpg,Turkey,TR,40.877845,37.76063
50266ac91de5463faa5dffe0d74c0c9c.jpg,France,FR,46.605511,0.606093
40b8ef040ccc41dba253eafd5f72da11.jpg,Poland,PL,51.85543,21.38546
cdf849617dc8467ca0e915e670796dce.jpg,Turkey,TR,41.518424,36.005967
6c2f2418c5c443aea76e1c427b6a9954.jpg,Belarus,BY,52.233854,30.133002
8483a9fed25b4fc49503f4cff9d08276.jpg,France,FR,49.13933,-1.336914
74ee8752701f44ee8ac8a1dec42f0942.jpg,United_Kingdom,GB,58.505885,-4.34011
1a2d4d75af034f8fbd4d5bee0c247d56.jpg,France,FR,44.511916,-1.235432
6b91ff129b0742e3810fbd44fd4f8ae6.jpg,Sweden,SE,67.152421,20.927566
ed7bc3baa7d94149a96960ef70f46470.jpg,Finland,FI,67.483764,27.894928
d43900ab7d40481097766994b383ba89.jpg,Italy,IT,40.79306,16.150118
1e4e4c3d93d94792a1266206d8b82f6d.jpg,Poland,PL,51.61345,21.292811
387cfd24c0c94219bdd332fe9b248cc8.jpg,Germany,DE,50.553965,6.850089
77d0ea02e4dc46f3a349c6e83679c898.jpg,Finland,FI,62.312674,29.862577
200b6e583d0c4415b628b629c8784a32.jpg,Iceland,IS,63.990751,-16.391287
2c0519ed55ab4926bf0a3d4621e4bf9a.jpg,Germany,DE,47.896071,11.506872
8e41b6d4b0354915b05a0d29a8b52050.jpg,United_Kingdom,GB,53.82578,-0.627495
be77201d8f52483f910b5628f79281f2.jpg,Poland,PL,52.003294,20.090784
654328a8aa764d0fb90937f4fbc560c1.jpg,Finland,FI,64.212071,28.953605
a6324e8885a34bb583077885c8ae96a8.jpg,Sweden,SE,62.147288,17.344779
05b366f380de4e16af0834b45f54d98f.jpg,Iceland,IS,65.074921,-21.107756
d2aed15c1f244b20ac618d478eb499e9.jpg,Norway,NO,62.08673,9.17387
91fd6276d06d4f33afc48a8e404a0a0f.jpg,Norway,NO,62.873298,11.186421
7ca7cd4fbf3d4e5995651ddfb174962c.jpg,Sweden,SE,67.094198,20.435839
ec0db404a8a9481ea629f14cb74bf791.jpg,Poland,PL,49.94108,19.893478
e841dc6907fd44e4a76c61f6d58f969c.jpg,Turkey,TR,37.273831,40.687948
27611122791b4b8bbce76459ee845b8d.jpg,Finland,FI,65.933526,24.624904
c8fa301a6a6a43f98e58f7947343ab6f.jpg,United_Kingdom,GB,50.348578,-4.662883
ba6bfc6693954e4a9870cad32ca931be.jpg,Sweden,SE,58.709006,16.641965
aa1826b0e0a840ef9af77262abc3114c.jpg,Belarus,BY,51.648441,29.108183
68c1da180d9d4940afd95a83fe87f07d.jpg,Germany,DE,49.533903,9.851958
d5e3321d595e429d9e926cd0192ee4b2.jpg,Spain,ES,40.000982,-0.586141
d69a02d9cdf643cfbabbbd96411fb2f7.jpg,Sweden,SE,65.6403,15.517551
2df1872e8dff4f6081fed79f022205cb.jpg,Turkey,TR,37.85877,32.508617
3bdd6403b6734a229a67267fe3ea1622.jpg,Belarus,BY,55.197817,28.756343
fc98f14ea7c34b208dcb52dcece55bc6.jpg,United_Kingdom,GB,55.298853,-2.940177
82f0df8ea82d4dfa96cfe2255ddd1af4.jpg,Iceland,IS,65.519996,-23.418932
3a5ba27578b24b93aca0c7990b81988d.jpg,France,FR,43.125825,0.318229
111c594c0a904eb4bf8c41531e24ddbf.jpg,Spain,ES,38.876163,-1.270941
1a4122950f144592a5c3870d02ef31f3.jpg,Finland,FI,66.107047,24.811739
acd23838920f4569bf5f5721420fc1f1.jpg,Poland,PL,54.233978,17.47706
f5461b19278e4adfbe0efaac52139364.jpg,Finland,FI,63.33134,25.607443
d08957a5ba4b4069863c681e36ceb733.jpg,Iceland,IS,64.017937,-20.528356
b4044ad2e79145e29d200ba448db02bd.jpg,United_Kingdom,GB,53.781129,-2.710831
0db49b1fe56e4b25891efe46ab5eb8b9.jpg,Germany,DE,52.006026,14.16109
00bf92708e3b40b6b3c9c66cde332727.jpg,Norway,NO,68.342705,16.328299
a1757d58d02d4adcae8071da06a7eb8b.jpg,Germany,DE,49.842917,11.662596
3cc42fced49743db81b51e38598baaad.jpg,Iceland,IS,63.684204,-18.359394
f8b27286fe2a407c93617669f93b7f17.jpg,Poland,PL,51.777759,23.654926
0456324f85d943a28d8be72e7ddea2da.jpg,Belarus,BY,52.947802,29.924348
4e3dff2f495b4e359f668c7db7086d60.jpg,United_Kingdom,GB,56.389328,-5.094769
11b41fa31c004c51b2b38a61a1f8d900.jpg,Poland,PL,50.475649,22.737598
8a646525236342f19285e58126244ae0.jpg,Poland,PL,53.018656,20.452052
bfe64f355c5f499aaf088a6f2084f97f.jpg,Poland,PL,51.462011,14.939367
9b9945ef3f35484f8fd4d0ddfe829e51.jpg,United_Kingdom,GB,52.926237,-3.611734
b9f412ad02a64654a1cae945bce1df7e.jpg,Norway,NO,60.878976,7.25755
acfcd587876c41f3a7c2b1d024bea4c3.jpg,Germany,DE,53.663451,7.664009
4f39f1e9239a400eb41bd30700102fdc.jpg,Sweden,SE,60.198102,16.593615
af10f06ccada4ed0a6051f15f6cf98fc.jpg,Iceland,IS,65.285875,-14.430235
cd45dae97a62460ebfb80c62b66a6dfb.jpg,France,FR,46.196292,1.788028
bd0dfc433d7544a9aabe6308ae0144c8.jpg,United_Kingdom,GB,53.139709,-0.70972
000f6b23adde458090bbbd202dcd7a30.jpg,Finland,FI,61.488511,22.70362
93f429e4463d4ce995b3b0a492580251.jpg,France,FR,49.145494,5.377584
c0d3289b5d0447599404ea82aefef45f.jpg,Iceland,IS,63.564236,-18.445589
9f41a884288e4975b3e704eb61c759b5.jpg,Italy,IT,40.826085,16.90827
3721922c2be541ffb258ccb025676784.jpg,Turkey,TR,41.036756,42.860677
5e49be01937a482e81014e89bf913cdc.jpg,Turkey,TR,38.324818,43.189121
c7562e8b08354d7f943767cec66dab6e.jpg,Poland,PL,53.166212,15.520818
01eab2f6b6bc415b96db6aa460c5b7bf.jpg,Finland,FI,63.123632,22.698514
85dbca0321b341cf911e393aaae26b0f.jpg,Belarus,BY,53.222774,29.099408
d6200e3bd3c34c27a79c8ad97f0a4c7d.jpg,Iceland,IS,64.936256,-14.072839
e217b8fabfa34b7ba2723d8ffc09a88f.jpg,France,FR,44.405663,-1.074967
8add82e6a9c64fe6beac0a3944761240.jpg,Italy,IT,43.754894,10.763988
110296090d874356b7934e53a13592b7.jpg,Germany,DE,49.26116,9.024749
ca90044ef2464edbbbb06cacd0aaed75.jpg,United_Kingdom,GB,50.181113,-5.59602
588bd69d58f6467f8f5af9c86602c971.jpg,Spain,ES,40.833984,-2.709432
aea42d6c4f9c4281bf7b4c54f03b3eaa.jpg,Spain,ES,38.883886,-3.023357
20accffb199844758d52f1c3ddca1855.jpg,Poland,PL,52.565391,21.783652
5a5c53a8a918421fb3ebcdd65de19220.jpg,Turkey,TR,36.498941,32.287623
7d4d8491d45a41c994675c9c39bcdc95.jpg,Iceland,IS,63.541667,-18.454466
16df52bef748451381102fede487fa5d.jpg,Belarus,BY,52.256911,27.858082
875d6152a2724ceda1298cb5103a37a3.jpg,Italy,IT,40.655248,8.32896
5193056d1d2b427d8bdf587926186bfe.jpg,Germany,DE,49.670184,7.087363
b4e58e6d0a5a4f7fbcf9de787391ffff.jpg,Sweden,SE,61.440045,17.128616
bc0af7a3ba98410e81d2c78de61a30e2.jpg,Spain,ES,41.347832,1.178807
2fed79d0b6f64bc5a9b68c088d4a4b7e.jpg,Germany,DE,50.526521,8.142195
46ecd255788c406bb5fb2b0525498655.jpg,Iceland,IS,63.51754,-18.479927
a008430024b9434ca9ddfc0a26b1f076.jpg,Finland,FI,61.018492,25.151495
739cf92b2d1b401b9fba7478ccb54d16.jpg,Poland,PL,53.944871,16.024034
1086e7de868e432b90b0da06c0936385.jpg,Poland,PL,50.482034,23.445203
4870ec802b2a4a07a224e681548dc2b6.jpg,Sweden,SE,62.162712,17.498828
924ef722dfe641f7a9791ce66aaa527c.jpg,Spain,ES,39.473074,2.895959
47dcc3c436b945c7b8f9122fb4406194.jpg,United_Kingdom,GB,56.340248,-3.548863
92036c7e75c24f5b8e29a270007d6476.jpg,Spain,ES,39.373791,-0.566865
70b8ece536244cefa0ae8799c32a72c7.jpg,Germany,DE,52.857153,7.809499
67b6c30a16d74c12b26ec21aab54199b.jpg,Sweden,SE,61.215445,17.043153
3aaa7e9874cc489ea3ab48734b0e8dd1.jpg,France,FR,47.882254,-1.584929
0e8a83938c9e4fe8ad7654765207173e.jpg,United_Kingdom,GB,56.602208,-6.101398
7e7e640f51464c5198caba3640fb7310.jpg,Germany,DE,53.444042,10.894591
3803dc3405864e869598dec87d911263.jpg,Italy,IT,41.003015,8.891502
81220f3eb76a46b283a0f94d811e68fb.jpg,United_Kingdom,GB,50.905289,0.629369
d01566a404d2446ea55293fec7fd18d4.jpg,Poland,PL,54.449772,17.297416
e0ffb156a45e415e9016075fec99e778.jpg,Spain,ES,28.776976,-17.914003
533d57e1b72e477da584929cc55ade09.jpg,Finland,FI,63.935415,23.440532
4fce3527f13f489eabb91f7bb5ef59be.jpg,Iceland,IS,64.192504,-20.946718
44375a6c3ba046f8853f520d68e70e85.jpg,Finland,FI,61.380992,22.699982
10149728873e4b048390f61c33476115.jpg,United_Kingdom,GB,58.556486,-4.706181
5ff34a51157646fa9ff33b3090127a27.jpg,Turkey,TR,40.206379,39.431122
55ed54ee9ed0448fb0d231b6731576ba.jpg,United_Kingdom,GB,59.066087,-3.329179
5410defd61dd450b96db6188690302fd.jpg,Norway,NO,62.557139,6.126799
3edad4cdf5b84f23a8eb2b36bb8c6cad.jpg,Sweden,SE,58.6145,15.293063
2d0dd74c0bae44d5bb9eae575fcdfb5b.jpg,United_Kingdom,GB,52.385138,-1.759115
a24402e0a2304df89bf63c766e639f6d.jpg,Spain,ES,28.789493,-17.802436
6bcd4c4adeb546cd8eac094c5b19b61a.jpg,Germany,DE,48.332528,10.245098
e2fbcaa483da4a70bcbf6a4bac756bbd.jpg,France,FR,41.578553,9.243642
1a0b9e79bd4c4ecbb7fa8e63f2091c5a.jpg,Germany,DE,53.761078,9.072355
43d6daf806044dd6a0a4ab470043455d.jpg,Iceland,IS,65.872224,-22.393571
b97cc74eeff94237a4f02a840aaab16c.jpg,Spain,ES,43.342402,-8.302587
e92da08cb17245d8a7c1da949d1ad656.jpg,Sweden,SE,67.083369,20.357679
0fd8cfbe19284020b5c20ee921ef27a0.jpg,France,FR,47.006103,5.390624
a20537094ee2412a8c21d2a4656871a8.jpg,Spain,ES,40.212322,-0.012824
37ed19eb6fbb4e508934697db59c2576.jpg,Spain,ES,39.719718,2.886209
9f4dba64616240e5bd395357ac5ba8df.jpg,Sweden,SE,62.229384,15.173057
88b4fd0fd89446e99ea8d01d80a75c8b.jpg,United_Kingdom,GB,50.530864,-4.808204
3992feb1d0be42748b8560f5e0ef8bdc.jpg,Turkey,TR,39.084027,29.46473
b1676addbf3048e4b4a257f1ec0f5bbb.jpg,Norway,NO,70.674659,23.650857
47b51e91309e41cdad45c4e29b1ee530.jpg,Italy,IT,40.52729,16.464582
6f0f7f1195e8414d9fe56cd53786d03f.jpg,Spain,ES,40.968212,0.638726
a9201807b1da42d08824d640c463942a.jpg,Sweden,SE,57.775374,16.420735
aaca9c763359403db44a21df33086f08.jpg,Turkey,TR,36.905317,31.13108
5322e9acb8524b3b91976b4280057bfe.jpg,Italy,IT,39.300522,9.091151
dab8a655e66941b1828b740891aa655c.jpg,Spain,ES,39.41489,2.900536
d6a0f59cd0784c67bb80ccb874728739.jpg,Turkey,TR,38.018659,41.775604
743149532c444f7caee56ec17268e7e4.jpg,Norway,NO,71.125607,25.716872
3860d93fb0f046bf847dc98ae8b1fc9a.jpg,Spain,ES,43.654934,-7.598379
630423bd40384c6e98fe4e0a6f1cb6bd.jpg,France,FR,48.115583,4.765371
36fd01f799dc4a099ea151bf89decf4d.jpg,Iceland,IS,65.710488,-19.375733
ded1c03823764c28b1478b911ac4775b.jpg,Iceland,IS,65.249274,-14.359948
e2d02e6aadc14a108cceb01f168cf897.jpg,Germany,DE,49.916708,9.346977
a7a15509624e439e96c74338512c2eb3.jpg,Belarus,BY,55.450088,28.672523
fb3ca8147f134ae39647bd18f58d0998.jpg,France,FR,48.896736,5.43926
f0681f9b464c40b8a4f6db26a9297bca.jpg,Iceland,IS,63.870799,-22.423873
a386c2c4bd6d44b89ff968ac860bf7ec.jpg,Sweden,SE,59.220796,16.615308
4a94b3df993e46a5a03f9ea63eb14f07.jpg,Sweden,SE,65.451277,19.377702
56a5abbb68424e6898a870f2b5347259.jpg,Italy,IT,38.910003,16.43089
31a9b3cf63f24911a5b9677282d9177f.jpg,Italy,IT,42.593051,12.237133
2c10246615974912bc90682438b736b1.jpg,Iceland,IS,65.037045,-22.542044
8a4bca34187d4826ad07cf9e206c447d.jpg,Spain,ES,39.058698,-3.375289
d709601a4d6d40afacd53341fd963446.jpg,Poland,PL,54.039116,19.90708
df174db4dce14980a3460877fc0f85de.jpg,Sweden,SE,67.139484,20.799931
fadab2104f2942c8a0eb610632642890.jpg,Iceland,IS,63.990542,-18.923977
80e0ce2b39e34056a453f9ac1eca91c0.jpg,France,FR,44.715829,-0.56003
da6550d9bfe14ae3b6414b733146191c.jpg,Spain,ES,29.009596,-13.528003
1b5f9a8721044c3b8c926c05fcb6c657.jpg,Spain,ES,41.183955,1.423057
e59be0e0e3d24a2ca8a176a45a20ac68.jpg,United_Kingdom,GB,56.239355,-5.02462
36bd7d6cda984697a068c33801dc5468.jpg,Finland,FI,67.514844,27.947852
12e92672d8174b269b32e82bf492aee8.jpg,Turkey,TR,40.521518,36.14152
8d77528bde0e4816b5c45fee10e90d53.jpg,Finland,FI,61.782048,29.845352
f6618891611e41e794e8c0fa85ade943.jpg,Poland,PL,52.452773,14.719045
ae35bfd932de4cb7914bd2581698a70e.jpg,Iceland,IS,63.487348,-18.536103
677d520acb144e6fa1c7d8eec6222bfc.jpg,Spain,ES,28.859315,-13.804984
d51c9a80e32841248a6e9d34bed0ece4.jpg,Sweden,SE,60.468645,17.167411
83869dda68554de8accc0137cb682ce2.jpg,Iceland,IS,65.827414,-14.842555
8974f94939b142f595364cd5fe0191b4.jpg,Germany,DE,53.805813,10.505758
db96585f3fbb42d1b8337f4c9526f04d.jpg,Finland,FI,67.930979,23.942262
0aacc91e47c7467594e58902b8dd628e.jpg,France,FR,43.781889,6.361586
6225b8d079c84cfb845db45c27ef01bd.jpg,Spain,ES,36.526572,-4.664411
b9020b6d075d4ba0a6d985db36b1bf18.jpg,Iceland,IS,65.16715,-21.057591
05d836fde40d4ec7870de47778b12f27.jpg,Spain,ES,41.990718,2.75894
a12258d05bdb4d419e74beb23fb802ca.jpg,Iceland,IS,66.044177,-18.521407
e33613cf8b634673988c73ad06024e4d.jpg,United_Kingdom,GB,51.25854,-0.104649
9b07ba5991cb481e9b36a2859d30812d.jpg,Germany,DE,53.8256,12.138375
cfdfb786641e413b837c6f9eff09f454.jpg,Norway,NO,69.729689,30.053518
6ecc9c4d2c7d439fa9781146b043f173.jpg,United_Kingdom,GB,53.909648,-0.475225
f723a6c5ec184a508d4b895d1e9bb5b7.jpg,Finland,FI,62.347669,26.673625
c641885ca9d24ad3afe5ca1974a0be99.jpg,Iceland,IS,64.091349,-19.07027
2a4702008cf449af911f094f5dae0581.jpg,Germany,DE,53.173396,7.68784
cb8c1b04ebe448b38fcf6a557d4ad70b.jpg,Norway,NO,69.544083,18.989859
13610a0d6bf94f26baa4d8cb3fee1c99.jpg,Spain,ES,38.722033,0.11158
402a80a5760d4463ae8fe8b65a6d9750.jpg,Italy,IT,40.64124,8.367372
256e67e52be3428ebcea2b333ecda7e5.jpg,Germany,DE,52.149365,8.450019
fbce1eaeca77456db598f71d98b0d6e3.jpg,Italy,IT,38.111306,14.97837
51a2ad96f72b40afbf1cd6693b589d99.jpg,Norway,NO,60.708576,11.301606
858c93eca1a24fcca0fdab371c3ad7f8.jpg,United_Kingdom,GB,51.820034,-4.69954
5514bfcdd42346678c483d0d8dc40266.jpg,Germany,DE,49.386475,10.761153
ea3f6f36b95446eb8ac236fb4d92b608.jpg,Germany,DE,53.282323,9.423656
e5002571a217494b894d440d5bcb0eb8.jpg,France,FR,44.658946,-0.989251
7a1a0e217d864009bcbc9c5897955194.jpg,Sweden,SE,65.856702,21.80825
b78f56190c7947ee9952d0cd1b29df6e.jpg,Norway,NO,67.96518,13.167468
d6241068e91d45718c6b088715831517.jpg,Spain,ES,41.308427,-1.730046
6f19ac4a099041aaa5b8e650be062c14.jpg,Belarus,BY,53.002563,25.796617
987f994eb07048d2bace5db35ce37a71.jpg,Sweden,SE,59.387461,12.176241
54ec5a494f004b0ead3ef9a9829f19d5.jpg,Norway,NO,69.606652,18.305521
47f74254501a4173a1a1a2a1f2534603.jpg,Spain,ES,39.926597,3.825969
959bed3fcc774b74a70efa88cb0bb966.jpg,Belarus,BY,55.576146,28.678711
b23f189b19b0426d8f9c3b44539b444e.jpg,Finland,FI,63.00816,21.862343
c93f8a2b7a32462ea36b514fd2604a9f.jpg,Sweden,SE,64.425723,15.137022
a527b76dab874c1685206d7a7e0de848.jpg,Spain,ES,38.820351,0.043384
ca43d73f68cf43b29a8735b66df435fe.jpg,Italy,IT,40.598118,16.98899
68fd991ac9a4495e9b7395cd6bc8dd88.jpg,Turkey,TR,36.941184,31.219339
316048b52f1a413dbbfebe3865ee4d24.jpg,Iceland,IS,63.850238,-22.439286
ea486062d56946bc81cee4220ab0c543.jpg,Turkey,TR,39.558188,40.035545
f25fc2a0785e4d0790c05c3918a264a3.jpg,France,FR,48.321224,2.694251
b5ee14b3c17a4c96b39267972461d78d.jpg,Finland,FI,62.555979,25.675531
5f691ca41b8b4cf4862fcd4b449059ee.jpg,Norway,NO,58.720579,5.6254
452ab9e07a7e4e11abb5572b7ef6f4d0.jpg,Sweden,SE,65.018048,20.193125
fc5f23bf58fd4ef298c60bbec13ad1e1.jpg,Italy,IT,37.257603,14.504876
221e0c4c4ccb4b0da241ff3b03a1ca9c.jpg,Italy,IT,46.171858,13.020062
40e39188d7d740b5a80d021ae986f117.jpg,Poland,PL,50.726732,21.215563
56084701128641dd960964f2631e0c07.jpg,Turkey,TR,38.694065,35.576418
9cd33686560c4605bce7ffc098ea0629.jpg,Finland,FI,61.531291,24.252295
66d9f4fd551e42f59cf676cfedb30555.jpg,Spain,ES,39.051851,-3.597225
055f6a5d9c01465fa87bba39ca718f70.jpg,Iceland,IS,65.873201,-19.37804
62567d2dce3a47a4becf60d9c385b823.jpg,Germany,DE,50.466483,11.49748
8d713cfad36d461dbaca42230cc36b55.jpg,Italy,IT,39.280831,9.134693
b7fec366e24b4995a5db2a5085ceb44d.jpg,Italy,IT,40.135859,15.736623
8b2c9baa9d644e4cbe64f9c16ed538d2.jpg,Finland,FI,66.599134,25.922703
246398e261ac4ff89830b2a0fe271c96.jpg,Turkey,TR,40.84288,35.49093
cd984122072b452b8e99aa6c20ac317b.jpg,Spain,ES,37.930522,-4.082318
739d6ba0b0ad492ab8dac3e0ba1ba966.jpg,Spain,ES,42.090583,2.17068
57a8209c08d54c8a8dd298276e0125a3.jpg,Germany,DE,54.87669,8.871594
0136861569f44336a7e199f9d4049bdc.jpg,Finland,FI,61.938738,23.963101
85e78c7b0188440c8f8ee61f3d90bbd9.jpg,Turkey,TR,38.95736,29.362761
4ac401e7c25a44568cfacdee54bc27c8.jpg,Belarus,BY,54.372683,29.225323
84bf3c8b330f42a98cc94099e3ce8797.jpg,Finland,FI,64.309077,29.614764
6c3c02a91c584b74a2e760896b11752f.jpg,Finland,FI,66.263948,29.362918
1c70fd1a6a104fa68dd979ca2c299076.jpg,Poland,PL,51.69893,21.003915
de07d40fd1d9469aabda35672a899f5c.jpg,United_Kingdom,GB,55.12779,-2.987722
a8858f20d3af400481de4be32fdc2f64.jpg,Iceland,IS,65.647716,-23.660239
d5322c22900042d299f824ff9b1e4c05.jpg,Spain,ES,36.847025,-2.620719
404299ba681c494c98841c605cf26f6b.jpg,Germany,DE,50.38475,6.735052
aa15271766fe4aa6a23752dffad5c5f1.jpg,Finland,FI,67.537401,27.924043
190d2a951a2d4cd1945ed86766d0dff9.jpg,Sweden,SE,67.850184,20.496553
5a47caf3e7304924917dfc6f784ec06e.jpg,Italy,IT,40.662889,14.713703
b89543db7f4a444584c4219f1d628191.jpg,Germany,DE,51.042588,8.651111
abb6aee3cb534d589a467523daa6d9a9.jpg,Sweden,SE,64.517069,20.809847
0174315f89f74b86acb944b581740335.jpg,Belarus,BY,53.793169,25.37485
d5d0ff7fa1b943da9c74b3a66faaf478.jpg,Finland,FI,62.233263,23.651951
e8c96ea4c84b449c92f6ddfa4d7acee3.jpg,Italy,IT,44.517864,8.399543
934d984e0ee04a2287afc2986cc35c4c.jpg,Spain,ES,36.701993,-2.839804
7801ae27003844ec9fca278a5f7b8da8.jpg,Spain,ES,28.992357,-13.741676
c16f83ba3fa44021844d7aec069b42e0.jpg,France,FR,50.247775,2.997336
12b8a7559668448183d0d4ccb0a26b0e.jpg,Finland,FI,62.631924,21.53094
8520613a904742648ce3801b2f5ddb78.jpg,Turkey,TR,39.552825,40.072827
db071721d29d409eb8953ec0e18a92f0.jpg,Norway,NO,61.93594,6.984994
14d197c36a1645458987e23207dd0536.jpg,Iceland,IS,64.260494,-15.553084
3f584c319a1c46fc837569ae5546a433.jpg,Germany,DE,50.820256,11.390461
52c4865169474cd286276626d9a3de0c.jpg,Norway,NO,58.535159,8.846884
4ceb6a1314c949118e65c7a4f46350d7.jpg,France,FR,44.185302,-1.292811
dc0f7bf3cbb94ed1a2dae7cf66a0525e.jpg,Poland,PL,52.4035,22.644182
70938211f5a240ce9ba5a2435a677c6b.jpg,Norway,NO,58.245868,7.952879
e0fcd529eb7b4d0eabe8d061858ca2eb.jpg,United_Kingdom,GB,54.215778,-0.31556
79a814dc8eb048e6b34b6cc19a837b5f.jpg,Finland,FI,63.911557,26.729255
78a604d4063040308f65c8519fe3b11c.jpg,Iceland,IS,64.626301,-21.467498
3d92bcb8c21e47b09fb087347d274a65.jpg,Finland,FI,62.405718,30.088962
8ae12a3554ef4100b318f2acc9b3fc93.jpg,Italy,IT,40.869272,17.40883
bfed1c2002bd40b19fdbb106a96e4d10.jpg,Norway,NO,70.792938,25.721305
a6206b4814b449d1949ec57e9358d94c.jpg,Poland,PL,53.721142,20.472132
e841587a899c4906a2aa028edfc935bd.jpg,France,FR,47.412727,0.609483
b9c68433cdd445dc9056cf21f9fd3870.jpg,Norway,NO,68.128412,16.296863
1a07a72fd8ba47939af12eaaab6c54c0.jpg,Sweden,SE,61.378246,15.899194
2600b0bbbaab45a195b5608b03de18e1.jpg,Germany,DE,52.00415,12.269366
d52c2ceeff0d406b8fe9d26cb094437e.jpg,Sweden,SE,65.74167,19.389552
c6a40eed2fd643248c321fd923694a6d.jpg,Germany,DE,52.668866,14.44616
522c129725dc4802a486e5ab73e3a43c.jpg,Sweden,SE,65.052901,17.089881
2b50a6d549d14203a2aa77fee34dac7b.jpg,Turkey,TR,40.729999,39.637411
dc184e73786b401e80b1c898be336b79.jpg,Iceland,IS,65.731416,-17.391428
f6537c4a55b744ecb267c87c60c831a5.jpg,France,FR,43.228461,3.004629
8223d70ec9c949558ea1a65f2c58ef75.jpg,Turkey,TR,38.337797,26.863291
ed09e9c043ca4d7dbfee45fc3f93571e.jpg,Iceland,IS,65.028859,-14.277185
b21efdeba37d49c2a239f9ecf27f997c.jpg,France,FR,44.638568,-0.840848
2db43b2012de4b2cacf1b1e9f58f4fb3.jpg,United_Kingdom,GB,57.261736,-3.337841
6780d64a34084cfa98d5da91441b2266.jpg,Iceland,IS,63.948635,-16.822398
75e7dc7ac1c2495997d2cc3ed6f640c4.jpg,Poland,PL,52.321906,17.676167
1123283d475f46d3a70fb8db3c5750f4.jpg,United_Kingdom,GB,53.595203,-2.504685
dd6d49e4f25c412b9d492cb9dc77a08b.jpg,United_Kingdom,GB,55.415787,-1.869922
60d00b3ba179477ea19420b4d6027f37.jpg,United_Kingdom,GB,50.335939,-5.066476
06f96ca127b544e7a69158771342d6a0.jpg,Norway,NO,58.989666,9.567324
d402bc62f6984d5785ea24187ddc7432.jpg,Finland,FI,67.294944,28.151831
f5bf5931375744508a9c48ba03662319.jpg,Finland,FI,63.114169,22.943532
166254930f4b4628b35fa98ca79c5c4b.jpg,Spain,ES,41.256836,-2.19453
55f20740d5394ac3a8af7e18ee26ef57.jpg,Poland,PL,52.629169,15.864195
cf0062a0897d4ccdaeea793a05447ddc.jpg,Iceland,IS,63.530241,-19.61354
d22e227698d245769ee8e3aa79540f11.jpg,Germany,DE,52.462526,6.776451
42fce5a21c4d491a8ae78535e65e9732.jpg,Italy,IT,44.093478,8.052919
50d51efd711240b99039ea576b0d8a44.jpg,United_Kingdom,GB,50.240408,-3.704632
6ed89e6169c64492bae5566ff02ca5d6.jpg,Norway,NO,66.318457,13.07483
d17280b9dbaf4c329d629fe18a3f8662.jpg,Spain,ES,39.317202,-0.407377
fd4b91f809864f1dac4fa166fd1b5818.jpg,Finland,FI,61.701791,22.547687
19b5b238aab04ca6814539b7639f1d31.jpg,Sweden,SE,58.864158,17.828195
3104db88d9b94dd1b28a3272e73de5a5.jpg,Turkey,TR,38.16627,26.818858
9be2b2e0ece4400f8484a2bf8334518e.jpg,Norway,NO,70.666224,23.693907
0e2dda6253f74dc7834dd2a877b42da4.jpg,Finland,FI,64.605682,27.792109
e6c78f35761d433eaefe4976a5d88da0.jpg,Sweden,SE,63.976214,15.264572
a592fa160a304354921ae9ef9dec9e7b.jpg,Turkey,TR,40.966901,38.617425
76699dbdc15d494db18333ae7ad49e92.jpg,Turkey,TR,39.195827,37.280531
91e4c0875b3b4c32afa4dfbeec711560.jpg,Iceland,IS,66.030732,-19.364741
f1bb5c1041fc4d0d82782ade6df8489c.jpg,Norway,NO,65.424406,14.630115
4b97caf87994459f9ead9eaf18596bf5.jpg,Norway,NO,58.691433,5.598447
08ca9b66f30745dd9ef1b3ab3eb28442.jpg,Sweden,SE,66.652856,21.273242
7af0e6fa1d3b4c74a60f6b2569db0249.jpg,Italy,IT,44.220399,12.373445
e6e15c62b0bf4246b925c06685c9e14b.jpg,France,FR,48.231975,-4.500228
bbb30f9400024b4585a77b352a05fc65.jpg,Spain,ES,43.353219,-5.478176
1b0c4e013984430491f533a123f867a6.jpg,Turkey,TR,38.66598,41.203076
3eca4ca1885f4c3fad210c6022434c92.jpg,Belarus,BY,54.594797,27.894512
8e1cc8261cb3458f86d709557a3486da.jpg,Norway,NO,58.991888,6.927006
9e23789201d8447bbbae906c16e7061b.jpg,France,FR,44.227046,4.80048
512bd6f1e419482fa0a7ce92891ad07c.jpg,Poland,PL,53.602737,17.182047
79fed9c30dee4d33955776617bf5990d.jpg,Poland,PL,50.260003,21.853498
30fcf64cb0c047e78135dc2b34d841c4.jpg,United_Kingdom,GB,52.809217,0.04103
6e33b1e905ce4f56a5067982a3a16d09.jpg,Spain,ES,39.020087,-1.80578
6ec68418e61844a2b5766b0c24bac9ae.jpg,Poland,PL,50.517603,21.604167
8a7b649439ca40cfaf1a05cc42b72747.jpg,Germany,DE,50.059204,12.063845
8500bab161b54dd6b32af18f419701e1.jpg,Germany,DE,50.280287,7.441146
e17d7edfcf454c92a05d13616d1efcfd.jpg,Sweden,SE,64.917548,15.505597
1f8fec0eed7545d298adc77dea9138c6.jpg,Spain,ES,40.258936,-3.762033
09481d0de3ea4340a5bb65c193606745.jpg,Germany,DE,51.393839,6.472458
1bad4101a9704916b5ed99fabb4f3274.jpg,France,FR,43.941183,5.05781
4208beddebe244f289c773b8b7be45bc.jpg,France,FR,48.064387,-4.594373
e5d0a036f2774c0d939b47bcf4213167.jpg,Spain,ES,38.727639,0.037565
88175f5300f6402aac91f6f70e48c169.jpg,Italy,IT,40.986442,9.133019
c063b290cf8f479e9753733f1a9a6255.jpg,France,FR,44.410575,-1.074512
4810882d3f84479b863f7778f3e8d02d.jpg,Sweden,SE,67.64128,20.943796
244740ec11254f32b91603c19a93b01d.jpg,Sweden,SE,67.098884,20.958266
1f4070189152482dab6a5a136fb0f8e8.jpg,France,FR,44.152966,-1.298368
642ef270098e4cecacc5acb43fd56e7b.jpg,Iceland,IS,65.746852,-19.643904
3271f8b024954ee69eb9e5ce4f34b996.jpg,Sweden,SE,65.289103,17.667557
882e9df534454c4e88b71939831296af.jpg,Turkey,TR,37.712231,39.280617
dc82d3e78b9b45a78aca8f8ee4e95c70.jpg,Germany,DE,51.219511,13.073628
820b3b1dcbc841949cfd6489968db8bf.jpg,Italy,IT,45.159782,9.986557
ca36dd62e50b4b2ebcd627368216df20.jpg,Finland,FI,66.093516,28.617493
e9d00fde64d540fbb12a2168ab4a744b.jpg,Turkey,TR,41.465272,36.109177
b21ed21355c8482d99d4f47094c58b09.jpg,United_Kingdom,GB,53.144221,-0.699911
fbd08c78333446a39a7d27e12951bcac.jpg,Sweden,SE,61.09386,15.173316
6a870e5ba8994ac7b7b1d8a4333b8737.jpg,France,FR,47.899736,3.636365
9bf80380f1764083a7844d1fa30d3aa4.jpg,Norway,NO,65.085325,13.325799
dad3a8d6846e4b1985f6928b2494e1ac.jpg,Iceland,IS,65.493457,-21.892925
28683d3bed084c1885a120b37a06e2fa.jpg,Finland,FI,62.210596,24.763815
d3541bc1939c42bcaa70a86915d38a51.jpg,Italy,IT,36.862037,14.993042
d537dc2d1b6a407c94ad4992ebf2be04.jpg,Germany,DE,48.901239,11.103483
dd25c30609764683892902f0fefc3081.jpg,Poland,PL,53.034655,20.444992
1c2e2333b43e4d6ba8f06bd8a9b80d8e.jpg,Turkey,TR,40.183884,38.079536
ae1f4be409a14240b6b157facae3ae4c.jpg,Turkey,TR,36.429686,36.383425
cbcf8f9f4f7148a88d54b51686ac4552.jpg,Spain,ES,41.73234,1.264926
6b00e00fdf004e478e04212f51fafe4d.jpg,Norway,NO,58.258576,7.971341
93013b7ad055460fb1cad0d6cf173414.jpg,United_Kingdom,GB,50.544111,-4.72749
07bf964a49b4433394ade596fb41a298.jpg,Spain,ES,41.933008,2.843993
5df0bfe5f0e346d9b2df6c6e7ab698a9.jpg,Sweden,SE,56.34633,13.828332
c226b64238c348cb8a4ec99396e43968.jpg,Germany,DE,51.134121,6.577352
1545e62f0ba14e3495e31a2d1d7975d7.jpg,France,FR,45.661635,4.85752
b798ed0ddead40f192152a821c67341c.jpg,Norway,NO,62.470735,6.186424
dff89e9605ff4c1c965b0ccf0e6ec61c.jpg,Poland,PL,53.423191,20.512171
7e6539407d69449d9af37689404336b1.jpg,Spain,ES,37.384465,-3.829737
a58cb28572e54fea8cfcc4c2fca562bb.jpg,Turkey,TR,38.152628,33.570097
9423ef877e9047808c97b07ae33f08d9.jpg,Poland,PL,54.511241,16.551489
650bf2af1c3a4bcbaf5a208105357a72.jpg,Finland,FI,65.555956,28.184113
55e246b9a4a1408892e13b75be2ed3aa.jpg,Germany,DE,52.638381,12.471269
b4ca5edc13054302abedcc1c2c2e6bca.jpg,France,FR,48.999284,2.136712
14a63a05f1704e8090b4466db771a220.jpg,Turkey,TR,38.654627,29.007126
57efd500f9fe4fce8b10fcda1d678911.jpg,Finland,FI,66.57139,28.423003
d569bba11d2844d7ad9a342a63723b11.jpg,France,FR,48.564373,-4.51663
ae134bc122d74058aee8dd4b77ec30f3.jpg,Sweden,SE,58.596982,11.502275
a0aab6e61fa247cf94214492f73d754c.jpg,Turkey,TR,41.0752,42.828503
a4e71b203df945d4bd147b2a0da9b881.jpg,Germany,DE,52.796138,9.938574
2c1519c14dc644aba8e91b1670234ed6.jpg,Norway,NO,62.434281,7.898411
b8f8fd30d68a4601a079d683a80a9dc1.jpg,Spain,ES,36.771577,-4.109197
753725dd98c44aa39f9e1ef724d47ff5.jpg,United_Kingdom,GB,50.306187,-4.851407
131e2fd50ec641a7a31f943d57e397a9.jpg,Iceland,IS,64.781125,-23.645431
80f9db24ebaa4b8c913535f85babfb04.jpg,Sweden,SE,59.772994,16.115573
095224997ec745b796d7636e7ef5ad95.jpg,Germany,DE,50.898492,9.423125
34802607c67743f0a4f51d741ea5e9ad.jpg,Finland,FI,64.180149,29.22105
996aa77cb3354fe5be6b8152e4b0fd2e.jpg,Spain,ES,43.620952,-5.801134
b685d1cba3e7498785b40c8817ed3732.jpg,Germany,DE,50.613664,6.456933
6dc2f4bc764b4e02a3dc57eb0e9bedf6.jpg,Italy,IT,38.195616,15.3124
b3f87b71b7ef46a3b082efec0aab0cb3.jpg,Sweden,SE,64.417478,21.224463
ffa54cf2f8c546b4a8d7bf0ab0939722.jpg,United_Kingdom,GB,57.961191,-4.049945
412a5155432b4a02950d9ed6f192c8df.jpg,United_Kingdom,GB,55.266469,-4.842996
6addee16877f42ee90be69a6b72f1df7.jpg,Germany,DE,50.848793,8.776313
cd32441ede7d4845b1990cff09a9f778.jpg,Italy,IT,39.070066,8.452679
f98914ebb264432caa11639813b1529c.jpg,France,FR,46.98522,5.146732
3ed62907ca514fcfb0000f5344006281.jpg,Turkey,TR,41.146768,37.132505
a10bc69354d1488784c6f6894fe58a76.jpg,Finland,FI,67.475943,27.961995
9f58cf8f997444d6a0dd724095f2ffde.jpg,Poland,PL,51.416347,15.600969
4857229e796546a3850e544fc64ec179.jpg,France,FR,48.316771,6.495734
125025af89764fe79a525415e1e48b1a.jpg,Belarus,BY,56.027343,28.347565
247270b8b7d442c5a24591f94ab78bbc.jpg,Norway,NO,62.094764,11.650509
0826a54e91b74101a7eb019650b7bc6c.jpg,Italy,IT,39.619264,15.857407
d917dab31ddf4665bab4736f899e8de0.jpg,Italy,IT,46.694114,11.443871
e343ab4aadc949289ecc587383a0f782.jpg,Norway,NO,59.055397,10.009263
bbb65dec6dfc4a28879e90e76fad07da.jpg,Spain,ES,36.480552,-5.038261
86d9ae910e0e462797a87e642e53a8f0.jpg,France,FR,41.740019,9.405671
29220dd7d34d49dda24e362e66b3d4d2.jpg,Italy,IT,40.546533,16.485082
52b003f372a94a718d5c76e42de0c230.jpg,France,FR,47.254909,1.935427
1aed1e95587c493e8951e3b3e3fe1fb2.jpg,Sweden,SE,65.583338,18.112624
327bd4c46c724e3e9a52e225344251e3.jpg,France,FR,49.246821,3.368984
4999b9b433d248758aaf95c8ddb45dd6.jpg,Turkey,TR,37.399192,40.951235
bda57ec3f0f44e1887bb0cb33b7a4c0a.jpg,Norway,NO,69.691091,18.865795
40687b3c8fcf446e88e36b3e75daeb4e.jpg,Belarus,BY,53.138475,24.304861
e5f99147970947f1ac061baf3a0949c3.jpg,Spain,ES,40.992831,-3.997329
fd32ff3327e34d22846571b93738d48a.jpg,France,FR,49.17094,6.823893
a9a6cd9245ba41f886f184cb675e68e0.jpg,Poland,PL,54.30194,18.313491
122764ab69bf43e1a4a66ae85e14cab8.jpg,Poland,PL,51.177042,16.067112
5ebcdd48025e4a5b87402f77337537de.jpg,France,FR,43.441053,6.850058
5a8417a81ed34829b0ee850d5894ee12.jpg,France,FR,41.594061,9.324456
4d190a3d71c443e7ab182afc66d44e7f.jpg,France,FR,46.332186,-1.074603
d6bf8ae0dc274ceab670098faaf991c0.jpg,Finland,FI,63.298492,28.371361
3c1ab940b79c4d54bf33600cfd4bea66.jpg,Poland,PL,49.958614,22.179809
75bccb44f893431bafc91f6a23b04d19.jpg,Spain,ES,39.992107,3.845867
caa5f203cb764a5186e073251aa0c92b.jpg,Poland,PL,53.261,19.447744
73121d35268f42c19030aefe0382b580.jpg,United_Kingdom,GB,55.276007,-1.6739
d80ab1e4fdc648b3a827e4d6392871d2.jpg,Poland,PL,54.493868,16.485006
aeac6f5088e24cda87944a85c3017796.jpg,Sweden,SE,62.836156,16.014726
893f8c3d238c44e3b8777b1610aed456.jpg,Sweden,SE,66.436399,20.533514
b7a6687860f6424db014aea4b6d7e056.jpg,United_Kingdom,GB,54.335665,-6.636037
a8a35faedde44bb9b76b1a305d9b05b7.jpg,Sweden,SE,64.303073,14.958715
7c3852990ad543a0ab21bee856e7a734.jpg,Italy,IT,36.79349,14.50493
9893c8a6e2a441f18c755d97227f8eaa.jpg,Iceland,IS,65.580756,-23.185385
b26b8ef0ab09491b8308e11cb6b855c6.jpg,Spain,ES,43.728971,-7.690226
e78b450077dd4fe185d82704db479c31.jpg,France,FR,48.613797,-4.542128
1f06ca8f03c247939beb68c3511da11e.jpg,Iceland,IS,65.948285,-18.151452
d00bb0f9feaf49a8bea97057da601b0f.jpg,Belarus,BY,52.304732,30.914933
63c22be16f3e49518e23dab955683065.jpg,Poland,PL,49.64458,18.874802
0113aa74ccb4409fb4788ddb41c60d6a.jpg,France,FR,43.1632,-0.109384
d1f607296266477a8b9af023b2ffb91c.jpg,Turkey,TR,38.692554,35.577662
059e1d91ace34517ae074aca3f4c1ba9.jpg,Italy,IT,38.125682,15.007121
7d1d206d7177419488aca9582357d5e7.jpg,United_Kingdom,GB,59.101919,-3.326187
dc75a8ffe783470a82c58c24455dd9c1.jpg,United_Kingdom,GB,50.510019,-4.696977
4fc7ac70ce494feab2b868b3d2f2628b.jpg,Sweden,SE,65.599353,19.14741
2672c457789b4e4d9c1369c7492d32d3.jpg,Belarus,BY,51.920187,29.714205
2dd426973fb84aa1bac09461774f591a.jpg,Sweden,SE,67.246537,23.155209
6f256d405b0b44ebb37657b445743f7b.jpg,France,FR,44.145151,-0.908005
59d02e32839f4cc5bfda58f10d54ffb1.jpg,Belarus,BY,52.330604,30.850796
c7a15cbcb86d42d49b39eb977f388f21.jpg,Germany,DE,51.925765,14.702851
ead46208d4fa42f5a110b409dca43621.jpg,Belarus,BY,53.021574,29.710862
f8866e07ac61407aa737fb3514251fd5.jpg,United_Kingdom,GB,57.21414,-3.26112
1ea219378a264ddb95a9a4de7e212d2a.jpg,Spain,ES,41.947661,-2.942214
5a5d2fafc743419394f2b595c13020a3.jpg,France,FR,46.096651,4.085326
705767761e4a4146a5e91569fa85f9a2.jpg,France,FR,45.964968,0.809058
e448bded86bd4552b4e1b95183ed0988.jpg,Finland,FI,61.625174,28.221773
9eb186ce33b04e4ca7d9fa08ac84527b.jpg,Finland,FI,62.184513,22.975962
0b8d373fd47640ee8f7c7950240cdf9c.jpg,United_Kingdom,GB,53.561716,-0.797711
056166095f004be3b2e8aee429f2f8e0.jpg,Norway,NO,68.622567,15.66728
d2674c146cf44232a01482f01dd35a2a.jpg,United_Kingdom,GB,53.897798,-2.749479
a7ebfb9ba5f54f2a850035146ceb9006.jpg,Iceland,IS,65.73374,-23.785132
269392f465d5411bb382ba011a6edddd.jpg,Norway,NO,59.669294,7.533961
0340df1aad1c41b88662826c1d6b5598.jpg,Norway,NO,59.217874,5.453483
4339adbe84e143c8bbc37cfc349d4b9e.jpg,Iceland,IS,65.801715,-20.262154
1696e55b599e4c8b99ffe98ce31db4a8.jpg,Spain,ES,42.987156,-8.130525
5fb6ba30b70e48029da16d677779ce9b.jpg,Norway,NO,68.416129,14.678166
8978ab194b5f47d9983755d91ddaeb89.jpg,Finland,FI,67.084424,25.081534
615360d01348415ab19a3d3c20cc6ff1.jpg,Germany,DE,47.746983,11.640578
4a98b99c0367435fafdc78604f99c3b2.jpg,Turkey,TR,37.045075,37.380866
b29b4e607c97487d91e718cdb773ce5e.jpg,Italy,IT,43.722043,11.450498
cfde970c09b44f7ea00fb1827e1d27e7.jpg,Turkey,TR,39.554468,43.90872
f2aef3e6778c4fb1992a8b856650421b.jpg,Turkey,TR,37.186668,34.867857
f73706bb888d48df899cfcc753832654.jpg,Germany,DE,51.107727,12.599637
ae9bc0863dac44758bb9bc98f02ad2dd.jpg,Finland,FI,60.159243,23.573084
9a886480f2e9472d83bc673294660b27.jpg,United_Kingdom,GB,52.234561,-0.246023
4380d780853c479890521e0cdae095f5.jpg,Spain,ES,41.561614,-3.207067
d4d6b0420c494770bb73f6dfbcd78368.jpg,Poland,PL,54.459904,17.887855
870884bebb344eacbadfde6c37787408.jpg,Turkey,TR,40.787337,39.983244
6d41bd32866c41f28803aae54174549e.jpg,Turkey,TR,40.880918,37.762452
fde45ac61fd943b6a6de64f5a84f24b3.jpg,Norway,NO,64.264426,12.268181
bf7fa6c60c8f4724a0d8dec03fbd29fa.jpg,Belarus,BY,55.02568,29.370973
f2a9a8a7173d46da80f0043e52b241bb.jpg,Belarus,BY,54.764447,28.500617
87eec7c81fea44ae81989862a55771d5.jpg,Norway,NO,59.908537,5.367889
2df1e80ec0134fa898037cc0960fd030.jpg,Finland,FI,62.98714,29.761209
1e9c7ff023da407995e80a078e601485.jpg,Germany,DE,51.423993,7.853761
fa756ac81f624d6b86291ff94fee0d64.jpg,Poland,PL,50.955054,22.288029
2746479d0f6943e98149956ce233fe45.jpg,France,FR,45.243601,-0.868203
fa9b6201c8ec4f418b19a795cfa234b6.jpg,Spain,ES,42.795317,-8.12744
41decc09a5334b6f889df0fcb344f3dc.jpg,Finland,FI,64.004789,27.422327
fb6ff9d3da324568ac1d490b92658b04.jpg,Belarus,BY,52.707747,30.798691
03854bcfed7148c6aefb69bfe00a77a0.jpg,Poland,PL,53.87808,22.345465
7947278a0e06406ebb8994aa31b36881.jpg,Iceland,IS,65.705039,-23.640206
81b867ad4c6f4ab49a7a7faafdcc0453.jpg,Poland,PL,52.996647,18.508637
151826bedb124e5f9b06d540f8eb8cc9.jpg,Norway,NO,60.345641,5.245126
2840ef6054404162b75fc2cdbfcb76d2.jpg,France,FR,44.079734,-1.00317
5793be209b24462bbd1277ff3d76fd5a.jpg,Turkey,TR,36.62567,29.1354
ff687b1702044507bb48b1ab59332705.jpg,Belarus,BY,55.306854,29.586746
41c9fc2b9ca241efa95be54bb674d274.jpg,Sweden,SE,59.971379,16.987996
7b7db7a464a34d659c79e40ee3616aac.jpg,Italy,IT,41.189527,16.414301
8edd1ab60dfd4fd2b5d8b2651040ee23.jpg,Belarus,BY,53.529077,27.473949
73450f32690c41da9ceef5d8347524e6.jpg,Norway,NO,60.615183,8.523274
3b47be466aec460cb736aa413dd6d047.jpg,Italy,IT,40.893911,9.068735
a8fb67e0b38e44579a672107a5fa9f27.jpg,Norway,NO,59.194105,6.133937
6831984c03db4e23a1093ab5549cd4fe.jpg,Belarus,BY,52.283926,30.310338
d1c14abfd4344b8e8a418692151a2553.jpg,Sweden,SE,62.806166,12.795961
96974a19efff4492a4124b0a49f3d336.jpg,Finland,FI,65.543498,28.11578
1bca1214da1e4e15bcb3fe2b6617698b.jpg,Norway,NO,63.005291,7.276541
51543c23f0244e748133c3b70990b8be.jpg,Germany,DE,52.487779,10.884711
e80fce4c25644fd581bb11f0ea884c33.jpg,Turkey,TR,38.299981,29.911377
18ddefceb8074bca91f4a0b5e7243f7f.jpg,Turkey,TR,38.288011,41.104586
00368a72f2a9491fba0f2fd1ea95bfbc.jpg,France,FR,45.374921,4.68234
276a2b938d7a4757b9cb3d3b848fef5d.jpg,Poland,PL,50.006581,19.87459
c2827b92f3a04ccea64114122e8a8ff3.jpg,Spain,ES,39.029208,-3.670766
a7253ff54d4641fd9333024cc4d5af5b.jpg,Spain,ES,39.357139,3.19963
3ea28ad5fac04cf6a39b0a754cad65e6.jpg,United_Kingdom,GB,52.280062,-0.028913
aa1353d6bbf54672989b6adab6b02362.jpg,Germany,DE,48.707367,8.428841
e8c7ba4ae7024369a208ea3d97d88f91.jpg,Finland,FI,65.050758,25.594182
aeab1fd4c4b7483e9d1a8f9dc25b2bd0.jpg,Turkey,TR,38.057772,40.572693
393668af144c4981a32306520284311f.jpg,France,FR,48.554634,-4.678858
691a779a9e7c43c9addae38696d68283.jpg,Sweden,SE,57.560183,18.312321
d729eca4118d46df9da1f9c0940a3b99.jpg,Sweden,SE,60.021985,17.88389
97671e5db74b4ce58a804c747f803b60.jpg,Iceland,IS,63.724435,-20.234328
c939c857f5a24fe88cec2adb05783a02.jpg,Iceland,IS,65.568282,-15.35923
889005e4f1e64981bade808a77c19584.jpg,Norway,NO,64.580892,12.555382
d6cab49c2607490b862dd21db9b6ef06.jpg,Poland,PL,52.806005,14.632244
5d6208d045f742dc8556ac181df97d75.jpg,Iceland,IS,65.930239,-22.937684
54ae7e83db814f70837a4fa64044b8bb.jpg,Sweden,SE,55.967693,13.755658
787a9b7a9468405783e1d815313fa683.jpg,Sweden,SE,65.081254,21.465107
a418fca7577244f39f5cbf7d5923788f.jpg,Finland,FI,60.689596,24.168208
0633facd400744aeb92838d25f93c8e9.jpg,Italy,IT,45.848418,11.935953
09e8e00631684b6b9e14b7b21dc2130f.jpg,Spain,ES,40.453107,-4.687721
3cabc0e3ed834ec8a4ba7b21512a9f76.jpg,France,FR,46.829263,0.560205
5dfeeaa3ac314868be8495cfc75c2ebf.jpg,Turkey,TR,41.913562,35.070765
dee1b1d659ea4dcd97fc23d866258a9e.jpg,Norway,NO,59.678453,10.810504
46589be993fb4414a2a882cf80e263d1.jpg,Germany,DE,53.078352,11.242991
64eb428b397b48feb560ceadd558e9b6.jpg,Spain,ES,41.906628,3.146519
05d66a175d144769affdd66c839b1ab7.jpg,Norway,NO,60.155797,5.434047
a9d63b942aa040839e04763ad743779e.jpg,Sweden,SE,59.272569,17.511693
9d138c3a577146e1ab906d27e2bf916d.jpg,France,FR,48.628972,-4.510165
49c2f55c84644565ada54da0f59a2655.jpg,Finland,FI,63.14407,29.79341
835095a6158a43328569b87c853bed7b.jpg,Spain,ES,28.472232,-16.424577
21b01950df62434fbb3749e2ca5e4017.jpg,Belarus,BY,53.835998,27.26832
30d001757c54463d826c984263540804.jpg,Germany,DE,51.911262,13.542135
50b7aa61652a4ee086df7232d1ab8110.jpg,Iceland,IS,65.765876,-17.91008
3854f2eec1f049c8964c42f303e46e1e.jpg,Finland,FI,64.607355,25.65302
b4aa0152f760473eac35a7d7af62e38f.jpg,Germany,DE,48.632513,11.588454
f2cfc0d1fd3a479e88501bc6981383c3.jpg,France,FR,46.609599,2.032052
147a85570e184947b56270d286497411.jpg,Iceland,IS,65.093892,-21.089613
d0bf2aba011e4dc2ad1fa643df719ae2.jpg,Iceland,IS,64.946968,-14.115853
cc6fca223d114094b24cba7ebd10d3c5.jpg,Belarus,BY,55.020927,30.852418
56217f80dd824336ab17ac089b9d6499.jpg,Poland,PL,54.149144,18.71395
5cfe77de1afd421d89991d547a68e0cb.jpg,United_Kingdom,GB,55.702568,-3.657646
aa6c42b0ea9d4e5d92a957fb91d0466b.jpg,Italy,IT,38.091016,12.7497
2384602a12a146aabf0025152ebfeced.jpg,United_Kingdom,GB,52.69879,-2.626899
c8ea1a447f6f44249f5007addf1e2ae6.jpg,Spain,ES,43.353079,-8.313255
55c5ede5d18b486c925b0f7b186513c5.jpg,France,FR,44.154553,-0.959047
474258f1525d4fc98d5587c0e6924af6.jpg,Poland,PL,54.201122,17.516614
386209f926f145649276f752f982e763.jpg,France,FR,48.258588,-4.621273
fb62319755bb4895ab2e0e85b4bcfc11.jpg,Germany,DE,48.422728,11.878311
c6724e12c949493b96462c00158d5fdf.jpg,Iceland,IS,66.166371,-18.988946
6469a99e0e97431c88ad1d2d4e58d4f1.jpg,Turkey,TR,39.090766,29.470921
51a99e554d2547829fc1a117a6ca8661.jpg,Poland,PL,49.52454,18.993086
7c47bd5ef3764b99901afc965911a924.jpg,United_Kingdom,GB,53.067132,-1.490926
91916dbb1a9d484782697b43fa606fa6.jpg,Iceland,IS,63.846113,-22.434733
701b81067e6740e88d4aca962e5e3ca5.jpg,Italy,IT,40.694746,16.944658
5048b6396c8148698ecdf2deaa67857b.jpg,Germany,DE,51.474048,7.635217
90712db9a18e4fa282bdcfb6907738fd.jpg,Iceland,IS,66.009183,-14.87878
790922767152460b8bd217ed69936a2f.jpg,Iceland,IS,63.539264,-18.457464
079ee9f630ab47f39cc0207835460c1e.jpg,Germany,DE,51.985655,13.926189
80dfbd644d83469e9c4a789b313a9e11.jpg,Norway,NO,64.500949,12.357345
3052d79946f84e80bd0a86aafd505a97.jpg,Germany,DE,50.321171,6.621669
5660547f6e6c41e49ba3cba2c4d974be.jpg,United_Kingdom,GB,58.52457,-4.683909
c8af7cd1c7b4414ba6064f233769d97d.jpg,Belarus,BY,55.273499,30.125186
fad4a9148fe045d2a96efbd7919156d7.jpg,Norway,NO,70.60587,23.646652
9c7551dd688c48c9af918a1360803a15.jpg,Finland,FI,66.909681,28.806228
a047768405aa4c89ab092c54e2571dcd.jpg,Turkey,TR,40.266378,37.88446
eaf07f5338e1477a869e10b999543d04.jpg,Poland,PL,52.873533,15.784907
88c72f6cfd4248f2b40798479f7c9e0c.jpg,Germany,DE,51.641073,14.554234
58f63dfe72db4b118a2b4884f8ce477e.jpg,Spain,ES,39.510918,-0.386116
7d7cb9db19734430a737d12500608113.jpg,Turkey,TR,40.726396,39.638332
4c0473fc8e0d4d938c9d189c5f3c52d0.jpg,Spain,ES,39.035976,-1.904517
87f66045df064abbb14942a0b4e23c20.jpg,United_Kingdom,GB,50.579372,-4.873813
58a31109d4034333b1b959f1d970df1e.jpg,Belarus,BY,51.668089,30.401324
c1b5479d2aef40df839308aa857a84d4.jpg,Belarus,BY,54.238388,28.468573
88d828bc736149e39cf116bf3a7a9606.jpg,Belarus,BY,55.196303,30.364669
e20d3f2cc53c403ea26b6104641f22a3.jpg,Norway,NO,61.379742,6.761637
567536d8cef344ed92aadb5271c7d8e0.jpg,Iceland,IS,65.641213,-20.295537
5aeb3b8f89604de187aa746d2329713d.jpg,Turkey,TR,41.10023,28.331875
aaa9111a5c084ff7852112ca49e68cf8.jpg,United_Kingdom,GB,50.388473,-4.624638
64f3f00e05554be1aa21cce8bf376f29.jpg,Belarus,BY,52.174942,29.341089
1366557290e94d16b2cb1c11849ac392.jpg,France,FR,44.648167,0.591893
d6c0588e4fc44a67923235ecc9dd0b22.jpg,Norway,NO,59.553484,5.276927
04e582fc17904e848809409115d074a3.jpg,Turkey,TR,38.271251,40.949277
80a08609de25417b84e17d35444973ad.jpg,Finland,FI,62.867315,25.810783
16a91eda8e304c5ca00ce409c754f9bd.jpg,Italy,IT,40.569048,15.35347
7bfcd733dbb64321b3fc71db665a1d86.jpg,France,FR,45.591976,5.082627
0d1c49dbc3f54a8e842e950436255720.jpg,United_Kingdom,GB,56.585839,-6.186029
613b2401572e4516b7be4a826b3c4cdd.jpg,Turkey,TR,39.208583,33.072174
de7ccb08af4447f0b69ed2d03f147319.jpg,United_Kingdom,GB,50.425015,-4.66942
22e9475a492a48548a61aa3299e2c6ce.jpg,Iceland,IS,63.985002,-18.779825
c0afda8114094f58b0db52fdd5c6207f.jpg,France,FR,49.645013,0.294231
ed42862a86db468f8b25f92bed305fc7.jpg,France,FR,47.654714,-3.025495
271c4564039e4fb796ff3c9649b32bd8.jpg,United_Kingdom,GB,56.597576,-6.117389
25428d5ca72b4f76b6c7c222e867f662.jpg,United_Kingdom,GB,55.972605,-2.868273
fb6f4a0dd17e4853b1d95a5fa4a58679.jpg,Germany,DE,50.183277,10.110673
410c9aafc549465fa4ad37367b4937f0.jpg,Iceland,IS,63.646161,-18.419536
32c0b0327077489a8f9eefa10421a99d.jpg,Germany,DE,48.44387,13.086434
0401de4066dd42e1b19bf95116004a0e.jpg,Germany,DE,48.86208,11.779034
cd0f5258b0fd447cb09519589d2d0317.jpg,Sweden,SE,65.409776,16.123972
e12520a846ac4593a0de493c21e45c0f.jpg,Italy,IT,45.582628,8.338742
d28f2136719544cc9afa29d4cb606442.jpg,Sweden,SE,56.551883,15.140969
c6d61f8d8fc04fed82e26fe34bb6334d.jpg,Turkey,TR,36.45399,33.670617
bacf1f20a2f64bb5bc90755749e562c7.jpg,Poland,PL,53.262339,18.173125
4edb963f05654ab79318d0e9aabad4a4.jpg,Spain,ES,38.949775,-1.883028
ff67a0b0d78344818daac081cdf5ac42.jpg,Iceland,IS,63.673065,-20.133444
7608a542a37a4deb929da308188d985a.jpg,United_Kingdom,GB,53.284193,-1.533457
24252fc9ef924fa0b4742ffbd4f9dc33.jpg,Norway,NO,62.134172,12.966584
ad572f5b3cec42bfb94a2a5b83b5f708.jpg,Iceland,IS,63.523604,-18.473202
74e0cba696cc4da1b6a9203037608c01.jpg,Finland,FI,63.019146,29.711215
d5995f66e43f46ffa736e22a6afa8293.jpg,Iceland,IS,65.029038,-22.236636
735c82a8ba924fa985aa9ec20ff0834c.jpg,Turkey,TR,38.155943,41.774301
2a1a2ec7b17840ce9a454fac2f52a03c.jpg,Germany,DE,50.45064,9.145261
faefca788997419e9002002221499e75.jpg,Belarus,BY,53.079021,28.735148
1690cf75b2ec475db6bb4d2d56bc33db.jpg,Germany,DE,52.852131,11.391801
0b82f7b3c0fc455c913c823bae923f9b.jpg,Germany,DE,51.035506,10.860436
73fc039f5b6b42d1af36cfb5a375504d.jpg,France,FR,45.232722,0.07279
410edccbef41477292e7fd94a6b61ea7.jpg,Iceland,IS,65.094961,-21.09051
b701e8f33cd1400a8f859816524a6c54.jpg,United_Kingdom,GB,57.162572,-3.687284
fbe4d6c4f69d4fb1ba0e5b13d1813308.jpg,Spain,ES,36.775086,-4.109316
a283698af4984f6fbc8bed654a7f3972.jpg,Spain,ES,28.953952,-13.6672
503e297ed4ec436489c3701117964902.jpg,Poland,PL,51.770393,19.204202
e74748b75fc14b3fb06997c353e5b007.jpg,Finland,FI,67.333708,24.907615
8fe57fa144624347845e74ee139f8032.jpg,Finland,FI,64.815853,27.812411
3c8e820ca98f4fa0ae56f1c491a0d89c.jpg,Belarus,BY,55.07434,26.87851
732a1a4fd9314d8aa889718ff18dfae8.jpg,Sweden,SE,63.754685,16.293391
dbbece0d5a724607b207ba5df67c5f45.jpg,Italy,IT,40.491209,16.290735
6201c3b1a8d44705ae1bf25d25b51674.jpg,Germany,DE,50.049652,11.318586
1dba87f3350b48fc8f9be194ba77eaf7.jpg,Poland,PL,53.870583,14.615887
7b1197ec8bba4ca6b16e8b02545ffced.jpg,United_Kingdom,GB,51.139531,-4.251186
7ca3b5a220bd436ebd81a37ab989bee8.jpg,Poland,PL,50.188165,20.063231
8c76ee99183242448dc03f4c516bca3a.jpg,Finland,FI,65.929477,24.620006
ef5b9d27a7484037b33ddc0568410792.jpg,Sweden,SE,56.808036,14.415889
36ed67cacf5b4a149b7bc6e663201037.jpg,Sweden,SE,64.271487,15.776878
5543626640bb464b8b2a86a442157f00.jpg,Sweden,SE,64.929175,15.675046
cf93d833fd3846879455e2f059b182dd.jpg,Poland,PL,51.625104,17.810958
f8ea6a3af63b43aea57a8efb79e7ccd5.jpg,Norway,NO,58.797884,9.054682
344b127e5498430abb0b60b872c253e0.jpg,Sweden,SE,60.139161,16.839613
c2ccc9137ba849afa4b1a5b4e2d67b11.jpg,Turkey,TR,38.862125,35.668869
67b14323708447649d5729c07cec5c30.jpg,Poland,PL,51.704639,21.234442
7deec5f3f8704aa6b5fced46aca0ee2d.jpg,Sweden,SE,65.696885,19.2502
41e2d5f6577e49ccb346303e75e7e18a.jpg,United_Kingdom,GB,57.54566,-6.615333
ab42dc351e8c4040a2c8f706148a9d6c.jpg,Norway,NO,68.908495,17.758752
fb61e702c412448b93f924bf6df93276.jpg,Germany,DE,47.896412,10.014339
f890d89a9794472db53003ad0d1e43f3.jpg,Sweden,SE,63.221391,14.467226
9a414f3666ef44179556e7d2394099e9.jpg,Finland,FI,67.117813,25.071383
d74c3b0faba640b49cd1a898405c73ce.jpg,Finland,FI,62.734048,21.954692
50aee7f0d91b4840a391b1403fe3f8dd.jpg,Belarus,BY,53.722179,32.027986
9715c934db4a4683ac8551eb0d18f253.jpg,Turkey,TR,37.544872,27.348618
73932da3b3e24be38e44fb3e0c27bda4.jpg,Poland,PL,53.439261,23.552421
5fdeb49503d34ac0b862c2f4b8777baf.jpg,France,FR,43.570236,6.126872
bca547e2ff9344ac9d8379511d23d3ce.jpg,Spain,ES,39.795769,3.071751
9d2e3d10dbb242d8bd72d3eef6225855.jpg,Poland,PL,51.491333,22.06491
60ca9512ae2d49c69a9c12ae39db8cde.jpg,Turkey,TR,40.031026,32.878117
641f81ab42f0466693917383ffcde27d.jpg,Norway,NO,65.841438,14.814617
6c682a48e2584784b0b3605714bff9dc.jpg,Poland,PL,51.624028,20.764479
0f0d78d7fcda4fee8c7621dea60c2024.jpg,Sweden,SE,66.445829,20.508921
80e2e368b7cf496182d41fb53d1b5ac1.jpg,Germany,DE,51.380188,10.379012
c10734ff848048939f28bf4af674edd9.jpg,Turkey,TR,38.254469,41.003336
7b7f9cd849c44fcf9f84d51d1e42aea4.jpg,Iceland,IS,65.760779,-16.385328
7815cfaadd7f4c68a1fdf99183cacbac.jpg,Poland,PL,52.410689,21.622174
56c02a65547b49c4ae95b9a91180785a.jpg,Belarus,BY,55.309685,29.56766
a7f441ebf7364f0e8bf77090654ee429.jpg,Spain,ES,40.66797,-6.625292
a9778d0f9ce34291830dd803c218521a.jpg,Poland,PL,50.524787,21.191122
b3a7d94b522f4c1c9b9e597b6eccbaca.jpg,Italy,IT,46.04915,12.030811
1a9f78d5e941420a86aea2f95d4feaf9.jpg,Poland,PL,53.829135,16.141221
a2c5952382394192bcadb84c2d37b523.jpg,Germany,DE,48.81384,8.749654
adf2535d6a8b4a22af42d4c2546bdcd3.jpg,Italy,IT,44.742833,8.313086
6135caa7f7054f9785445293ba735c60.jpg,Germany,DE,53.92582,8.956855
aebf2f81d93e4ec598cc917a6b598021.jpg,United_Kingdom,GB,57.452294,-5.391222
38196f627046462bb9dc85368154fef0.jpg,United_Kingdom,GB,51.630434,-1.825503
60d2eeb197854bbbb65a1fecedf6a17e.jpg,Turkey,TR,37.953586,34.088633
0cd334f1cb424bc9b74bf09e7d88a35b.jpg,France,FR,42.879917,9.477492
46ed360b39dc46609dffdbc7616297d8.jpg,Sweden,SE,59.670137,16.30807
e6abc0e3618e489b8a4dba143a2a4e43.jpg,Norway,NO,69.295155,15.994477
9787a6eede644cce80bbca2654343f4d.jpg,Turkey,TR,38.844934,30.743631
b9b7ef5249724cec9c5236d086f89872.jpg,Spain,ES,28.931113,-13.701749
3491a062da1f45e8b21a6e2f2f16fa01.jpg,Sweden,SE,61.655272,15.003275
8dbc3fe138b6435ebb7d060c0e65b8bf.jpg,Iceland,IS,65.769151,-20.256357
f83c48a3a4af4a9d978bced74ee693c8.jpg,Turkey,TR,40.241926,36.54699
254814c86826427793fa94d7e98c7582.jpg,Iceland,IS,66.056718,-19.329587
16630d19e81148eaacee4d5304ad243d.jpg,Finland,FI,68.37792,27.409526
d8b599f11f5f49a7a38d401d6daab2d3.jpg,Sweden,SE,57.059921,18.311683
b9c46b9603cd4edd8c2ca5bf8409dd30.jpg,United_Kingdom,GB,53.294328,-4.607099
1bb2355722474e81821ebf8c3a0b7525.jpg,Italy,IT,40.23505,9.038557
7a09f4d4cdab4423a805cceeb4bb71b1.jpg,Turkey,TR,37.770711,27.277669
a0b730c0362c4f0c99b2da3c0313e7bb.jpg,France,FR,48.229456,-4.502675
f3da3488be1e4c28a8a761e4e274da7a.jpg,Poland,PL,53.577163,19.022798
bde047c28a3f40848c6f70c4cd13d647.jpg,United_Kingdom,GB,58.491803,-6.231896
ed0591e5a2244c7b932b30a3f2f21a57.jpg,United_Kingdom,GB,57.345574,-6.402044
8fe3058357794e88921006161530897e.jpg,Norway,NO,69.083631,17.979379
8372bf9902234faaa66c1ba71ed5208f.jpg,Belarus,BY,53.795493,30.991835
17ae9fa72eae44f8b46041536239f4f5.jpg,Sweden,SE,59.594653,16.761022
856bcbb660c14e08a5c5ee781d777f71.jpg,Finland,FI,61.23754,27.987011
17a32fc73eba4e73b7b2e951478be6c1.jpg,France,FR,44.439159,-1.126209
6b9212dc3fe04a16aa7957e68156f220.jpg,United_Kingdom,GB,56.311717,-4.725628
eb06c70880e1424cba8416e86004605f.jpg,Sweden,SE,55.595339,13.722277
29ce23391b5d498fa38ca80404ac4f8f.jpg,Finland,FI,61.197958,22.886557
8ee6293ebe2a4ed4971660e24b3281b3.jpg,Turkey,TR,40.324596,37.605758
8d8d86134564469f8ac5c4893413edb5.jpg,Italy,IT,42.046033,12.653597
1a36a77a3aac441ea2aaf9bf934ebab5.jpg,Iceland,IS,66.081104,-23.07704
a494efe2ca10472db925246870e207a3.jpg,Italy,IT,41.441941,15.625535
b91076bde2d34ebdae7461ea73bb6f83.jpg,United_Kingdom,GB,58.497341,-4.456095
a10ba1e3bf8440cc975758f4ec066a74.jpg,Belarus,BY,55.526331,28.832483
04f4c44aee764ddb916de149a250b0ab.jpg,Norway,NO,65.212997,13.37772
2bdcd3ff2bdb4d458aa4c40b57da1ded.jpg,Finland,FI,65.394511,27.065485
a1e293b5fdc4400fa3eb5f140134e6ef.jpg,Finland,FI,63.835635,29.464602
9e823eec50a74fdabdb81a3a2834e32c.jpg,Italy,IT,45.707949,11.712426
8996aef4debf4541ab09d59bf4347d2c.jpg,Finland,FI,63.952313,29.624975
8fa24212d78143da97f7f0fbeb13697f.jpg,Finland,FI,61.025435,22.96541
0f1667beed634b12bae15d151164468e.jpg,Germany,DE,49.563117,8.015287
29eafed2c19543a6bb37add7fbf78af1.jpg,Iceland,IS,66.133473,-18.930135
a029c6d3048b4af8be642786bf2b4afb.jpg,Germany,DE,48.635866,9.046002
9aafaddaa44a447eb3c76600c3fa8d75.jpg,France,FR,43.589791,6.844882
75509dbca9a541a58dd582265d1c49d8.jpg,Germany,DE,54.474197,8.850906
63545ff8ec3b406b85d9ffa4c7270daf.jpg,Iceland,IS,65.540946,-22.414205
64682079e6ae46aabf994b0f58264484.jpg,Norway,NO,60.172467,9.675134
6e1d07af14a14842aeaa404508f6e2ae.jpg,Poland,PL,51.801518,19.796015
8ac51d6a43544787807598a8cc630d5b.jpg,Sweden,SE,63.149392,16.292994
bc581ce6f5f145a89a8bbd6eb5d64d71.jpg,Sweden,SE,61.362866,13.531905
bf65ede3e73d4e90901946372f1c1298.jpg,Finland,FI,66.687303,25.406064
95922ff2ca2045459d0d8300d26d7c6c.jpg,Spain,ES,38.822757,-0.511819
ad79622c234942a7bc760d821e19b18c.jpg,Iceland,IS,63.847535,-22.378925
4a5e87b6985845d68bb9e486933bfa03.jpg,France,FR,42.516519,9.433522
627236279e934cb0bbd7da42de36abaa.jpg,Belarus,BY,53.733883,28.486307
dbd9c0fba28d4eccb4c887c725c0365f.jpg,Spain,ES,39.435352,-0.339188
3876b87ff4c643a6a89d4966ba68d5c0.jpg,Iceland,IS,64.936459,-22.901872
98df9d866ece44109f687ba4752a1b31.jpg,Turkey,TR,41.515378,36.021809
d56372a96a864610aec48210a38c5bc6.jpg,France,FR,50.318031,3.774835
251feb01ae89484e8c8e67d382fe9a06.jpg,Sweden,SE,56.564804,15.897156
68bbd5173e9047e9b98eda622587e86a.jpg,Norway,NO,70.189232,23.992196
e61f7aca6dd448a5860c1b41fe9e7029.jpg,Norway,NO,69.603866,18.302982
5f3e42ee8c68479786bf56c281dfe8ab.jpg,Belarus,BY,51.676078,29.12862
c53f85f19f7a46bbb84b802c8d706ac1.jpg,United_Kingdom,GB,58.554895,-4.706119
5cf9651b9a4e4efe8b27470d6c34a642.jpg,Turkey,TR,41.198494,27.194293
7590e13e3b9043f4b0d901c70047b6fa.jpg,Norway,NO,61.446748,6.004196
5a426dbafe684042815d84c7e779cd71.jpg,Finland,FI,61.596239,27.52327
6384a320e6a64c9c9bd9ad73fc5602e0.jpg,United_Kingdom,GB,52.364091,-1.607946
3f1fc9a0d14a4dbc888f71ff7b9e610e.jpg,Italy,IT,37.381944,14.364597
1db8a2cba3dd47b4861bccf08853186a.jpg,Belarus,BY,53.976447,28.063213
4b71e882dd6f4719ab8261c9a709a11f.jpg,Italy,IT,40.286856,9.154227
ad3e19db0d4248939eb7ce0bd6f4c21f.jpg,Italy,IT,40.899587,14.584735
e590a3d5b31f43b38ee0c49b0b462e66.jpg,Norway,NO,58.34455,6.316961
057da527503d45cfb5bab9d39611fa09.jpg,Poland,PL,51.654388,21.585578
62c3f2f97a7f43c9835a327e46bfc95d.jpg,Turkey,TR,39.540282,27.900419
2bc9d0357dc9453398263da6ec29fd5e.jpg,Italy,IT,44.570464,10.906023
a8cd0323affd46cd88e128e5522fff72.jpg,Belarus,BY,51.901973,29.853323
d66217c683034d07b9c78e9f4b8dd121.jpg,Germany,DE,52.92649,10.338025
6e33210a16b84c81992c0f9e102fd1c4.jpg,Germany,DE,53.767567,12.570469
bcfe665abd3c4487a288642c012ea956.jpg,Germany,DE,52.557244,10.148854
8ee9a6d2a0b442428b07b5f60cd23177.jpg,Sweden,SE,67.314352,18.96038
fc51d94aadc949469bac4bcf9e80bbd4.jpg,United_Kingdom,GB,54.466247,-5.964945
85437818ce7d4ce788e6db2cb9bae219.jpg,Belarus,BY,53.093124,30.308757
a7c4256781774e8b91afe1639b83feb9.jpg,Poland,PL,53.442279,15.482306
9d7363ca4d57497ab203e13c0e09ab18.jpg,Finland,FI,60.97258,22.904695
1628bb06151747b28bdd605f8529c3d9.jpg,Iceland,IS,65.290541,-21.746769
1ed6ff2c50c74d889dc7a3fbc50b45b7.jpg,Germany,DE,52.085159,8.867817
797f106c96ab4934a1bbe2cee471e961.jpg,Italy,IT,41.848715,12.78907
9852e6bf642a4d10824ce14dfc60e517.jpg,Iceland,IS,65.220529,-14.350183
161e3be302e6413f8bc8a49beed964a4.jpg,United_Kingdom,GB,53.192242,-0.6244
5a5d65b63610472ebaa7dbf145d11e31.jpg,Belarus,BY,53.931219,30.469006
e3dcfa0c4bc740f1a8664b317391412f.jpg,United_Kingdom,GB,53.262723,-3.431528
69bd279219b340ac8ff1c39040a881c9.jpg,Norway,NO,69.497685,19.248906
51c59002cbe64dd1b5453af71216d8e1.jpg,Turkey,TR,38.912923,27.825505
d4adc2dc4d87491d85444f59c7a0dd13.jpg,Italy,IT,41.000414,9.239631
488f1711cc014f8bb42660fa08148c06.jpg,Belarus,BY,54.111764,26.608062
a2367f4a70c740eea841cabf977f244f.jpg,Sweden,SE,61.771532,14.14664
021088af205549ac822bd29c5cc876ac.jpg,Finland,FI,67.475828,27.96251
16f4e6edcbc64163a304f63ac52e5ed3.jpg,Turkey,TR,36.145029,33.322853
5c33d20f32544d30bc72392b76c910a9.jpg,Finland,FI,63.02861,29.701861
8539e8af1a89491daf269bd7065999c6.jpg,Germany,DE,52.024563,8.635947
c2e2fb53eb2441858d6cdf18d8562bee.jpg,France,FR,47.679242,2.739832
a81b11105be440a48b10faf1555f84b2.jpg,Poland,PL,53.806069,17.245581
93496687c26f46a5b30e7a55cf2f14a5.jpg,Finland,FI,66.862371,28.720318
56b09a522cb940dd8db866b9e6f148f8.jpg,Turkey,TR,38.706672,35.454631
5a6c1de5fcfd49aa8f340a3fc47e99b0.jpg,Turkey,TR,41.386869,31.681452
507eb184124a400a87a19a61b0147d13.jpg,Poland,PL,51.369177,21.069261
0ddae775a65a47e5ae08e3d88bcd724a.jpg,Sweden,SE,63.809388,14.385587
8a0b988c6f1c481485ce3580a94e07d6.jpg,France,FR,48.353309,-4.70012
ff6de30f70f34cd6b304202d94ccb10a.jpg,Sweden,SE,60.948433,15.232091
5d928b38c4ea4a259e12e12532fd121d.jpg,Finland,FI,65.430789,26.861558
63b1bb23cb1f49c9b303faf8da174f43.jpg,Italy,IT,41.719796,15.410901
62a8628a1fff48f8b9dc2629a8655d98.jpg,Spain,ES,28.08008,-14.482755
f4677a586d6e45f7975844f6f8b3386d.jpg,France,FR,46.417708,4.9402
1a817ee32f934991b992ed1b71efe65d.jpg,United_Kingdom,GB,58.54212,-3.897708
a40d849fcaf5466b98ad0096544d6c67.jpg,United_Kingdom,GB,52.382053,-1.714093
880f9380f8084fcd8228ac87764eb1d3.jpg,Italy,IT,42.66305,12.513669
62c1960bc7ef4c8db6667433a54f6f50.jpg,Belarus,BY,55.111064,27.621802
82182e486a93418c9ab08038886d227a.jpg,Spain,ES,43.220112,-8.985345
c7414a8e3d5b4d6785a88b521d909034.jpg,Turkey,TR,39.658942,39.722094
38d817711d9a477f9e552977452da4a1.jpg,Germany,DE,52.002448,14.668426
a8d703a30e8b49efa91d44456fba6fad.jpg,Turkey,TR,36.103111,32.995598
3757891503614569b5b6e83a1aa919e9.jpg,Finland,FI,65.883535,25.627005
ade316c1119e4ec59e7a44df02f8b0d3.jpg,Italy,IT,41.003445,16.833794
1fcd50fa4a4a49358afdb6be96813b4d.jpg,Sweden,SE,64.311834,14.961415
68af6204eac542438226bc9fecb358d2.jpg,Iceland,IS,64.500585,-14.480743
4317572622b94dcf8e8e0eb6140282b9.jpg,Sweden,SE,66.590162,19.145342
22dffc49c31b40ca88cf61e0c0cdea15.jpg,Finland,FI,63.877058,25.810765
8f59660f2c164deabdc66d894ac23789.jpg,Poland,PL,51.550652,20.045998
d3e58b0082344515b677a19880322cf6.jpg,Norway,NO,61.237663,12.612807
5c6ca0864d98496d9dd9dcfbb3c2d100.jpg,Spain,ES,42.454776,-6.144019
08be0ea1af9143899029ca76a7328c36.jpg,Poland,PL,53.036349,17.428155
9c68b84ce24a4d13bee7b1c102b33edb.jpg,Turkey,TR,40.546478,37.234002
762f0bd2039349eb851964223e41e311.jpg,Norway,NO,69.306703,16.090111
d964f47b6b3847dca923d940771abfba.jpg,Sweden,SE,65.337463,16.14951
b9e2980cef6a4739a34bd92a385dfd08.jpg,Finland,FI,67.460569,27.095057
889cae1384514eba957e67baf99e9090.jpg,Iceland,IS,65.622719,-16.884384
9064eff6332a44f29decf06dbe7b8ab0.jpg,Turkey,TR,37.946239,40.230554
b1d417c9b06d4313a6acbeb80666c2a9.jpg,Iceland,IS,65.489534,-22.127649
1dbdf20054024aa9b9a2263bd07decff.jpg,Poland,PL,50.435721,20.945649
d933a85037234cebaec1945fa64f4da5.jpg,Iceland,IS,65.894947,-22.832848
14704ccec99a41d5a6687c4bcc35e2ab.jpg,Finland,FI,68.119717,25.582658
bb098f3cd349444784ce21986310e054.jpg,Germany,DE,49.157768,10.615479
f528a88685c44f3d9e3c54ca5b652eb3.jpg,Finland,FI,67.489827,24.848709
a174e77b7fa84449b31dda731d7fd8c2.jpg,Italy,IT,39.293721,9.135541
c8204a6b1b6c40d1ad7be2053e8feb42.jpg,Sweden,SE,56.625007,15.548624
0826d3f0f56442beb188b658b68235d7.jpg,Germany,DE,53.727359,12.796905
63d698ce9be14a57af21c73df7bafcfd.jpg,Norway,NO,63.057982,7.638123
0933c7819f8140df8b85fa9ab5c901d9.jpg,Turkey,TR,36.961641,28.726219
cc72ee919f1d4a949e246c91ebe0b049.jpg,France,FR,48.546943,-4.505528
ed91f748076341d8866a1e89a3a8ccaf.jpg,Turkey,TR,41.23063,33.298588
2ead49714b6c46298f5f16d2fce8cdfc.jpg,Sweden,SE,58.84308,11.258969
b2266a5f99584651bf90cc9322a62f12.jpg,Germany,DE,54.791932,9.390087
7ac8d16781e64b498c24a23d90991c79.jpg,Turkey,TR,38.190828,34.047163
9812ca576d3c4be0a22a4a0950ca0112.jpg,Turkey,TR,39.707814,30.692361
085bf54b476d454b988952c0ce641fc2.jpg,United_Kingdom,GB,53.547693,-0.01455
58f8a43c264c4ac18388a4d1a2b07a72.jpg,Belarus,BY,51.920299,26.672082
8b1061bc672a4af39af7aa3a110abd92.jpg,Italy,IT,46.509899,10.375653
b83e4815b9a748f4853ec4cbabcb31a9.jpg,Italy,IT,44.936692,11.408102
4b43a827ef1544d58ac2df439f6aca96.jpg,United_Kingdom,GB,49.958975,-5.206358
f4fe5a2f41554bbd81a0e509048b5d34.jpg,United_Kingdom,GB,59.083402,-3.322175
b618483f9cf94b5b955ef08a5d4cce31.jpg,Iceland,IS,65.751866,-19.651334
b49f9e7f024b4d5d983ac36012d7c4fa.jpg,Norway,NO,59.803125,9.897395
9bb393d6a4b547699c260b17f31d699a.jpg,Spain,ES,42.683589,-9.022729
dc417e308ee048b9a50460ce3d96f560.jpg,Poland,PL,54.493944,18.334285
8f55107973364cbbb105493e8e1c4c4d.jpg,Sweden,SE,58.964634,16.605987
64c88f1d56644cbb883c62e40428802f.jpg,United_Kingdom,GB,51.910685,-2.937326
0facfce8cded4ffeb9a5c0a1d5394d21.jpg,Iceland,IS,64.794654,-14.007301
092ab4fea8544b3cb1395e61c6a5f45a.jpg,Poland,PL,52.670618,16.823882
1b25616ce4654966b733d1e464dfb326.jpg,Spain,ES,39.741528,-2.42178
94d1091a3ec243aeb22e643cc8db9c54.jpg,Belarus,BY,55.706538,28.262722
25f1fb4e90ac4216b2fcbc6cf1bd8f36.jpg,Italy,IT,39.010358,8.38455
2d8523c4fe7c4e92a80d4a205409942c.jpg,Norway,NO,58.324959,6.286022
31868e4bdd4c42f0a2e899d54046004c.jpg,Finland,FI,63.941637,26.853145
e549c465bc9441769a571c1d47c87b49.jpg,United_Kingdom,GB,57.518555,-7.283351
b5cf56b21a334464b4bb4b6b7f0e3ecc.jpg,Italy,IT,43.741132,11.239866
977aa064bcaa4efebdcf5fbbe69feb80.jpg,Sweden,SE,64.286719,19.973405
77f1b91ed5bf454897d9f345444ee724.jpg,Germany,DE,50.54176,13.129569
a6234ad2fd094321a041d766678bb0e6.jpg,Italy,IT,40.402283,17.640853
59fb93aa932640d08efd4b7f58cd801c.jpg,Germany,DE,52.804894,12.133277
eaa20fc8b1dc4de0a51fd035dad770b3.jpg,Norway,NO,60.212253,5.410286
3331eb1c4eab4e79b50df30b984e53c6.jpg,France,FR,47.55493,3.407495
f7a362b0e3564e8bbf202916b3889752.jpg,United_Kingdom,GB,54.193645,-2.39616
e353abda80d54a11859b0dc4de257dc0.jpg,Finland,FI,64.15175,25.798782
2cdd63214a3543e4bb60b469fab1bdc9.jpg,Poland,PL,51.03647,17.120138
8c67aebd54814cef95e247dc48b57a03.jpg,United_Kingdom,GB,58.570704,-4.755783
6a39ee239fa84a45b6957747b7e3d2ce.jpg,Poland,PL,53.839714,22.872442
f3c24128285947779e5e717eb5a06cc3.jpg,United_Kingdom,GB,50.500133,-4.719893
918308b896ba4b17bee911a853fc1b39.jpg,Finland,FI,62.839438,22.029673
40a1502d513a44b3b477ade0f0f9518a.jpg,Belarus,BY,53.889962,27.337632
28bd1d1fc1244ac6b473e89dc012eea2.jpg,Germany,DE,50.854346,8.341301
9dffa4d51b7a4a4bbf962077c45bcdeb.jpg,Italy,IT,43.884048,10.318876
fa9e1fcf84b74868ae9d314e5da9f4ab.jpg,Norway,NO,58.44504,6.005733
f1dacb1de0f74cbd9898b6e45a84bdbb.jpg,France,FR,46.829666,-0.247771
363873bd94144d3a95d1b63f34adf892.jpg,Norway,NO,69.690788,29.576055
20d5af3c1c1a4eed9fcce19a40c0fc03.jpg,Turkey,TR,40.688809,39.115992
bc3c7fa33a8e4d5a9f70a96f204e54db.jpg,Italy,IT,43.4302,10.403303
a28851ae19f24b57a63ca8e4ee266d68.jpg,United_Kingdom,GB,54.820865,-1.489114
388d7689d8d6486d88b92eaac0b92d03.jpg,Norway,NO,62.664018,8.616142
21fd438dab804c22ae9810a5039a2690.jpg,Finland,FI,66.657978,25.482965
ef78a27b0c6c49c985164d2daa64b85a.jpg,France,FR,49.338508,1.518027
ed19acb3b7514de3ac9574e9971ff24a.jpg,Italy,IT,37.3717,15.08085
70dfc9b9e9fe4524be8e852cbffe6976.jpg,Italy,IT,40.732306,16.46995
64f7c999e57a4801afb58aee00666f21.jpg,Spain,ES,41.057206,-5.854759
b369e265d5c74e719eabf42e4a318d66.jpg,Germany,DE,53.339464,10.014342
b62568b6c10140c496d9909a0ec2fde7.jpg,Germany,DE,52.807581,8.591847
2ba905e1f89843d3944528415aa3b116.jpg,Poland,PL,51.285489,19.610177
da2a69bf125942dea033204d21545eaf.jpg,France,FR,44.952448,-0.858606
826c26d42671428786912e8f586ffe0f.jpg,France,FR,43.710767,5.597279
9eb73c5b43bf4fc4855c80430b2e804f.jpg,Belarus,BY,52.112949,27.848882
9d9817cdf475491cbfc495f8c0f1ac39.jpg,Turkey,TR,41.065789,35.996895
1fae1d5dc1a349eabd5f25809431c4f1.jpg,Finland,FI,63.125484,22.46882
c4a7878c1474484b880c22e3da54657d.jpg,United_Kingdom,GB,51.942482,-5.096291
e90c6bc168c44fc59cbed2bc23499c22.jpg,Finland,FI,65.531516,28.519207
d6b7008b0c3c4efda9b35b2fdd51ae45.jpg,Finland,FI,61.767932,24.362808
e84c3ed3379842bcb20fc6c771365236.jpg,Spain,ES,38.036032,-4.107785
83ca0214f41f4fd4a270f95d8eb3e14b.jpg,United_Kingdom,GB,53.621937,-3.047574
2d6ed2843dfd45398fe204bbafaef4ec.jpg,Belarus,BY,54.137322,26.550506
5f680d17992a4cbca6a647a00a1a7d53.jpg,Italy,IT,38.013963,12.870509
be0da99b466f49f38da3b7c564fb9e9d.jpg,Germany,DE,49.923649,8.890635
8d1df1c210d5478b9910cdd6aa0fd05a.jpg,Norway,NO,67.970176,13.174574
71a65e3274fa4908b6327b73de44c0db.jpg,Germany,DE,48.493503,9.508635
ad8c717d975c47258ac6565495ab2735.jpg,Norway,NO,68.121794,13.365944
ea88db15c5054389becd468f5a8cd3a1.jpg,Norway,NO,62.721692,11.339061
99cd7f4f8a434022970fa254525be333.jpg,Norway,NO,58.90648,5.733164
b477c4d3c77d4c8fb064c5ed7b75edaa.jpg,Italy,IT,40.5915,8.375922
b55834093da04570a4924b7b9e3d8810.jpg,Sweden,SE,56.569333,14.669431
7b4b6601a3b84b4383283f3c9c6a3dcd.jpg,Norway,NO,58.907531,9.298824
fa81bf692e0947948c672ec77ab5c3eb.jpg,Poland,PL,54.171599,21.927083
97d62313c22e41c2bd8e64247c2e9ccc.jpg,Norway,NO,60.48217,7.838525
1785d752c03e4f3d84ca5860349ddfbc.jpg,Turkey,TR,37.305185,27.90911
c17891d460e74e2da3f65eb030c2abcc.jpg,Iceland,IS,65.978138,-22.934358
ecb347b86bc6483fa27a25587f9e93f1.jpg,Poland,PL,51.269849,20.158565
2404cd04c70a49c08ed5b8c4f1f46eb0.jpg,Norway,NO,62.22618,11.782424
baef3db77b804845931a3058fd5fc91f.jpg,Sweden,SE,65.326798,16.651808
4c904acf4ec140df88d008ead37c3e9a.jpg,Turkey,TR,40.973994,40.314431
d7416eaf43854671bebe9d7534837379.jpg,Finland,FI,60.649063,24.223948
e465386e84d74221b6f480d410762687.jpg,Italy,IT,45.134925,8.486188
f84a915b88714d6aaccdc80a33716719.jpg,Poland,PL,52.095703,21.152452
480a6a8fe6ed4b87a608c55d8af48f2c.jpg,France,FR,48.740637,5.942791
5246f8df50b34a22abcac35fb48381b0.jpg,Poland,PL,49.641643,21.339885
465117e2b5504ef5bc48120a4bb0f59f.jpg,Poland,PL,53.465329,18.030376
7430742d795740d79abbeedde58f2765.jpg,Germany,DE,48.082727,12.569816
9c40632726d045af875f791701fcbca8.jpg,Spain,ES,43.241758,-8.195742
f87cfc2d8a0e4837a619fa6f50f62da5.jpg,Turkey,TR,39.560536,40.030707
58071eb2a63b4eb4922d344bfdc8d513.jpg,Belarus,BY,55.184134,28.923001
60e9c4a323d44c03a86b6c7454445ecb.jpg,Spain,ES,28.248965,-14.040299
091ee1d354d64f90a89c8fa771f3272d.jpg,Sweden,SE,65.041866,19.086426
198cea4a84ca46ccacda0c8e9655c2ae.jpg,United_Kingdom,GB,52.407796,-3.614718
b2de0a49e91c4267a92791745f9276ab.jpg,France,FR,47.199505,5.353274
2becb1dc3c8142b3bad999b40cf89ec2.jpg,Germany,DE,51.40101,14.94923
1b8af057636f458b8a4fddb7a9a6ba91.jpg,Norway,NO,59.311433,10.883806
5c3ddcfda9dd4763958de673b0222561.jpg,Turkey,TR,36.355155,32.372795
b6a7ffab87134979bb8c7d7d3cc8c838.jpg,United_Kingdom,GB,52.940666,-3.81324
8c4299de71c043dcac5e6730f988f426.jpg,Spain,ES,41.884146,1.077756
b15d9145bfd0458c81f4b911025da733.jpg,Poland,PL,50.627179,19.834788
a2fccdc7602447d281578ac4f21da84d.jpg,Poland,PL,51.869744,19.088298
96af394415eb42e4be424ab60e14a768.jpg,Turkey,TR,41.823263,33.258729
317348d9797d460aaa1519dc82ba768c.jpg,Italy,IT,41.457321,13.80261
8c7758bd5d3f4e70b5a254878d5a7203.jpg,Spain,ES,39.358262,3.131218
133ff497e88e48ca8c93f0308ba886c9.jpg,United_Kingdom,GB,57.557649,-2.833036
b0603eeb45da4d18a3c6ab5f87e75934.jpg,Belarus,BY,54.418489,27.896168
bede275a07da45de997102c09566ca90.jpg,Turkey,TR,40.848302,39.652283
b5ee962280a943b48fb230ca88caf62c.jpg,France,FR,43.622517,-0.923664
8b972d130d1947e49bab37dd6f7d6d38.jpg,Poland,PL,49.918228,21.314189
e633d3d1755f40a2bd6c17e2afa7492e.jpg,United_Kingdom,GB,56.701833,-6.072339
f4f7516ab4ec4eb79b3304324d27e954.jpg,Finland,FI,66.739567,28.835579
0e6a79c0e7f44c58a96d1d1e2e45bb6b.jpg,France,FR,44.599639,0.897113
ecb48274790244dcbb18f7f46a94f7c4.jpg,Finland,FI,66.23329,28.855293
d6201fce663344578526ce0b13257845.jpg,United_Kingdom,GB,56.147549,-4.007098
ac74b84b88e9429aac6d3dbbc2455622.jpg,Sweden,SE,68.229028,19.672056
d321b4622c224f208ce68dfa48ca16b2.jpg,Belarus,BY,53.0376,25.627371
64fe7ff2713e482aa43eef9c78439723.jpg,Finland,FI,64.723583,28.411671
d2888e4d91de4d398ddf25f3145a97c3.jpg,France,FR,47.213943,5.294785
903e778da5884793a56bc637a08f2626.jpg,Spain,ES,39.53824,3.246388
ded62de2d77f4e519bf8921daa3bb00b.jpg,Finland,FI,66.895846,28.770135
12ea831ab2fc44209ec4923d1d2b2202.jpg,Sweden,SE,56.671232,15.545416
bf9338e7854a44bfa81d554a824667e3.jpg,Germany,DE,47.844075,10.276785
d8b501d2fb4c4aefa7a0a1bd071e5446.jpg,Finland,FI,62.850334,27.697184
c092fd6351084123b848e2a76c40be1e.jpg,Turkey,TR,40.395273,26.886917
7eb4848bab5447c19d3bb5df6914c432.jpg,Spain,ES,43.379525,-4.065546
10458cea54e84b62905d630b4b199cda.jpg,Iceland,IS,64.122871,-16.072287
99af2160bf41459ca005e6d81eb03bd3.jpg,Finland,FI,61.731686,29.390917
fde22f1aac284977b0ff1ed2595d4683.jpg,Norway,NO,69.376279,24.218811
78058608d2b447e99a6673e6db4eb6f5.jpg,Germany,DE,53.762852,9.299304
757dd02605eb4daab6eeddc5e13a2ad0.jpg,Norway,NO,68.779671,17.797106
c3f74d2cc2184f7895e6433ea69e230c.jpg,France,FR,45.197348,0.158143
e5498799b7da44e78234fb62c0d72b92.jpg,Spain,ES,39.693464,2.634018
a2e52d73cf094f139534185bb9c86d6a.jpg,Norway,NO,68.383406,14.590031
2180fb04faea4de7a008ef7627964103.jpg,Finland,FI,63.160986,21.943244
355a333e858d4b20819452079c3a0953.jpg,United_Kingdom,GB,58.501556,-4.579551
127815462dc8497dba0696d794c01005.jpg,Turkey,TR,40.716686,31.576032
a8d88f893e4447d08ceba60ec035d042.jpg,Belarus,BY,52.927886,30.010687
c2fcc26361144948b6b1f06f96285a75.jpg,France,FR,46.008803,6.001821
1a8ed7b951ff4d4db72ffb871771dc6b.jpg,Iceland,IS,63.844285,-22.415007
6c66ed2a408a4cfdb83c05cf0ab5918b.jpg,Poland,PL,52.514,19.825603
d9d610b3e38548da95afd7324637ad4b.jpg,Poland,PL,54.192542,18.632349
520dd852a18f4adba5165cf3a23f4ba7.jpg,Iceland,IS,66.564954,-18.017797
cd4a2a557bc14c6b815691f639af85e4.jpg,France,FR,49.53202,5.827367
aeca9a2bd21d4086b8a90da3ab4de21a.jpg,Iceland,IS,63.961375,-16.860194
6ed1809e9e364b298622b5caf84c447a.jpg,Finland,FI,63.862601,23.253221
4254750a27f9426a93657b6fa58ddf9f.jpg,Belarus,BY,54.493287,30.028954
900c31e0a03047d5a963c7ef3c11e583.jpg,United_Kingdom,GB,50.401081,-4.55608
02dce6ff9a0a49fd8c970a1197095ced.jpg,Belarus,BY,55.780868,28.601226
3a99c15303f54304be478221496c0f20.jpg,Belarus,BY,53.481031,28.098315
5c675ac95d1b42048a7fb8725e5d9e7b.jpg,Italy,IT,45.399089,11.398154
9ade4ea3b6874009a6e57ae9df196a65.jpg,Finland,FI,68.010763,25.187895
c87df3c67378445ea168449655dd6155.jpg,Norway,NO,69.212354,15.874445
79993bc4169048b38e19518750a9da16.jpg,Turkey,TR,36.815814,34.573226
5aeda7a1201f447e96e80394c2260d3d.jpg,Norway,NO,70.892083,25.67787
b6ade67148354cf281811b9daa4a5c9d.jpg,Germany,DE,49.520647,7.675764
3511128e0bbc40b2b5e121a2954c78cd.jpg,France,FR,45.184958,0.165026
f2acec6693004d2aae70b8e193743614.jpg,Sweden,SE,56.95959,16.448792
af48be4ed03a4438a4c1ca230e6bc7fe.jpg,Sweden,SE,58.773715,12.201952
bcfad9ed2fd64201b4eeccf9cdf6a67e.jpg,Turkey,TR,38.20074,41.09863
018c77531a4841e790523dc752ce83a9.jpg,Finland,FI,65.4812,26.797539
6e95a1069f53417ea42690f018545cb7.jpg,Belarus,BY,55.590397,28.572301
05d4ab81971342fc94f553e1a3af8b1a.jpg,Norway,NO,63.60195,8.975483
04201d82064b486a963192ee906c1d10.jpg,Spain,ES,40.358605,-1.086697
e4c37ad2607d4f6780a1fcc0a371a724.jpg,Spain,ES,43.136153,-2.933564
70df22c67b4048d3aacb15843e13fa92.jpg,Iceland,IS,66.07504,-19.232384
2153389cb20c4fed93d65793e73c0634.jpg,France,FR,41.906117,8.67474
88e0f5c5a5724580a64ae1e5139dca8c.jpg,Spain,ES,39.861605,-2.564393
5339ed2aec5948298f8be96781b965cf.jpg,Iceland,IS,66.006328,-19.395517
4d2f3148ead44c21a915ce1ae96cd237.jpg,Poland,PL,54.421319,16.862323
10e471a767734de3958f515f679239dd.jpg,Turkey,TR,37.664691,39.233626
0b948ec1224a40828702fc9bd63743b5.jpg,France,FR,48.340432,5.404579
f08ebe85dad84f2e99948b7c4b8c8ef7.jpg,Spain,ES,42.154682,2.073288
769681295eb04c599faf575c3bb0d36e.jpg,France,FR,43.730772,6.453559
979d4974a0474b32aedecdcdd3b95144.jpg,Turkey,TR,38.95388,35.593001
1c0f89d505ff447fa4d31f9d5bbd1287.jpg,France,FR,49.229324,6.060934
5bda3b9fadda4c9a84c5c1a379213d14.jpg,Belarus,BY,52.081156,27.385775
9ab5e34adfde4576a03d00914134c82a.jpg,Norway,NO,68.370627,22.222291
1ea4e291609e4142ba943053312b21af.jpg,Sweden,SE,67.246662,22.877631
4aa234b127914c9cad80b7d2c8887c40.jpg,Sweden,SE,64.402499,15.642567
3a66c2ae60c144ef83cb8ca8fab2cdec.jpg,Sweden,SE,66.998655,19.844396
8f9bcbc64d7b437ba371e113d264ca03.jpg,Turkey,TR,36.327937,33.428249
2f823a12f35844978e819f66f7c55196.jpg,Belarus,BY,55.458284,29.925911
0d71691ee24149688724c230f461ac8f.jpg,Sweden,SE,66.081055,20.960868
aa4e923cb131418484771999b94b6ce0.jpg,United_Kingdom,GB,56.900806,-5.02005
98ccca36be414e76b84a87dc895ba093.jpg,Sweden,SE,56.333729,15.145573
b5f1650ab3d14bdfb41a134d28b6c0e3.jpg,Norway,NO,63.607928,8.919792
ecbddb106ad54a508f08355175566892.jpg,Norway,NO,70.162901,28.570629
16f7a975105d4f54876c7ad4bd1de8a9.jpg,Finland,FI,62.969804,25.819453
1b9e868022c84801ae011a8f23b7052b.jpg,Italy,IT,39.427388,16.241555
e32add7fd2944284b5d870e6d4ca2c35.jpg,Iceland,IS,65.516365,-23.719771
bd7bd015847f41aaa84751e436666138.jpg,France,FR,43.206483,2.801882
564069598fd64e998ce301c966a0737e.jpg,Norway,NO,68.247019,13.704463
76e261df84ae427a8f0a96063d423633.jpg,Iceland,IS,65.789922,-22.563466
dbcf74fea9934856947e6253ee1b03eb.jpg,Turkey,TR,40.735334,30.115311
b523ec4803ba4ebab62b8cbfc5677a86.jpg,Poland,PL,51.909656,19.865053
ac3f20d27faa461fbce9a7c57c336a22.jpg,France,FR,41.485247,9.240302
ccf236830b434612b08d6f24fc8b919d.jpg,Sweden,SE,63.464579,19.660201
aa17fa1741c2431d8785440356c76a0b.jpg,Germany,DE,51.135594,7.940862
e59503cacb104feeb49794256364d1a0.jpg,Italy,IT,40.494387,17.183557
2a13671a229f4974afe34de73d876eb2.jpg,Finland,FI,67.159445,24.967159
9e5e0cbc3b894a3690f538ce07bed268.jpg,Poland,PL,53.645694,16.594057
522223a461c5497ab1e1500f643a8171.jpg,Norway,NO,58.542181,6.278354
ebef8949ec084e76bde2bfcb0f2ce374.jpg,Norway,NO,59.851682,5.350003
ebbf65f133ae4e44a034de5788a2ee96.jpg,France,FR,47.317085,1.399597
45bb52d6b260450db5f5d48db5194e13.jpg,Turkey,TR,38.528378,35.526618
26c9373ab2124227848be8d85d7ed507.jpg,France,FR,45.927315,4.14926
5514d3f041cb470a8541c45557e46b6d.jpg,France,FR,47.139572,6.277155
81fd98466f87469a8a23f2a462ecce69.jpg,Finland,FI,63.280436,30.301395
ff322aa6fef14abf97d3968c675e16f5.jpg,Turkey,TR,40.864768,26.758173
de160a0f0190459cbfe4ba488fe895c7.jpg,United_Kingdom,GB,52.593832,-2.769499
3488f4c135084a2a9ef4f49fbe8706fb.jpg,Sweden,SE,57.7972,13.068563
29f561e3ac4640b39a9a5e4b2b4f7b21.jpg,Belarus,BY,54.501975,27.159349
930d2e19bfce41de9b1c0dd700dba0d6.jpg,Turkey,TR,36.815334,31.767091
ab2bc1a88fa54ab484b0cdbceb7d471b.jpg,Germany,DE,51.813712,14.098966
a35b936897b34f668f45bbdbd6facd43.jpg,Italy,IT,45.183504,11.019211
7d3ec3c206684cdba509b0a522f6543e.jpg,Spain,ES,42.863018,-8.636295
93af5792961b44719e8c643567fc6d5f.jpg,Turkey,TR,36.407945,33.843991
92283859ddbc4ef485b1d2a19e5fa7cf.jpg,Sweden,SE,62.615664,15.666942
950173900a8d4df287a9458fffbcb19d.jpg,Germany,DE,49.311141,10.188513
3e22feff3ed5493c82c23bd0a2d8849a.jpg,Turkey,TR,40.182693,38.079849
8535e3a6fe464fe69f23050d087d3415.jpg,Finland,FI,65.491232,28.701995
c1ca4d98eac74bc69b893c3d135028bd.jpg,Iceland,IS,63.535437,-18.462659
f3a44d857f4140d98a09a7233c7d758d.jpg,Turkey,TR,40.938243,38.217959
4cfcc9fa35964b4d9c1cb82475707f5c.jpg,Italy,IT,43.314658,13.643625
90493c6a8e214f759d9492b1b3e8f629.jpg,Finland,FI,68.893102,26.960099
f6b522a5077146febbdfae4f0c7bb4c6.jpg,Norway,NO,69.379068,24.12802
104eb4eae9a34904a11ed21e571584c7.jpg,Poland,PL,51.59892,21.47512
6d002a2b6b644445ae9ac0d9bf9447b6.jpg,Turkey,TR,39.556003,40.040502
7aee9a8802f1423f9fd28dcf895bd80c.jpg,Norway,NO,69.278004,15.976458
f9eee776df1b4313b6feead9179286ad.jpg,Italy,IT,41.028289,9.096795
756f7774bc884ff78c6cabb92da0c941.jpg,Finland,FI,67.510162,27.954773
c4d985a9b35345e08bee4403b60692f4.jpg,United_Kingdom,GB,51.331009,0.027118
0f21e4e631de4b1ea0676d632add72a6.jpg,Turkey,TR,36.338993,33.542717
a2565b8f84a842c3abbb49d000833e00.jpg,Iceland,IS,65.602291,-22.513529
0c8cb221476145e99cd2214b58892ebb.jpg,Finland,FI,61.473663,24.321437
56920d8fc4d5418a8705498f10898e48.jpg,Spain,ES,36.746373,-6.047217
4c4b34db9c704f99be01a8397e4ea24a.jpg,Italy,IT,40.07073,9.609386
abbabb9ba44c4beb967d12d755348afd.jpg,Turkey,TR,39.566686,27.039999
ad76a420bbaa409e8e990fdb6e799b3d.jpg,Spain,ES,39.496615,-0.500438
c679384554594fddaa0fb43f82a2aa6a.jpg,Poland,PL,49.683824,18.974864
1bfed17847704ab6b795dc6d4151f35c.jpg,United_Kingdom,GB,56.192415,-4.77638
f9337fc93b4a472dad5e45424f2853e9.jpg,Germany,DE,51.115351,14.931644
b6ff936157e345ce98c6e099b90bc1f2.jpg,Belarus,BY,52.207007,27.865883
c9629448ce914c88a1cec044b7b1ef0b.jpg,Belarus,BY,54.261009,28.668641
eeaf2eb490ad426e82651cb895f52575.jpg,Italy,IT,38.016369,13.265437
2b848a4bccd7451e8627773f355e0b1b.jpg,Italy,IT,40.570908,9.682688
b7ccc7880db240f9a388663a9ae0babb.jpg,United_Kingdom,GB,50.215247,-5.192653
a6902cae92fb4758a26ea36ec414f021.jpg,Norway,NO,68.645163,15.623384
bc9b462296864fc781da7d75331b1546.jpg,Sweden,SE,57.108945,18.325469
970005b2526a40afb4983fdb2fe42a02.jpg,Finland,FI,61.648481,23.537009
6b5bd5074c2141808aea70eef20272d6.jpg,Finland,FI,61.200444,27.511671
8c8eca06a9d9462cb236e6ac8e6abdf5.jpg,Iceland,IS,65.938213,-18.404188
e7981e03a0c4455397ffaec3e4b32068.jpg,Spain,ES,36.320238,-5.951542
15f6840bf24742a1959b9b31c04bf9c7.jpg,Belarus,BY,52.991452,27.226969
2999d42c116d4a449fd023412389908e.jpg,Belarus,BY,53.98308,30.46612
280c539a3b5f4749bb190f9842a4a49b.jpg,Turkey,TR,38.321575,29.868116
b5fc2fc4afa449cb90a6a3768ffc54d6.jpg,France,FR,49.091797,6.627939
cfb796b888d64ebf88862d7bf1bc3fa2.jpg,Sweden,SE,63.241942,18.512855
16894d9874fc4c38b5b3cbb20a2f9590.jpg,Poland,PL,52.880253,14.812698
56ee38ea109349fb89981b5b7b18d0b9.jpg,United_Kingdom,GB,52.943261,-0.858985
767bd67d442f419b8f5930b540f3373d.jpg,United_Kingdom,GB,57.739604,-5.659865
0e22c3256a7f4ecfa30298161e339fda.jpg,Germany,DE,50.402256,8.233741
76139860517647fb9ca1ba083b14ff36.jpg,Belarus,BY,52.2402,27.498884
41702e810fb84bf5aa74e9ffa2b2f559.jpg,Iceland,IS,65.741301,-22.052067
20e81622314d422fb3e77b16c496755f.jpg,Italy,IT,43.554193,11.549508
570255d4fbf84952bd6cab903084f99b.jpg,United_Kingdom,GB,50.541,-4.785292
877c294e779e40079b91dee390650c22.jpg,Norway,NO,62.284201,7.195478
4f8e89eb57da4f448dc0b32703cb2160.jpg,Germany,DE,50.270555,9.83762
e47c2eb1b30f46fab1ae4f3a142985a3.jpg,Sweden,SE,58.272039,12.981051
224f48e8c71d45e0b91f8c5bca1916f0.jpg,Germany,DE,50.891208,8.276213
7852d5cac0a84c4bb3669547d00f7906.jpg,Germany,DE,53.090881,12.140481
0dc41582c308419d9c2247fa71e2ffd1.jpg,Turkey,TR,40.993334,37.875734
bf28cc7e2c5044a9ad3f23bb82492390.jpg,Finland,FI,61.6769,26.988157
23c0e518e8eb4964a16161b7d8242e8d.jpg,Iceland,IS,66.076868,-18.633666
10b7e15b41984100a3996eac0f59d9eb.jpg,Poland,PL,50.079363,22.039848
7b5b5a33a293415f902d1fe63147be1d.jpg,France,FR,45.93007,0.198103
d7b261a05b3a4de7836754cbc0e7d6ee.jpg,Spain,ES,37.181748,-4.776373
f48092e150a34847a6630c58f9cae186.jpg,Turkey,TR,40.81573,30.431976
4e4ce1d55f2040d79b08961385c6d8b8.jpg,Italy,IT,41.075191,14.926437
65113ab4984542c2bf063d0cec25a087.jpg,Italy,IT,37.924644,12.739338
8b369bf4b55446d28cc110972243645c.jpg,Germany,DE,48.400943,12.504778
78676f39170840fc802f6dafce900872.jpg,Germany,DE,51.671062,9.443881
b084fcb9af6449e89a495ec279b7ab3d.jpg,Norway,NO,58.905317,5.72673
68c8711f640b4baeabc29daed627c86e.jpg,Turkey,TR,38.299143,40.906905
0c00e0b23be740e89b757ef4758acee2.jpg,Finland,FI,61.285618,23.525717
de5327e6367c4b519f2426b851227614.jpg,Finland,FI,62.981193,25.820086
d99872b0333a4e6c841d175777ce2437.jpg,Finland,FI,60.977913,23.214361
b6572b05551f422fa86c4007c2b934d1.jpg,Italy,IT,45.526217,11.014515
01478ceb6bc547a09464029f3e8d0c64.jpg,Belarus,BY,53.513809,31.201687
4d3cc25cafce4f80b3ecd020b4f65a11.jpg,Norway,NO,69.230347,17.976171
ac802301b8414c868884232ac503c3a8.jpg,United_Kingdom,GB,54.783766,-2.230555
7e650e2aa44147988c4cb94ad3fac55a.jpg,Finland,FI,63.74444,25.340382
c20f191ac19647bea1ff87a54dfc3557.jpg,France,FR,48.128184,-2.178469
3e2daafac886454cab9c2e200a9f6ff6.jpg,Spain,ES,29.007375,-13.598629
95f87e5e447d402b872b7176db6d98bf.jpg,Iceland,IS,65.541558,-19.914065
240ebff3cb6f4c619e67ef00cbdf5b4a.jpg,Norway,NO,63.012291,7.547327
6c4eb63dcbf048d1bd33074e12eb2df8.jpg,Germany,DE,49.000609,8.881824
a1b56de7d8b64f0eadaad116183284f9.jpg,Norway,NO,69.296517,16.003784
ec48974184144eafa6d48160aa6fe080.jpg,Spain,ES,40.390559,-3.491888
c1540adcd0114f5aa1b2593eacc4cccf.jpg,France,FR,47.761046,2.5202
68df4c91085e46eb86a5e0e4118653b9.jpg,Sweden,SE,55.758064,13.728554
98a6c79a220e40d895408b91f20b4799.jpg,Germany,DE,52.416288,8.614494
e5f4c08a2a664f2f96848d5b979f67d5.jpg,Germany,DE,53.073057,13.91858
458865b26f7d49fc91ea9abfb5131a77.jpg,Spain,ES,39.522966,-0.529255
af2c5333079c4a9a8fc11c6852f4f669.jpg,Belarus,BY,51.654212,29.115745
25776ceaa1c6415d9a971196a6279c87.jpg,France,FR,49.115787,6.918481
7831ab5b10474d2289b42eeeac77fd76.jpg,Germany,DE,50.844976,8.776967
1285d790691742a18870a479efcd96c4.jpg,Spain,ES,41.618882,1.510704
be646b8777954af2b72dc6e4b556fbbc.jpg,Germany,DE,50.737885,6.75871
92244ea846d54f0ba929c51470814bea.jpg,Turkey,TR,36.820451,35.598413
2c8d8363d3954ca2894aa54cdc83a990.jpg,Germany,DE,49.501381,9.445238
689f14568fce447ea3b35608342bd542.jpg,Belarus,BY,53.947913,30.46807
62e537f97eeb422a90f8ec56a7e424d4.jpg,Turkey,TR,37.101373,38.173689
74efd48c962648f09f4c30f9b4570a3e.jpg,Germany,DE,47.604017,11.466747
9f53c5b1dbc841d1948a56d3b9b6fa52.jpg,Belarus,BY,53.596495,29.935068
3aef9e1aff9d46bea4ff4f5e91a7720e.jpg,France,FR,48.042699,-4.469244
255a2e97d5034c33acc22b985667e513.jpg,Finland,FI,62.599349,21.506946
04267539a7b64e52bb6bc5eb0180fdbf.jpg,Spain,ES,39.485393,3.158413
243e930349ed4c7696cbf47d5fd54d43.jpg,Turkey,TR,38.513018,33.415993
6d8450956d6849f9801d8e9e94d811ac.jpg,Finland,FI,65.551363,28.159291
eb4f6263d98e4892bfcd91e57b07e021.jpg,Spain,ES,40.34227,0.125926
0b3fbc45dead4f8a9942b65b5929235e.jpg,Turkey,TR,39.113367,35.665832
32c405037e84406e8c1155081c337a4e.jpg,Poland,PL,50.760494,18.026754
0be23bf5e599415388af8e47de8b1f7c.jpg,Spain,ES,43.144848,-3.580289
d7e05f6f9a5f43a18afd85b8c7020d40.jpg,Turkey,TR,41.244925,36.399143
eda947f7d83c41fd8991144ef26f8efb.jpg,Turkey,TR,36.25154,29.953458
ed554de75dd4402ca1578f5406ece76d.jpg,Italy,IT,41.172029,9.291977
99b486b7e20b44a49ad7bf1c515646bf.jpg,Sweden,SE,60.550257,15.774208
730897faa42449dea28c55c5fa8e6f60.jpg,United_Kingdom,GB,53.204829,-3.022187
bcde4965e211444091d6e0b2f00d019a.jpg,Belarus,BY,55.781766,28.600869
77c413fa3a6f484d824f31027eca11d3.jpg,Iceland,IS,65.56855,-24.135673
dd87808f7de9406a809949a835835987.jpg,France,FR,49.71856,0.328706
537389b1f15549769493acdfde2ca8d0.jpg,Finland,FI,62.961849,28.558986
90029bad59ea4c3cbaee881c9e657f97.jpg,Italy,IT,42.739112,12.076198
608ba4a6cfe2489abc520a037c9287f4.jpg,Spain,ES,40.107538,-3.841539
0def33bd8f4049c19e14dc5e93e8ae9d.jpg,Norway,NO,58.411325,6.02607
810b3dbe5fa3420f97f811dd52967b82.jpg,Turkey,TR,38.235157,40.976325
2bd73217ee6848a18dd7bf2b2dd0ad6d.jpg,Norway,NO,59.63238,9.640728
016101fe780a4a67ba3424b51c1f95ca.jpg,Sweden,SE,60.237818,13.456887
718dde12c1f6480baf43353d632f67f7.jpg,Finland,FI,61.647707,28.224475
ff29568e27b14d9ca51c8b994d190e74.jpg,Spain,ES,37.635711,-0.774701
a1f97accef8241eea62a9144a2b693f2.jpg,Iceland,IS,66.564855,-18.018815
459ea67b29db4c55a3648011cbdca83e.jpg,Sweden,SE,63.748045,16.430978
ea2f92d0a50041dcbd71ca6510f7786d.jpg,Norway,NO,69.20478,23.716327
6e294f941b49472b9af9e9d566a4e263.jpg,Finland,FI,62.900644,30.212119
00dfe11207564bc499724f5639bd033b.jpg,Italy,IT,37.91754,12.539982
230422708af24b20aeef88724afa7f21.jpg,Sweden,SE,65.273261,16.052077
41dc5d83a9b74a37b1845f2e7b7cc335.jpg,United_Kingdom,GB,55.047064,-1.814868
fe74cb85e81f4efc843f9d4db7687502.jpg,Iceland,IS,63.852789,-22.361325
07e134c6c142437aa53e8d17cb5f1691.jpg,Italy,IT,40.813949,9.300609
8b85419ea95a4177a698379256581184.jpg,Spain,ES,42.19852,-1.436046
d3705aa1488d41a6832f3045c0bc5ea9.jpg,Germany,DE,50.559528,11.737528
7d391d39dbee4fc59f12dfe292254d61.jpg,Iceland,IS,63.69813,-20.208479
46338b8f203c479998d9609dd3a19267.jpg,Germany,DE,53.192276,13.116131
8fbcc37faf8c471dbc19aca2cc51179c.jpg,Turkey,TR,38.324498,42.923129
a2912f6ee7ae42a2a92997b7da0f66e9.jpg,Iceland,IS,64.746277,-14.366548
ac44de46343a42bb9bb96ffbc7512e16.jpg,France,FR,44.169215,5.83925
fae9508bcfa24a3ab9924d9e17b0c003.jpg,France,FR,49.512241,0.23219
6410c53275cf44899404bd5c2c891497.jpg,Spain,ES,39.29448,-2.202388
55891575f2af43ec950a020b85ba2f50.jpg,Norway,NO,61.828854,5.503971
319fee43d8f1476daa0079e2a2480c93.jpg,Poland,PL,51.950391,20.947679
34a514b6f7a94ec390e37b011057b809.jpg,France,FR,49.290472,1.47945
f5e8ed85171343679b570ebfb352e5b8.jpg,Belarus,BY,51.710682,29.154923
a4100010acfe4107bf1b3edec1347d8d.jpg,Finland,FI,68.357118,27.401346
a234b87808754643b2f652653316bee0.jpg,Spain,ES,43.027356,-8.427511
03ca72ebd2e54a3e9239f27b7abb769d.jpg,Iceland,IS,64.778234,-14.430374
88c68f5e6ba14604a94fbdbe69a21d84.jpg,France,FR,43.707494,-1.020366
0ad3f7b27f734671b94f5685342683be.jpg,United_Kingdom,GB,56.189525,-3.204667
b3a73f630e7644b7bebf873ec8d6267e.jpg,France,FR,43.490688,5.662337
b1c8c24e60624d42aabc73316944d0bb.jpg,Finland,FI,63.004689,22.310788
b59b7d2b77a04d1790f56296bc774670.jpg,Germany,DE,49.702115,8.963045
7f7c617bc160405ab8e3e3e97dd5dadf.jpg,Poland,PL,51.664633,17.799788
e87dd927acf54d909727b862858b3e73.jpg,Germany,DE,52.324838,10.827175
aa5108eaed0c4ae29f2783486a917aa1.jpg,Germany,DE,52.733323,12.065867
be7e62257db2496a9b06056587674f76.jpg,Iceland,IS,65.802066,-17.568896
2fef4c4b48994794a78823b02975060d.jpg,Turkey,TR,41.032906,39.026845
8471fededa36401581c5d08c5def4af9.jpg,Iceland,IS,66.084466,-22.999535
f6d3ef34d4454b61ba51044be208f018.jpg,Turkey,TR,37.403292,38.874127
cb8923c8acc84a95a424d7e3e57e602a.jpg,France,FR,44.628297,-1.15735
63cdaa5c9d894699ab84cc3c24c96984.jpg,Belarus,BY,51.673509,30.368234
e446fc06bd5448898d94462da750c0bd.jpg,Belarus,BY,51.925605,29.257046
831da0efd39c42b894059cadd55db8ff.jpg,Belarus,BY,52.316614,31.368534
754e071668174dd3a0573a7504f806b8.jpg,United_Kingdom,GB,58.01386,-4.28483
26d4be663c824d288c1fb19550307b03.jpg,Finland,FI,63.161651,21.878575
d0325522a2e5420582df535e0a22119e.jpg,Iceland,IS,64.503405,-14.489529
7adec232e87e4ad9bd41e97e0cc02dfa.jpg,Belarus,BY,53.445583,26.508028
c201fa4d177a45909aec6092433a7ae5.jpg,Poland,PL,53.058895,15.165917
f0d31621e6fa4b5cbc2110edcdc0edaa.jpg,Iceland,IS,63.480665,-18.551207
cd7591c12072459491066072190b6203.jpg,Sweden,SE,65.713944,19.332117
58115723f5c042f8b515d285d932216f.jpg,Norway,NO,61.568872,6.481453
9e74792d024c48fdb11b00309e28d860.jpg,France,FR,42.732686,9.461247
9efb593cad314e0497c9822b3958f250.jpg,Italy,IT,40.564258,16.398659
8d5ff6b7a7cf447c818eb28f0c8879d6.jpg,Italy,IT,38.048346,13.376082
b971bcd15f4141c98f3b0c25bac258d0.jpg,Norway,NO,70.042003,29.085776
4d1bcfe366d64aacb324ca4e0b8882b5.jpg,France,FR,49.362097,-1.192688
95b25bea0b844591830186abbeb7612d.jpg,Spain,ES,39.444735,2.899442
1d663a2fad7247718351dbbf0ad95d81.jpg,Belarus,BY,53.562941,25.837863
1d70baa74afb416c83ec4937a16acc58.jpg,Turkey,TR,41.276852,36.292142
c5bc08edc14e473a80dadca6e3ed21a5.jpg,Sweden,SE,65.090805,18.873469
c17be10f2cc2446186e48b8b8fedd771.jpg,Germany,DE,53.254191,7.795426
2f668b8b81264835b8d4f724987b3429.jpg,Spain,ES,39.440062,-0.337933
463d5a80cc084510abcba7494410ad33.jpg,Iceland,IS,63.591985,-20.055183
207d9e4900da4738abfae98ec0ba1a10.jpg,Norway,NO,58.086695,7.295165
1c85efa56b3142cf8fd6d0f5878436b2.jpg,France,FR,42.193651,8.628155
ff6a3e3e601e4fc98ac6d7976dcc217f.jpg,United_Kingdom,GB,52.417762,-3.560485
ce8acde9183c452681e2b46df74f0fee.jpg,United_Kingdom,GB,53.62721,-2.292955
42e1f211711d4fc58ad166c8368081eb.jpg,Turkey,TR,40.990047,39.802249
67feb1fe6e8a43ef8fec130c938eeba2.jpg,Germany,DE,51.883315,7.015623
e6c2db495b404601970b1fb85c85002e.jpg,France,FR,44.59625,-0.754132
0d3cf4a38f3a45008a4ac6d8ccdc10fa.jpg,United_Kingdom,GB,54.419356,-3.080131
c90c7f462fbe49c390be7b93ccc4308a.jpg,Italy,IT,44.502222,7.155134
08b93ac27c0e47e5b9d568907ccc037d.jpg,Norway,NO,58.881875,9.212862
5fdb8de3949841c9ac13f77c65c27b86.jpg,Belarus,BY,51.942545,26.923705
e9fcb91d77174d1ca94c8c74c6488047.jpg,Norway,NO,67.315696,14.539568
91ecbdfd3fe7494c97920acb4aa6ce0d.jpg,Belarus,BY,55.166443,30.321166
5f57b50598804c59bdfef8d48b7ffa37.jpg,Italy,IT,42.348313,12.675463
3c455ebc64c64e25b6cdf7e0f37d1ff2.jpg,Poland,PL,49.775246,22.072855
30092c4a43624e4a937284aac03e4e95.jpg,Finland,FI,61.831539,29.732559
53ea4891500a4d91b62f3f335c02fdd2.jpg,United_Kingdom,GB,53.187429,-3.066231
92f401d1ab6942a58034a61089b8e1c2.jpg,Sweden,SE,56.574401,15.967201
d996602f1c89489dbedcb0fcdd70dd54.jpg,Sweden,SE,62.954596,18.069462
acef0f908662468bbda90a638538a55e.jpg,France,FR,43.342539,6.697776
a657bca4c28d4e25970badabc76bc8e4.jpg,Spain,ES,38.839954,-4.690554
4987ef98c881409991a88ba32fbe8d54.jpg,Finland,FI,66.89668,25.382701
d9a168ec58be49739912e03524cefa55.jpg,Iceland,IS,63.85384,-22.235848
bc360b0519a34e6e96191e877c92dd6b.jpg,Sweden,SE,64.151653,19.685822
2397ccc98feb456088928ccf0065cb15.jpg,United_Kingdom,GB,54.843115,-6.271757
3d719cc5b5114ec390a72c2d945815f5.jpg,Iceland,IS,65.694136,-14.937928
100f9fdb11654a258be51ab803f32890.jpg,France,FR,46.070583,6.52562
652c061437f446c4a8c21ad3a0ea4b1e.jpg,Sweden,SE,55.558401,13.855106
e951608f6a144072a6b0ec98392398b3.jpg,Turkey,TR,41.567105,41.570834
af9f915b1cf64f08b31013fae3e59a34.jpg,France,FR,44.545985,2.715446
f61ae40afd6540f58b6501dd27cfd15d.jpg,Sweden,SE,64.07138,20.786963
c5654d81aa6c4a87b9b9e94b48158cf4.jpg,Italy,IT,37.83082,14.895635
8b23688f5bec41ffb744126cd791a985.jpg,Spain,ES,43.633525,-7.601127
85baeb45dc534952aad9d84e2781c463.jpg,Iceland,IS,64.838096,-13.807728
44e895849dfa45068c5b40ec1f151562.jpg,Iceland,IS,65.62889,-23.826066
7d0ad1cf62a747c09b6a6183b2563ba4.jpg,France,FR,44.112291,1.308214
f3ce06913a1b415db1ddae865db46908.jpg,Turkey,TR,37.035856,28.358523
b15adbf73a474e528bf613cc34ab3d54.jpg,Iceland,IS,64.934786,-13.740428
1ebd42d4b4a443c9a9394bcbb80e88d9.jpg,Spain,ES,40.815562,-5.83758
e39d5074837747c4bb1b743debd8c927.jpg,France,FR,50.366908,2.7965
4faa6b5169234448a05a9db2086ada6d.jpg,Sweden,SE,57.560415,12.015431
670cba551b3543cb804bc25991f2fc4a.jpg,Italy,IT,45.720061,12.727578
5569e62717e14931a85dc4bd8b388550.jpg,Spain,ES,39.178813,-2.109953
584cb42a5070459dae95ae06a035262b.jpg,Finland,FI,63.417186,22.513511
512c4c3c0cfa4686bcccd0e81ea7072f.jpg,France,FR,48.57987,-4.510059
be382ff81b154fd0bd7918d211cb352b.jpg,Iceland,IS,66.162817,-19.020941
067ae679d02f4287bda87f93198b1cd6.jpg,Poland,PL,51.503922,23.561949
394a037d4e8d48c0b46def7e7440574b.jpg,Turkey,TR,38.882632,35.130271
996aa6fb5ca449518d2fbf28443dbfe7.jpg,Turkey,TR,40.126775,38.228155
e9d6874c04eb41c4bc877f792ee2a70a.jpg,Italy,IT,46.665326,10.503575
59920ace1a94468195650a10f2f98bd8.jpg,France,FR,47.980674,-1.791415
1eef601098464fc6bc4efcb2da796428.jpg,Norway,NO,58.43395,6.011861
9d57183d8e6b473fa3fa3b543a0bc278.jpg,Poland,PL,52.71076,21.374986
1a0d9d65e9f04b3a85a72fbc82fc0c8c.jpg,Sweden,SE,66.0568,22.707409
e606639c31d946a798c6e01e1151c94c.jpg,Finland,FI,64.161704,25.799731
5e351fbaee9d4ec5a266d5d2675a97d6.jpg,Germany,DE,54.53198,8.595765
26f3e40f07bb4450b7dbe5c4a401434a.jpg,Turkey,TR,41.067639,36.050452
55e88598998641e0914d59486f6627e6.jpg,Turkey,TR,38.946792,36.044773
f6d6ae43c20745108479f1130d590296.jpg,Germany,DE,53.955753,11.85958
2148477040e348bfabaf893e98b16f63.jpg,Iceland,IS,63.569645,-19.864772
5679138118eb4cda95cb7a72984ebc97.jpg,Iceland,IS,65.908146,-18.298725
faafee10ffff49f8825faebb70d698e9.jpg,Germany,DE,51.846408,12.319028
aeaa75dce092445194990c14ade14021.jpg,Poland,PL,51.332313,22.085814
34e497cdccfe4a17af4e57bcc2a98476.jpg,Iceland,IS,65.652924,-16.935315
567198b474a2475c9ab5fb5a89521da7.jpg,Belarus,BY,52.024361,26.333486
1d8641511ae24dc7b36194f8703356be.jpg,Belarus,BY,51.990212,23.905724
97ee583e994545acb3cd8a4d56f6300d.jpg,Sweden,SE,64.200565,20.660835
f2804a8ada974d56be48816e4b6d15a3.jpg,Belarus,BY,54.430478,25.983176
fbc31e776e15466181e179500e5a3b9d.jpg,Finland,FI,61.93088,24.7247
85c7877a816648f28bb80bcb9299bd75.jpg,Sweden,SE,65.815192,23.242426
a5952c381198417cbedf1c71678673f6.jpg,Germany,DE,51.173265,9.723317
b8a8a3899c424c7f91f8df9430d4ec95.jpg,Turkey,TR,37.87322,32.527614
228071e72f1b4cf38e40c4bec7968eb1.jpg,Turkey,TR,39.568996,43.841361
a895043956294b9bba63b73719ffc7ce.jpg,Belarus,BY,51.675431,29.128281
5a8b5bcaffaf44eab1c6900e5272c6d5.jpg,Italy,IT,43.316477,13.639219
7c93fcf6246146f28bdd9cf3193f1e07.jpg,Belarus,BY,53.456701,23.890183
03790fc9dd444549aad2c9acdf063bea.jpg,Germany,DE,50.084061,10.965625
f1ff920b924c408fbabcaebbef76c5c8.jpg,United_Kingdom,GB,53.189223,0.288444
2d805b33a95b4a859dc8061a24971b1a.jpg,Belarus,BY,55.149659,30.243115
b68169ce8e2140739f3fa51c1fa98d14.jpg,Turkey,TR,40.548719,29.350429
54a14e785b184c329496d7aa8d0e34a9.jpg,Turkey,TR,41.199951,36.534337
08a2d52ad6a24d0f91d45b43e3156fae.jpg,Italy,IT,40.580063,8.242867
2e8ed9426b6c43e2966d83d69db74147.jpg,Italy,IT,43.470124,13.571794
7bdbe31150b945178f762b6308ad7103.jpg,Finland,FI,60.995724,21.981058
2f0c9463213043db9e8db93873f5e017.jpg,United_Kingdom,GB,55.534396,-2.674281
cea707cfb03e4061b3da8c9102639cc9.jpg,Italy,IT,40.655965,9.722518
fee65c946d2f4692810b0256eb835887.jpg,Sweden,SE,57.778879,13.292995
f1c8d41ddd484f4f9003077e9d887735.jpg,Sweden,SE,66.235739,22.314724
9e012585bfec4d59bf1e8c45c5ae4c3d.jpg,Sweden,SE,56.276972,12.832465
42052aa04bd74cf1a362078e2ab7541a.jpg,France,FR,44.412479,-1.157394
e2fb693e68de4ecaa25b5fb07e9fcb3f.jpg,Norway,NO,61.782536,6.205788
dcb1d60139114875a1dcd4019420cd65.jpg,Sweden,SE,57.403763,18.872114
038757d2d54f47738b6c9509b7418953.jpg,Italy,IT,45.039501,8.428196
a76ef1e2b84e4510a7bb033d73fc219b.jpg,Spain,ES,39.351836,3.034461
825f1c8c103b4f8c9446f569afbdc5d1.jpg,Finland,FI,61.352665,27.429725
84b676c05f3f489a9aac87a92c82671c.jpg,Italy,IT,45.120061,11.729516
ab544e0adad44e37bd1b4b24a5c8cc7d.jpg,Finland,FI,68.796682,26.574339
f2f7e014e1bc4e20a62ee0398276226b.jpg,Italy,IT,40.276341,18.12709
193fb7af25ec4174aef778bcb94d12e5.jpg,Germany,DE,50.557983,9.453182
33b6d4dc811147d0b7f6778577815a4f.jpg,Belarus,BY,55.391099,29.244449
be6483e53ee745d1a8961393a03a8b42.jpg,Poland,PL,49.885012,21.584136
bbf4078296c04376ad16295f603ffa6f.jpg,Spain,ES,38.311814,-0.516901
e20b163804c244ba919755dd0248f4cf.jpg,Iceland,IS,63.424991,-18.768358
239cb8ae3cf542daafa7fe719def1e24.jpg,Norway,NO,67.147835,15.455766
a2c0530e094f4d8185dabd6e4906fa57.jpg,Finland,FI,65.008989,25.585496
811c5cef8e28467fb970388122e7132d.jpg,United_Kingdom,GB,56.558919,-5.353962
d8dfdc4903ca4c688caada520aa0eecb.jpg,Poland,PL,53.958856,15.121846
80f36a102ff54b018e717f5636bcfde2.jpg,Belarus,BY,53.613238,27.465405
5e9977fa453d42819d3ce97ec3fbe5bd.jpg,Germany,DE,47.855604,8.595836
c2c4ab459b81464cb0580cb926e9b877.jpg,Poland,PL,50.075198,22.174122
c365a47d03bc479fb514c08ee0ae6920.jpg,Belarus,BY,54.885285,26.889033
46bbf9147d3245488669ac55d381cbe4.jpg,Sweden,SE,66.65806,19.946702
a93181c6eaf44302a11e96ab96367b87.jpg,Italy,IT,41.317631,15.406956
6a40ac64068f4c0dae2d51a756f0dc5b.jpg,Finland,FI,67.555689,27.893339
e47b3dac165f4ee2b209bd8c91627884.jpg,Italy,IT,41.324397,15.398246
4331136eca844984bae96db2158791c6.jpg,Iceland,IS,65.86159,-22.305459
82c34408d6174caaa4a0ffc0b9022feb.jpg,Poland,PL,53.400241,17.958947
66f3e57b97844c2e8b6e910ef1bd2786.jpg,Belarus,BY,51.708689,29.152945
3eba44b5e7584f49ad951121ddd05b99.jpg,Iceland,IS,66.049215,-16.605186
3589dd715f7e477c8649575d2681a650.jpg,Finland,FI,67.544841,25.77623
d65eac0887d94fde8631be1daca79a42.jpg,Norway,NO,58.772901,5.52326
640f28d88e404c9a862e634a186c465d.jpg,Belarus,BY,53.813011,30.797391
bc9bc8de69cd4db2a47b246a9745d03d.jpg,Iceland,IS,64.617349,-21.77484
3310920417de4cffa989495e8a26777b.jpg,Finland,FI,62.745181,28.729103
588033d809064273aaa8fb8c7966b97e.jpg,Spain,ES,39.563084,3.237049
01473e114b0b43d98b1e6788c8038b7c.jpg,Italy,IT,42.024831,12.678731
503a57fbe2b14b81b0293cbb0827525b.jpg,Iceland,IS,64.959747,-14.171955
221d29c737c64dfdab8156ceaf938498.jpg,United_Kingdom,GB,55.613174,-2.110475
807d7390f054434b89323840b11d9711.jpg,Italy,IT,45.16209,8.148381
aa283f183a724bdc8aa3139900ff3195.jpg,United_Kingdom,GB,60.779106,-0.827004
a2fc210b49014ab1a8b52d202acb3b4c.jpg,Norway,NO,61.022188,9.190062
a3d79999090d4cb1a636874d993a14f4.jpg,Finland,FI,67.432208,23.819598
f696ab43513c46e29ef64da2cab56ec8.jpg,Sweden,SE,64.417272,21.22581
f106671a45ce4e1cad6bc3077fe5e41a.jpg,Germany,DE,53.021491,13.667779
54dd57335463463c99cd72fdb0169038.jpg,Finland,FI,62.583639,27.03097
db3c0df57e0d4ed4b3e2be472c6baaf2.jpg,Iceland,IS,65.249567,-14.361441
7d8c30c711d64144b0c99764d7b85cac.jpg,Turkey,TR,36.628573,33.233588
6e11cc352bae41a49647d3f260fdcad0.jpg,Norway,NO,60.613223,9.066565
c8b9bb093afb480e8ad7fcde2fb3d044.jpg,Norway,NO,62.247509,11.760032
bff8b4bfe29949608d7a63cce9be5b56.jpg,Sweden,SE,61.379953,15.78675
d43c2a1db15f4c379b972b18a2673391.jpg,Sweden,SE,66.060295,17.754262
b98fa87001e34b959cb0cbb611c8f524.jpg,Iceland,IS,64.848514,-22.673194
b1b41ffe0f4c4aabb79a01810bb8cc23.jpg,France,FR,42.237992,8.634028
57a443b1cd71461d81f27693afa31dc9.jpg,Norway,NO,58.866888,5.622738
2f8d2dd61c90449aa91a1ad2031cfcc8.jpg,Sweden,SE,57.574755,18.388527
ad1b05f0a9764d849987b18a09408989.jpg,Norway,NO,63.984191,10.131267
0e96e7b61e93490ea4ab172b8981addb.jpg,Italy,IT,40.780925,17.583224
34516d071f6945aba424ec7abed64377.jpg,Poland,PL,53.602058,21.045088
2abe55272f8b4a229dda5886834bb1e1.jpg,France,FR,44.521995,1.29165
793ebea1bb0d4523a1e5c3440a4d1efa.jpg,Belarus,BY,51.912363,29.789544
96fe73aaed7448d88e6c14579cdb4c4d.jpg,Finland,FI,64.167787,28.986931
d3ae424fe5404599ac6599f7703fefed.jpg,Poland,PL,52.45754,16.61844
f82b8f0db4894e3894accf09d2b42989.jpg,Sweden,SE,59.364462,16.071754
1b05565d1de44843a3614d5654bfedfc.jpg,Italy,IT,40.466633,18.155843
1e6da03f92994be5aebdefff26e04354.jpg,Germany,DE,50.96977,12.794626
67faed969a8745db90ba1a21943b83d9.jpg,France,FR,48.177673,3.113227
4530115b30074d199bd4a3e44b0927fc.jpg,Sweden,SE,61.725978,17.30929
134fd3c4fad742cd890827d26d004e59.jpg,Belarus,BY,52.211135,31.538348
beeb8d40f76549a1b638044fdf7035ba.jpg,Spain,ES,40.913776,-4.262271
abbfca449fd94a16a7492a39a5d117be.jpg,Norway,NO,61.339571,5.755509
36b243b0b36c4471895fe56f5b846127.jpg,Finland,FI,62.725724,29.018005
a67085b2223f42ae981857cec4103f2a.jpg,Poland,PL,53.761527,16.681334
8b4fa51e30084acd90788a08a6bc2d1a.jpg,Iceland,IS,65.775981,-14.833768
a2ab6ce858294e1da6c06d0b0a11f093.jpg,France,FR,47.741256,7.505727
0c1766c4c21a4c2593bf42ff8a138b0b.jpg,France,FR,47.842127,2.686006
d53ce4407b8b42fb922f863265e0fb35.jpg,Spain,ES,42.150664,2.611594
f10d0d0c402645fd93675e9c2bc77876.jpg,Iceland,IS,63.522393,-18.474516
5961168b52474abe9b7745398d27c78f.jpg,France,FR,42.496652,9.470414
7ef67420843d4e5ba1e8ac09c3562a06.jpg,Italy,IT,45.688731,12.667248
2f716bda5a374ed38cfe81cd3afd79da.jpg,France,FR,47.491178,1.217014
8e2396450f1f4734839c3e5f2887828f.jpg,Turkey,TR,38.57407,41.121955
8e5c1cf9d3964e6eb6baf3bab07f277e.jpg,Spain,ES,37.622647,-0.78506
93c71275ddf2481a87015edc431caef2.jpg,Poland,PL,50.063179,19.236026
bf3b2a5ab739454caaaea54c76f36fa9.jpg,Finland,FI,67.276637,28.261558
374eae9f1e624cce80ee4d9cd74eb4b4.jpg,Iceland,IS,63.482379,-18.54682
e4d15732dc914b6986e94a8d940372a2.jpg,Belarus,BY,54.51362,30.497314
dbfadcc8e58c45e586b8f7e92ebf43e5.jpg,Poland,PL,51.307027,22.118108
06e36eb9d45a42bf8ab912d095d46dd9.jpg,Turkey,TR,38.307038,43.01549
685e1b287bde4ab081efcc35aa959748.jpg,Turkey,TR,38.51122,35.181491
c51e5c5e49614fae884bdbd043d7979c.jpg,Spain,ES,39.560402,3.244096
87d0ad6575934821a348f78f44fb1385.jpg,Poland,PL,51.509025,21.739742
24972c1615264aa5b4855dba3ff368d8.jpg,Poland,PL,52.165458,23.394654
65714787cd804e12a103fe36b0e3704b.jpg,Finland,FI,61.872171,24.50747
d6f0221fb51c40cd9d9ad94f1f57eae3.jpg,Sweden,SE,66.189704,21.154381
eb3bf4e5875a4de591016605b3d8daca.jpg,Poland,PL,52.397456,20.844057
49c483e304794edf9a6e2ee131af0340.jpg,Poland,PL,49.34303,21.719716
638c389d095f46deb7d7148d3a0ce120.jpg,Finland,FI,64.594594,29.682092
f6a4dcaede2846adb4f7414157403af3.jpg,Norway,NO,58.189005,6.736159
2691e23b3d634ffe9ec948fa039e6639.jpg,Poland,PL,53.256726,20.852975
fca934e6840346cd9acd771046fff6f7.jpg,France,FR,44.173996,5.901285
3f6a3da0691f448e954f324eb9ea9f25.jpg,Belarus,BY,53.612217,26.177462
94df2b6c9f9147fab776425b8ada1c27.jpg,Norway,NO,60.52858,5.163211
79359d916cbc4b43b8bbca57bee8219b.jpg,Germany,DE,53.463519,7.556725
36a0233992ef4e59b56b9dda98d8eb57.jpg,Turkey,TR,36.128457,36.160608
4a126ca698944e009b11c970cece1f4f.jpg,Norway,NO,60.787843,10.673131
436789acb7714cf8a6d86f1f0724b209.jpg,Spain,ES,42.662281,-4.792326
8aa71d2a16f54501b94154b4b0011279.jpg,Italy,IT,44.487523,8.305142
234b0d96a054412b840a00eefb148724.jpg,France,FR,48.0531,1.992234
652e9b3936ae46f9bb0d1bd4f2ecca99.jpg,Italy,IT,42.224476,14.481409
f6001f1ffdd84b23bb37fcae6093a7b9.jpg,Poland,PL,51.57047,17.83131
b7a65b2c6a79485fa719f156a3753be7.jpg,Spain,ES,28.64289,-13.899496
5050a007c9834521be70c3694bdcb60a.jpg,Iceland,IS,65.760098,-23.883282
dac5111c6291408896efa1a31755b55f.jpg,France,FR,49.468833,-1.789601
935ef251741b47beb221baa55838c670.jpg,Sweden,SE,57.295633,15.923763
5e79a055af104ae0931493501083b58a.jpg,Norway,NO,58.929372,9.316921
a1a40f1248e24533ba40d043100df95c.jpg,Finland,FI,63.501754,28.282486
a475e2d5a5144ee78ef3e792078d33ec.jpg,Norway,NO,68.634636,16.569265
e64e870a5d204866a2d668115e673c06.jpg,United_Kingdom,GB,55.918652,-4.857573
6651b6aa7d334a0390c79b459fed06c8.jpg,Germany,DE,49.953713,7.281604
83245f968dba4789a9870be8794b178d.jpg,Finland,FI,68.008903,25.186969
8e58a302fb3a4cc98597a70e63648e08.jpg,Finland,FI,61.292058,28.734114
f40484ba7e764573bb7de6864b500d3f.jpg,United_Kingdom,GB,51.754341,-4.5156
8be84ef907ee4e73aa98fd51f7fc4007.jpg,Turkey,TR,38.672637,41.202072
c02436a2a37b40ae8b0bb89c3beaf836.jpg,Norway,NO,65.213835,13.378222
62d6efa36ff144da9c152ae58cbc5c57.jpg,Germany,DE,53.171263,13.712476
0fcbd36723df443fb8a3c87f6e1ca96c.jpg,Italy,IT,40.081707,18.120389
d7e2de7c526941fe831ad8aea27c73a9.jpg,Spain,ES,27.935426,-15.593087
fc219f4a89d0491e8db67b818710c999.jpg,Spain,ES,42.742614,-8.961322
8641d3a048ce48cf8ff43f79399daa80.jpg,Sweden,SE,65.878319,19.462936
6d2715c62d2643069b913ffd3644d8bc.jpg,Norway,NO,60.127198,8.679535
da6d64d7e46f4c809b4e72fbfcc29c32.jpg,Finland,FI,63.55207,29.120257
7fe7872b250d496ab17c49cd4c933396.jpg,Finland,FI,67.63009,24.264841
3a2e150b7627459197349a8c56ecf871.jpg,United_Kingdom,GB,50.918699,-2.758079
5c85d158377f4a75b420a58442c505f1.jpg,Finland,FI,60.804616,23.191844
f1b03314b6214160bc89cbbea75f35f9.jpg,France,FR,42.198207,8.63871
78a19dbf18734c4781d4910d65a4baab.jpg,Iceland,IS,65.420121,-14.587878
adf6256bdcd84e53bddd59901a70edd1.jpg,Italy,IT,38.401963,16.499628
92e2b36fc0504cd5a9ab306a5daac784.jpg,Finland,FI,62.646533,25.49426
de727a6ebb2f49bfa017e8da29529503.jpg,Turkey,TR,40.163973,29.367501
07875689eaec4b2fa3d2cbdc6794cec2.jpg,Italy,IT,40.966933,17.114876
acb1a31121d9482a8ded71029296ad27.jpg,Belarus,BY,53.454596,27.476346
72d4991a84fe4ca19a1b0c8532e926bf.jpg,Italy,IT,42.718974,12.13946
b7bcb25395bc4723913d19c5007b3086.jpg,Finland,FI,65.052967,25.600959
768b865447cd44ffb62c6e818c9df288.jpg,France,FR,49.6617,1.428124
402c6d4f453b48388f3ee1a83200b276.jpg,Belarus,BY,53.211421,29.39387
a22a2ffff72149bd89e22c58c57abf24.jpg,Turkey,TR,39.932911,33.831631
2caff84f8455428e8a7ef2c3518abc55.jpg,Iceland,IS,65.617848,-18.497322
12aa0c351c6f4f8abe3ce4d6dde306af.jpg,Belarus,BY,54.614456,30.438109
3a72cd7f3fae4d6097b9d205a9af822f.jpg,Turkey,TR,37.947871,32.533801
e6e1bf51be454dbabf9316368e0fca22.jpg,Norway,NO,69.308741,23.880471
f87698b8c7f843ca9a32311d3b593a34.jpg,Norway,NO,58.427772,6.013623
2a9d1c84e9a7429fa903053ff4fb1a85.jpg,Turkey,TR,38.080832,30.26445
d7e22294f2784532ab1ca2e65e7daa68.jpg,France,FR,47.89032,-1.581947
b59ac730da714ccd85d94c160eb3d711.jpg,Belarus,BY,52.446246,24.283131
c2ac3d80ec1c4920874250051e8f1874.jpg,Iceland,IS,64.629482,-14.435318
abcd7d21601a4dbcbc76e6f2abf1ef1c.jpg,Finland,FI,63.136376,29.792042
02cd0122233b4402b3fcfd4894ef09e9.jpg,Iceland,IS,64.845934,-13.78368
d4fbc59b59534c9b8b9036b0d02625f8.jpg,Sweden,SE,55.462983,13.286778
e4259c9652c14b4897cfadcba97014d0.jpg,United_Kingdom,GB,56.547134,-4.298455
fd04fd7cbd044ce6b48b54fe2a36ff7f.jpg,Germany,DE,52.906032,13.501122
fd9dd97bbf8843aabaafe7aaa27911af.jpg,Italy,IT,40.261685,18.09904
5f071cd179d346969e775b8440ae25f7.jpg,Belarus,BY,56.015009,28.652042
b162cf29f4f94724a0ab1fe8c98965a8.jpg,Iceland,IS,63.965004,-16.861116
af21df7daca94ef3a42bbc7eaa75f375.jpg,France,FR,48.218659,6.268391
a350ca2c967144b1bd1fad96770818ea.jpg,United_Kingdom,GB,59.087334,-3.32284
8abf844e20cd442e9a33adcf60f53348.jpg,Belarus,BY,51.924728,26.664051
32b3a1975c824b8e81b8517e269735f0.jpg,Italy,IT,43.904521,12.241276
e9c00cda74bb4eeb9d00613687e3a626.jpg,Germany,DE,53.183613,12.033052
bc28e8dd525d4ad79d35972c75e3ce8f.jpg,France,FR,49.252915,-0.69172
78345652254548cc868b4b498d431b25.jpg,Finland,FI,61.805713,22.312318
8849482ec0454036b092664b8e02339d.jpg,Turkey,TR,37.224303,39.85981
e1a874c119b245299e20ad88e879280b.jpg,Spain,ES,39.822238,2.81467
6e7b392e48ee4b2eb0d3c328427fd02c.jpg,Germany,DE,51.573899,9.261534
d0116ee7da7f46d8888b42e5977e1976.jpg,Iceland,IS,65.740456,-22.046593
9d319ff802bd40459c48c9188246fd51.jpg,United_Kingdom,GB,57.430275,-4.635663
ad0c3be166c2403a82779d02b15d95dd.jpg,United_Kingdom,GB,53.870411,-1.65651
a68aea4776444077af93d518ca0e7725.jpg,Iceland,IS,64.527991,-14.541611
e320bbf8a375421c832ccc5323608072.jpg,Iceland,IS,65.749459,-23.843698
c6813d4da36042b6992825fa1de7c083.jpg,Belarus,BY,53.706728,31.735741
577bcdfb91464d66a45ef5a60dd15093.jpg,Belarus,BY,52.821826,29.401338
f6cbb626bc3b444aa9f6ce39000a775f.jpg,Turkey,TR,38.34582,40.902182
b12510c6c36a43f8926904898ef0c8b3.jpg,Iceland,IS,64.539214,-14.58192
2f6c09e93b0d436f9884c2a31d8ff7c9.jpg,Poland,PL,54.407548,16.515417
10a2317fa0904dbd82a6402f0602c739.jpg,Iceland,IS,65.320718,-14.474249
d62c8e86fa85468890eb665fcdf31fae.jpg,Turkey,TR,36.363819,33.949463
85c3e06775d04ace9eda9ae2077a944e.jpg,Italy,IT,40.710317,8.803033
adda6d46629f436f8a9b03f6e8df024c.jpg,Spain,ES,39.059711,-4.178951
a4de410b253f40fb94c4a4803d425b93.jpg,France,FR,42.976644,0.708042
e96126ca4e3b4ed79a26fe37140f4446.jpg,Sweden,SE,59.370079,18.415837
79c17dc8be944812a1a9081ed24066a4.jpg,Norway,NO,69.502021,25.468504
b6b817ce9e34458cb7123c2ee7624c70.jpg,Belarus,BY,52.469873,29.280301
c96c29c11d1e4c1fba287d20d7d0cdf8.jpg,Sweden,SE,63.014939,17.099603
fec27ce768b24f3a922ec988fa89276a.jpg,United_Kingdom,GB,51.614129,-2.591593
a8dd87fdec024e7e8e2a85b06089e4f9.jpg,Germany,DE,48.780567,9.649726
5099ed0853e54f27b9f6d13717114c12.jpg,Iceland,IS,63.933916,-22.680937
9a1b1a0f6111468e84d12279638dd04e.jpg,Spain,ES,38.940215,-0.187837
c25cffc7b44346f18d8e8819f8b1ec7b.jpg,France,FR,47.446445,-2.260486
ebcd296351f84bbc95747ebb147e92c4.jpg,Belarus,BY,53.060888,27.930829
f99ea88f7b4c4e0494f7521f0e65c3b1.jpg,Spain,ES,41.59951,1.400205
c551d71bf8a7457798ce78b018c6ad1d.jpg,Finland,FI,60.525856,23.610809
405b39164f4c42398d6a3a4523f67996.jpg,Iceland,IS,63.441663,-18.753071
c7ed73e57d624410b31906a8c34e0273.jpg,Norway,NO,69.206673,23.692123
78120bfc2b474ec8b9a4d2f27aba81ba.jpg,Sweden,SE,66.228021,19.933874
4940bc7ca2b34fca819de4fc5bd8921e.jpg,Turkey,TR,38.096833,27.372891
ab818fdd12e54b0fadde93fb3a9d3703.jpg,Poland,PL,51.793037,22.527617
ff7f3048fd804f1f9dd4ce972c721719.jpg,Italy,IT,39.922022,18.389644
213795ca7d334f42a5af9cb925e002b6.jpg,Germany,DE,50.748791,7.392092
2c29d4b1e7a043488faf3f563f0ef874.jpg,Finland,FI,61.940198,22.786027
c61d2aaa97554b358b7c2617f2b08810.jpg,Norway,NO,69.221403,15.923508
0ace5401a1c54c4594f63f8540e81549.jpg,Spain,ES,39.704267,3.105209
a006c5f4997b4b65adfc1016911b1982.jpg,Germany,DE,51.02413,11.217547
0fb819d083bc480f8a33404def96e37b.jpg,Italy,IT,44.798888,6.943088
6c4966681833452cadaf503f14b7d872.jpg,Sweden,SE,64.499535,20.736885
05112fe098014dfab6cb0dc8b6c1cd41.jpg,Germany,DE,53.052646,9.152852
b9884e0d8ce84db281c2d012bcb9cc49.jpg,Finland,FI,61.108153,22.84666
fa4197eb881246c5924d4f313f41ff85.jpg,Italy,IT,45.707242,11.420835
adbfcc4730854467b3fcff407aed2ded.jpg,Iceland,IS,65.496182,-20.695316
d4e4c15f976e45dba6cfff15c77fa58b.jpg,United_Kingdom,GB,50.530964,-4.697898
889d2dbe636948369c5e441f017fd36a.jpg,Iceland,IS,64.903414,-23.925787
3ff1959b49814b529b68a1d9c3b50e05.jpg,United_Kingdom,GB,55.190588,-1.776667
4908a062f5a54d069df6208565222b51.jpg,United_Kingdom,GB,52.132813,-0.905005
a7332c9dee164a73974132da8e6685ab.jpg,Poland,PL,53.672103,21.289722
eb88890592344db39a0bea7b28d6f783.jpg,Italy,IT,45.064135,10.87783
2fdd919955204f36b5397de27e55a472.jpg,Turkey,TR,39.713357,27.801312
aabd27d762b54ff69fd449575511e5bc.jpg,France,FR,42.621449,1.822425
676be160077c4cf1aa8fbaba79e003da.jpg,Turkey,TR,38.239731,35.098602
81e91d0e1e17442599bb8ad8e6350268.jpg,Iceland,IS,65.246463,-14.439493
d6d9aa8e85614d21b117cd23668aefae.jpg,Finland,FI,60.469394,25.179612
984494e0ed6d444f8a71221865867f2d.jpg,Poland,PL,53.323399,22.455967
fdd60ee9a2d24cb182691119dd31a0f5.jpg,Sweden,SE,66.064834,17.689346
09501f368e374134815aaf896310b722.jpg,Sweden,SE,61.387465,17.191653
4e8a872169f948b4b3c3caedaa6e464d.jpg,Iceland,IS,63.676546,-18.389269
3c0cdac56818430491c5955d07e68171.jpg,United_Kingdom,GB,50.708478,-4.626996
0403a4f730194dad9f34bd1e7f178e31.jpg,Spain,ES,41.739356,-3.171023
4584bbd67f7d41bf879b11ef3a8fd639.jpg,Spain,ES,41.80035,2.830866
5f00d0a92ac04ec19b1ed15ed10ab7a5.jpg,Spain,ES,36.229393,-5.843071
9d22de5a19f64e718e66b1ee7cc3a8b9.jpg,Germany,DE,47.888452,10.672733
efe28ef093fe4ae0a3dc0f925d612769.jpg,Italy,IT,40.068997,9.610283
253a274552b244ea905200e96a062671.jpg,Spain,ES,41.472738,1.810738
82caa7b9a8ae468b8338ed2d32c82e9c.jpg,United_Kingdom,GB,55.781039,-4.453462
16a5a4c51cd34792965dd1a2fc654b46.jpg,Norway,NO,62.488949,6.871853
b03674f595a04fd48932b9e741d40af3.jpg,Norway,NO,58.613764,5.688058
704906b6bb9341b3a94cdfd264970247.jpg,Belarus,BY,53.518783,30.256336
c5fb9bc0b1e74c2f9ad6d21ffb24bbcd.jpg,Finland,FI,62.904603,21.207949
2fbe520fd6ca4d45b9198abff4a557cc.jpg,France,FR,43.78482,1.323272
c4948358203742628b1ef265bec303c8.jpg,Italy,IT,40.872417,17.410479
431545cf2af443428e2282ad692fa240.jpg,Belarus,BY,54.934577,26.909147
bbef5510e95249b9970c3a50decef669.jpg,Spain,ES,41.201817,1.597578
b02606bd42314275945595cc62904c64.jpg,France,FR,48.553453,-1.79099
cb793a84341349829564b9856f835291.jpg,Italy,IT,37.72838,14.056392
eff249ce79a14479a427f29f2a5a6aa9.jpg,France,FR,48.530023,-4.619672
652087d6e5ff43eb9a56d601f4681005.jpg,Germany,DE,51.12765,7.354771
5fc4a0cce2934639a9a4e481e79fed5b.jpg,Finland,FI,61.181298,23.85222
dcd5340c71034db5b6b4ceef99cd366a.jpg,Sweden,SE,65.295675,16.039278
5b1ad4aeebee4116b7bc2474a5c19d29.jpg,Belarus,BY,53.777156,30.363924
488ed25437cd4b53972d061c56a2c9b8.jpg,Spain,ES,39.086575,1.520939
753ecd890a0648b7b382556a27cc4d25.jpg,Sweden,SE,61.420106,14.839124
1d282dba112b440091805655e9e613c5.jpg,Iceland,IS,63.819319,-22.556489
788535faf1f342edbfd6cc352b2c180a.jpg,Sweden,SE,62.875036,14.890709
76caf926fbe04298983dca2466d1b7e1.jpg,Spain,ES,40.381443,-3.478168
005e9cb7fd5b4024b5815614a701dfa5.jpg,Iceland,IS,65.550691,-23.115731
62f12f9f34d54d5bb601006d05c07163.jpg,Sweden,SE,61.375348,13.522048
36297a55e86045a1b733825881d6f6c2.jpg,Italy,IT,38.271566,15.804718
83e21009e7ed41c7810cc3d36097e40c.jpg,United_Kingdom,GB,53.649885,-1.461616
ad1d9c6b9fd446a98343acace387db02.jpg,Norway,NO,62.989831,7.851297
ea0bae1b48254c758dc60855b2f1297d.jpg,Belarus,BY,54.160862,26.455054
74ce1c63beb341fb84a0549fbb04d9c0.jpg,United_Kingdom,GB,58.104155,-5.269107
14ef06351b6a418d81fa39a6eac6f8b4.jpg,Spain,ES,41.434733,-3.677443
895787fc4cea4c498b27c28e77643def.jpg,France,FR,47.076502,2.769543
bc203c35c31043a7968c4e416a471061.jpg,Belarus,BY,54.120733,27.364927
c078fbbe8d2143f49bde3db9a77a6e67.jpg,Finland,FI,68.710698,26.370941
5525c989c7a740f0b7d8ca4ca97e3a7b.jpg,France,FR,48.450049,-4.487558
8093198986424fa384fff75c08ac65b1.jpg,Poland,PL,50.799043,15.716091
5e06d03612d14660bde8b0a1dfe68a7d.jpg,Turkey,TR,40.101581,29.473108
ecfaab28a2bd4e788ea0d61b7d1f13de.jpg,Belarus,BY,55.617381,28.64715
73dafa7903e64f17a41e53fd899527b4.jpg,Turkey,TR,39.797522,44.10919
e951482acc92473f9eab669d932d25ed.jpg,Turkey,TR,41.408072,27.822158
09eedc1f4c244103885bd178d8e38bf1.jpg,Poland,PL,52.105639,23.540185
d334c77691b24daaad1dfac8537d83ad.jpg,Sweden,SE,64.34068,14.833467
e946310a6a75408aae992c3b42e8f04b.jpg,Finland,FI,62.469414,22.050425
3770bb0e8a9f406fb3cc124200d0cfb5.jpg,United_Kingdom,GB,53.878598,-2.77546
8d9e5516e64d4c6fbc16cd70fb43b609.jpg,Spain,ES,38.28622,-1.458351
8c401876520a495e8818b3c6874cc4d8.jpg,United_Kingdom,GB,52.682918,-3.449099
a52c83367eb44541886efe6413b17a96.jpg,Norway,NO,69.305305,16.094715
89b0ec494f2c4a8481f6bb727e96f550.jpg,Belarus,BY,53.205248,29.125134
02a02543f8e04e9099d86e8d3531d175.jpg,Iceland,IS,65.207334,-21.394387
9614d796de9449ee8bc42288439919e1.jpg,United_Kingdom,GB,51.802147,-2.011716
d40ac3b1156a42c08c84aae47528ebaa.jpg,Poland,PL,53.401443,22.421509
019f59e0d286453985d10740ede42939.jpg,Germany,DE,55.006625,8.397612
817bbfb48dc5459b97b8bbcb28bd4cb0.jpg,Turkey,TR,38.934842,36.035273
bbb1d93543124a56bee3df3acebd3ecf.jpg,Finland,FI,63.56211,28.489071
1e8df7fb644843b3bb87fd858df59e42.jpg,Iceland,IS,64.836218,-22.847459
feb1bc22d3f44e548716a76fcf21efa8.jpg,Poland,PL,52.642068,14.608754
939991de4e9a4700a3d9a00be167fffb.jpg,Germany,DE,52.643522,13.66012
c3e4ddebe0e84d7c83d394cbc1d7b297.jpg,Germany,DE,52.054588,12.500035
1c0d3bd4076c42debb89c11a8a2183ed.jpg,Sweden,SE,65.442824,19.37279
000f306e85ea4f5ca0ba89e76b6d698b.jpg,Finland,FI,67.673233,24.221374
4931f3db9d0f4216ae3e001e711ae599.jpg,Turkey,TR,36.487461,32.270487
114d0d40c15d446ab60917ce4735d8ea.jpg,Sweden,SE,59.95768,17.29381
ed1e3c1a278f4270b479b3001af39605.jpg,Spain,ES,39.570543,-3.851466
986b4ebe2e564dec9dfc30904333dc7a.jpg,Finland,FI,67.92091,24.513736
36b9943f5f07437285112a987f59b759.jpg,Sweden,SE,62.18089,15.05828
e6e4d0dec2b14d34952fc918a4966975.jpg,Iceland,IS,63.463536,-18.610843
0660a5f1d0ab4494b248f4266126f7e9.jpg,Germany,DE,52.429465,7.036078
84d3ceab360e49738ac7fe357a3e7d66.jpg,Germany,DE,51.59881,13.039168
8e085b58c38c42808c5659e701a500d2.jpg,Sweden,SE,56.75834,14.918567
cb9f8fc1eb7a448fb53f40206ac4da15.jpg,United_Kingdom,GB,57.834289,-7.02695
27338b4ac7d24d08a0bdc39a6125d925.jpg,Spain,ES,36.85139,-4.132186
6748efa86d5f43409d2aa83ae9eea760.jpg,Sweden,SE,65.593912,21.122561
2ca59707f4bc49c2bac3a1571635ce1c.jpg,Finland,FI,67.014232,25.156054
c01fd6f4beaf48f688a6898150cfb410.jpg,Italy,IT,44.56265,10.227362
c107b76f3d5b4258afe5159974c6c67f.jpg,Norway,NO,70.062612,28.949834
da1ba48384144f4eba3a19a20f02751d.jpg,Italy,IT,37.021027,14.409258
7eb5d11e30364bb4bc250672aada6b61.jpg,Italy,IT,40.87557,9.039777
48ef3e9fad6144be84eb884a97d3d1f0.jpg,Italy,IT,37.729188,14.831812
bc6905b188134246afce7fbd0259332e.jpg,Italy,IT,38.907204,16.329004
c5371eee8d4b4277b398bb9d3b1e448f.jpg,Sweden,SE,64.951986,17.755101
fdd8240e17044d8584cd7508ca033419.jpg,Spain,ES,40.386291,0.095599
7fc8e95ea845415dac0b752e6dabc807.jpg,Sweden,SE,60.236904,17.459465
5d13101fa12d4cb3a97940a416ac23e2.jpg,Sweden,SE,56.840071,13.511724
6dbc08546b9c486492c784f66b8040b8.jpg,Poland,PL,51.350279,22.732794
bbfaf74292dd4d5fb40a4843f6e10f17.jpg,Italy,IT,40.936212,9.093987
955f565b4f214175bbbcac9ac5b5e204.jpg,France,FR,49.941339,3.242309
d7d37a98633741ad934c469c6cb26571.jpg,Spain,ES,38.916251,-1.823491
32bda4ca48924d7c9468b2c4fbf520f0.jpg,United_Kingdom,GB,58.628744,-3.2404
fa2781d14ec444a39508fca3578100b8.jpg,France,FR,48.1162,-1.969941
8f70ff604f6b4e7e80614c8be775bda7.jpg,Germany,DE,51.782584,7.302088
59afa8eace674226bbb03f8929ac278a.jpg,Iceland,IS,65.348176,-20.844856
986a49159cfb401c8bd4b05d21285faa.jpg,Germany,DE,54.772613,9.245696
110f0e88fcbd442991422dc89a250b66.jpg,Germany,DE,48.718365,11.172499
51afe775b7a14d7dbafdedbfac82014f.jpg,United_Kingdom,GB,52.553555,-2.913614
39910c37613f4fbea8d1bffbe25fbc4d.jpg,Norway,NO,58.874145,9.162002
2508e9b2fde248faa66e3e6bfe4a46fb.jpg,Poland,PL,53.181008,23.241389
b9fcf041977e4f63a5be54db876be38e.jpg,France,FR,49.512464,4.762281
4e9248046476424d892b18d901004434.jpg,Germany,DE,49.523044,10.094488
3a4d360b55464cff8354ec48adacca32.jpg,France,FR,48.520419,-4.581541
2642c0ff4ae94b7195b3d09fb30125f1.jpg,France,FR,46.278553,0.173905
daa34985728c4afa8b1d15dc1c5742f6.jpg,United_Kingdom,GB,50.121122,-5.440189
f2abe5a8daa246c399fe87ff62c3e671.jpg,Finland,FI,62.629163,25.686006
5e1a285c7650486da470b4a7f40461e6.jpg,France,FR,49.378158,3.368019
1265d79fa59e478b8fa87f429e7c8784.jpg,Italy,IT,36.841353,14.460171
18a1c4cbac164c78bee0379ee474623f.jpg,Belarus,BY,54.561715,30.453413
b64160e1a87d4ce0bd269d234f1a2346.jpg,France,FR,47.337348,6.184774
6f81092c7294439b98f2703a8f9ea175.jpg,Belarus,BY,53.205981,28.69684
d9f7860caf434e0b9d0740e0dc74609b.jpg,Norway,NO,64.81943,12.977389
a0c28c311bea41db857778ec0d7580bb.jpg,France,FR,47.950927,4.152887
bbcc5141ca8d4949952013bc6cf3dcbe.jpg,Iceland,IS,65.321149,-14.474638
964e4567ed49467880dd19f021ecd233.jpg,Turkey,TR,38.236855,35.095871
c463745c9c154aa8aa6be45112adc7ff.jpg,Germany,DE,49.07215,9.76942
025aebdfbf544dcd8c09491fd660f8a3.jpg,Turkey,TR,38.671617,41.199049
fc709c871897471897a1295017b6a252.jpg,Germany,DE,53.735386,14.123494
730dba8e747c419a929791e043ff289d.jpg,Sweden,SE,68.032885,19.835579
41d1b1dcbb784c6f9148ecb1cf8ee13f.jpg,Germany,DE,54.130028,8.930127
c1317aab70984c76bd592e87d78a11ba.jpg,France,FR,41.892012,9.392696
b0239a6738f94dd791f6820078ed84d5.jpg,Spain,ES,37.286284,-6.994538
56673d86abd3420e9b0349745b7c8541.jpg,Spain,ES,41.807341,-0.708855
1b9b5c2d52a14e1ba57d45d088b4a32e.jpg,Sweden,SE,64.46754,21.088204
b3ecf14e4aba4ea9984709401f25e2e4.jpg,Sweden,SE,66.872859,23.086408
b1389892f6a64429842ff765d77e1677.jpg,Germany,DE,50.920036,7.926111
eb5eded1498241db9ad141c281db74f2.jpg,Turkey,TR,37.309895,29.78325
18b30318cfd7473396634c1f2479c8e7.jpg,Turkey,TR,40.718496,30.434179
28c482f1b0874434ae80f33705658b55.jpg,Sweden,SE,60.34533,18.127956
d0d9f555f35d419e9d5fe6b6756ce7fb.jpg,Belarus,BY,53.644553,31.586142
18aac20d790a484382f21f9a89fcb116.jpg,France,FR,47.909739,4.718497
10009cad8dd444c8869dd3d40db57be1.jpg,Norway,NO,64.080088,11.514431
da93772ff94d4bed83c13ea4d194f783.jpg,Belarus,BY,53.02468,30.565446
5c4c2306941a47f9983c931d9a66cdee.jpg,Turkey,TR,40.575924,34.841295
82694d35bcda47f2a66ba54bc5ede4cb.jpg,Iceland,IS,63.842171,-21.51297
050610f384af478ab6c60a60a75993d9.jpg,France,FR,44.006018,-1.027782
6cee474bac854a3c9b346639e437d3ce.jpg,Spain,ES,43.656914,-5.844533
168036b40cd349549bd027410ade00f6.jpg,Finland,FI,64.745671,29.484226
55067c3bb0004f54a9a4bb4f0c4222f5.jpg,France,FR,47.313446,1.300333
ce085b99a96a464d8158ba3d5c0cb721.jpg,Poland,PL,51.855126,19.405695
7824adaa62ea4d6f87b2f3ff2bce5df7.jpg,United_Kingdom,GB,55.62613,-5.135443
310d56e5c5f34542935d3cd0e61b763a.jpg,Germany,DE,51.794381,11.823231
354b79e6aea445a5a2ec782b03fa3398.jpg,Iceland,IS,63.819032,-22.530084
41037cbc2e1e487a87b64fee6c925353.jpg,Turkey,TR,37.974936,27.391974
b17327b60efa486c9c42df1a043224d1.jpg,Spain,ES,36.752177,-4.119478
f5a8718081cd4b6b9b797ad3fe1d1ef8.jpg,Poland,PL,51.53143,17.850981
eab206c42f554b36b8ba47d04ed37f48.jpg,United_Kingdom,GB,56.334732,-4.720706
5aa61e5cd5ed4ad281ffc0536e31cece.jpg,France,FR,48.549198,-4.704527
a2df3ef4fd274ebf81013f12625417ea.jpg,United_Kingdom,GB,50.61909,-4.491216
3e5e0418bb3a433ea27b34bf768f1a42.jpg,Italy,IT,40.563778,16.399935
437134722aa34b7394ea0e085bdb1e9f.jpg,Germany,DE,52.209898,11.983055
e22b69cc423b419ca4ea3424896a6261.jpg,Germany,DE,50.633125,12.64889
ad727faa85bb464e8145a31b7815956d.jpg,Italy,IT,40.782331,16.426794
54ffa6086649492f86ffe2ecebb33d36.jpg,Spain,ES,36.323847,-5.954856
8fd2fb22db384bdcb1bee464181f9efc.jpg,Turkey,TR,39.523902,31.133649
c73e87a9f6b3457b9d3c19e886bd9ea2.jpg,Germany,DE,49.724888,8.030464
d0f34a91f51541fba71250320eae65cd.jpg,Norway,NO,61.982009,12.979908
68eb6d42b1ea406c9261b2f0a744aaae.jpg,United_Kingdom,GB,50.298839,-4.849344
0ffef3446cad4e67aad6f06c40b8c37b.jpg,Belarus,BY,55.442516,28.658833
30deb653d20e49598630589e75e8337f.jpg,France,FR,47.210922,5.274055
c821f080eca24b31b5315d08510780f6.jpg,Norway,NO,65.212591,13.37817
f4b1c58c82844a3cae2f0b747445bfa3.jpg,Poland,PL,52.408238,21.088938
081a65cc23014d8b877041aa86ef88a2.jpg,Belarus,BY,54.654211,25.991482
20b7071ffc9a42f787c39b898eceeb45.jpg,Belarus,BY,52.691053,24.356228
5b8307de19e548d28562bd45fb314092.jpg,United_Kingdom,GB,55.675223,-2.471782
f48ea79b78574b708ca4a75a9345d46a.jpg,Iceland,IS,64.744438,-23.809086
e2ee48fdad064990a24781341dc573c6.jpg,Spain,ES,41.187775,1.484347
481aee8c22e44169a35e8530da85c156.jpg,Norway,NO,68.122873,13.370794
aa26bd7de1524488a6013263a2d5ff23.jpg,Italy,IT,42.810918,11.801192
499b01c4c5e54b718440706dbe7bd68f.jpg,France,FR,45.679567,-0.897135
31797a29a5a342879a893e3b9243dc13.jpg,France,FR,49.242238,-0.134976
1c436ca621c54ffe83c0183a38b1f8aa.jpg,Finland,FI,61.314102,28.496846
3a0a86814ed64d4d99bffa384a413367.jpg,Spain,ES,42.063605,3.048623
8d70df6ce83e450ca018c5f963406c47.jpg,Sweden,SE,61.765973,17.165021
bbdc92976d7b49ff942e2a42d278ee44.jpg,Finland,FI,61.414292,26.3755
0ac2d4fb01844ec2967bf8f9a55b91ae.jpg,Belarus,BY,51.750612,29.180054
ca0a368b65194080bb8af327f9ff2a0a.jpg,Sweden,SE,57.077371,12.379498
37607e5fbc4140d1b5f2323f203df4ef.jpg,France,FR,48.408696,-4.371644
81f7b007d2244fdf97c70e798b541ac4.jpg,Iceland,IS,65.817323,-17.552908
1d1e06eabf8641fd9ddfe6a251d205e6.jpg,France,FR,44.293643,6.394423
ea8fefad8fff4d17a47cb619dfb0c283.jpg,France,FR,45.875846,0.860005
6f8ded3d59a94a9d8add00e42f3ceca7.jpg,Sweden,SE,67.664305,21.300287
7b0955b267bb449f9bd6cc2eda6f3516.jpg,Sweden,SE,58.555231,11.563833
f65d2c1c3d944288a49da5a4ac2b11b2.jpg,Poland,PL,51.589805,20.070908
cbea6d372f9840539b37834a5341da37.jpg,Germany,DE,53.757152,10.316938
116bd37950a64df3ba4d15fceb88f807.jpg,Iceland,IS,63.984565,-16.874918
ded7d47fd9c84fb798bdc49a1c83e926.jpg,France,FR,43.337603,6.318008
939454fdd325456898fb86b0172cd552.jpg,Italy,IT,42.261523,14.442519
8552339dc1bc4b479f65a0ea73d0632d.jpg,Sweden,SE,65.654167,19.71287
98587d4cb4914d25a82e22694355ee7c.jpg,Finland,FI,64.316096,29.099932
a269b35cd6b045fe92eb7965e189ee7c.jpg,France,FR,41.43118,9.188322
76e815a060584630b98d878a24dc4204.jpg,Spain,ES,42.513018,-5.420392
fa714bd6c19d4da89e1e55fa8634eb69.jpg,United_Kingdom,GB,54.770221,-6.537912
426c16e8d54a49fea89913da96b05f3d.jpg,Sweden,SE,56.168295,14.47139
c713389b3f0b465b86e06d948d73bdb6.jpg,Germany,DE,52.645996,8.786902
ed0deaaa2ac04703997274a716795612.jpg,Sweden,SE,63.98037,20.079203
12d160dde6f547db8b0ce4ae65f8c144.jpg,Finland,FI,63.053611,31.174255
b81778b1d78d4fd3928e7790d1d1132c.jpg,Poland,PL,53.367215,20.7613
37f89b4740e5447f9f94abb8892525b5.jpg,Turkey,TR,40.696665,36.360976
312cc70ae223405e8be6652898fb97c6.jpg,Poland,PL,54.007672,19.974641
41b4f28b51c64131aab8833a4109f1e2.jpg,Finland,FI,61.216867,23.33803
6b7b29ab68934892a75d38913e0fb26a.jpg,United_Kingdom,GB,54.695307,-6.671441
eeb85d489778420abc7a8e1ce86e2673.jpg,Spain,ES,38.929961,-2.941693
29f1f2c725904b30bca272a91285f3c5.jpg,Spain,ES,38.5898,-1.689196
175ebea3c0f94be98c2bf9d1145d8dc6.jpg,Spain,ES,43.623804,-5.80003
d28b77bceb8e4f5a8b6781f8135d9f0f.jpg,Belarus,BY,55.427191,28.585467
5e53189ed13e439188e42a739b35751d.jpg,Spain,ES,37.126415,-4.367489
d8be036b89ea4a188ff5b79391c0139a.jpg,Turkey,TR,37.88537,27.271146
6aafb9e2d2524da889f4ce7e078ad160.jpg,Poland,PL,52.942967,15.38666
ee55b9ebde7245fb84f16ed5077b8dd3.jpg,Turkey,TR,37.533725,36.917944
2a7e298bfa82426e8e8a5259c04664d7.jpg,Iceland,IS,63.852253,-22.431736
04f7d760e8ce4562ae2600cdfc4e78d3.jpg,Norway,NO,61.762604,6.24775
bad3b042b2b747eb979b427439af56a6.jpg,Norway,NO,69.442513,19.237662
9392bf07dc514e6186d3b0223358a54a.jpg,Germany,DE,48.448695,11.522224
cd2f4c4918cf45eeab969880d3954521.jpg,Belarus,BY,55.954649,28.647406
4941b3c402a54622ae22e8a0fa376d65.jpg,Germany,DE,50.158089,6.643577
db8172b7f8944b3c9e9297540458a62e.jpg,Iceland,IS,65.31898,-20.926437
9ee5a3ffcb1446c9b2bd183189beeca7.jpg,Norway,NO,63.230691,9.432156
d2caf518717f436d9731b9840bb9670f.jpg,Poland,PL,53.802028,22.970308
642e3b76c374463bacf6416577f0df61.jpg,Turkey,TR,39.869157,39.264491
5b55d2ba369b410ba39d93d4f37e84bc.jpg,Belarus,BY,53.93057,30.195273
a1a4c9827ec440a48d3677171971e5fb.jpg,Italy,IT,40.66102,8.32831
a0ec52205d624d1d8fa747f4d56b04ed.jpg,Germany,DE,53.483962,11.860258
a293bc868efe4f0dbdd8f0dbd3b82743.jpg,Poland,PL,52.915904,20.531135
747e712c7f79496caf66ba4a5a7acd92.jpg,Turkey,TR,38.512692,34.945881
12bd0d2049c34379b1281fbf49ab8dc7.jpg,Iceland,IS,65.50664,-21.880035
d69e583e26fa465b94fc7c799d5a537f.jpg,Finland,FI,67.579998,24.492555
9d6ade7f35d34ebd86b630b549670392.jpg,United_Kingdom,GB,51.694809,-4.929564
1de6ad5312124fb8bf743b3d25df4f97.jpg,Turkey,TR,36.81889,35.586553
172373a1a122422aaa74c53a75800165.jpg,United_Kingdom,GB,58.513234,-6.255527
397a8c7ec0414f30b92311b4800861a4.jpg,Spain,ES,39.436713,-0.338528
7c5b527464b14fb9ae60654072f3c159.jpg,Germany,DE,52.511421,10.350112
fb24029dbc064c18a69cd7f748057990.jpg,Sweden,SE,65.279578,16.339667
61bc96a0c3d24214883b204f2246ce21.jpg,Turkey,TR,36.507503,33.711889
6a0d93935ca444599f148bafe98a49ab.jpg,Italy,IT,41.028737,8.962423
3379f2e883fc4feeb96054e14d28ba9d.jpg,Norway,NO,70.075534,19.994428
4f92854cfb344e0abf93236ccf20711d.jpg,United_Kingdom,GB,57.550913,-6.14976
8e0fa14629f649938bd5cb407faba699.jpg,Germany,DE,53.620759,9.102894
c0b9d2d017d743d08a134d4c6e8e4b12.jpg,France,FR,45.358459,0.098982
89e696beda1947ac8e81dfad4b679193.jpg,United_Kingdom,GB,50.608049,-4.443934
8f45d65b51a84a709dfcafe666e49952.jpg,Iceland,IS,65.570134,-19.349029
2b36f98118f54b4d9d0b740176d4bcb1.jpg,Poland,PL,52.737514,18.097224
c5e2b8a6b2214219a69182a697cd8d07.jpg,Poland,PL,52.087487,22.298821
a6984d8416ae4d22badf25993319c32a.jpg,Finland,FI,61.389104,23.325375
6f97870138bb48eba47364573aa93c84.jpg,Italy,IT,37.185865,14.147442
d71ebb95b3ed4fe18a869d7581a296cf.jpg,Iceland,IS,65.699249,-14.928253
eb4ebe4195fc40b6bf384d517313d587.jpg,Finland,FI,61.275066,28.648925
131ad35c918b4b2cb5aeab4626e03dea.jpg,Germany,DE,50.590824,6.516806
af0ea7792881483f9e8e3d97ae6855e7.jpg,Norway,NO,69.44177,25.052573
fab9aeb3dd7f467da89cc4987b66fb40.jpg,United_Kingdom,GB,56.068367,-5.462571
b8987f47ad094dff8c0ad60c9668e8e1.jpg,Sweden,SE,64.911822,15.513048
e4c4e482872141a3972f20848c8ac923.jpg,Sweden,SE,64.118617,16.100121
12ba16b7ff4d444a87a149d016458801.jpg,Germany,DE,54.537353,9.897974
4aedd276966d4867be424ca45a2d3b60.jpg,Turkey,TR,41.442866,32.420501
f306bffd702d4700ae0bd24b42bfcb92.jpg,United_Kingdom,GB,50.614167,-4.471658
df592e4494eb4d23b9e8b7d387143599.jpg,Spain,ES,39.5648,2.676283
5250d40ddca548f0b496fbabf58ceb42.jpg,Turkey,TR,40.910299,35.638072
919958095b284427a53ff93933d7a3e0.jpg,Finland,FI,61.564863,22.566757
0d152b008ccb434b97a055708489245c.jpg,Poland,PL,52.232031,17.99012
1443480c85bd49d092dfafbbc4f576f7.jpg,Norway,NO,70.659975,23.671296
00eb7a03b59f42eda54be709e34a31d6.jpg,Norway,NO,68.361888,22.859862
ec6912dfe5924edc8f7f5a13e37afac4.jpg,Turkey,TR,39.446009,32.865233
0b1f45f0de0c4a64856aef2f42e2888a.jpg,Germany,DE,51.139887,14.269294
fa4b3852c8a940e8a540a469bb2da104.jpg,Norway,NO,62.341655,5.868443
51ac622a683749e0ae1e62d35a6cef4e.jpg,France,FR,43.634223,-0.934776
3dccef4404564f6a972ab0873edca83e.jpg,Sweden,SE,59.836135,14.256936
8536e86cbb71438cbb3a6419d8d17e84.jpg,Belarus,BY,51.666827,29.123838
76c1919fa9494635a2cc0f80a9d7b1c6.jpg,Iceland,IS,65.590633,-17.16039
52b5c5e7e7a846588d66b2bd1f87d02c.jpg,Iceland,IS,64.741541,-14.35551
970d368ab6d04e7a914ff814a93f844e.jpg,Spain,ES,41.627697,1.028547
c7070ce4ab65457080a3439a605978b8.jpg,France,FR,49.82919,0.912648
8088a3a2c6c74be3abf072142f241a80.jpg,Norway,NO,70.961083,25.694829
536cf948e16e46bd98834be503794abe.jpg,United_Kingdom,GB,55.360912,-1.826084
2a2684d16bfa4c108a90d4040c764e30.jpg,Iceland,IS,65.561665,-22.186518
51b69da2a64a4417b16844e710777d67.jpg,France,FR,48.045137,-2.900435
7633b8895b4744c2b7bc741d8676758c.jpg,Finland,FI,67.813946,24.794459
b820c00ef5e548fc804b36df0334957f.jpg,France,FR,44.919628,-0.782757
d7073a2504be4655a897f29c3168eeb4.jpg,Finland,FI,66.661498,25.438167
6d2e75b69a4c403ca3ce65f8c919be70.jpg,France,FR,43.828315,6.196318
95b28029738649aab4507ed86d07672d.jpg,France,FR,43.571669,3.980269
4a0d8378f5974233bd0bf4252c80789c.jpg,Belarus,BY,55.842148,28.608072
07413b55ef914bacb6775376621bea7f.jpg,Germany,DE,52.223007,9.038132
172df88a965549baa6b0aba885c3fc98.jpg,France,FR,50.470094,2.977522
712b7c007c16464fa0cce9207e1194d7.jpg,Iceland,IS,65.104617,-14.328541
04f79578dbe3471394e0b5469edd72a8.jpg,Finland,FI,61.680837,27.036604
88f4424f055144a484dd3ef0047d1404.jpg,Spain,ES,43.368403,-4.450061
553cd855e197464589460b15a5f8a590.jpg,Iceland,IS,64.824824,-23.536206
c2ef1316d5c345d489b6751d5177ceb2.jpg,Turkey,TR,40.362512,29.047688
b5ea2af14efd4cc89e04b0a2a2a87f16.jpg,United_Kingdom,GB,53.646299,-0.747264
043a0f459d924d9b85729de4c2feb65a.jpg,Poland,PL,52.366013,16.249205
6d91d98381524b65acea9ddd89c5cbb2.jpg,Belarus,BY,55.609078,28.367715
7e6072eebcf345afb9bffadd467b1a99.jpg,France,FR,49.584025,0.246717
3af9c580bade442ca099d2d16268119c.jpg,Norway,NO,60.083692,9.844815
ddca58db4fac437eb3cdfe759d4cca8c.jpg,United_Kingdom,GB,50.372257,-4.444762
cd4f6daf70c349019aaef921aba918f9.jpg,Sweden,SE,66.672227,20.166162
34c41309da004e53b069cb0f742e1e9d.jpg,Finland,FI,62.553793,22.643517
b5262413d75e407c9ee9651c418cce37.jpg,Germany,DE,53.385144,9.442847
94ea2a64aabf411396d06a63703cd5cc.jpg,Germany,DE,54.348578,8.691335
17ecac0ea05d4495b6a4f01072699fb4.jpg,Belarus,BY,55.933738,28.650292
31ab0aad9004422b892423c1013172de.jpg,Poland,PL,51.151336,15.457783
9c91f0de1d50480d8e7cfb3c7bd9df41.jpg,Poland,PL,50.721512,20.585252
19f749bbcf8545cca8140087208b3431.jpg,France,FR,42.049035,8.752334
cfa9c985cf67467abbc063ce02b74971.jpg,Iceland,IS,66.565896,-18.019027
aa20bf84a79f492598f5f9b283cda3b2.jpg,Germany,DE,48.342902,9.823468
c2068919491c488eb6fa3c301ebb34a8.jpg,Sweden,SE,58.265227,13.553851
0ef78a91f6ff4a1d98f9aa79a631a7e7.jpg,Turkey,TR,40.991257,39.797712
5b6cbe2f5b85417ca15d1e41db7a9788.jpg,United_Kingdom,GB,50.532992,-4.809237
460193902c864f9a84f888ac1cb816e5.jpg,United_Kingdom,GB,55.173078,-4.930934
6013bf3f8c024978b27622f3b29b66be.jpg,Norway,NO,61.753985,6.275076
0f84c2ed1ea54493988fef43fe8bc0d4.jpg,Finland,FI,63.151098,29.765291
117c43c037f144a5b2d6e60981c69447.jpg,Finland,FI,61.5096,21.693632
15053bb906a948d8a1ee6b9d8dbeb130.jpg,Finland,FI,63.220594,28.257878
42c9e43285c448dabcb5d4e00f05368a.jpg,United_Kingdom,GB,57.267736,-3.458337
b1a0892a001e448496598942a1b256cc.jpg,Italy,IT,44.549299,8.41143
640e9aae4d5c4e2aa4364bef0783039b.jpg,United_Kingdom,GB,53.125463,-3.983196
5a1b3bf6b5594dbc90968f23c3fae13c.jpg,Spain,ES,42.501227,-8.779464
9b4d7192e83f4524a219e81cee40ab56.jpg,France,FR,48.445178,6.61971
fad9438989fe4c0db830a3f618ecc352.jpg,Spain,ES,43.071382,-7.643514
922e350a39ae4066b248d24367803308.jpg,Germany,DE,52.906508,10.631579
81b0d6049362479e972f584e48e1c394.jpg,Italy,IT,45.284557,8.19581
2a2497e7d87345d8b36fa8d587caa28a.jpg,France,FR,46.198041,1.223771
2fb873a7096243b3a8ebe89ae11bc447.jpg,Finland,FI,64.778826,28.301374
dbfd5aa6eb474b788dc4254376ad9f5f.jpg,Spain,ES,42.70811,-9.01727
751db20e519a4a73abacbd70c3ccb73d.jpg,France,FR,47.832511,2.842163
4ff89b0525524252a0a9ee236d70b641.jpg,France,FR,43.755638,6.219259
a86a6d93ae4849a680b2e9ccc7190e97.jpg,Italy,IT,45.601697,12.076961
262e533ea96a4830ad070867b8d9788c.jpg,Norway,NO,61.887407,6.664085
6b98f3cd5dfc4b9f88767477de1775e6.jpg,Turkey,TR,39.771982,42.776448
e1ee8e1d2cde43f3b8e99b9fb0e84856.jpg,Germany,DE,52.224396,12.591949
06fd0f32794b416786715a1c32605833.jpg,France,FR,44.420501,4.868979
b8a33e630b7e4fecb645ab5a2fb93cc7.jpg,Finland,FI,67.911444,23.915808
9ac50314b518479c9e1a78ddffaa46ff.jpg,Italy,IT,43.696067,11.406921
ac2719e6eb3f4eabaf13d03cacb6a5f2.jpg,Poland,PL,51.623764,20.768016
7d930ded78284deba94055f3b167ee4d.jpg,France,FR,49.150955,0.770498
20c1681491eb43e18ea1aa2e8318afce.jpg,United_Kingdom,GB,56.906049,-4.967864
e7ee5d7cc3e24a358d78ffbd10c53bfb.jpg,France,FR,48.667676,-4.311517
19291bee9a1d410db0ce2e54f27619e1.jpg,Spain,ES,38.881421,-0.751503
c27ffdf8cd8b40028811f341b20b0af6.jpg,Norway,NO,62.396852,6.202418
c0953c4ee2774a9ab6564044c323a54d.jpg,United_Kingdom,GB,56.49632,-4.158569
e2ade4950c8a4ab487f0cf13e7d95dba.jpg,Spain,ES,36.986576,-5.944767
41568aa735c54c5182b7878fecb3f5e7.jpg,Germany,DE,53.683157,9.21983
d34a3ae3a2af474e87697eccaa2fd8fb.jpg,Poland,PL,52.692555,21.134764
1d705651b25d44f490afc7e7851a21ba.jpg,Norway,NO,58.448024,6.005754
20d6cdbe80ef4a37808eccf72c77fa7d.jpg,Finland,FI,65.501672,27.952634
6b92d6b4c1374bbdb734113ec92d1dd5.jpg,Belarus,BY,54.134407,27.347631
177c83e8ac8046f4a2fc913185d3f3b1.jpg,Turkey,TR,41.770849,33.459849
bcd70a40cbba4727a88010ab274e1103.jpg,Italy,IT,40.005616,8.663488
0b5e72c77d804505ac1a751cb919c9db.jpg,Turkey,TR,39.541529,27.900817
e9d889addc844ed38b121231f4d4eab6.jpg,Norway,NO,69.636672,17.995277
13b5b66390494401929817d5521f4db1.jpg,United_Kingdom,GB,54.90549,-7.421203
efe754d15b6c4cc4afea029730700826.jpg,Italy,IT,40.485919,16.309423
69356f019870427ea841edb3d8bc2efd.jpg,Norway,NO,63.064429,7.499702
532d7d96767547019d44b955c1a905ca.jpg,Belarus,BY,55.674621,28.179766
8dbae3f1c0524b358c15c972c01f2d4a.jpg,Iceland,IS,65.60288,-20.110525
5e32f9e4955a4380bbf24e0ef7270bcb.jpg,Norway,NO,58.259107,7.971425
cacc2db4927a4a8bba8a9ad65484991b.jpg,Turkey,TR,41.111887,30.534268
e61d68cb6b124daa973862eda3298365.jpg,Germany,DE,49.306413,11.120816
c193f5b488004bf894f1bffb516688f4.jpg,Spain,ES,28.713276,-17.749737
ae789be49b93430793afe3f12c79b883.jpg,Belarus,BY,55.91802,28.644719
2069cfe010414505b233ead41a92468e.jpg,Sweden,SE,57.487277,15.025628
f80351ccedb14f0d81c53e2999af7199.jpg,Spain,ES,42.497455,-2.723674
5e590e9f044c43a2b3b47c645e5a1341.jpg,Italy,IT,40.662733,17.496178
e9350548f7494778be1ba46fd8ff6e24.jpg,Germany,DE,47.622436,11.726609
d9c897fb6caa49db8ebfa2e879343028.jpg,Sweden,SE,63.727183,20.087109
400b1f77ceab4c85b5fcbab85c07b24b.jpg,Spain,ES,38.591771,-1.689358
6f62d83a3a664d948201764524beafe5.jpg,Sweden,SE,58.938706,16.607527
70109bbfc52b49dba44652a7be5becef.jpg,France,FR,43.262292,0.504415
2957aa995e034729bf485a82a246d159.jpg,Norway,NO,64.397026,12.334484
32840df2f5d9410a88604e596bc40624.jpg,Belarus,BY,52.992978,27.272908
029c1b07044c4beba4c9a99d3ad87b66.jpg,Turkey,TR,40.929574,40.071086
756f54f678644dc187b81023805ff728.jpg,United_Kingdom,GB,58.086823,-5.233773
16cdb50621cc45e083390bdfadcb0b7f.jpg,United_Kingdom,GB,54.902655,-6.313013
f0d788e624f74c90b873eb9f2a61e2eb.jpg,France,FR,44.955045,4.687367
7826090d1de44516aaa9051bde6ee107.jpg,Spain,ES,41.613388,2.266637
4ed0a0b6ef9a4277ae5bcfa7c817e604.jpg,Germany,DE,54.434914,9.336521
f038a17e43ee4c29a8abb0411d512009.jpg,Spain,ES,40.231349,-5.160796
54029397a3ef4ba3a3a5cab84a77fe1d.jpg,Turkey,TR,36.705779,30.563851
c276ae69cc024d37bcc519421f25e608.jpg,Turkey,TR,39.08802,37.578245
dd2e38ff7e6d4c07b7c7a561f9343ab6.jpg,Germany,DE,52.768868,9.712399
73f516773fc541cc889ab8f93c644911.jpg,Poland,PL,51.587893,22.071876
f5cabc089f1d4977950c694ff2bd37ff.jpg,Belarus,BY,54.473022,30.504516
b277afbd82964010ac43928f67a49165.jpg,Turkey,TR,41.033282,32.078197
f249c3bf570d496db1fca951b1d087aa.jpg,Italy,IT,42.204487,11.735947
586fb2f83a5a4ef98cbdde17aa49c71a.jpg,Turkey,TR,37.84027,27.245945
f1b6763a9e124f4d87d7a5207fec4b19.jpg,Spain,ES,39.467962,2.899158
7dc6d6d4c37547ef9daa432342855c0c.jpg,United_Kingdom,GB,57.223565,-2.633292
c4f18661607743dc8be1ba3e66bc4289.jpg,Poland,PL,49.557724,21.517636
9fcb6798c5b04ba5b17de62279d73aeb.jpg,Turkey,TR,37.832155,40.279438
5c1d57624a034ff296cb279e09cb659f.jpg,Norway,NO,69.631311,18.027557
6eb3da96a0c648429dd408135813d3b7.jpg,Germany,DE,50.8769,10.971264
59e5e8a0bcf94f8d99889c96922f9788.jpg,Norway,NO,64.035376,10.080615
cf97c4d3eaea473a8a679392e6d76d61.jpg,United_Kingdom,GB,51.340338,-0.946894
1dca84ab8c354f2eab3854900eb81524.jpg,Finland,FI,67.545593,27.918662
9e00b875045648acb0506ef97f040a01.jpg,Belarus,BY,52.214232,31.52437
6e858db7e3554f58aaac8c46b95f4ded.jpg,Belarus,BY,54.470087,25.861052
027e9d36a4124de8a1ec481387002527.jpg,Sweden,SE,57.106503,18.320732
d3702e2faeb048d1b4cdcb38842c0f2e.jpg,Finland,FI,62.542048,25.89788
52d21375d2a743d88119e4b7e7378497.jpg,Belarus,BY,53.616386,27.465608
29cb7e85af4c4c40a382c1068faf8a4e.jpg,Poland,PL,52.059005,21.261986
7d3d0090f631435e8faebd26c34f3068.jpg,Iceland,IS,64.326507,-14.937856
5ff641c660bb4d4ba8a44362d5be46bc.jpg,Finland,FI,63.266013,21.177775
f2fc804e4577464d86503714b3d31cb2.jpg,Iceland,IS,63.819151,-22.557148
6038be37658b4718af89737a8eb16970.jpg,Italy,IT,40.554271,16.271436
e93f065f68b844cf9011ef85ca7bc039.jpg,United_Kingdom,GB,53.684229,-2.774966
ee329defdd3f4f6b98e2c1e8f6fa218c.jpg,France,FR,45.475836,-1.147614
ebd38765dbd44aefabd1af177d256ce9.jpg,Finland,FI,63.484984,28.823582
6ea0c7b1b25b481a85dfecbef28df851.jpg,France,FR,43.769083,3.791606
33f2ae42d18d459c8b01049993eb6005.jpg,Iceland,IS,65.640513,-22.537809
a8138af298b6429b9fef53114e2cc460.jpg,Poland,PL,51.591838,17.720545
bd69c888c5284601b34113ce2a72a1b5.jpg,Italy,IT,45.716094,6.949688
ff3e11af7a324d37aea0cd096bf54c37.jpg,Poland,PL,53.657928,21.345181
66f5271f82254553b1ba123698307c70.jpg,Poland,PL,53.604248,16.195481
8ff3b5ffe99d48a78fd91af3afa21650.jpg,France,FR,44.486302,-1.072024
0d2501ae560c4cf59eded9cf0300a11f.jpg,Turkey,TR,37.829231,41.081146
c6c0f256d39b4409bc2b94cb777cc423.jpg,Germany,DE,51.504959,7.957443
1d746a2d34a9414a9f443e27db0ac999.jpg,Germany,DE,52.989853,12.135383
b703b3ab9abd4f4b9ec8a03479f1ea6e.jpg,Italy,IT,44.047583,12.4139
004fb7c4318e43c88e7b8f9fc6c64783.jpg,United_Kingdom,GB,50.095049,-5.559013
d50f1aead7464f9d88d0d72179477bb6.jpg,Spain,ES,40.21861,-0.937353
7b4da6161742429d854eac27c55ae81e.jpg,France,FR,43.811529,-1.370474
061c47e7b5f8422a9eabd8bce82ce7e8.jpg,Finland,FI,65.875342,25.589188
c00719b81bc14ede912adf7fef67c52d.jpg,Sweden,SE,66.942733,23.017967
c1a123644ef8496da20dfb77e5a5ccba.jpg,Turkey,TR,39.201744,37.242913
dd96254a382f42ffbad18fe733478f20.jpg,France,FR,48.062521,7.038664
a550555f4d6e43c1bdef5cddbe0ac21a.jpg,United_Kingdom,GB,52.380967,-0.046549
7394151152e84aaca41ad7b4626f0eb1.jpg,Sweden,SE,65.185325,19.535845
c7c2feb2ecc94c4aa20ff8725521dc07.jpg,Sweden,SE,65.483369,16.92365
cc90d9b456f0499da0767c803723b86e.jpg,Italy,IT,42.689154,12.347071
6cbd327077bc4428bd511059da28a942.jpg,Sweden,SE,63.771135,20.230912
acd936e3599f4f07a09d794a5f31f4f6.jpg,United_Kingdom,GB,56.899627,-5.024047
21e6ff3890184af0b573fc02a6a574d9.jpg,Finland,FI,62.932972,30.300961
05f2b4f174f648eda5b3f15cf41ca437.jpg,Belarus,BY,55.700056,28.212646
71027a91092c422fb57d5aa55348287b.jpg,Germany,DE,53.385422,9.417583
aa284152b6684840868f2351809bf042.jpg,United_Kingdom,GB,54.142859,-0.779586
21ff89d32f2b40b29f8a9a807ffbd1de.jpg,Italy,IT,41.420077,13.199073
7a65e4b4e48d45a7af123a8f90d0a8b8.jpg,Turkey,TR,40.912506,40.137344
fbe9de6aa946421ab9c395e4b1e76f59.jpg,Iceland,IS,65.191485,-14.013813
a357cb29443a4f37bbe90d1abf22d19c.jpg,Spain,ES,40.659997,-3.603688
ed74e88291bc4280a74dc554115f7503.jpg,Belarus,BY,54.037882,28.235038
ef7b1a444ff14e25aca7ea737901478f.jpg,France,FR,42.944043,-0.086693
3b4ff63f86d140b4a9a8625ffdc72d97.jpg,Italy,IT,43.209444,13.776906
927f8ae4881c471d8cca9b7ef64c3fcd.jpg,Italy,IT,37.817778,15.27
8189b9bb40014748becbd56d01e30f37.jpg,Sweden,SE,66.908,23.129171
f6fd570579d04c7e89897179fc5b01be.jpg,Iceland,IS,65.748515,-19.359138
62e288aa0802415491dffac3b14cced2.jpg,Belarus,BY,53.471605,26.705499
8463b172529246c4ba12718d6275c3bd.jpg,United_Kingdom,GB,50.820415,0.301238
4fa42700be7946c68b3551621513a3c4.jpg,France,FR,50.527967,1.584723
7f2e2a7a92ce47c68693b1a2a0ab5b6c.jpg,Sweden,SE,65.740243,17.11867
d2ffa60a0a574eeab068caf61d4bc137.jpg,Belarus,BY,52.169271,23.93522
7e7a9f23ede04e20ad74186d68e88b3e.jpg,United_Kingdom,GB,53.60807,-0.23531
020a0bcad3054bcfb79fe79379332747.jpg,United_Kingdom,GB,52.141722,-1.904786
12513a1961034056a2df9e20982ac577.jpg,Sweden,SE,59.07098,15.866333
fea82439679e464898c4d147bb6062ea.jpg,Iceland,IS,65.724863,-14.871046
2cd808922e1b4c0fa3f4ceaafbe05eeb.jpg,Spain,ES,43.420778,-3.508698
cd309689b2f844ce9ebcf0bb2da83617.jpg,Spain,ES,38.313329,-1.482958
490ca2f59c004b768250607c8ec16222.jpg,Germany,DE,50.134696,9.403593
408194b16195447fb1b0f877cf8c34ea.jpg,Spain,ES,28.397363,-13.87153
c6765193c03b47caa7e9cdcd1fbbed79.jpg,Belarus,BY,55.61922,28.264955
0019a967bdae44d4a7adc69bfcb1f823.jpg,Iceland,IS,63.617922,-18.451649
a06b6b916eec49fabe0769717d7506d4.jpg,Belarus,BY,53.479446,31.09432
ad2ebc30b75d4c8b9ef7745a7916f8d5.jpg,Finland,FI,62.927222,30.290089
71683a6ec66145c8af49057fc9437010.jpg,Iceland,IS,65.765719,-20.2576
cc3b6bf2ee93465a9db39d1a7c3b6eaa.jpg,Finland,FI,62.873426,29.847493
17681221899c40c8a4d5c8cf4db9bdb1.jpg,United_Kingdom,GB,56.810789,-5.077535
1229c52a29c644a4828c6eab8341dc35.jpg,Spain,ES,40.74463,-4.023616
361d7bf480bc4c3d90af171398ca2d27.jpg,France,FR,49.539075,-1.466038
9b10519fffc949f39f5032c35a29af02.jpg,Iceland,IS,63.471752,-19.369252
cd04716cb64e4116966c3bd62743ef70.jpg,Sweden,SE,67.945904,20.046309
07d8124eb0724df0aad37210bfaffdb1.jpg,France,FR,42.108165,8.659787
3aa36c7f66ed42acbbf1c669d02c592c.jpg,Belarus,BY,55.192509,29.072382
49034441adda4f689d8151dab37ac7c6.jpg,Iceland,IS,64.196348,-21.222018
392508401c8042b699fab6a6c7e1c391.jpg,Norway,NO,60.049466,9.86315
176daf1daaf942b0bd476d91426cb4cc.jpg,France,FR,49.1228,-1.503591
8299e0f9cd8b450ab631738410712ca9.jpg,Iceland,IS,65.937757,-14.83553
7946ba4e6ed9452e9be2b6073adf32cb.jpg,Germany,DE,53.037142,13.040981
5c954278a957441899ac4a8d7e92ad8c.jpg,Finland,FI,62.672043,21.571735
b47bfe7743e1453c89bac8d4443c427b.jpg,Norway,NO,69.276446,15.971742
d2cb053986f7445d9cc574e3e30e8d92.jpg,Italy,IT,45.797534,13.049166
dc4ac182db1d4169a1f01c2c902406b3.jpg,Poland,PL,51.968555,20.950895
21301ba5a71c47868de0384efab4f0f6.jpg,Germany,DE,52.972402,13.841704
42b70fce68a84a7cb4ff84324302e97c.jpg,France,FR,45.003431,2.555257
60c5619dbed74a6e947a6e01dea2e198.jpg,Norway,NO,62.337188,5.877566
9b97df214be345c59be5a2f22e77091c.jpg,Italy,IT,37.596236,14.131831
d4972bb32a924505a2ef70d7c300511a.jpg,Finland,FI,60.394315,25.783991
c4e0e1fc4dac478bb65b85f89ee521f8.jpg,United_Kingdom,GB,51.243527,-1.796583
f59268e4436341218b5736ab2f5dc416.jpg,Norway,NO,61.797294,10.22406
6658a7e0a46d4a798c7fa27fa7fd67e1.jpg,Iceland,IS,65.909654,-22.988628
1051b9bbaeb849af9e49402c948932dd.jpg,Norway,NO,58.683881,8.996984
20338f46c9f249e0a5f2a08935b90ede.jpg,Poland,PL,53.026707,18.565428
f9e8cc39d87748e28a62d48936dbc561.jpg,Sweden,SE,61.662931,16.058988
74c5fbb114ea4db1aa63862eb922add6.jpg,Italy,IT,45.268766,12.299719
881d3057717c4e3dbdb84c424d2abb07.jpg,Norway,NO,60.182566,11.413751
d2fd08644cb541adbce83c6b710b1c2e.jpg,Poland,PL,52.84196,21.492498
e57c5807e6084ce0ac15ee24b3b43381.jpg,Turkey,TR,38.554539,28.061923
9bdc6b833a6d4f01842feef02c851253.jpg,Norway,NO,58.612524,5.686175
d437c0fa37ec4ef79d10fb850ba49da3.jpg,France,FR,48.214231,4.882232
1faf99d2485a4546af309fab9d13ae6d.jpg,Germany,DE,49.779177,11.368432
ac4fa88f9a3d469594b03a43f18bb954.jpg,Germany,DE,53.612949,7.85119
1ad2451f7b99422aaa5620b61400813f.jpg,Sweden,SE,56.598384,15.087387
86051aa239b845438bff6e65863a087c.jpg,Norway,NO,62.460991,6.331576
08868c5599be4a5582a2c0bc69e40129.jpg,Italy,IT,40.570273,16.577622
6f61628e3b394b87b0dd18712f521998.jpg,Germany,DE,53.45502,8.344848
4413feee4ae54eadae0308298722134c.jpg,Turkey,TR,38.490793,28.055144
f8463dfc4fb44c5fb16d6dcb7829f95c.jpg,Poland,PL,50.759628,20.4284
d3ea1e1dc6a1486ab4f34fea098daabb.jpg,Spain,ES,41.951466,3.091191
2511cb978dab4a48b132dd71a3175082.jpg,Spain,ES,42.774184,-2.908426
fd227fa9dfc44688b97320dc664c6cd6.jpg,Spain,ES,37.356047,-2.029078
8269bdebf4bf4bcebda1ce8441a9fd05.jpg,France,FR,48.012617,3.848722
ef35ee969f504aac9eb18c4d0190b1ad.jpg,Norway,NO,58.592525,8.862289
3d58b895f9af4e9fb4febc4602bf102a.jpg,Poland,PL,51.547684,22.477425
e6ca54caafe040e0aca8f1e506afaa2c.jpg,Iceland,IS,65.602394,-20.110071
6eb9e0c042e64d50880c7cc218909171.jpg,Turkey,TR,36.923698,31.247381
05fef6dcbaf34d51a15406d68f2e63cf.jpg,Poland,PL,52.666524,21.186827
6a2c5d35a7d84dd9bac5215236d4b1c7.jpg,Poland,PL,50.232401,20.707802
69485f12c5ed4e3983e9aefdec5699fa.jpg,Belarus,BY,53.215572,28.692562
193b36805df748c394f61dfede85a735.jpg,Sweden,SE,59.086278,15.035517
d47c9c823cd34529b53bd60ced128745.jpg,Spain,ES,42.790364,-8.1145
e315bd46d3c5469a8067adf99e00ccc1.jpg,Poland,PL,53.447354,17.202095
9027855d58bf45c49c9351be0bb0bafd.jpg,France,FR,44.492942,5.373397
d28b648a87dd4d4ab29eaf4d67e49529.jpg,Norway,NO,59.110323,6.352322
e3c6d573797d4a6bad64a13b0f617f8e.jpg,Belarus,BY,54.056359,27.54656
5b5766eb05e14bbdac52beb2edda9b45.jpg,Germany,DE,49.927481,11.765194
383433b087624c2db0e71effd285246e.jpg,Germany,DE,47.830898,10.29488
e08a817faddf432680c22bca854d3a48.jpg,Norway,NO,68.66138,15.504038
ec852f5c42d84d81a05225af8ac77627.jpg,Poland,PL,49.511956,22.093264
f872ff9e54c34d96a3cdcd43f0c8848b.jpg,Germany,DE,53.297859,8.354596
50a1d6e17e314fb5a42d434691f261a2.jpg,Belarus,BY,54.144475,28.492804
57875a8f3caa41a38a97368459728172.jpg,Germany,DE,49.042671,10.836405
b22456c81fe747dea97b3933b8b280a0.jpg,Spain,ES,43.633118,-7.600987
416bb5495e91455d8d10a94c20fd6325.jpg,Finland,FI,62.436761,30.030559
c56a536c5c2542f992653d72b3057a1b.jpg,Finland,FI,64.769238,25.548094
acc94a3dbd9d4b309610b0c4168b3f36.jpg,United_Kingdom,GB,51.824071,-2.945212
1c88eb409bd747728f3d5c577e0f3ea0.jpg,Turkey,TR,41.444897,31.81685
1ec590fd16a5476386d0f527e35f3749.jpg,Finland,FI,64.804849,26.009087
d49bae266cc5451c9f7ec72c90fd0bce.jpg,United_Kingdom,GB,54.250208,-2.044291
44685de197d7447ca217bcde7a037c7b.jpg,Sweden,SE,63.429312,14.061881
6f2b46002fc348a98d9626edda13f709.jpg,United_Kingdom,GB,50.338522,-5.097503
b9269bb9436e414d81de312ac480bb5e.jpg,Spain,ES,41.537821,-5.953375
df44420d3f0d427684b50a6bce87081f.jpg,Spain,ES,28.926679,-13.700971
db6b1e5aa8f24c13852cc8a1d1932bae.jpg,Sweden,SE,61.991905,14.578735
7765dd6681d148889c59212ddc374fff.jpg,France,FR,46.438084,1.08089
b38d0f5d23a74373b5d984643a384831.jpg,United_Kingdom,GB,50.661676,-4.646746
91bb8db7faf948a8b12a8b1bdbc35a9b.jpg,Finland,FI,63.020673,23.818745
2aeaa571c10240d193d00e8d78382201.jpg,Italy,IT,40.688265,8.790691
848843471e3e4005ba9a10c064036a70.jpg,Sweden,SE,66.548647,19.757421
8f5654ec1b7442df8dfed6f8ef9656cc.jpg,Spain,ES,40.607515,0.280419
5eab2701f41e4fc1bd8a7ba49beb4751.jpg,United_Kingdom,GB,54.326205,-6.443121
ab81433bede34acd83bb809b45f66166.jpg,France,FR,44.944373,4.726726
697307879c95499ab4ebd4030de74d7f.jpg,Belarus,BY,53.649936,30.045455
0693123b10044a9ca2e74ba32a6abdda.jpg,Germany,DE,52.577898,8.613526
1da95a80c8894af6ae75dae7510c69f5.jpg,France,FR,44.88852,-0.742298
aee1f079d4714af08701d33d2c704eca.jpg,Finland,FI,62.490169,29.942479
2e98b5a3c1b54cb7b2cb0f3af8508004.jpg,Sweden,SE,65.045315,16.986365
ee61c81ee9094e1da11e7df7e855630a.jpg,Germany,DE,47.841381,8.709072
8c789793daec4d23b3bc0722f8017fdc.jpg,Poland,PL,54.214683,16.01653
75384fecfce04c368590f5a2bcfac0ea.jpg,Iceland,IS,66.062749,-19.147115
aee3ce54d15b416e8d1c6aeb39e0094f.jpg,Norway,NO,68.33124,16.7333
a31c16ba158b4b559aab38c333a1e61f.jpg,Finland,FI,61.725151,29.392166
bd1b4c862d5d423bb217527ee2f660fd.jpg,Iceland,IS,65.842997,-17.541373
b913e16f62954e33b80d8af2a61506e1.jpg,Norway,NO,58.338168,6.261703
a605b4648d53413f8fad887f8c04acc5.jpg,Turkey,TR,40.144092,26.378509
521f4317755b4b1e8d58847e9911a214.jpg,Norway,NO,60.433986,5.28481
4d12011b22b54a8aa160e8cc49c0fe58.jpg,France,FR,42.905072,1.429729
3833ac7976ca44dfb707c8d90b1cc518.jpg,Italy,IT,40.673487,15.974114
9129fcb95bf645d29ff8ebfe25461fc0.jpg,Spain,ES,43.112036,-8.146786
9ca34e8e243840948b5a6112953e93fe.jpg,Norway,NO,70.062762,28.949091
21215fa75acd48469e6fae1f7e25c5ed.jpg,Spain,ES,42.549467,-8.864157
8fed25a30cb04fe88109da919703e744.jpg,Spain,ES,37.966222,-4.462283
f4c0a744308249a1bcc861bc0165e497.jpg,Turkey,TR,36.599872,33.78626
29335e3d982e46a195f720c5b7e1805a.jpg,Turkey,TR,36.82829,28.785115
711aee5b71f6475898db2b5ef23af815.jpg,Poland,PL,52.51427,21.678668
b61043876f9e48909c57a480ee7e6c14.jpg,Belarus,BY,53.669267,31.654703
1fc2cb4d5846440aa291c55a14b1d78c.jpg,Belarus,BY,52.351118,27.455812
87646959713644e68b04ed25d73c2a3a.jpg,Finland,FI,63.954574,26.838124
5dc944861ea347d284d9898afc2e1a8b.jpg,Finland,FI,67.698476,26.752308
a0357e6e63344f94859520101cf7ac58.jpg,Sweden,SE,58.899209,12.381447
7805a7b90d3247c9bbacf046f87c3bdd.jpg,Iceland,IS,65.223531,-14.349583
15c20a0a50a14d2680038ac4e56c29cf.jpg,Norway,NO,59.853158,5.349373
607a31109d34409ab2512fcea2115dbb.jpg,Germany,DE,48.695369,10.024443
a4c07eae306140f08db7bc2e3a0c47e2.jpg,Germany,DE,53.689551,7.653415
678d6699602d44cab3f624efdab6716e.jpg,France,FR,46.780895,4.141128
5bea3f26d5dc49a3b09273535a8c3603.jpg,United_Kingdom,GB,57.680219,-4.037137
3c3e2e9d254b4d48b43affe99155a024.jpg,Spain,ES,43.657099,-5.844271
7d0269af77604f7894f1f46c90f9c1ec.jpg,Sweden,SE,62.862276,15.080281
fad4b692f15446a988873773e285d6a1.jpg,Finland,FI,66.231306,25.33308
005658d1ba634559a38d1c7ebdbf7f21.jpg,Turkey,TR,39.125923,30.16177
dcd55fce6fde4c49bea217c77479c5ab.jpg,United_Kingdom,GB,50.343967,-5.106281
fc21b90c3dbf434293f4a43187284cf6.jpg,Belarus,BY,53.07766,30.272276
4a1fbf593551403487a03e909e4ead76.jpg,Norway,NO,68.467435,22.423452
e68afffe7abc49e79a971cd5f32ee9f5.jpg,Italy,IT,46.44734,11.906221
46b76abb3bf74d05944a64058577ec10.jpg,Finland,FI,65.193534,25.450627
ea2618eb8d3f4966b77b1837044d4a6d.jpg,Germany,DE,48.932519,13.770348
ca9018ce48d448f6ade303f26ce599ef.jpg,Italy,IT,46.20776,11.121411
b942cbe13db74b80afb32737066ee622.jpg,Spain,ES,43.064733,-2.715558
452913b228314431a1a817b331793bc0.jpg,France,FR,46.204175,1.202072
6d295b41c0994f51aa77c0fd075ca414.jpg,Germany,DE,52.734003,8.347443
b69786a82560426f9a608280232ccf27.jpg,United_Kingdom,GB,56.676738,-5.24017
41e95c6a6c464c6991ef6df514ff6dd3.jpg,Norway,NO,61.960859,13.008505
813082040c954eb7907cb0543381077f.jpg,Italy,IT,37.83641,15.096152
6486c0c9305c4d66ba88834a24131476.jpg,Turkey,TR,37.059845,30.617627
50ef25b5fa714d0986053be84242e7ef.jpg,France,FR,44.487337,4.674636
88577de2d15c4c408be34ecab5c9af80.jpg,Italy,IT,41.177412,9.278804
62bd49e391ee4fd0a5be597fc752d754.jpg,France,FR,47.304451,2.469252
dc139ba7e8c249488f8e5100baf36315.jpg,Sweden,SE,64.31727,15.727648
f18f5c88b5394ba7962d6455f5ea4c6a.jpg,Turkey,TR,37.088642,34.944621
f96f08b13e42475db2ce9a0c6393b7ad.jpg,Finland,FI,63.133474,29.745083
352bb274fbbe410bb8ac227f06bd1800.jpg,Sweden,SE,59.875023,17.194366
4ea63ab9e4db448d8646e4d91bc65d4e.jpg,Sweden,SE,64.661969,21.167653
42e208faa2e24de294da60f83b82cef4.jpg,Italy,IT,44.741579,10.914752
c76f533b7db94df19ea1f0f8a524f8fe.jpg,Germany,DE,48.256573,9.470052
4cdd0cc88db44f10b83459385d13e5be.jpg,Germany,DE,48.357057,11.597362
a2fea83377bb448d90c93360ac4a24c5.jpg,France,FR,49.840568,3.078557
bcc171fd72634ec58be95c5f06e57aeb.jpg,Iceland,IS,64.362705,-15.33723
4caaf8accba64648b30b5f9c20b119de.jpg,Turkey,TR,40.568817,36.033407
845b9c2359c94ad4b1ace2d4bae72b4c.jpg,Turkey,TR,38.706055,27.029157
511a6e08641445c582cfc3e3dff00c49.jpg,Finland,FI,62.040821,23.663412
b98ba2cb184442d1b6ba1346f1d5e2a2.jpg,France,FR,48.341386,5.406431
46d4a8aec1174c1cab8f6334003d8a9a.jpg,Iceland,IS,65.703013,-14.922327
89e11dc10b34435999f1960d4450f3f6.jpg,Turkey,TR,37.093204,38.102587
6e1b467e3aec410db464d029bdac0548.jpg,Turkey,TR,38.593885,36.429589
3b581c3dceb646b2a59ec971cbcdc098.jpg,Italy,IT,40.668206,16.703925
a940f0833b004a6c8ebebc38c0c10d74.jpg,Germany,DE,51.619344,10.947875
0d37c1fea6804683b8b983bbd9927803.jpg,Belarus,BY,55.103895,29.695055
4670e793d62b4d0e98d9269d51c3c1d4.jpg,Italy,IT,36.773755,14.908386
48e377e7a16547209459eb63d4578900.jpg,Iceland,IS,63.8555,-21.930911
a651efd8ede14851b88726af7b2968a6.jpg,Norway,NO,69.151995,19.050857
11bc88a242d84449bef178c7ba49cbe3.jpg,Poland,PL,52.723981,21.322033
f5fcc0ac8e4c44b085411a5120574a0f.jpg,Turkey,TR,40.950058,27.455203
385cf2346fda417291a62b976ce26dd8.jpg,Turkey,TR,39.567235,39.977494
ffd2bc92599a467190d60593fd746618.jpg,Iceland,IS,65.667823,-14.990326
091b9952f1714d638b537fa2ff6d1153.jpg,Iceland,IS,65.429899,-20.592736
7fcfe6bdbd5644c597d195beb496d540.jpg,Norway,NO,68.419775,18.685813
87d78e9569c5461fb65f68a26c6f2dbf.jpg,Germany,DE,47.618087,9.785285
a25c581affc147128626ef104c3b96ad.jpg,Belarus,BY,54.600417,30.442764
c07ff5de72c2475c8c3e2cc394e82cd9.jpg,Iceland,IS,66.070804,-18.657404
e232ac5b3ade465d8224076e48331df6.jpg,Sweden,SE,61.37987,14.787376
3cdbaff314204977bf2f9602b21844c1.jpg,United_Kingdom,GB,52.945554,-3.642905
ba3a376d6d4742c8af17ecd7310f8a9f.jpg,Finland,FI,61.713536,29.414476
85b84e93f1b64535bba1657a2e1b6214.jpg,United_Kingdom,GB,50.004261,-5.167933
5432c2af3cc34b4dad6652d99368a573.jpg,Italy,IT,43.495739,13.236606
16ef83dfb5304587b79f6266c619c627.jpg,Finland,FI,61.113465,23.177325
dce413dfa19646f6accb507d93b1f22e.jpg,United_Kingdom,GB,56.501132,-6.960155
970f814d7155463b80464e74280c260a.jpg,Italy,IT,37.629457,14.118755
f4b8edd537dd46a1b92c6817eb3f3df7.jpg,Belarus,BY,53.524904,31.236663
b3aa49c83425400b945652af54a354e2.jpg,Italy,IT,41.051774,8.940136
f491216b218f4078ac08900bac0a5420.jpg,Spain,ES,40.550758,0.243943
1651d68450934e74b7b747e18afd3033.jpg,Turkey,TR,41.167641,31.930209
ef1b3f08b9874fc08bba96a581dc11a8.jpg,Iceland,IS,64.144102,-19.694342
594c7941ca764b0d83a4a7911e31dd8e.jpg,Sweden,SE,63.71669,20.069772
b5fbaa7beff5470ea4f0d4977864d065.jpg,Belarus,BY,52.231507,28.878247
e6f24d4ba99d468a829596d3062d5c54.jpg,Finland,FI,62.620464,23.862498
87be1b84ecd34e8ab696d03565835290.jpg,United_Kingdom,GB,51.808049,-2.016484
06abcdebb5ed4beab73acb1cff919863.jpg,United_Kingdom,GB,50.132999,-5.565709
3fdb7e42c3744e0dbc0024374da84ed7.jpg,Turkey,TR,40.442594,36.11413
e98cc9ed63bc4c72a325597e1bb1f33d.jpg,Finland,FI,65.759223,25.293917
af7160ee01764938bf5407f839e0d836.jpg,Iceland,IS,65.123306,-13.804808
1d91cdaaa6c84d59b7ac6ac24a0d5656.jpg,United_Kingdom,GB,57.556558,-5.101145
835c5836a09646d5b4404b727c2e7848.jpg,Germany,DE,48.063777,12.095955
0b76c1c2882d4c79a89dccaecdb24324.jpg,Spain,ES,41.875876,-0.768468
12d2f21e29ca44119b849d04f5918f54.jpg,Finland,FI,63.918834,26.879408
b3cba04300614532a456b277833eff89.jpg,Iceland,IS,64.891122,-21.516893
8f2c60d7a15a412d95b3972d36ef8c90.jpg,Germany,DE,54.834637,9.260121
c89675b3ee114f8e92e298de61e77f0d.jpg,Germany,DE,47.836155,12.336856
18c2d6b8cdac4a0087bcd5dc50312193.jpg,Italy,IT,40.820809,14.061276
8703888589d547838d6734e451a328a2.jpg,Poland,PL,53.824566,15.064171
4ebea882e4f64e70be4211049459051c.jpg,Poland,PL,53.931246,22.399695
6bd1b81e99ca4c03b13dcbb217380a6a.jpg,France,FR,48.356407,5.639006
05de84694a26477b85651132549583d7.jpg,Poland,PL,51.436566,22.366222
8f9bcca199a543ed8e27e444e393f359.jpg,Finland,FI,66.191625,28.611127
97c564a26b8a485f8afa180bdce19416.jpg,Spain,ES,36.874605,-2.586271
1b7bf7f2f59b4f91ad34fce05b25b6dc.jpg,Turkey,TR,36.81714,34.566285
f6bf7a4d83884713bb95e19c8276c947.jpg,Norway,NO,70.21878,24.075255
9b8c821f36e340d7866886d52a51263f.jpg,Belarus,BY,51.657872,29.119244
9e9e4e3d2a934b8c80b8728c2f5881ba.jpg,Italy,IT,38.064483,12.682903
acbddba5b7ae40bca30e81f249340047.jpg,Sweden,SE,57.34134,17.118944
ab40a062ae5f4fb0bad98a94daba3143.jpg,Sweden,SE,59.716039,18.547291
f4fcffc0794f433dbe0e56a47ccc278e.jpg,France,FR,44.099341,4.628578
68247bec11b2469f8e2a5a708e9a0ded.jpg,Poland,PL,53.297828,14.655551
62480647de4749198cb73e134e68f3a5.jpg,Italy,IT,37.704727,15.168297
068510bd864f4ff2b465cb110c24e44e.jpg,Iceland,IS,65.771567,-17.177925
b7e19a6ebe2b4b87bbbffef8978e2c1f.jpg,Spain,ES,29.030033,-13.555363
524bd553247c42ee85dcf7c223569acd.jpg,France,FR,49.263229,1.544308
8c04ddae3b954dbb88eabcaf184134c2.jpg,Italy,IT,39.254742,9.064711
bee4e8b9180849a1968c9f3a67d77497.jpg,Norway,NO,61.943373,13.009515
19a3fa3b711b4dbf8af70fa6d1febfa8.jpg,Finland,FI,62.186274,30.270081
291987d4354e466b9f23248f974a17d7.jpg,United_Kingdom,GB,52.517639,-0.649752
53d11cff7c814b4e8c0e78c0680a42a5.jpg,United_Kingdom,GB,57.685429,-5.643552
1b9b9a08ca9242409a9d8daa64a6ddef.jpg,France,FR,45.218003,4.133522
2938e0d0765f49f89a53a321c3bde31f.jpg,Iceland,IS,65.620858,-19.363502
019ce075192e4fa39c1cc8398f8c8fae.jpg,United_Kingdom,GB,58.040677,-5.24709
665f381ff4274a58b325383bdc2309c3.jpg,Belarus,BY,52.633636,25.503006
8d0abd0e888843398ec9879b8b44cc0a.jpg,Germany,DE,50.315272,8.780011
770214392f4b4762bcb6fa9a4614e2f2.jpg,Sweden,SE,66.353383,19.760689
ac06fffae6b24cd8be3c79714e54a1b2.jpg,Italy,IT,46.69318,11.891429
3db3b91f88794476b7c3e4f4bd88f8c8.jpg,Turkey,TR,39.945716,40.802781
f115289d31df4c36b44cbbcfa4ad663e.jpg,Spain,ES,28.653805,-13.831862
05c49f8abdd745cbad341673486cd0b3.jpg,France,FR,48.341266,-1.720121
e2d7cd532c0048e1a59d05ee74e97f0d.jpg,Finland,FI,66.932351,28.907266
549272161d7a4487bc4545a7882d4e10.jpg,France,FR,47.958474,7.392711
44bcc6eaae1044bfb6d7a48f553e54ba.jpg,Belarus,BY,52.611246,30.853699
c623703cedfc4b2cb1d87325305a90f1.jpg,Turkey,TR,41.53093,27.837857
c799dfcfc0704fbda65f66bc0bbf4757.jpg,Spain,ES,28.991314,-13.59759
d53e4f6b6df0468a967af8212cf74b53.jpg,Spain,ES,39.736992,2.910084
8d14d9d5ec04444294f095decf1a61d0.jpg,Belarus,BY,55.866851,28.605033
674218920d084e0fbf8a666a01e7253f.jpg,Poland,PL,53.736296,22.358612
33e642bf4b434a16aaf1c761ebbe92a4.jpg,Sweden,SE,64.564866,20.899368
7d4046cba4ae4406863ca2ca0dcd83fd.jpg,United_Kingdom,GB,50.18545,-5.578729
c24e3b0a52fd404abcd6dc33336a0977.jpg,Poland,PL,49.857184,19.364878
6c488de154b54ccc8f48bdc6da8126bb.jpg,Norway,NO,58.220259,7.93342
6b0c157af06548578387b161d02c549c.jpg,Finland,FI,64.824329,27.936259
882e2847eee9464899fd6b57780fdf52.jpg,United_Kingdom,GB,54.451617,-5.530446
2cac8ffeaa0746eb9a9469eb3eb90b1c.jpg,Norway,NO,66.784095,15.466107
b71395fbdc1c435990c064d32b2778c6.jpg,Spain,ES,39.562354,3.239057
0ef40bf105c3497cacce52bd2300ef26.jpg,Poland,PL,53.293662,19.363324
385a8dcb0a74488f8ec1980a531334cf.jpg,United_Kingdom,GB,50.133746,-5.307795
e5287725c2834bd292ea8771ade14eeb.jpg,Italy,IT,41.437702,15.607738
f09cf134672e4055abe33dfdca61e42e.jpg,France,FR,46.507103,6.029701
8980299c52e745d690caa071b8fc3f55.jpg,Finland,FI,64.181248,28.88178
c1bcc3c8594e42ea9bfa7de993c9330a.jpg,Norway,NO,63.992221,10.182607
ef7c14a4016748fa9044396a3e3134f9.jpg,Poland,PL,54.701546,18.358303
34261b81ed254991951fe177f398bbb2.jpg,Turkey,TR,39.993389,38.644208
77ea6aa51ce5454ab33c0fcf755cfc8c.jpg,Italy,IT,40.837256,14.572477
db742f8536f540c3bdcd8f22b6910b86.jpg,Spain,ES,38.068431,-0.585952
15a6f89a41fb46a4adc7109ea20459b3.jpg,Norway,NO,58.908369,9.299821
db8d4a555a8c4973906eefe8579392a4.jpg,United_Kingdom,GB,58.574835,-4.767275
8819a23f306f4cba90c625c2e7ee51f3.jpg,Belarus,BY,54.538322,30.18654
dff849d8c25644d0b146cf6e7521a237.jpg,Finland,FI,62.954788,27.771278
e78fbca6f40d405ba715fc6e8ac9a3dc.jpg,Spain,ES,38.097347,-0.721066
db23020cb04e4e2ab708c940c981b4ba.jpg,Germany,DE,53.4031,7.565914
eed85940681b4a5b9302b111c5c26cb7.jpg,Finland,FI,61.702628,23.151498
8e2fe2fc172046f7b7fb20858453a0a9.jpg,Turkey,TR,38.788181,30.524962
3fbd0844d47b45a2b51f57031ffbf2fc.jpg,Norway,NO,59.711911,6.549526
2ec5f6324d3e459b80e197e4b13b586b.jpg,Italy,IT,40.486163,16.302527
e07f3ebdcad84f19b215ef6ea404f706.jpg,Iceland,IS,65.733884,-14.859265
329774374c3847649e5d6efdac341fdb.jpg,Italy,IT,44.236522,9.711035
740e24084a794d308a837b3ca3e34c33.jpg,Spain,ES,36.738374,-4.238682
0dff167782094ca9bb7178784e2ee981.jpg,Norway,NO,58.902943,6.856785
e52d8ede69904094b910065da8928d8e.jpg,Italy,IT,37.270902,14.949212
dcdd0882b36b4ee2821ca7be8cbf13b6.jpg,Sweden,SE,56.369755,13.662614
cb5decc726944d33945fc3eeb71cd9e2.jpg,Turkey,TR,40.868218,30.473355
0f9338e522a94ea4ab4de3636c5f43e0.jpg,Spain,ES,38.87021,-1.778505
11c9d87cb56b4552b99b5e9718e98561.jpg,Poland,PL,53.879468,14.577397
a0830a419b484eca952ae98c67b78f5d.jpg,Poland,PL,54.770229,18.401537
56991f0a519541de84633f4dd0b3533b.jpg,Germany,DE,54.118462,13.107262
e31c4de57f544851b48b376d3eda0a4e.jpg,France,FR,43.142729,0.424442
f75ff49c27ae4b7792f16dfa1ef4f18f.jpg,Turkey,TR,38.732664,34.052067
9607374ea9434cba8e251b38420e5c12.jpg,Sweden,SE,58.347411,11.509414
7a2bd7dbe0954c13a1f88f5ceb6b0777.jpg,Belarus,BY,52.092505,27.799804
28cf282e1d5d46319dd2d50f9fb7ca59.jpg,Italy,IT,36.86963,14.454573
18d5d71c8a024263b1e77a1ef47e524b.jpg,Poland,PL,54.449775,17.316472
7597a8cfc4f64258afc967d124243861.jpg,Sweden,SE,60.222838,13.471974
fe57f1f556cd4d589af8c3a070e87e40.jpg,Germany,DE,50.784476,8.121639
ba0949659017442296ffbe702ee9c7eb.jpg,Turkey,TR,36.647997,29.183829
b6050c41ff1c4a93a9882493830fb541.jpg,Norway,NO,59.482232,11.712211
aa5670d8c98c42eeb65cf5f16a7c7cd3.jpg,Finland,FI,68.370478,27.415897
4c0afa34f1eb428599c00dae7d5fe47d.jpg,Poland,PL,53.70956,17.000648
32f4d8fde8f04b52b377155037b327ec.jpg,Finland,FI,67.73801,24.07949
36e465dbafe74ed983076d9d04763a7a.jpg,Iceland,IS,65.522619,-19.833164
b4b35fbf3c7d496a8f3f38f94a21b5c3.jpg,Sweden,SE,60.694606,17.015753
6e5caeac647441ec9ee17625096324e0.jpg,Norway,NO,59.619452,8.837766
33ad011d39124b2e9b650b84a1dd5b1e.jpg,Finland,FI,67.12356,25.058337
245b67c717e34ed785091738ab850e1c.jpg,United_Kingdom,GB,55.718009,-3.773253
a0136e5425bb42a8bb0fc0c40222c31b.jpg,Italy,IT,43.755134,13.046593
459148b6fa824fcd8d0c6d94f03141bb.jpg,Norway,NO,69.487119,19.251727
a854564dac9e4d00858900406d5492d2.jpg,France,FR,45.689551,-1.021596
96b22f8c1001421a9253576f6b6cbcf3.jpg,Italy,IT,40.778038,16.183277
14e45668207e4eacb9bc5994e213dec8.jpg,Turkey,TR,39.594631,39.867247
1f0e482238804c2bacce0f1f118e39c5.jpg,Germany,DE,50.495732,12.974145
4d0a6c08843d4b3b8f5fa38615a8b285.jpg,Poland,PL,51.585864,20.067955
b549f50a168f4eb3aa8ba6d68e580674.jpg,France,FR,44.993358,2.544055
ee3cf36be4204f799f365bf0ffa025e7.jpg,Spain,ES,40.73446,0.820519
74bb195247a244d8899adbe27e607451.jpg,United_Kingdom,GB,53.14069,-0.765848
b7c3f2771c134a16a8f3f724f45e9b04.jpg,Poland,PL,50.948484,17.287538
3bd7941aa3414198bd26b7ef5d5c128e.jpg,Turkey,TR,38.953184,35.586203
b0cf7dee9e7b4b3a98a0605e0cde47d3.jpg,Iceland,IS,65.574966,-22.970211
54f3fa1c6e59438b9eda7fbf96b679ad.jpg,Norway,NO,58.625675,5.746338
5ca1b209b7954481b9245e3a20d988b0.jpg,Sweden,SE,65.053431,17.090103
1bd33d64f7c14e9f863d22c6ebefbd9f.jpg,Iceland,IS,63.474913,-18.571192
a8df051e717f4dceac334a4a32768964.jpg,Germany,DE,51.942316,10.468874
526c42fa6efb49a5872ec6c95b98f17d.jpg,Spain,ES,36.861208,-2.638043
a55896edfafc40d7842814ccf6310447.jpg,Finland,FI,65.985036,25.061583
0f3241f875b046bdb15dfadd11fc2729.jpg,Belarus,BY,55.157076,27.763945
b4fef3da9a37494596f0e8a0dcf8ccb9.jpg,United_Kingdom,GB,57.541454,-6.601144
633a26949bde43019ee17c71c6b66865.jpg,Spain,ES,38.268901,-6.032707
03941a5d67624d7aa8a32f9a1f7fd670.jpg,France,FR,46.190241,2.080769
99410ad31e8a47dfbb21ee21f5d85ee7.jpg,Spain,ES,39.408563,-0.333925
dee42019f4ac4b3fbde9577d52941580.jpg,Poland,PL,49.777361,22.067226
a419b4fd0ff44063b9704bead7faf6b0.jpg,Germany,DE,51.856473,12.039205
8909110dcfe54048a0e889499b483a5b.jpg,Belarus,BY,53.461111,30.381493
eeed583d81f04ddfb8d3e61d41077dc9.jpg,France,FR,48.21973,-3.990445
5a6e480d5280404c98843bcb6405a945.jpg,Belarus,BY,53.900517,27.997902
e71cd9e988c94079bd799c22229bd627.jpg,France,FR,42.506531,2.651461
e1ec65dde3444629acdb91fae420aae4.jpg,United_Kingdom,GB,50.433565,-4.571904
ff7fb8f24de345b686b45bfb0cd530dc.jpg,Finland,FI,60.61271,24.43194
298f65c91cc7451c83fec1ee86265345.jpg,Turkey,TR,39.551326,43.926909
1c7bd8b432614d6180b53b6da3a747f7.jpg,Iceland,IS,65.40495,-14.648295
1fa397c197bb455da1b4504675b1a64c.jpg,Turkey,TR,36.362004,33.946935
23a4f75a072e4ec287c21f6bdead6969.jpg,Norway,NO,59.631123,9.996629
ae96b33ba99544e7b7e47caf88debced.jpg,Sweden,SE,62.987129,15.149624
21abfbebdb4f4007929e840c02c50fb6.jpg,Finland,FI,65.869549,24.118966
f789616761e74ab99a0e44936d66c503.jpg,Turkey,TR,40.325148,27.058559
429035819ddc4a85ac1a353c4715957a.jpg,Germany,DE,48.442561,7.898542
332c45e6c69b44b2befaf24791e41748.jpg,Germany,DE,52.847888,12.54426
7dad8605721f49d48b887b49e7f0ce7e.jpg,Sweden,SE,59.705361,15.108296
60b8073f2da94814a65e21d1a5f12b36.jpg,Iceland,IS,65.798755,-22.510126
e0f74e96ee524f94a46403a7dd814550.jpg,Italy,IT,40.91812,9.378273
e474730f4ba84d8f9d4b481c9de4a1a0.jpg,Finland,FI,62.950203,25.821468
4309c247133544b1b6bbb2fdd9705247.jpg,Italy,IT,39.040277,8.424858
4c40a21734d54ca6ab74f43db7f39546.jpg,Turkey,TR,38.514323,27.960818
679e6703e6514487921afc4dbdbf992a.jpg,Germany,DE,52.479247,9.679701
a77646971d654fcdb5a204cfe8c65c77.jpg,Norway,NO,68.693948,17.993501
869640907a074e83b5b486d8d351ccf9.jpg,Finland,FI,62.267809,25.682837
70bdde0cbe8e42c2b36e7c750ac274ee.jpg,France,FR,46.809702,-1.337613
b89c0fd10b794f17a8c3eae49f51b761.jpg,Poland,PL,54.116298,22.867048
af523778074f4fbeb25787f0dd910b72.jpg,Iceland,IS,65.900978,-22.353316
c23e6b05dc474cebb4b21294bf7d8bdb.jpg,France,FR,43.758281,-1.394736
66159cd2331e45fcad8ff53330db44c3.jpg,Norway,NO,65.049269,13.306574
3ee5112c10d2461cbc0da44868c3418a.jpg,Germany,DE,53.608195,7.286373
5503dd1f1f7b4fe1abddeeb714450dda.jpg,Sweden,SE,60.814739,13.429015
16bb1630ad3845c79feb34e2979733a8.jpg,Poland,PL,52.59466,21.182191
d48c23d65d2e4e6194486d22612e58ca.jpg,Finland,FI,68.097884,25.459827
b7eb1241bb154abf9086cbb7039ae1dc.jpg,United_Kingdom,GB,55.228838,-2.584845
9d4bf0d13584456cb86afced3d09a8ce.jpg,Poland,PL,54.227283,16.347459
9abe20466a7d47b0ac920dc3170c9fec.jpg,Norway,NO,60.367575,7.507791
e677c92141a944caa15ae927c32daec3.jpg,Belarus,BY,52.971279,29.261425
3f7b50a5a2ac48ee9f5c3448cf75eae5.jpg,France,FR,45.079301,0.061473
5600f6c4a48a44c99bb9ad1a550ff5a5.jpg,Norway,NO,68.248372,17.412452
c1f84afa05d24d8e96f4d0bc2e4281a2.jpg,Finland,FI,61.91961,28.575552
bcdb4dfcf65149588ba4576e174e3abd.jpg,Germany,DE,52.376536,12.855789
c70f5ea0c00747fc88d2e5419d726d87.jpg,Italy,IT,41.567413,14.805446
52cd3b82a4fd48239799720e87619332.jpg,Belarus,BY,54.869129,30.391498
714eee4604e14464b8ba0a8d11a5885b.jpg,Norway,NO,62.544315,6.124137
5123e246fcb64b9d9a1bb6baa2ca2f6e.jpg,Belarus,BY,55.717488,28.585856
8592c1bce92343bb827b6d2e363ae542.jpg,Iceland,IS,66.125696,-18.888237
2fbb7a2d805849f2947ff1fb00336aac.jpg,Spain,ES,28.348655,-16.514013
1d832eaffc814b9f99b80aacb48a0d7f.jpg,Belarus,BY,55.101897,30.262836
97812b37fb654c578d6b2248bd81cb65.jpg,Norway,NO,68.651236,17.690189
cf40eb7d9f524d09b8b04fc85334292f.jpg,Sweden,SE,59.902445,16.751614
90d7863a04a14f4e86a1fe9d2d3ee6ae.jpg,France,FR,45.223192,2.17973
74531b87f0f2424c8e5e39f6b527954a.jpg,Iceland,IS,63.982126,-22.38325
dd8d18d4546741f2963b9ebd1c9c0b6c.jpg,United_Kingdom,GB,54.51044,-3.479725
79f2032ec73b42378dd3fdedebe7ae39.jpg,Italy,IT,43.709133,10.614805
1cff8d2686ce4e379b0107f9861ce10b.jpg,Germany,DE,48.239171,11.856685
613377baec2343639fd21a4d130af806.jpg,Norway,NO,71.102416,25.740126
39a2919946f0482fa52131693dc24178.jpg,Spain,ES,39.572638,3.108003
725c14efca9248c2a923cbd82e96fd37.jpg,Italy,IT,39.558714,8.878968
d72c8599b1854c2da7a4f924b2b7f752.jpg,Sweden,SE,56.096253,15.850349
fb0c85baf3414d3e9081aa4ccfec6bdb.jpg,Belarus,BY,54.215786,26.352915
9c85e205e6784bf2a34c2abaed5a54ef.jpg,United_Kingdom,GB,52.63502,-1.343146
1e1f0068fd2c4d32a46719cd6cad30ce.jpg,Belarus,BY,54.632554,27.931983
ad6b86a23a59416c99ece27962549dd4.jpg,Italy,IT,39.913019,15.784227
038bf801b12c483c8bbe81ccc36020cc.jpg,France,FR,49.514203,3.765998
66264b32cd284064a4cd1273f1757bd3.jpg,Italy,IT,37.924338,12.749419
fdd1a801a0954281ab4323064d35c925.jpg,Italy,IT,40.726547,16.474328
4b71214227b34b8dbfb2b110f770052e.jpg,Iceland,IS,63.949013,-22.427366
b1fb95cbbcf745c5a7197245aaabbd76.jpg,Finland,FI,60.319308,25.270864
c5c87b90000e4225bac418d2174195dc.jpg,Belarus,BY,54.606572,27.904786
6242318c3dfa42c89e3248d5bc8b66c8.jpg,France,FR,43.936445,5.913326
4e8ebd2714694ef3a24ecb6cbaa4e788.jpg,Turkey,TR,38.446744,42.342086
12885d92b8f741298fcd0c39fa3962e3.jpg,United_Kingdom,GB,50.321836,-4.839508
9377a784670247148e52dd187bfbec3d.jpg,Finland,FI,65.569793,28.922892
2583a11356664d1d8e49f88801196636.jpg,Spain,ES,40.609998,-4.115545
e27fb3e17d0a40c492d9ff655b5b73ba.jpg,Belarus,BY,55.394973,28.44172
620316c5cac447028810b532b84d7479.jpg,Spain,ES,28.053033,-14.353589
a6df43a46dc244e6ae00b0c91481c474.jpg,Spain,ES,36.748422,-3.511172
58805ff571404011b9c3cce99a300acd.jpg,Finland,FI,64.193587,28.399941
d5617f6a90a44fec8356d18aa6632f2e.jpg,Turkey,TR,39.950175,33.190235
01a838bfc1014b62bb3669ef272b0678.jpg,Spain,ES,28.928276,-13.652843
68d7118434904f90bf38f4f796e25adc.jpg,Turkey,TR,37.409408,35.782476
08f81d5b8ef944f0a6fd6b0dd85fde4e.jpg,Turkey,TR,36.838576,35.627548
6a806660db6f4fe3917e348ff87933b0.jpg,Spain,ES,28.076307,-14.42836
da5734a548e64e6b90a620b4963172b2.jpg,Italy,IT,45.952691,9.041908
284757a25e164e4dad73520894656dc7.jpg,Belarus,BY,54.266668,26.305497
79fb1d558c1848daae7d8e5e94fe0fb4.jpg,Finland,FI,64.128374,28.104289
dc11c9e70ca0462a974fc1f77b42883b.jpg,Sweden,SE,61.45792,14.875105
7c26f74afe5f475fa885fe18b02a33cc.jpg,Norway,NO,62.485978,6.485301
5e8acdf293014163ac04efb173e88ab3.jpg,Poland,PL,49.872003,22.176226
a160933eca0f4d7aa94a7aa26fbb71d5.jpg,Italy,IT,40.677043,17.463929
4f2e0e875dc948918b4702577badc62a.jpg,Italy,IT,38.481045,16.518357
a4bbae39be364a1dbd43e8ebd8b76976.jpg,Spain,ES,41.420853,-2.358681
07eb572d9b384b6cbe4cee9fe9b1dd00.jpg,Italy,IT,36.815249,15.069422
256cdeabb1d1432a859a014f4307e1d2.jpg,France,FR,49.655832,-1.2545
cdcec128ab9e4d6090dc97684012e2f1.jpg,Germany,DE,48.820933,9.936475
fb13921ff2c449b09fcda3fb172fad57.jpg,Iceland,IS,65.696904,-17.031581
e617830afb4a458cba96f225c6c3369d.jpg,Turkey,TR,39.56763,39.976372
358e44cea1ad402094f9a1bc1bac1a6e.jpg,Finland,FI,62.666242,25.742619
2bc90ac75b234464a14a873ad5fa54d0.jpg,United_Kingdom,GB,52.603935,1.057344
e1f4120116004020acb85e4b4ce3318f.jpg,Italy,IT,45.83152,12.600464
f8fbc23728ee4dc2b9d04a4ab3800d36.jpg,Iceland,IS,64.368309,-15.315474
9610734d71c64634aad24ea6a759c0e9.jpg,Turkey,TR,38.408084,30.227403
ab8c574ab43c4894b529bc2740b03ceb.jpg,Poland,PL,52.389206,20.430847
445f333180fc41c08f03478733b2d0c5.jpg,Germany,DE,50.128365,11.095163
ec295d48222048148131d13cdc64f42b.jpg,Belarus,BY,53.073406,30.526977
f0a2dd23b5734193a20240346750970d.jpg,France,FR,45.003865,2.025047
f70e273eee2746eebca72ef434aeffdd.jpg,Turkey,TR,39.547119,43.949012
f582ad89602c42d3bd7bfecce08c9d1d.jpg,Iceland,IS,64.79304,-14.004019
dff1d9125f4546dcb0a70ece41bea886.jpg,Poland,PL,54.163802,20.232255
1b5dcf7d96e945cfac87ab2142bd3c9f.jpg,Norway,NO,66.31855,13.073391
9f44d68c30ed439e9ce57cf3ecd048c1.jpg,Iceland,IS,65.637273,-14.995831
6c3b3d80bd4341d7952a18a2f2f3c5c3.jpg,United_Kingdom,GB,50.313677,-4.932781
703938a58dab439eaf69e7db9ac06831.jpg,Turkey,TR,38.236333,40.97692
c9cd6759614b4f359aa928c3c77aa427.jpg,Sweden,SE,55.402082,13.605754
f79314bad98b4a1fa23c2d59c4e8d8ba.jpg,Finland,FI,62.891352,25.813222
d6138129569b4df28ac1d88333eebe73.jpg,Turkey,TR,36.707765,33.13097
ec9cc7d7770642fba736f62953186b9b.jpg,Germany,DE,52.589458,7.395857
ebf3681d51c64322935cd18942e70a7b.jpg,Sweden,SE,65.44812,19.405075
f6455abaade1452fbc88fa142c48d02f.jpg,Sweden,SE,63.627392,14.751056
ad1006f6f3bc47cab457bc9e3d84858b.jpg,Turkey,TR,39.536942,31.67007
65234fc0bae8405488a5817d7b25d8a0.jpg,Turkey,TR,36.215915,33.532584
2b95e67e3af44d9aae22494c177cc883.jpg,Italy,IT,40.75062,17.646696
563c8d6a1dc94a4f8988aec1d6e9ce35.jpg,Iceland,IS,63.843724,-22.409829
395e02953e844e9eaab2bfdb2e49dc92.jpg,Sweden,SE,62.200191,17.495495
384b2e5145aa498690ce377fa13f348c.jpg,Finland,FI,66.664456,25.45503
36c1ae5b4fdc42cb9755245a53393ee5.jpg,Germany,DE,48.019862,12.734615
43b7fa22bfd244238bc454229de33051.jpg,Belarus,BY,53.681016,30.050874
97cb844a6b2e461bb3692973d0596384.jpg,Sweden,SE,66.057486,17.76844
6c2ba431b9b14fb2a2d4138dd2a411b6.jpg,Spain,ES,43.332439,-4.691646
8d35b816763b426096fa0bb12d58acec.jpg,France,FR,43.754902,3.465007
4cd85665cf3b40cf95c6aca77d092095.jpg,France,FR,49.116224,-0.508314
f0ec0ea39bd64d728dfbb93242949893.jpg,France,FR,49.522354,-1.784818
39cdc7ffa3584c5fb13a2be15ceb1e90.jpg,France,FR,47.534837,1.307801
f3803cce03464517b7c2c6534e549bf4.jpg,France,FR,48.524769,6.227074
5902af5a09364093848070b4d4f26b33.jpg,Belarus,BY,52.212889,27.864871
0ff486f5c76c4ae0abd47f8992983fd1.jpg,Finland,FI,61.420121,22.915087
c918f61d7a694d85b5992d16291187cf.jpg,Spain,ES,41.734647,-3.858999
63368c5d15c9461391387dbd0a2f1d41.jpg,Belarus,BY,53.043558,30.550454
4f516fa2690e43ceb15e0815ccd0395d.jpg,Finland,FI,61.276248,23.472137
ae716c57a290455a858a2e9f41fe6973.jpg,Belarus,BY,54.649332,26.91281
c1a85e0f5d4743d3b503b307f92ea04c.jpg,Poland,PL,50.62943,16.827918
650558955ea24207bad79712ab77a57a.jpg,Norway,NO,68.440496,16.006595
dd28d87a03084421bc2662597be58ddd.jpg,Iceland,IS,65.718157,-19.375574
2744fa0138024df9b0af43458abe1881.jpg,Sweden,SE,63.819623,13.10823
fb91efbd30884016ac45c95ed357b23e.jpg,Spain,ES,37.636477,-0.904824
1e05018096f64f4d8a121176569b1f4e.jpg,Finland,FI,63.189667,30.520425
2ab4d5a40dab4c34863df762e99782a0.jpg,Finland,FI,64.748403,28.330205
5a17c7bb89f14878ad47e5c14da12d12.jpg,Turkey,TR,38.641537,27.442074
e26aaae54da0488b89d3e32a433a0218.jpg,Turkey,TR,41.520366,31.922006
fad7a4d8f0db4aecb4a9c13f6e60a48b.jpg,Sweden,SE,66.471514,19.692954
7d11a45cbe4642619cbc256ab9c98a64.jpg,Finland,FI,60.059376,24.265561
fe9e63942a3f48a191e28f11aea5adc8.jpg,Turkey,TR,37.354932,41.349491
ed8f010463b24b1daf17590a4156b530.jpg,Poland,PL,54.199624,17.384906
1cf621d229cd4ebf90b6d1aa1e82ef82.jpg,France,FR,47.977211,-1.203199
4f34918abe6f4fbc8c5ffe6ef309011d.jpg,Turkey,TR,40.667486,26.963609
c8d6393e4da34945be538fb977902b45.jpg,Iceland,IS,66.059878,-19.137073
709c66922fba48f19d4499e77abff974.jpg,Poland,PL,52.740526,20.298494
e6582a1002464449a418cb63c0356161.jpg,Italy,IT,40.702331,13.917072
efe64392b1d3421ebe4a33fab24cb5f8.jpg,Iceland,IS,65.017134,-21.997924
c57c35d067f648789e6a6e375612db63.jpg,Turkey,TR,39.55974,44.064522
0376b35448a249bdb4ad4b20b3af32ff.jpg,Germany,DE,53.806674,10.4825
87be0b1c49c7474089b2e332bf1da87b.jpg,Poland,PL,50.226132,19.729764
266efd3931274dd5b322fb3613ed6f28.jpg,United_Kingdom,GB,55.310863,-1.948639
a8d39dc8371546be9340d79e88347b47.jpg,Germany,DE,49.643446,6.745526
018268d2fd8a4bafbbbe32f8a8303ced.jpg,Norway,NO,64.950148,13.183342
7bdf7280e6e54c20a8c01b81d5b8b102.jpg,Belarus,BY,55.114673,30.31978
c1bbd078b95647c3a8626edbab4d3424.jpg,Spain,ES,37.521548,-5.162227
44e09a764e0047d0987b78267ee0572b.jpg,Sweden,SE,63.720373,16.159448
9426411cb22a48bb880808e313a6c075.jpg,Sweden,SE,60.928301,16.355499
4cb45c988b3b4bdd9c3dcd4c9423c4d6.jpg,United_Kingdom,GB,53.853535,-0.415425
c30a4950b3e54d22a323ff87874bb824.jpg,Finland,FI,66.138562,28.489213
7dd13a1f978d40d3a87a4e43fa5a034a.jpg,Spain,ES,41.058264,-6.453487
e81c2a6164d5499bb0640083b0ae0327.jpg,Italy,IT,44.864462,11.696724
319ebb40c531447d9444e83384686f0f.jpg,Italy,IT,44.411731,7.223532
c416a8c8f1e9443fb4d0d431fcafca3d.jpg,Germany,DE,51.713763,6.380922
9bd78cda74d14cdf8b248fb21b7b8b03.jpg,Finland,FI,68.499001,27.478275
d43ea22fe8a246e9b5ccc38435925bba.jpg,Finland,FI,63.878251,25.809625
23d8bf2490324c63a822872b53083e7b.jpg,Turkey,TR,39.01191,36.078934
97896d2991344c66bbdd4227fca2d052.jpg,Poland,PL,51.959381,20.573478
47fb85a3973f4324b9430359171b8bae.jpg,Finland,FI,64.921002,27.613078
67c8af6f03ea47eca4a826fc91733683.jpg,Iceland,IS,63.644176,-18.420903
47c636b90903435ebdc2b06fd330d419.jpg,Iceland,IS,66.020685,-23.378411
d7283b877a8445a493b47aff0ff9b736.jpg,Spain,ES,41.596439,-2.519617
6834b94943af4a179c2f7d9ad1145b36.jpg,Spain,ES,42.075879,-1.640609
e8b91ed79d594a0fb7d8dbe04dd044d4.jpg,Iceland,IS,64.532197,-14.555784
601516ab371c4f598bcbf81d187efbbd.jpg,Germany,DE,51.941015,12.405843
379490ce4040410fac7826ce0f5fa742.jpg,Germany,DE,51.759107,11.671638
1788a45bd21340a8b22d253cc1c9630e.jpg,Norway,NO,63.101936,9.475171
7ac405080ee74015beadfc23398dbc9a.jpg,Norway,NO,67.260253,15.43316
572d922c07f546bcab3f6903752c930c.jpg,France,FR,41.587986,9.304393
2e24356a11ce421fbd34702f70ba6b38.jpg,France,FR,43.942412,5.913589
7bbb166f6ca24e8db9a56394b5f3b290.jpg,Poland,PL,51.351261,22.736211
8b0560f1d9474a81b6c14c4a5b4e7fce.jpg,Poland,PL,53.123049,19.517809
a8303ee8513d4d618b080759fca2dbe6.jpg,Sweden,SE,64.147495,15.245379
20057d73e02f43d8a69d8c5189ffcb04.jpg,Italy,IT,37.967198,13.770073
1e29784c2af042e48a65fd7ec74b9566.jpg,Italy,IT,37.804739,15.132168
1a9c477be12a4d11b979aad489089499.jpg,Norway,NO,60.082473,9.846815
5032e723b1ae44e7aeea10c615f9f840.jpg,Italy,IT,40.21993,9.01629
8f4c9eb6d731463985d2079f0d456f38.jpg,Belarus,BY,53.605371,25.764625
9e48e1fbc4244ad4b48787dd4e12ea25.jpg,Finland,FI,65.777073,29.218866
85518587d47445ac980b5d0fca8b5208.jpg,Belarus,BY,55.298547,28.780012
a6b55e0317a54f869afb13287fccb512.jpg,Sweden,SE,57.416652,18.355601
bee5f772fa7648bb9be06aa41cb6785d.jpg,Germany,DE,49.498944,9.088281
46576bba1efc41e8809a40417cdc3382.jpg,Italy,IT,40.58037,16.577038
a7c586007e1148a19da6d801e907d02e.jpg,Iceland,IS,64.290192,-15.088645
6fae3da18149483598450bcc2d800342.jpg,Germany,DE,51.752153,6.239854
f412c383fda146f88dae842e97b8d91f.jpg,Iceland,IS,65.868055,-14.82009
faa097b06bda425a94038b2373235919.jpg,Sweden,SE,63.7373,16.429167
b9fb41ab067d4e5ca789902872d63eee.jpg,Turkey,TR,39.21845,31.347428
3f56cd6dd0644dc6bed302e32c987aaf.jpg,Italy,IT,40.556778,9.676255
bbaba6e1a2a54d668d20323e5de5769e.jpg,Turkey,TR,39.562467,44.063764
0069ba77e4454caca74a367303668dd2.jpg,Italy,IT,42.779707,11.124759
fc0f19e55922436eb6fd1f4580944536.jpg,Norway,NO,58.683971,5.593687
5f5d72a1773e425085062ddd5c5d883e.jpg,Belarus,BY,53.024953,25.699509
1de03af923114ab088ef230d7508e028.jpg,Germany,DE,50.59965,11.500986
7109df9423c14bcaa34ba83978e0ab24.jpg,Turkey,TR,37.867859,32.49473
b5e1a219e14f40919560c0546f2edfe3.jpg,Finland,FI,61.337578,21.843519
44caa0e234db47b5adeac1a17f83f6c3.jpg,Spain,ES,28.055729,-14.354486
e8b1719945d644858968aa96b8079d7c.jpg,Spain,ES,36.328017,-5.928258
9b0c3014fd5e450a9b7ddf442492681d.jpg,France,FR,45.374621,-1.08086
a53dcf6b40984150a09a3c2fe2469123.jpg,Iceland,IS,65.0365,-22.753404
00d64b744239408da717b32664e07284.jpg,Iceland,IS,65.222486,-14.349844
484d085b286049a78f99b1e6eeb47047.jpg,France,FR,44.170353,3.694881
c92cbb469b7344369d7acda8fb9271ed.jpg,Spain,ES,41.172185,0.928257
81fa2271980444109f746b338e784191.jpg,United_Kingdom,GB,50.67952,-4.708743
631753e614d347e697de2a5b4cdb610d.jpg,United_Kingdom,GB,56.724715,-2.55703
815704175b484612b129c53ecdef29a5.jpg,Iceland,IS,65.726408,-23.756688
27f7595eb98e49189361480a341e5030.jpg,United_Kingdom,GB,58.532714,-4.286441
14b44d59c2a64e988e8c9488fcdafd31.jpg,Spain,ES,38.021713,-4.168902
ea752dbcae55473881138316082bc56c.jpg,Turkey,TR,38.37167,42.742184
77c57c58a657484e93fb004d944d715a.jpg,Belarus,BY,55.34547,29.332742
abc0fb23eccb4cf0abe71d37de1569e3.jpg,Spain,ES,39.747495,3.165364
f2f313d9002f41ee9bc64dcb0be0be49.jpg,Turkey,TR,36.226584,36.132054
6b1eea489ed6438c87cfa811c05f5188.jpg,Spain,ES,41.080506,-1.04089
e9591b5cc9d046e2bac48359fa6de31a.jpg,Spain,ES,43.018288,-8.835299
034a22002d0d414e9147a873a065d059.jpg,Poland,PL,51.29785,22.142687
c2cf658cd61444058dca4516d24a85ea.jpg,Spain,ES,42.424623,-0.795263
49a0a8dafa394d3a929c7911c04a16ba.jpg,Germany,DE,49.997644,12.392598
2830c8285ae84b1aaf6d15ea26794ab4.jpg,United_Kingdom,GB,58.631813,-3.228085
9e41b0d5eb6d42e4abbcfd16da19d3b5.jpg,Turkey,TR,40.242425,37.956072
c6f330e4316041358550d690d37671d0.jpg,Poland,PL,53.651157,21.508732
a6dba9d930d6472b890030f738cde815.jpg,Italy,IT,37.856413,14.921862
675b799b2151428c8d594ff232860e0c.jpg,France,FR,46.750883,-1.658808
477a27cef95f4125bc7e344a133beb98.jpg,Turkey,TR,40.544976,43.201066
d2b514e63e494d468ef6f800d635976b.jpg,Finland,FI,65.261506,27.538558
9a9266b03d3240e2b67593c78cecccdb.jpg,Finland,FI,61.197643,25.232576
0edfdadbbeea48b6ab4cb7ca42f2dc1b.jpg,Sweden,SE,58.994291,16.608067
c31d6f9393914f9288d5823382700f09.jpg,Finland,FI,64.558399,25.681527
1e51c0651be5414d81c678d6ba1a5f70.jpg,Poland,PL,52.670344,16.90103
3574c10589f84e1e93739f8af3fa0708.jpg,Italy,IT,40.90256,16.428411
01f9471bda184521a7d9d773c2c0f74f.jpg,Spain,ES,38.533243,-3.493837
539235ce649e4bcb8a1161d755f9438c.jpg,Finland,FI,65.487875,28.79542
8b79e3ef970e4a35a485bf1de1d08f98.jpg,Turkey,TR,39.142017,37.508772
303b668ac0ef4608a4d2c655317fbfe4.jpg,Germany,DE,48.020281,8.080641
a5462ec4b9df46ca87f4769c591216b7.jpg,Norway,NO,68.342967,19.086247
d24958c549e94bcf8ed00d917f739e6f.jpg,Sweden,SE,60.225298,15.078272
80758a98b3224ff98632d82e41ee8f3b.jpg,Sweden,SE,66.234347,21.400949
13e954455ec84769976cc1c522bfdc24.jpg,Norway,NO,58.785985,9.04434
97e943108a46447691335b790c3fe694.jpg,Iceland,IS,65.731707,-19.641975
7331c85918e347ddb4bbbb5403150f83.jpg,Germany,DE,49.618034,9.620983
59dba2f3c7cc49e08ebcb5167349993c.jpg,Belarus,BY,51.644104,29.102623
db4e4618328d4c4da3f6cc5ea41aad73.jpg,Spain,ES,40.811192,-4.611317
3d5a374f842149f99ec74f33873a4a3d.jpg,Germany,DE,52.732333,12.287436
7243886f5b6d4710bf7b834544e56279.jpg,Iceland,IS,64.716348,-14.324656
3d0759ee5d8e406ea796f723c25ca356.jpg,Spain,ES,42.725483,0.960231
70ae61278ab94ea4b8bb55e7a415982b.jpg,Germany,DE,53.115671,11.074495
ee3298b4d6f540dfb8426237876348fb.jpg,Iceland,IS,65.0262,-14.256776
acbd209369aa42769e5471b3659e8dbf.jpg,France,FR,44.350657,5.046733
16d7f13dff7842a2aa30932ea49bd705.jpg,Norway,NO,71.115155,25.700046
65165ff9d48643a3b3b670b8e8aa9c67.jpg,Sweden,SE,62.216222,17.470384
4e6b188301e548eda7cfabfc952bed4b.jpg,Italy,IT,46.158649,13.33613
816f37f14a19454bbe4d5fc204d6dea5.jpg,Norway,NO,67.651837,12.595054
d52c8821ae4443ad832bda690d012758.jpg,Sweden,SE,62.915515,18.00268
7639066895734cc38cd50264ee1a1f1c.jpg,France,FR,43.422411,4.995993
3f6fd0f151e945a88aad8cbe93353dcb.jpg,Iceland,IS,63.918342,-16.510427
02f49a8f8a614cc1a870d1d9003ec954.jpg,Turkey,TR,39.524323,44.238627
756f898838884702bc74aa81c66525aa.jpg,Italy,IT,42.543579,12.259043
6e9c4b333d49483194e63759019b689e.jpg,Spain,ES,39.625231,2.648001
8bed58255c7341e88cba667e1e6eb775.jpg,Iceland,IS,65.990386,-17.379438
fd19b6ab15f74b6cba75b48fea82250a.jpg,Germany,DE,53.14762,7.780379
2c230395102640d3ad7fcfb616a71c89.jpg,United_Kingdom,GB,58.556016,-3.087444
41b01714577a416d8cc4f2cf3036a888.jpg,Sweden,SE,57.612762,18.557269
ee5629b7a4734230bcfcaa5fcc9fc389.jpg,United_Kingdom,GB,56.324567,-6.362092
cd373f67591f449d83401b393e7bf3f1.jpg,Italy,IT,40.598532,9.694532
08752f31443243b488cae954648c974f.jpg,Germany,DE,51.713992,6.388821
356230f216aa4f65a207d97676238e3a.jpg,Sweden,SE,57.251732,17.013225
ae42d17b569549ecba4196bb0f1bed76.jpg,Poland,PL,51.921287,19.385935
007111be52084672b8eed21fa7298449.jpg,Poland,PL,50.379338,19.758415
f7691ecef47c40238e7ec878ac3b5eaa.jpg,Spain,ES,41.623925,-3.05308
616969d3267b4bd3ad4e369b7124dbfc.jpg,Spain,ES,28.556135,-17.868935
ba658a10334247438e4ec001e44b0f72.jpg,Belarus,BY,54.025989,27.952648
92276749810244359ba783f5839dc6cf.jpg,Turkey,TR,40.956067,40.032044
dfe0f169ae994eef840d9526d9e7df81.jpg,United_Kingdom,GB,52.01146,-4.880304
58bcb7848c31423fa5e21810344250f9.jpg,United_Kingdom,GB,53.650886,-1.736441
04e8af0635b646f587744c71513794be.jpg,Italy,IT,43.013803,11.910282
9d2da6e285284f028f1f5d7eecb2a66f.jpg,France,FR,50.765739,2.758175
5c9ba3dd23bd4684b4e49dec0665a2cf.jpg,United_Kingdom,GB,50.422755,-4.665018
cc88ff2c6d0145d1b2dd7a7f8c5c2b4a.jpg,United_Kingdom,GB,50.226573,-3.710687
5f9739e15d0c4713844e92108bb5a7de.jpg,Norway,NO,70.162509,28.571518
e4c829e6319d40deafd9855e33da7d68.jpg,Turkey,TR,40.989417,35.711736
4ba41ff7c9594e74a908929e1c195575.jpg,Belarus,BY,53.973585,30.466683
ec22902aa00345d28cf0cd62133dfad4.jpg,Spain,ES,43.390259,-4.375276
6a21667f3a1f4f5ab1ebfbb7d161eae7.jpg,United_Kingdom,GB,57.12932,-3.936096
376dce1f90994717aa0ae1516ffcc784.jpg,Turkey,TR,40.727107,35.78075
67da3cf6b9af44ee999b15214cd4329f.jpg,Poland,PL,51.488531,22.078139
37c03c416c774c8f8d2a6c4110033686.jpg,Sweden,SE,57.057636,12.499418
b70c6ea2992e4c1fa4d338162268046d.jpg,Poland,PL,54.447917,17.321039
4b3300fc8f264dc882f088c97ee999be.jpg,Sweden,SE,62.106702,13.385703
d95a26fcb200473d8c62cf8e53a000a6.jpg,Germany,DE,51.71786,9.846006
3c6fd1e5d5844233a5d86f562fd3d00d.jpg,Turkey,TR,38.350516,27.149765
7bfa3892e10b4159a9b5ab66bd48ca73.jpg,Poland,PL,52.481525,21.639197
42f3b1ba3a694395ae2a5a24e9f079df.jpg,Iceland,IS,63.951738,-16.843062
974f5c1150db4dc09c7a681fd3d49e76.jpg,United_Kingdom,GB,58.548991,-4.68135
e8edcc8b23f44c39bfc4f25dd84e0996.jpg,United_Kingdom,GB,56.883079,-5.049903
65c8055c74ca4de1b37629d0bf9268a6.jpg,Norway,NO,62.02595,12.972693
db326f49b1df49a5bcca6ee2659e9549.jpg,Germany,DE,50.619016,12.641705
9aa0513fef5e4e5ba187aaf74e3c5c48.jpg,Finland,FI,63.191106,30.518393
7d361abeb07c4c85b55751e9a56ace74.jpg,France,FR,50.284515,3.662148
c3bc827247eb41d3809152baaf7ed6a9.jpg,Belarus,BY,55.670459,28.194004
5c136dda59ba45cca6153e2ae0124be3.jpg,Sweden,SE,68.229998,19.663377
8d53bb2f84bd4af584f34742762b4578.jpg,Poland,PL,53.351449,19.228265
cf4ae5a256e44bb38e7a3aea4156dccf.jpg,Norway,NO,59.94705,6.584035
cc7c23aabe1d4a928fd611621d03d082.jpg,Norway,NO,68.560191,16.438189
24562c482eb64392945abb31db5ec7ee.jpg,Turkey,TR,36.831832,34.493747
e741b5bae67c46cd9f24cf82ac724010.jpg,Sweden,SE,59.089122,17.928387
0b63ca52fb5f4527b6636c1eb2d57833.jpg,United_Kingdom,GB,52.330688,1.340647
dcdf46e17b3e4a48a960e3763f212a8e.jpg,Italy,IT,43.910386,7.764451
60638e55d5a84d7199ec4c9058829557.jpg,Germany,DE,53.488028,8.482683
24de907b02074f2487f182107cf43fd7.jpg,Finland,FI,64.259673,29.564288
cab8d25400fb4fce91441f53d46b6cba.jpg,Germany,DE,53.369152,7.330128
35bbac8107de4ed0ba57229880cf9a71.jpg,France,FR,49.099791,0.738573
7a19f501deaf434e9ca139167c0609a6.jpg,Belarus,BY,55.774632,28.603931
53ac9f35d368487ab2eeedf560ee59f8.jpg,Sweden,SE,58.070875,12.842856
fd537341e1df43cfa1794a2d0cc3e557.jpg,Finland,FI,66.602971,28.973661
62783c0c6ea941eabc98f33911a8a614.jpg,Turkey,TR,39.037385,35.732582
15656ecaa26c44fba6fd9ac590dc2d70.jpg,Belarus,BY,54.365033,29.165801
9095e99b98514904b834fffd2f58d012.jpg,Italy,IT,40.731563,8.816723
db712da765e54188a8ca072c2189959d.jpg,Poland,PL,53.297792,22.454951
4c64a17894694222bd328d5652b44b46.jpg,Turkey,TR,39.791325,34.196772
25bb63b894704501b335ccd87b393feb.jpg,United_Kingdom,GB,55.227553,-6.438043
c3957269d1ec49ba8becd42904758250.jpg,United_Kingdom,GB,55.791351,-3.292422
13b9714998bd4002aeba81dfc96f67e5.jpg,Poland,PL,53.993526,17.961104
8614ddb9ae4145f682e431bf6e32e4ef.jpg,Germany,DE,53.030128,12.617425
404525a6746244a58bb5a10166a5325c.jpg,France,FR,48.043558,-4.467635
7f82b6e1c6b544bb908edbdc193d171c.jpg,Belarus,BY,52.928469,30.028694
2286fd6259ab41d3b64e143daefc661d.jpg,Sweden,SE,65.461734,16.795965
54f714c7bbc245debbab2880e84a240d.jpg,Norway,NO,58.492778,5.9095
d685d2635b7a40f2b6b5e5db13c19568.jpg,Finland,FI,66.468158,29.000913
35378896d9de45239801d1767bfec244.jpg,Finland,FI,65.831182,25.321981
af9ed71ef4504babbbae58e1b3f7b88e.jpg,Turkey,TR,40.245439,38.973363
6b5550e8a6e443f7abbb4069e373142b.jpg,France,FR,45.602265,2.727763
ab815c1fe5bd4aa087122258c4560cdb.jpg,Finland,FI,68.50969,27.513921
33d57a7a9c414dc687780f87b58e2ac1.jpg,Germany,DE,51.796118,13.755521
cbcfcaef15e249369515e0b272e691e9.jpg,Germany,DE,53.291893,9.237803
cd559004fc5f43f38cde2bfde1018df5.jpg,Sweden,SE,56.849456,16.641989
022f1af55c6443ac9bd4462ec77c28c5.jpg,Norway,NO,65.832434,14.891018
511513099a5345f5983a8d7622e3b4af.jpg,United_Kingdom,GB,56.517059,-3.763898
1e806095c728496596d8f2619344b1e9.jpg,United_Kingdom,GB,50.127402,-5.308162
8741fb202a2f4296891629fc6d0b54e3.jpg,Iceland,IS,65.377849,-14.530702
521af041d9ee43808604bec39a11560e.jpg,France,FR,44.554741,1.100156
ac93b0ca8e1f4518bf5ab67c55dd72d8.jpg,Poland,PL,53.436462,19.843187
d9c5bb43824a40e983a956298fb28d40.jpg,Belarus,BY,52.636229,30.84029
172e317dbae44fe286f51337894a76e4.jpg,Germany,DE,52.044924,11.878366
367b57ff3a8240c2ba513919564c2b2f.jpg,Turkey,TR,39.008833,34.753717
65fe6b2299e440a6a2a4f3f44289837c.jpg,Sweden,SE,58.649581,12.054396
6310e81d76bc40eaa7192d764bcb2a5c.jpg,France,FR,47.30832,4.112524
4105336c6e9d4730a941b8a2ae17e7c3.jpg,Italy,IT,40.561074,17.33895
bfafeaa4628b4d999629724fffbb34e0.jpg,Turkey,TR,38.7801,33.64036
9de8153db73e475ba049af950343690a.jpg,Poland,PL,53.061291,14.953235
20c88c1253654f5184c7e0a2e59b1aeb.jpg,Spain,ES,39.569032,2.775868
81370e484d97465eb13b4e86de163b44.jpg,Finland,FI,65.157292,27.662605
f131af7683a747a9ae2ecd1f0bdcd843.jpg,Finland,FI,61.19598,21.710503
83b6bbe4209a4ee88b5c0fd9d078893f.jpg,Germany,DE,50.662183,7.077611
21873e2f09b74821bf9209f83e8ae593.jpg,Iceland,IS,63.64331,-20.054867
02e9f0d9c7194f4aadc7bcecca1e4717.jpg,Poland,PL,49.809913,22.510039
6ef79d5a08e54d3ca3c20b17de232cd6.jpg,Belarus,BY,55.461979,29.119113
3c46aafeb6bf47b6b1c0660cb1e25ae9.jpg,Belarus,BY,53.041046,26.254608
21c7774ce7bb4661b268d6f959ec29f5.jpg,Belarus,BY,52.213847,31.490019
2c3498d647fd47b697d919eb46f5633c.jpg,Spain,ES,38.953641,-3.50864
396eb45470764a38b02165f070a8aa01.jpg,Norway,NO,62.470561,6.190151
904085cfb2494273b6a6e1495481028c.jpg,Poland,PL,53.766513,20.547057
a85e5c7b8df44a9298e31c150df1e839.jpg,Iceland,IS,65.012197,-21.835425
686612a48df54aad8b4651c505966bf8.jpg,United_Kingdom,GB,56.887792,-4.73651
f99c6db607444a53b1c1c7915c14f8c6.jpg,Iceland,IS,63.946051,-18.654935
e2235ae793784d3baa208007aea5a015.jpg,Italy,IT,37.03828,14.392382
b24864735ae74e95964a700d008a9241.jpg,Turkey,TR,38.371668,42.799228
9b950812414d450390acbc6b9814ad05.jpg,Norway,NO,66.730596,16.011548
57060e4fde8547ff965f7b5ef718d036.jpg,Poland,PL,50.670544,18.027604
f614e7dd26c14771982bc6b390b634c2.jpg,Belarus,BY,52.320203,29.341797
e14161cd892f4a6e9d132bbdd99eca2e.jpg,Poland,PL,50.808045,16.10328
bd2b066556f3438e802ae217f17a5692.jpg,United_Kingdom,GB,56.104471,-5.54044
8dcec5d34dfb481592c33617dfa2bc85.jpg,Germany,DE,53.147594,10.095165
a48c358bc78c48b9862bc3a2a3c80c37.jpg,Sweden,SE,57.743226,16.711276
8de6da23c9ee4268bca1a2d25094c7d6.jpg,Norway,NO,62.446761,11.399143
44995ff6e3ae4e57bb371b6817600d1a.jpg,Norway,NO,69.695964,29.377276
32bf8d193d0a4da6bb0184561e31584a.jpg,Spain,ES,43.352743,-3.930528
526de214991a4021b6862cf26662d96b.jpg,Italy,IT,40.356473,17.641353
549d291ec5514c82ae51f92784c06cb0.jpg,Spain,ES,41.817488,2.730802
1ad9fd20eb38421abea444ec252cb328.jpg,Finland,FI,61.181278,25.629373
c105c0349f3742429ac88057c7a49e4b.jpg,Finland,FI,62.434618,26.761369
9b95f0dde9b84614978c7fda5de449bf.jpg,Finland,FI,63.637319,29.198484
3e09599b48284905973fa19872d8b37b.jpg,Belarus,BY,53.072627,29.964033
89df2531d39f4befaf862be50e246295.jpg,United_Kingdom,GB,56.85582,-5.030483
7d4835269a224c78a4d6ca247c5f6762.jpg,Turkey,TR,41.01713,34.610662
f16d74e142b1451ab488617d8987e8b7.jpg,United_Kingdom,GB,58.468328,-4.685517
48cd6a7b1151407d9e71731aeefaf0d4.jpg,Italy,IT,41.802588,12.226858
a3c223df0466494ea31bc443e6ed0a12.jpg,Sweden,SE,65.188021,18.230342
89c534eda6a74844aa42d82b23eae485.jpg,Norway,NO,58.405315,6.030694
5407ffd629594478858f595f097053d5.jpg,Belarus,BY,52.629622,27.468486
b9d721c147764844986b88c8ac2fca53.jpg,United_Kingdom,GB,50.421732,-4.560902
bce1e5e79e4e4f1d9cb7d215e5e9460d.jpg,Italy,IT,40.252844,18.069557
b2596a93370b4ca097ccaac7189d1668.jpg,Norway,NO,60.409667,9.495933
f9cc9016d3ea4b11b5f51ded1c696807.jpg,Spain,ES,28.91187,-13.783046
93ae9c5181cf49feb74db420874727ac.jpg,United_Kingdom,GB,56.240562,-2.668672
c29b2ce01d484ffbb03ef1227ca6e42e.jpg,Turkey,TR,41.285975,33.78047
3cf5356c050a43d7bc22bbb75915e75a.jpg,Norway,NO,66.805512,15.426712
76e28923263148aeaaf7af6fac3b3694.jpg,Poland,PL,53.548595,23.768023
1ce1d663856e4dfb99e05f0099f0038b.jpg,Poland,PL,54.163186,22.93154
8d514b3a30b349ff90b3b133f793092c.jpg,Belarus,BY,51.674397,30.364853
25ed8bf12eb3484d896bdd3691668b90.jpg,Spain,ES,38.723606,0.028132
cde05db22b3943e4ac3cb2800590450a.jpg,France,FR,43.040346,2.834333
01d314a2d5234c0d824d257ec1266d5a.jpg,France,FR,43.668955,0.535842
5772d8aee42b4ef5af7821a8e4078a8b.jpg,Iceland,IS,64.83312,-13.956256
d265fbdd96324eedbbf6243039e74e11.jpg,France,FR,44.629129,-1.157099
d9bd4a9ac3224c498b2aa276119262f6.jpg,Spain,ES,43.124558,-5.171307
2a90d64121ee4436be636d5965f792e6.jpg,Belarus,BY,52.472231,23.949335
98269bf591cb4fae902ba757d5e61039.jpg,Italy,IT,40.634666,8.898934
eeeec685b83f43cb8af3c3f7beef86f2.jpg,Turkey,TR,41.515127,27.716297
5f5c5868f9fe4343a2f9c97e4ee58507.jpg,Germany,DE,50.099567,11.145681
622c9daac697482bb0d6630557dac221.jpg,Norway,NO,69.298943,15.996955
76bba57c9a0c4484bb056d8861d9ca65.jpg,Poland,PL,52.994736,18.514644
a8314f79c4d34222aafbf6656220c5a4.jpg,Finland,FI,63.642007,26.598409
25177c85620e40bd9a0e1f71fc651c90.jpg,Spain,ES,28.884392,-13.832873
e3d64e8c0de84f5598d3fecf5a592b47.jpg,United_Kingdom,GB,52.63924,-3.717811
7e72cd7b46a94f50851493773b173a2e.jpg,Poland,PL,53.733038,21.331534
2557c1401b8a4649ac5adf784257e71b.jpg,Belarus,BY,55.527597,28.815137
34e68c1c751f427393c2212b788363d0.jpg,United_Kingdom,GB,57.139504,-2.795045
bf6eb818345d4881927d64fb0595829e.jpg,Poland,PL,53.172059,14.614218
e33cbae26ff148268b61c0330185aaf6.jpg,Germany,DE,52.113971,9.415716
742815144e3449de960c4349b68bb9e1.jpg,Poland,PL,54.679728,18.19492
f05ca01d17e142758dd97a553f160979.jpg,Finland,FI,66.528082,25.844757
59ca02599789483c89c5512e2b67d341.jpg,Belarus,BY,52.986225,29.815658
9d9df8dc934e491ab44796af9464d1b2.jpg,Italy,IT,36.730816,15.030871
c483ab8236984984b7ac60d5f9b86d3c.jpg,Iceland,IS,65.559466,-15.373686
9332b260c8dd4f91b763b43e091d7e07.jpg,United_Kingdom,GB,50.116171,-5.419448
180c1d4c8a83496286e5ca106066acd5.jpg,Germany,DE,48.817568,8.427473
152991018a9a47fe8806f7eeeae4a1aa.jpg,Iceland,IS,65.609615,-19.353769
30e80816db7e483bb4501694bb27be90.jpg,Poland,PL,51.578738,21.78193
f81835878f034ae6943dcf63e9d8b659.jpg,Norway,NO,69.651206,18.529645
561e9649a4304384960bbb45425badf4.jpg,Italy,IT,39.010606,8.384201
48af540b2bbe4be0b54b6c7f16824e06.jpg,Iceland,IS,63.524758,-18.472145
84fc1d0588464fa5b3dcddb5bac4e7a1.jpg,Sweden,SE,63.096906,15.191861
fd7d89845e414e449d8f7863425ca63f.jpg,Turkey,TR,38.371648,42.803309
3fa130f47d6a4a9fb83b049183ce746a.jpg,Germany,DE,48.862527,8.364491
25f57d335ba945578ec5ea2fdd675c0c.jpg,Spain,ES,36.751616,-4.038974
617a09cbe83d427bb7c3e413b5c81111.jpg,Germany,DE,54.370456,13.593573
19bcf4b95b534268be28266f54a3302a.jpg,Turkey,TR,38.454776,27.312721
21eaf9824d8843af9f5f82338bc8c269.jpg,Belarus,BY,52.636384,30.840298
e7af92487e3d424788f2ffea2d997982.jpg,Turkey,TR,38.277508,41.09839
98198146c0df4f7abdb36736a664e2cd.jpg,Poland,PL,53.178506,16.535285
0e9cfb53411c4cbbbca8d17f78910a51.jpg,Iceland,IS,65.723605,-14.778215
7088ca21b3144a7aa701979b4fe31507.jpg,Germany,DE,50.869201,10.43737
30de04267e524f52bb58b46063ec8cd5.jpg,Belarus,BY,52.294388,31.224907
6028864566084c35b12666b511a7c50b.jpg,Spain,ES,36.853029,-4.445483
69c84de971774cb4826bd1e272928d42.jpg,Poland,PL,50.482974,23.446198
1aec33b33f504466b090794e885724a9.jpg,Iceland,IS,64.923776,-13.865313
48ed1e0e8ca34d3f813ad8410845aba5.jpg,United_Kingdom,GB,54.595621,-5.686439
aca9fb29a513497e95d0d33100e480a3.jpg,Finland,FI,66.782359,27.330237
5c6839dd30b74577921bfc2c7cf816ce.jpg,France,FR,47.799092,-1.334456
e30bc573eae64321ae13e8f193f134ac.jpg,Poland,PL,51.15941,17.05631
331bf744be1d4371b16d44128371ffe3.jpg,Spain,ES,43.63922,-7.60211
54bce5d230424a27823776ccf4c58a91.jpg,France,FR,48.529572,-4.619243
f06926989acc42768350062219aec79d.jpg,Italy,IT,41.436902,15.589119
dc8cf21d7e0b4595a822591d713b31fd.jpg,Finland,FI,64.078468,28.702842
f0305b072cba4e499e8ce806c2632b48.jpg,Poland,PL,50.533499,23.761766
1e269b4123b34e3aaedfe51012665611.jpg,Italy,IT,37.837057,14.907689
fe7bf09a18da42478432dbcd84e6bf5b.jpg,Iceland,IS,63.842504,-22.44446
0afc823f538844a1a3ccf522b0ec62a2.jpg,United_Kingdom,GB,53.782007,-2.711086
5c1f1746d12f4ddc929de4843d5f94c0.jpg,United_Kingdom,GB,54.831834,-2.231758
a8607b0d86a54ce7958d2ac409504d4e.jpg,France,FR,44.237495,-1.128811
484f10dd91d94b40b38ab0548090d651.jpg,Iceland,IS,63.986584,-16.398343
a64395467d65475d8c3c38013794f844.jpg,Norway,NO,70.976823,25.781795
05f96720d56a426e98f1731fa86088fb.jpg,Italy,IT,40.170046,18.465592
e8f7c69c8edb483fb2d620f263afd2cb.jpg,Spain,ES,42.417108,-3.284499
395bb0a00c5c462bbeb5933e216ccb1f.jpg,France,FR,42.539268,2.254169
6795adf263544ad68ec222ec0bd3a630.jpg,France,FR,46.741738,3.594093
6cb5d4e4808b400abfee10b0e9ceac39.jpg,Spain,ES,39.56841,2.770324
8943bcd2bd614a3a89f75d2fc6b61788.jpg,Turkey,TR,36.88162,28.636747
8aece060f9bb421a9f4091e6e9998bf5.jpg,Norway,NO,64.562131,12.496298
a6c7821c133341dd89172081498e86bb.jpg,Sweden,SE,59.867246,17.837756
4a9ef0215b3c4fd0a5f76616d1ea810f.jpg,Italy,IT,44.69207,11.305349
8a802adab8ba483281baa7cd99e47ae6.jpg,Poland,PL,53.20664,14.969101
95ac5a12ea414d14acad24051d0afbaf.jpg,United_Kingdom,GB,52.650202,1.724171
8ca33d79f556490885114ac4e292a944.jpg,United_Kingdom,GB,55.788918,-3.019993
d3fca40ca97847728eaf477811090fac.jpg,Finland,FI,63.681273,26.024487
808bba9c5c0d4a908da236dacadfb6d8.jpg,Poland,PL,51.470775,23.541651
8f6720ec79b342519d2104ebf37c7e0e.jpg,Germany,DE,48.384373,10.364397
b3761049cd80463a97f3e031c3493f1c.jpg,Spain,ES,43.165531,-4.370305
9fe9d70f2bd14ec1b9d8355eca9c95f4.jpg,Sweden,SE,58.396003,15.297691
c43f516640dd4096ac547daa2fc48ef3.jpg,Italy,IT,38.095805,13.19241
d879f45b8e0e44cca64b04fb1ea31267.jpg,Germany,DE,53.480565,8.391376
d89a220c9a7f49c7bdefecffa267b725.jpg,Iceland,IS,65.757099,-19.273952
b9c15299a8e440469836303fa43489f8.jpg,Norway,NO,60.517393,5.212953
322c687cfde0454e95b992ca84e2de1f.jpg,France,FR,47.531332,6.418765
59f92a1648f945d3949f3f465f3ff56d.jpg,Belarus,BY,54.98423,28.839587
dcc6b1d087714bda9e7febfd42b7c836.jpg,Finland,FI,66.234943,26.171025
81c2782ff2de4821a7b203eca539fb49.jpg,United_Kingdom,GB,50.135329,-5.307912
5aaf9b55ee404f3e98714326710f57c1.jpg,Sweden,SE,60.469698,18.410898
94846ad68a854084921f54f59aac065f.jpg,Turkey,TR,37.307217,30.376006
752e7d0e381940bcbed2441724d0db56.jpg,Iceland,IS,64.209619,-15.720971
1763e566f77c47468952639dba025cdd.jpg,Sweden,SE,62.480571,14.770064
4948cc6bcee4437b80e8e9443937ef8b.jpg,Poland,PL,52.746049,19.235066
d7ec4af072084ad5a3aeb2302b727ff2.jpg,United_Kingdom,GB,54.575214,-5.667154
aa5bb6b3475241f1afd655af9d6cb3fa.jpg,United_Kingdom,GB,55.626261,-4.562941
f656844f686a47579acb57e474006528.jpg,Poland,PL,49.670334,19.784017
020df95d2fe541fa88ead414f4f7e361.jpg,United_Kingdom,GB,56.515266,-5.931793
6daf69bce7ca45429737a1e7f076c95b.jpg,Sweden,SE,61.165365,14.703564
1fef5d0d3ec44e80aa51aaa6ec7b0a47.jpg,Finland,FI,68.360777,27.41541
cfbbdc4180a049a39faf03931a8d49e8.jpg,Spain,ES,43.346276,-2.652936
50bb66d00d174d86b8a7a165eab612df.jpg,Finland,FI,62.526436,24.016911
59d7016bb6564055afb77053f7410566.jpg,Sweden,SE,64.005124,20.397858
d2cf12237d834b14aabe5e7a3e22696d.jpg,Poland,PL,50.078093,22.372012
13e6b8a7f6304f83a76eb33ab79df2c7.jpg,Belarus,BY,51.703745,29.147891
fa7f7e3c490a44ef8f81f2823071db55.jpg,Finland,FI,68.35944,27.416946
3b04fbafea5141b9a656807755bad639.jpg,Belarus,BY,55.226738,27.949491
be25921fbb684456bd8dd7ca3e31b538.jpg,France,FR,48.554249,-4.703108
4eabd2bc45804096a12e6b750d23b9fb.jpg,Finland,FI,67.947838,25.072786
ae75b4fa21be4770b1f767a33ce70ce0.jpg,Spain,ES,41.982467,2.870921
dda142890c2e42b29163ac3647999e84.jpg,France,FR,47.936553,5.940765
f9f5136047f14960b7bc59bb029b7fe0.jpg,Germany,DE,47.705085,10.03544
8c840681c3aa4754bb48817884126593.jpg,Belarus,BY,53.926451,25.246678
f9e9859afaa448cdb8d43609848ae3dd.jpg,Belarus,BY,54.532042,27.867387
d30bbc8108c745c7b6873fd823cdcd57.jpg,Italy,IT,41.397105,15.693285
a63113c80dae494faf37141a64e62e1c.jpg,Spain,ES,37.891619,-4.723106
6b3fe9dff2944a9580f2affcc1df8018.jpg,Poland,PL,53.039459,20.444335
ecaf28775e58419e99a5e08c82a0bbdc.jpg,United_Kingdom,GB,57.263073,-3.666012
7870e82e9f544591a5f6c2499136aa17.jpg,Spain,ES,42.668631,-5.598399
7b7ebe491c0949b4b04b3ce720676622.jpg,Sweden,SE,58.555319,15.597105
cab73543f535457d8924aedfa12913c1.jpg,Germany,DE,48.244285,12.845721
bb6f2a78ac6c4015ac4328dbc85799eb.jpg,Spain,ES,29.003776,-13.7654
cc24bb56a6484ee8801e718a35f8bf03.jpg,Belarus,BY,53.60858,30.387285
7913dec0cedb4f3e81fb57c249518255.jpg,Sweden,SE,67.773348,20.616517
18edda6b502b4a989b7e8209e61a2d44.jpg,Italy,IT,41.394715,15.703408
51d6b488912542bc88d3420fad79a5e8.jpg,Turkey,TR,37.058975,35.77008
bf11dd431c624724b90801316df0fcc0.jpg,Finland,FI,62.599463,29.239587
1140eaf096b44173a4a00bd1f627377d.jpg,Finland,FI,65.291758,27.485023
04607137d71a43a59ea0a16e5b23309a.jpg,France,FR,50.766277,2.837808
eefc5123abe74e59ba77b110f22bb6ef.jpg,Finland,FI,62.147318,30.047574
126dc9ff2a814993a0f09335b68dde49.jpg,Belarus,BY,53.714018,27.466959
e957cfe939564393ae97132d6a5e56c3.jpg,Turkey,TR,39.564344,33.326767
654d691b84574eaf8f09a95ad80d6fef.jpg,Italy,IT,45.514572,8.822987
45dd66538d8a451a8e160eaed75af595.jpg,Poland,PL,52.668403,16.880072
425822929d7e4e85bdfe1253d93e172c.jpg,Iceland,IS,64.938218,-14.093906
b5912e78f81448e5a23ab7a0062a213a.jpg,Poland,PL,49.613406,21.880444
3db2180216664f748930db2e93168b92.jpg,Poland,PL,53.463383,15.645853
a643279f490f440d901d976c6efac3fb.jpg,France,FR,43.457623,5.007839
bef2c08b68874a95935eaec815355f84.jpg,Poland,PL,49.982188,20.912998
54647b12b55045dab470e8d3ce36e39d.jpg,United_Kingdom,GB,50.35077,-3.80685
5e2d280121234ffc92150fa45fd2b4a8.jpg,Turkey,TR,39.368442,33.770666
6d0743d582fd479e9e4c4337ccedd2c2.jpg,Spain,ES,42.83402,-8.739643
5832a97d0b414c51b8bdf3c3877865ec.jpg,Spain,ES,43.625927,-7.604067
6d038d02124642768360c5b6bb13e5d0.jpg,Belarus,BY,54.990735,28.868015
d3903dd052504f0ea4ef76cbc79ab90c.jpg,France,FR,47.246236,-1.436118
c8cb3e2fb212478a9cdf0f4db191f99c.jpg,Finland,FI,61.654994,25.28434
51b5b202eccc48f1b1e4caed0b03920f.jpg,Poland,PL,53.242185,16.493044
3a9e667c2bf94fbe8bd49983235b0447.jpg,Spain,ES,38.394037,-4.295581
6c8cc057520c4cc9a5e7d84b07ec801c.jpg,Italy,IT,39.229084,9.126556
f771324a11fc4b00bed712b308a64c76.jpg,Sweden,SE,57.565325,18.404874
2c53ec5d8f174f799e57c353cd15b2e7.jpg,Turkey,TR,39.62666,40.180863
3a2122af5b5b4974846e54de501eb8a9.jpg,Turkey,TR,38.615044,27.668099
4421531570f14623929fc300778ad13d.jpg,Poland,PL,54.212391,17.48138
e5b5b118908b4d049e2138e65259c711.jpg,Germany,DE,50.886671,9.658093
b1b1d0eaf839457fbcb139a36cad12aa.jpg,Turkey,TR,41.379008,31.95694
d7e85ed9f6754abfab36844ac3014088.jpg,Spain,ES,39.371854,3.147691
585583be64f64fceb90abc156f5a82f1.jpg,Poland,PL,50.634421,18.476624
9281cefe2c0a4f3ba8439b654ec0f2a0.jpg,Sweden,SE,65.922477,22.656767
05b6baac717a46eb9a409a5cb5d3e7f3.jpg,Italy,IT,36.82738,14.532361
8a02caa054114e00b05eaab7299ced66.jpg,Finland,FI,61.70945,28.033044
25744a896e4941d697457403c57f4184.jpg,Poland,PL,51.31431,23.130998
bb798679a96d4b588e462f708c64e5bd.jpg,France,FR,47.650713,1.122088
95fcd4addaf04045b363dd5f513287d1.jpg,Sweden,SE,66.056567,22.707692
49e5cead8e0946a08e005607b9b080cc.jpg,Norway,NO,59.016574,9.724087
b0ce98920b654dfeb6ada19b74cffdc6.jpg,Belarus,BY,54.025024,28.292726
24fdbca72a6b4065aea4361c4032e36d.jpg,Italy,IT,41.429915,15.591096
3d20341ac20245279f93676e01640be9.jpg,Italy,IT,40.479531,16.718881
e24779a3647c4423b8b5a93d5077ed51.jpg,Sweden,SE,58.413225,14.819913
b01505c0d7cb41e09c4d8f0e8df8cb0c.jpg,Norway,NO,67.133911,16.068319
4aa53b85e7e247d8bde2fff67b9e740e.jpg,Iceland,IS,63.529966,-18.46772
d46f4099498546e6b5805cd68b909f79.jpg,Iceland,IS,64.183756,-15.81911
231346db3e724dcfb1510a856a078402.jpg,Poland,PL,53.643215,16.190676
848c95881e71466e9fa4ca3fbeda30ef.jpg,Spain,ES,37.247248,-3.743202
1bc14d0648d14ab182c522e7c18f677c.jpg,Iceland,IS,65.896593,-18.069207
4b3488ef8b8a4d799a2ca9aab75299f3.jpg,France,FR,45.903716,-0.959794
743c4f5df57b44338f22f0366a5b29b6.jpg,Sweden,SE,65.864086,16.448039
23ff4acb02144b719bbba50203a9330e.jpg,Norway,NO,65.358313,15.047887
60071972bf5446d6bf2d2534bdec0aa1.jpg,Sweden,SE,64.111643,20.723022
54c8b08768df4bf484c2eb8a18bdaeee.jpg,Norway,NO,60.620862,8.203643
cddc96460bf84d6296cf69e8a5334a3a.jpg,Poland,PL,49.925468,18.65265
558d3fe8dc7c49d6b6fdbb608790f395.jpg,United_Kingdom,GB,56.453916,-5.690768
9ddef74612b8402a81284998e40851ef.jpg,France,FR,44.175908,-1.112129
1ec5d0b50a464c4da8549d618089e0e9.jpg,Finland,FI,67.50344,27.465031
ac9250dbef3f41aba9ee24aec474ff6e.jpg,Germany,DE,52.370253,11.774952
bfe4cb97c6614800b775519c2cfaa980.jpg,Italy,IT,38.11415,14.700488
855deee512564501b269ddd347c850fd.jpg,France,FR,50.198954,3.252086
62657a9ba5b24370b85feb1b170aa44d.jpg,Finland,FI,62.239693,25.829931
287e39baa43a4c9f9ac1913d6610d6c3.jpg,Spain,ES,39.562417,3.092888
fdfcb1fecb694957ae6cba61070b9420.jpg,Finland,FI,63.299987,28.374453
54625e0622e34c3780a054c1a5ffb6b9.jpg,Spain,ES,37.366487,-6.941043
512cb44a09664d699407a44c5d178254.jpg,Belarus,BY,53.397301,27.10569
5b408c45d90c44d18ff853177914d8ae.jpg,Spain,ES,42.8591,-2.355799
c42b627fbd294614b7e7b51e9e11ddeb.jpg,Poland,PL,51.568029,21.591807
48d033aa12994159be0c23b39a260438.jpg,Norway,NO,60.354723,5.242916
8c6e28fe6552479998c1cec14a52f802.jpg,Finland,FI,63.676005,26.500564
a388deb2d1ba491b91e07ac0ed6771c4.jpg,Belarus,BY,52.93188,30.636684
7c47cb531481439da5402c875618ff38.jpg,Norway,NO,58.0523,7.657863
65e895defe8f4bd9927b167e376f6535.jpg,United_Kingdom,GB,58.555856,-4.705998
b970983c33044556a8e780b6a1544219.jpg,Iceland,IS,63.985057,-20.573334
95350324ccd7432f872cf82ad822bd6c.jpg,United_Kingdom,GB,52.098316,-1.501466
89b73b9102dc46508c6ba0be13d169d9.jpg,Turkey,TR,38.578091,30.216227
e443dca363254205bc249816c9df6b34.jpg,Spain,ES,37.876593,-6.567868
af8d77e8530c43cc8433e34db471fcb8.jpg,Turkey,TR,37.026151,37.984238
a962072285ce49e28c23c131d79c7d17.jpg,Poland,PL,50.71346,17.368136
9a36eabf377b43b4b6df3b8afa1033fc.jpg,Spain,ES,42.112021,2.774026
e3f9602c431746109dacf76b0ea6af50.jpg,Germany,DE,50.683417,10.121849
335a7efb9f294bb6ae95810ed182df09.jpg,Poland,PL,52.070997,22.293914
05a3a68959364bbf85541fd82bce2dbe.jpg,Norway,NO,63.194034,8.879119
e98782822c9949029ffd50553514749a.jpg,Poland,PL,50.549568,20.725968
56c6edb8ad25483daa74982bbc63bc3c.jpg,France,FR,46.554869,4.293959
78ad456b7cf6475c9340da6570d785f8.jpg,Sweden,SE,62.11729,13.215281
ead7386dd36b4cc9a33ebc59762f9f35.jpg,France,FR,49.096856,6.142576
f9a64741027d4d3aa55ddef96f3f9531.jpg,Belarus,BY,51.936005,26.906404
7bf3b6587794487aac8a0c99ba286ed0.jpg,Norway,NO,60.259332,6.401557
e66c4b1ff6174c9c9f3f8c9627b79abd.jpg,Italy,IT,39.295501,9.093286
0b7afd8b5db04ae68eb5410a8899b85b.jpg,Italy,IT,45.411884,7.687384
36858a27a64f47629f6df066a43398bb.jpg,Poland,PL,51.855839,20.928795
aff6175979d3418aa21491091735fae8.jpg,Poland,PL,53.723756,16.290387
72d9e932e2ce4170885ed78cca8a5928.jpg,Sweden,SE,66.179612,19.947947
2d5aa113f655469e9575650972d15b6e.jpg,Poland,PL,53.230998,15.531438
e4ca00e3b50c4f15b3ca25c8ba8d90b9.jpg,France,FR,44.775531,1.293269
b53e0b4eeae546f5a7db6856cd8476bd.jpg,France,FR,41.980368,8.720721
ebe983680aec4465b2356c64c0066fa1.jpg,Turkey,TR,38.509879,42.278809
95e882cc2dd5466a9129192e3eb4361b.jpg,Sweden,SE,59.78882,17.141833
cd9fe64b4afa4dd39c0f3297ca4f990f.jpg,Sweden,SE,59.37263,18.198585
0ce1c2f27ebd41e9897a585b7e9a20a8.jpg,Germany,DE,54.153816,10.359162
5c04f092df1445b38a180a066e45c4a8.jpg,Spain,ES,39.450358,3.153892
b71d57ce2b274bca939b4284bb24aca7.jpg,France,FR,46.870227,4.572111
9c5269d9cadd461783d6d8b2b0fd8ddb.jpg,Italy,IT,40.916806,9.095366
f33c883c4f5b414da05a2bf085d2c519.jpg,Sweden,SE,63.834082,14.389042
a9660b7323554246ace052c3865fcdfc.jpg,Spain,ES,37.987135,-3.212737
69cbbda085e34d31a6d8d83e5833bea3.jpg,Poland,PL,50.182643,20.083175
736664928fe0490bac8a9531c2650258.jpg,Sweden,SE,59.199615,14.399581
79b2593ef62b4e64bb08aefaf2140ecd.jpg,Sweden,SE,56.958665,18.303057
6a9804aa52c7489787d016cac12893d5.jpg,Norway,NO,69.637215,18.409121
c2642c45e32a4ad4aba3fcb678991aba.jpg,Italy,IT,42.229282,14.440995
9229bda5994b43f1a82a4250fa8f29fc.jpg,Finland,FI,62.552665,22.034549
e42588fb3f624e90a93d93c909cbbc85.jpg,Norway,NO,58.379656,6.115144
9aca7a456c354b3f80c871c899ab8639.jpg,France,FR,48.530172,-4.620303
976f9965ef2f4fa88a698c3373febf6e.jpg,Turkey,TR,40.230588,34.767729
97b0321b55a743088b91a7a002b48b6d.jpg,United_Kingdom,GB,54.054408,-0.937117
d5f510e1284f450b9b3bbe7f0b78ae91.jpg,Sweden,SE,61.509737,14.849764
e44221041c9344498eb42564bd8bee89.jpg,Italy,IT,39.196898,16.063272
e9e1f2104ecb4763b1eb4cd7a3ff2dd3.jpg,Poland,PL,53.541766,20.967552
d0f6c292d21c49e38ad2f441cdee146d.jpg,Finland,FI,63.315251,25.823853
72d804d39a1945ccb12237eb28bcf978.jpg,Sweden,SE,57.836769,18.626182
697d46b2696043bab147007526db48f0.jpg,France,FR,45.966774,0.204876
7db606f3a36546c8af378f723adf60da.jpg,Belarus,BY,53.195771,27.524467
c589019eff6e41b1a42cb221b764fb02.jpg,Italy,IT,43.062516,13.082643
d2ae6848cbb84481b870eab3430da467.jpg,Norway,NO,68.661656,15.519513
ce0423d7f2dd400fb58c0073ce9c1dad.jpg,Germany,DE,54.678509,9.217779
2beb6991ea92404b9c920bf87bde5530.jpg,Belarus,BY,55.527125,28.822805
e9fc3452558841a7be2a254cc42d0247.jpg,France,FR,43.51043,6.761436
091b0bd8b449435fa96510ad3b14dec3.jpg,Iceland,IS,63.985706,-16.399769
34d187d07fdf4d0c8a00a7cc65236013.jpg,Italy,IT,38.011632,13.258588
f3bcb7030b914ec3a003bfe66ff95564.jpg,Italy,IT,45.763535,9.25114
6e2b93f0eb3a4ebb9abc0f9eec636da3.jpg,Germany,DE,52.009883,7.72661
80693b9cc4bc46a4b371705a6813e63a.jpg,Finland,FI,61.902054,23.706904
eacca64f5dcb4bc49c8b2b6024357934.jpg,Iceland,IS,63.48638,-18.537891
01a2d85b99ce4b70b5fa7947c07349a4.jpg,Turkey,TR,40.262079,29.147448
b2bf89541a4a4982ace01539cdce6f1f.jpg,Germany,DE,47.772924,8.264256
a32ea681d20a4f80b4954753a86fbbf7.jpg,Turkey,TR,38.657967,36.077699
d508d814bce04cd7aef78f2d62cb4134.jpg,Italy,IT,38.039277,12.705423
123c4cb230e44ccca2cdb83cc25e170f.jpg,United_Kingdom,GB,55.681212,-4.30107
119d856f70554024a34788b5f32ecc47.jpg,United_Kingdom,GB,50.375006,-4.667428
521a53c42c0a427fa7c725acb67de59c.jpg,Italy,IT,37.471197,14.035684
d1c31960b4ba48e9ab22caa5a7fc2c9f.jpg,Poland,PL,52.922097,20.516812
5263b460f2784b39bbf2f77c2731d868.jpg,Iceland,IS,65.818557,-18.236313
da4e06b22b6f4686a4f18d9d33520e54.jpg,Sweden,SE,65.584316,18.574997
c17bc827f8944ac498a5687e2796fb94.jpg,Spain,ES,28.075177,-14.495811
a915062d52604bc596b9f7a3b37d92e5.jpg,Sweden,SE,64.404654,21.494116
ba1f0c1d0da64f2ba0de4daf711ff780.jpg,Finland,FI,63.174135,28.477162
3da708a8916e4fa9b615d6b7cde00c0a.jpg,Sweden,SE,61.37949,14.786972
9d51eb2c2956460eaacd0e7032e498ae.jpg,Iceland,IS,65.518638,-19.781944
f5d2f898b5e540e098848d467fb7d14a.jpg,Germany,DE,52.842536,11.331514
866cbacb94b346e79725fc7cbaa81fa3.jpg,Spain,ES,36.852367,-4.133562
c454b40ff5cf4dca83e0aa223d8230b0.jpg,Poland,PL,50.786003,16.064801
50f90c3cab8c4ca5b0a20d4719d193ae.jpg,Germany,DE,54.618314,9.76838
d2f20d31b886408f861b42f9d494eaac.jpg,Iceland,IS,65.752466,-19.65153
9e38ad78d4244546ab8613fb601bc5f7.jpg,Germany,DE,52.93412,10.331489
bc97ab5b499749cf955edbf9a1aefeb4.jpg,Norway,NO,59.910769,5.298652
78e775fd9ad348ef840dcb89a752f461.jpg,France,FR,48.146609,-1.118458
5b25a8ac59d94a768c268841461963bd.jpg,Norway,NO,64.427028,14.330503
70e25afc311f4c909c488fc27bd7204d.jpg,Finland,FI,62.528151,28.772305
b1f312cb657b41fb800825944f14f9f9.jpg,Norway,NO,58.282534,6.454373
1ae5d0ff65ef4398bf62bb5266ac21a8.jpg,Spain,ES,42.39558,-2.239427
dcb060d5137c4bdd9f8081f1fe5e3bd8.jpg,Italy,IT,42.389363,12.674813
c4f2f26b2fbd4608be9eea7cc10665bc.jpg,France,FR,49.174018,-0.61689
32f04227f47c4d4ca735d6afe9c171dd.jpg,Iceland,IS,64.790832,-14.013726
dc823f33221345868436236d513d8525.jpg,Belarus,BY,53.13244,26.063628
9b83929fd0be417182a8454cd754026d.jpg,Sweden,SE,58.900948,12.332365
9339adea2765410fabe936c2a29371d1.jpg,Belarus,BY,53.065991,27.86868
fd13758d1dab4126bd144644541dbf19.jpg,Iceland,IS,65.652981,-16.791869
7293c080fcdf422898515228f71a75ac.jpg,France,FR,47.985125,4.895342
90d701af831c4c2fb9c07de1bea542f2.jpg,Spain,ES,43.238764,-8.565685
dcaa07669cfb4801a8040498e0e4d820.jpg,Germany,DE,53.30387,12.56104
bee763a63ddd4a64a4d594e907b08072.jpg,Norway,NO,58.912374,9.301691
4391dae2d02d400b98aa36290c04eb5a.jpg,Norway,NO,64.948799,14.197176
8a7a18a41d6e40fca45260ac71e3c4f4.jpg,Belarus,BY,52.766799,30.759434
9e4fa0ce82d642899cecb0a9c4a0e26e.jpg,Sweden,SE,62.377039,16.750629
41eea71515c9438ebde0658065b67c81.jpg,Poland,PL,50.119176,22.265293
f9ebcb09d6924ce7b915013b7ce49cf6.jpg,Germany,DE,50.129647,9.380505
1fa9f102bbbc492a9731cb6e289a4c38.jpg,France,FR,43.971117,-1.063066
a89824057f6348f583b1bcc3de3a20b4.jpg,Sweden,SE,62.658266,17.261015
7dd47e08e73f4ba8a3cfe185acdd6f39.jpg,United_Kingdom,GB,56.709477,-6.067294
3fe68ef606bd4a3e96d72006b5013f18.jpg,Norway,NO,68.42661,14.668645
15e21b9c70c44e48a2146354f1609f60.jpg,Norway,NO,59.982818,6.565605
d357149e35114b7e86be3023410f7219.jpg,Italy,IT,45.899152,11.630091
d66139b5c62e404a835eb21d0dbb0fd9.jpg,Poland,PL,53.419538,19.544101
e13ec51da47e415a8ed485a354876af3.jpg,Turkey,TR,40.147015,25.932565
2457a360e89b4948a2019907e560c929.jpg,Italy,IT,45.87796,9.210452
c1a2bcbde27d4af58bc989fa8e0523ab.jpg,Sweden,SE,60.658275,12.979428
b040d9e57bbf410ca2deef9ba428e85b.jpg,Germany,DE,52.585376,8.61791
f8b15eb77f874c77aeed755ea4a9c725.jpg,France,FR,49.174273,-0.35376
f83f5ffe3e9a474d82ce4bc0dde67870.jpg,France,FR,44.614416,-1.090318
3d829afbd0f0487c86f663fbdebb2f18.jpg,United_Kingdom,GB,52.328031,-0.710231
895d3f8570e241be807600a2a7a3a7ec.jpg,Finland,FI,66.064196,24.757129
898e515756594ef7a5a60a154e469adf.jpg,Iceland,IS,65.950373,-19.411712
11b20522096f4f43b89e2f8abdc7ba47.jpg,Sweden,SE,55.732714,13.55481
63dcf582f40e46e1829ba8d26337ef54.jpg,Turkey,TR,40.748854,40.244176
0808049176b64bfdaf5751a19c216b8b.jpg,France,FR,46.488668,5.723487
b9f21c58d5c241a895db90f734021425.jpg,France,FR,49.924965,4.646958
6c9a62e0b3224cb682003f2156067ed7.jpg,Iceland,IS,63.59552,-19.972527
a7561b1b25e0461da9b7c81b3aab52bc.jpg,Finland,FI,62.502772,26.883848
d91232ed6ba447f2afde0a4ae5cdcdaa.jpg,Poland,PL,53.246982,20.898107
9cf9872cb5fb404ba9334b58903de367.jpg,Poland,PL,51.878234,19.0428
66a67f4217494aef90ec5ed83efe2428.jpg,Norway,NO,61.779958,6.210665
4ef8d44ac5a045e09717428b5040d61d.jpg,Turkey,TR,39.589818,44.055451
ebd7601d972d4aaba07e57852b8377be.jpg,Spain,ES,36.861112,-2.552078
7ae7cf3272e748ee95ba3c11424460dd.jpg,Spain,ES,37.817728,-0.819055
6e5fa69ef6e9408eae893cc1c1fd482d.jpg,France,FR,47.634186,2.355288
b0c001ed9e424825a36ab23de39ef781.jpg,Poland,PL,49.477097,19.671189
3be034518749417c8d3589a01114ee81.jpg,Norway,NO,62.34094,5.870138
193d853305c94ae0b94546413139167e.jpg,Germany,DE,48.50283,8.429962
b66016e60fd742df93066955e9e72f21.jpg,France,FR,42.088504,8.710679
6e611ac7024d438cb31c529930a80f3b.jpg,Italy,IT,42.988745,13.869328
4a70465354bc4d0d8aba7e4efe71c01c.jpg,Iceland,IS,63.687219,-18.348212
eb1e19d0c9674c019786fbb84b646159.jpg,United_Kingdom,GB,58.95567,-3.008018
557c6c61b8834ca4992035cc000d5e36.jpg,Belarus,BY,53.092916,30.511326
abf11b5d89dc4aae89e28fed977ad0ab.jpg,Sweden,SE,59.846324,16.639218
f3d68ea3767b4336b1a0e81267832c95.jpg,France,FR,47.101527,5.556237
5480b62f9fe646718de91032259029c5.jpg,Norway,NO,60.334285,5.262502
31f9d2e9c3ce48a3b5d2f83d524957af.jpg,Poland,PL,53.873889,17.48176
a12c295557e04b499c95b1a18cdd280d.jpg,United_Kingdom,GB,55.295296,-2.939892
267c77590cdb437abb546c0de839d6d9.jpg,France,FR,43.941698,5.105108
ba53bf7be3dd469db6a71bd7d43bbd46.jpg,Poland,PL,51.560992,22.015205
9ad567a94c0242449e69ed15d44d92a4.jpg,Iceland,IS,63.646774,-18.419041
e63943f91ea143f6a03c86175708500f.jpg,Sweden,SE,65.301572,16.035351
11c3f2b020594ecba4a988ca9ea12e6f.jpg,Iceland,IS,64.796828,-14.0202
d9a6c561d59647d388df90c66e13160a.jpg,Italy,IT,36.81853,15.051085
9a372404781640d9a61f25ec5e96492d.jpg,Spain,ES,41.682114,-3.251621
f599a3ca3b5149cfb51b36a3fa18fe38.jpg,Germany,DE,50.025091,6.27671
7fcfc6752f7a4546ac032a76345ddb12.jpg,Turkey,TR,38.993816,30.961527
fde7238e1488452f88b3c2c4e0885709.jpg,Iceland,IS,65.614705,-19.35467
652f8e8bf8404c83bcd1c7a1d3277f9d.jpg,Turkey,TR,38.946104,36.04104
4e977464ce3241bcb2c85b1d41d89093.jpg,Iceland,IS,63.979769,-18.779054
09b6425fee2b4a72a2d1af4463cfa63e.jpg,Spain,ES,36.733591,-6.089131
eeb123845fc4433aa19235f45bc9f172.jpg,Finland,FI,66.093071,28.414964
4168a19762e0404f831a12df091371ca.jpg,Belarus,BY,52.041552,26.320185
1b0904044b344722bff1e9364a550025.jpg,Turkey,TR,38.443551,42.320676
e0b0599d72344bbe80bb417032046022.jpg,Finland,FI,68.54409,26.155781
aa2c108494274dfabd8322d31094c1e2.jpg,Germany,DE,53.477083,8.386283
b6be25de2f9945d6ad25f7ec0e0870f8.jpg,Spain,ES,39.354319,3.132359
7b6a2d3a233e45eca333ee693fc46183.jpg,France,FR,43.877962,7.451246
ef37e0cf457a4597acd34475a7a78dd2.jpg,Italy,IT,37.749282,14.075514
412e8b90271d4485af77f1327339df7a.jpg,United_Kingdom,GB,54.870427,-1.641578
e1dc337e05c847a6b862c7d8d7242f08.jpg,Norway,NO,63.185411,8.717695
053c0335b8024a0ebf5e0455992df33d.jpg,Iceland,IS,66.044008,-19.345947
e1efd3e739b54c8db5642203075b56a0.jpg,Norway,NO,68.472734,15.883281
63e3f89773dc4e87a89ebc065ce6a9ad.jpg,Norway,NO,58.321753,6.285106
fa18ff8d981d461eb728e07b0a064aa1.jpg,Belarus,BY,55.299091,30.152382
86ba2d7f32254b7ba13a8cc3040b4fbd.jpg,France,FR,47.498053,1.298743
690fffb604ef4a3a973b20fd27b23957.jpg,Spain,ES,28.780436,-17.962977
9b58b4f868fc42b0a0695bebcb50b556.jpg,Germany,DE,54.539908,9.896519
b2afb01808f14751a12d9364080eb9ae.jpg,Spain,ES,43.162239,-8.182833
da30156d477445bf8cb94de43bc38277.jpg,France,FR,47.46486,4.041621
8a3c95fa18314f26963ebb46b2df5447.jpg,Turkey,TR,37.078024,35.361869
3e1ad282f9bf4881a52c7cc6d6303263.jpg,Italy,IT,39.291724,9.587711
012e938238004624a16cf5740c81b0a8.jpg,Spain,ES,39.994325,3.845642
0c5061c0c3ff469cb158ce89ec82ecf2.jpg,Turkey,TR,40.227757,38.027394
20edb80df4024f0eaa61846c3b6eab8f.jpg,Germany,DE,50.725449,12.577159
3439e2c9237c4e89b9165c517b42c06d.jpg,Spain,ES,41.485077,1.660827
4fb99e061ba84d32b2f541e772caa901.jpg,Poland,PL,51.349538,15.610458
a77b8d081b79458e82359427ba096f4e.jpg,Norway,NO,69.378636,24.060428
d726f86006bf43a98ee11b328b293280.jpg,Poland,PL,53.138968,19.265042
2d0bd30867d245c385d1be41bc24523c.jpg,Belarus,BY,53.638394,31.569048
8b5d4be6b14e4bfd92d262a5e593241c.jpg,Belarus,BY,52.222396,27.867509
2f4517b8652e467897e11a0169980faa.jpg,Finland,FI,68.348476,27.393953
6dcf98010f034455895eac5312547cd7.jpg,Germany,DE,47.647723,10.484759
b674d81bc1fc4b77940e22828cbd0bab.jpg,Italy,IT,38.020468,13.597066
2d71475aa9784d14be8ed7d884e3c48e.jpg,Germany,DE,48.660665,13.356467
6af9854812b54cf58de48ade45a3dc87.jpg,United_Kingdom,GB,57.559171,-6.154662
38be77c4de3d49c394a785d457f0939d.jpg,Poland,PL,51.111214,20.875588
92da5af2d43c4ffc9d416efc2f113d15.jpg,France,FR,48.50272,3.771698
9d25d13304a64f3cb40532d850aad049.jpg,Spain,ES,42.535643,-0.386954
c4cc4879069a499fb157f46d0f56d2a1.jpg,Spain,ES,37.523033,-5.245947
a3ee3e16186348efb13e906152fc8b95.jpg,United_Kingdom,GB,58.233925,-4.48139
9af8206ea9ef4cda9f630189eb190310.jpg,Finland,FI,65.677299,29.109101
a88ac2920bce437b93543ac43a53a25e.jpg,Finland,FI,63.689793,29.319848
bf61e1a878d946b481e80266b3750854.jpg,Italy,IT,45.24649,11.006934
57863a7bdf624cec979acfd92b5a7a6a.jpg,Spain,ES,39.655976,3.250847
3f9035789d174534b1c678f92bcd389c.jpg,Belarus,BY,55.147994,27.730156
120de9b06aea436db952f0ae4bba47a5.jpg,Sweden,SE,63.431467,18.194187
bdc6afc440204e6c9d457908661839f8.jpg,Norway,NO,66.419324,14.761382
72a2046b3d9f4fe3b50bf98c9d4bfd9f.jpg,Spain,ES,41.543066,1.543423
536ecac822bd46159cf960e7e7ceb7cd.jpg,Iceland,IS,65.497602,-23.200692
56fda660288948c5bd2057c3c7655ac0.jpg,Finland,FI,63.151813,28.4829
b915b1c6396146199381fbac6e36f114.jpg,Spain,ES,38.996591,-4.344472
268879dd3842476f8e49ad95b063b657.jpg,Finland,FI,64.160183,25.799596
c4c960e45c984aa68597ecad8ef51f85.jpg,Sweden,SE,67.437903,22.528637
d778218ff50b4ee98173537e4f6fcb5a.jpg,United_Kingdom,GB,56.8077,-3.446426
2be7703ad1764fccb4485daabf0263e9.jpg,Italy,IT,40.612809,8.328854
ec69ae8b102e4399935ce8fc0521ccd3.jpg,Norway,NO,59.403162,5.334694
df73d6906ff14f538d477e1ceceeb427.jpg,France,FR,42.463386,9.496508
a4f44d53ecc84c77b02243b017a58666.jpg,Finland,FI,66.932382,28.909111
61de1316032e48d19f49effef5cd8649.jpg,Italy,IT,38.005871,13.048822
9433b2b7e21145dd8e919f6b13535c0d.jpg,Norway,NO,59.342693,10.431067
0b959a79cf58467f93bfabd5e16a57cc.jpg,Iceland,IS,65.600752,-20.108756
1d6d8c4d7f6a43638056329f5f6da0c3.jpg,Finland,FI,62.373424,21.406026
75a77ebba7c4431f9ba48a7e8ce35c3d.jpg,Spain,ES,36.55719,-4.656322
294d1af2228b4403bf6d50baab47d701.jpg,Sweden,SE,56.340738,13.274315
c8d6f3503ed6467bac8e7028aa1a32c8.jpg,Iceland,IS,64.903747,-13.923183
a1ab33492d26408ba0728576259e7911.jpg,France,FR,49.304136,1.12845
fc9bf866dd674fe4b8a0039fe8d6e3c6.jpg,Poland,PL,53.472505,19.348571
f36f7788a9e44064b03e3c21d4481da4.jpg,United_Kingdom,GB,56.496207,-5.776487
0cbac50e0330481a8010cf9ddf0b483f.jpg,Spain,ES,40.575808,-4.174801
3e82c2458d6e41e3ab38effc9d1ed878.jpg,Sweden,SE,65.929278,21.819881
9eb71003b917432bbdb15dacb395d66b.jpg,France,FR,50.202248,3.782629
0c4d978580384ea397396cf93c9c9fc9.jpg,Germany,DE,49.205723,7.076011
0087f52cd0b9428b9b8f1576f3bf91f0.jpg,Spain,ES,39.351556,3.132722
4e779c5e64b646f480af283cfccf76be.jpg,Belarus,BY,52.237194,27.55566
8b20d3539e2a4c34aac25d0930642440.jpg,France,FR,48.240707,5.480299
c784bcf85a6e430c9db3f934fcc1d21d.jpg,Iceland,IS,65.839188,-16.395865
ebeca6ade3194498b4ef2b15fb8c5fcf.jpg,Spain,ES,41.682547,-3.252902
336908ebc8ef4461bdcc68352889e44c.jpg,Norway,NO,58.689543,9.008273
1d02f349d0314b5e9e4993e1713c840a.jpg,Spain,ES,36.820921,-2.253433
0d170a132bd64ebc8e5308f6e54c3989.jpg,Italy,IT,39.066043,8.440207
2c58d0657f6546abb7c4d4ab9862b0b2.jpg,Spain,ES,38.186952,-0.809817
6845c32454714fbdb12389fc4ade0b00.jpg,Italy,IT,46.648788,11.709369
45121b303d7f490ba473d3f8e96f0d11.jpg,Iceland,IS,64.15357,-20.355989
4914cd9b6a7c4b41991cb33f29657e21.jpg,Finland,FI,65.068917,28.899168
e2219dc2157545a3bf4e47f186c6fdbe.jpg,Iceland,IS,64.67435,-21.665322
08eb138b06e5485bb4382c681951e6f2.jpg,Finland,FI,61.728771,29.699428
7d6a6e2aa4fc4fc4a9386aba6962e533.jpg,Iceland,IS,65.045823,-21.097105
488fc5f47127429ebd47a4ea8ead57af.jpg,Iceland,IS,65.943144,-18.426575
4a7113631145441aa24febd1853cadce.jpg,France,FR,44.699525,4.826393
3411b16884ce48e385291e49f8e70808.jpg,Norway,NO,69.631632,18.026682
4926e98ec1b64b488b0658783633be26.jpg,Belarus,BY,51.701238,29.145248
a81421125a4647c4a609c8863001073f.jpg,Turkey,TR,36.945082,31.266611
6bd7de803e9941c5b87afc1ee10d930e.jpg,Belarus,BY,53.300528,29.521461
42fc0ed08cac40678d1a41f4929fd404.jpg,United_Kingdom,GB,57.747867,-5.631429
bf64cf7c9d3040c5ad870b05b2eb2eb2.jpg,United_Kingdom,GB,52.941544,-3.82647
8a4c6865109b4219883d6032fdfc4cde.jpg,Iceland,IS,64.499487,-14.478084
547fc890d3ec415aa42cbabb47955110.jpg,Poland,PL,51.599964,22.717425
0e64adf5e28a41e9819f47a7535d9a38.jpg,Italy,IT,46.429611,13.616613
c1a402097616404692071cfd6243ceef.jpg,Finland,FI,63.52358,29.022136
75dd6651fb624d82984f3edff37e3178.jpg,Norway,NO,59.953252,6.58044
5bcc4b3acbd648efbc2de5ab1cfe0c9c.jpg,Iceland,IS,63.520838,-18.47613
ae1bb27d91ac40f38e1503c65112ab10.jpg,Iceland,IS,65.311367,-21.743107
8a4a61b966cf4694a2c37be8d85dd358.jpg,Belarus,BY,52.064753,27.757462
bc8bd78e8d23430ab1b973558439986a.jpg,Germany,DE,52.743155,7.207171
6936aa29eadc422a836395cd7d974468.jpg,United_Kingdom,GB,53.098157,-1.532503
f9844277936e4ba8af7a4eef28ddc32b.jpg,Spain,ES,37.884983,-4.369356
6f8400c48e80426fa998301de875daf8.jpg,Sweden,SE,58.308041,14.135961
f0eaa80e50d34166ad99e7aaf0b89deb.jpg,Finland,FI,66.160254,25.101915
f63c15e561e04251a79e59733fc79a31.jpg,Norway,NO,61.202114,8.977163
ba4ee0546f4647bdad88b186bce501af.jpg,France,FR,48.464208,-4.51439
c8a0e1b38d4d4df5807bd7995091fa37.jpg,United_Kingdom,GB,58.557815,-4.70673
c47509fe8154495e904e352dca1ff087.jpg,Italy,IT,39.150201,9.403848
b5f908138700404d8381d0d246615850.jpg,Finland,FI,61.800039,24.439971
7119f5e9911744d6bdc1914c5aaf9771.jpg,Germany,DE,53.743864,9.527332
c28159acc34341569b730df7f812102f.jpg,Germany,DE,52.038616,7.868371
31eef712fa134fa6bf70e3c97f95a85a.jpg,Turkey,TR,39.657087,34.545756
746758d5e4ff4cff8fda87653a215c57.jpg,United_Kingdom,GB,54.45838,-3.564052
f225321ffb5145b7ae93f8e700d4086c.jpg,Poland,PL,51.657159,17.780654
a395c56373d4454498c054d81d0e8f65.jpg,United_Kingdom,GB,57.556987,-6.153906
66bcaccd0cac433889c8068bfd006966.jpg,France,FR,41.832903,9.403586
60554c4da1154225b68ceca6daba038b.jpg,Iceland,IS,64.708597,-14.317648
25fcbf4a81d34a9cb2971a3a43016c69.jpg,Sweden,SE,60.813004,13.428568
f8954a1729c348629df307918c8a3fcb.jpg,Belarus,BY,53.032466,25.656718
3078131983cd44f6b1e354aab7acc991.jpg,Finland,FI,64.704692,25.572879
cfa23435cc7b47eb930b41668736127c.jpg,Poland,PL,53.177938,23.147298
aaa6ab9fb8594600986f73bbef29fdd8.jpg,France,FR,44.146276,-0.873696
118299a165744d9da8b7b177b083ac6a.jpg,Sweden,SE,66.650051,20.125595
57febd35483a44aaa41b99eb6064ee7b.jpg,Iceland,IS,64.820298,-21.393362
06a126a9fa3248b591188a4ad3cf32e2.jpg,Spain,ES,39.421305,2.896097
5ba340beb7374f3cbf383079566867d2.jpg,Poland,PL,51.33529,19.687185
18cf52bafde14a06a2ba51563fd3527d.jpg,Norway,NO,70.820849,25.766476
5039e286f0a441619ba156ca50bf1deb.jpg,Italy,IT,41.002477,8.904379
9c639609dd2a4913be61a6aa9a3d073b.jpg,Iceland,IS,63.501522,-18.869396
310f10cca5d24dda9f5eb9fcd7352feb.jpg,Italy,IT,38.173568,16.204609
13395d1584e9424daf4e110e2cac52f8.jpg,Germany,DE,54.168597,8.906091
377a6e9c63c949488291da7633e6ec19.jpg,Norway,NO,58.69433,9.014572
1e677d4aa0cd4aa6bc247a5fadff387f.jpg,United_Kingdom,GB,55.696597,-4.30866
4a798b0e9ffa49f6bf6978264facf21b.jpg,Sweden,SE,64.729903,20.917551
e19d082a1270488f874cc654dac03afd.jpg,Spain,ES,37.467041,-1.961532
3e34f71c075b41ffb2d03b0bc125b402.jpg,Iceland,IS,64.814355,-23.138469
c4e68dee284844aeb0e0ded040f8d9b9.jpg,Spain,ES,40.186107,-4.989147
76b885c63b654ac78d9013396c6440c0.jpg,Turkey,TR,38.281585,41.098895
cc0292bd4ffc423bb38fa74b338780af.jpg,Norway,NO,69.435636,19.254638
25ce7b989f604b25ad0a33b30cd30019.jpg,Iceland,IS,63.975548,-16.97803
0aec1cd7de6744e0ad957b6a199dbc84.jpg,Germany,DE,51.734504,9.775652
6143be922f6a4aa28a3cc0defaab7849.jpg,Italy,IT,37.948598,12.562969
1c45cdbe8df44002890b28aa9f64c0c1.jpg,United_Kingdom,GB,52.041981,-1.193448
daeead3d3179410d96083b98c86c45ab.jpg,Spain,ES,28.771155,-17.96012
a83ea74ca0a447d1ac2559328cfddb9d.jpg,Iceland,IS,63.853937,-22.44518
d70f50cc8ef54d6287c3bded82b6291e.jpg,Finland,FI,68.15734,25.762579
43c85225f2404278ae54c43f1acd7bfb.jpg,Sweden,SE,62.157733,17.449426
c9a14648d29848b08d2c8689d99235cc.jpg,Poland,PL,51.687807,17.921345
2602ab8151cf4e54b20a668520e2eac0.jpg,Finland,FI,62.791735,22.832842
f6528e33d8bd4b7b98831b39893ecded.jpg,United_Kingdom,GB,57.46669,-6.184829
8c75546426c548dca5f2d2d4844a3708.jpg,Norway,NO,60.824691,12.672547
35d40b9a92e941d3821190d9e40207e6.jpg,United_Kingdom,GB,53.794496,-0.071866
4f4b25e8e1f040bb890f29a8cc3c51a7.jpg,Sweden,SE,64.713378,21.154692
0e435cda34014d14b68f540280fb8957.jpg,Sweden,SE,65.039462,21.351213
5312e1e3b70c45618d3a62e970f98607.jpg,Belarus,BY,53.59516,25.862332
bb8c893d309949c78607f5ac3eeb468b.jpg,United_Kingdom,GB,57.557255,-3.001561
1807c1a436f1436fbbc47edefe3edb30.jpg,Iceland,IS,66.055791,-22.987464
880616bea3d743d5a9efab41dda628ee.jpg,Italy,IT,41.818022,12.782088
158f43987c83482d9a849b9caa7d2489.jpg,Germany,DE,50.271246,9.046673
213ba62e23ff4528a1b1402cdf725ca1.jpg,Finland,FI,62.867699,21.710726
72da9571040b418a923390de895a920f.jpg,Germany,DE,51.578579,7.535342
5485715bdc9a480db0b5ce125255016c.jpg,Turkey,TR,40.391804,29.456193
a018353626c8458aa13c1e777ea9a6af.jpg,Spain,ES,40.017907,3.870115
d763d96e10384cbf95c81b639764bac1.jpg,France,FR,48.610277,-4.533113
f4d99a3b8c2e40baabcc013eda937444.jpg,Sweden,SE,60.589548,16.330361
075c181e1782453abd4f2fe6f2729b54.jpg,Belarus,BY,55.534009,28.755448
73ba86048b65458a84eaca7ada69c04f.jpg,Finland,FI,63.644904,27.447163
5fe03cbc8f1048a38f24cd93cff54bc0.jpg,Poland,PL,52.990085,15.705428
5a13245540aa4d04805ea6bf1a03b73b.jpg,Poland,PL,50.840575,19.054758
b936b6286a55480aa268552240a389dd.jpg,Italy,IT,44.756514,7.241439
bb0883212a2f412e8e4cec5e6c78ba93.jpg,Iceland,IS,63.541887,-18.454265
b180aba7ea9e48b097280d295c5150ad.jpg,Germany,DE,50.647394,9.792637
ae7a4053f94d40be9eee84e3fb387976.jpg,Belarus,BY,53.10895,29.66455
624f4a5b61f04e2db9e2958c8efa9fdf.jpg,France,FR,43.665106,0.566328
ec44b5cb04854b1cb94df2f53ae95da8.jpg,Spain,ES,42.105874,-0.171407
076556722350427a9f1114a87f0bb64a.jpg,Norway,NO,69.438057,19.246305
f5e91cf5fdfe46afa649fd243e7e34a9.jpg,Sweden,SE,60.723514,17.267308
e3c95814577c46b88ce9ab9f4703a026.jpg,United_Kingdom,GB,58.539272,-4.782386
283db82b3b674af396ae3cccb6f605c0.jpg,Poland,PL,49.444208,20.299785
88570c16736b41ab8515e9f2fba92b5c.jpg,Finland,FI,65.833478,25.290965
81bd9a992eca4060bfb76d37b87cdf2b.jpg,France,FR,48.14346,0.972931
e655543866614e10ab37d206f6608ab7.jpg,France,FR,47.520222,3.541332
95065e106ff244699a6e58faecf46db1.jpg,Germany,DE,49.775741,11.39054
f49d414e432b4017a36e78edd9b6f2eb.jpg,France,FR,43.541191,0.465658
e4bcb9363b79479c8f96871a1598d135.jpg,Germany,DE,48.741984,8.210608
c73822d5c7c747cc906ba303188fbb82.jpg,Finland,FI,66.690956,25.411277
575fc48001e3420b9035e6bd2745e707.jpg,France,FR,43.597519,6.857185
54d6ff3007184fcb8fd7f3d79825acb4.jpg,Germany,DE,52.675283,14.107854
862f76de01d34882a35673a41d6aa9a5.jpg,Italy,IT,40.713712,8.515494
5464b0a76c3446a69969269388a83206.jpg,Spain,ES,40.683782,0.338429
aa282360a6564d6fab6842c74a27a11b.jpg,Iceland,IS,65.878922,-16.535227
5a48b2045eb24885b475cc829f85d8af.jpg,Germany,DE,53.228681,8.657322
2344ae7b5e1944d2b2b999bd112d2e9c.jpg,United_Kingdom,GB,58.538626,-4.675619
1302d6b04d5b4f0ca17fb063b9bcffbb.jpg,Turkey,TR,37.028802,35.442698
f00bca50869941778d25481a9834b3bc.jpg,Belarus,BY,55.266033,30.331848
e32789acf7424c4fa7522e907b602621.jpg,Italy,IT,43.406684,11.30565
6743a0e590e442eb90d3b7d108e4c6ab.jpg,Sweden,SE,63.964249,14.073303
7a7f5a4cfcca450bb078da914e422836.jpg,Sweden,SE,67.143219,20.855925
ffc49647426b48e480478e725a4ef0c7.jpg,France,FR,48.095967,-2.801507
c15ed40732fe4832a425b5dfd485ea6b.jpg,France,FR,49.029692,7.915394
5aed9a1566b44fdbba2592bbe052e08e.jpg,Spain,ES,39.134058,-0.305732
0982930ba192417a8f225729b639fea6.jpg,France,FR,48.944331,-1.389314
390cfc0a9d994eb1902d9071306cdcd0.jpg,Spain,ES,43.329453,-4.553621
a1633111b6074000ba47b70cda600a19.jpg,Poland,PL,49.982251,22.019829
60e773c0de524894a57f241a9783d886.jpg,Sweden,SE,67.903071,20.11436
21da9f65b80242feb060a74892c3cd6a.jpg,Spain,ES,39.122062,-4.133688
e4bd33c0111e490891bc06bfb6790018.jpg,United_Kingdom,GB,51.29854,-2.321852
86a322bdd5f243159d9212cc083d239d.jpg,Iceland,IS,63.847865,-22.42704
3a3ea0adcd7947a4966d0c8293157472.jpg,France,FR,48.278033,-4.30159
5bed37cfeb3b4ceaab1f1178def064d4.jpg,Germany,DE,50.38936,7.682787
1d4c37e2338d4d4aa66457590797eb71.jpg,Poland,PL,52.225771,17.352686
c63747dd8b534806b1560e1749a78548.jpg,Finland,FI,64.422415,27.674665
f398218b91ef42ff97cd009c161f9c39.jpg,Finland,FI,63.141583,29.535689
a08768f585a54b5cbf06cbccef9ec5b8.jpg,Turkey,TR,42.002338,35.092065
7238ad5a13d04e6eb82de997e35e7906.jpg,United_Kingdom,GB,58.501485,-4.644599
09230bb430ae4216a0fb1c0431cdf6cc.jpg,Spain,ES,43.421806,-5.08755
1941e791b0e8448a84d9fdde88d65d85.jpg,Italy,IT,37.119953,14.654696
c65426fe4c894b46a898c403a56b9c42.jpg,Finland,FI,61.296514,28.766024
d1b90fce59774cb5a2c85d4fba964d83.jpg,United_Kingdom,GB,50.228452,-3.710068
90764cd16b304bb89a300f0cb5694dc2.jpg,Finland,FI,68.000301,25.182385
c516b8df31374b8a9e7ebc8f8ea2b8ac.jpg,Sweden,SE,56.182496,14.090153
99ebe7a1c7634e7a966d24420b0ec864.jpg,Sweden,SE,61.9296,17.24552
221c6eb2154d4460b0308bab42d8dab7.jpg,Sweden,SE,65.24459,18.853285
b60683ef3ebb43f8ad044a9edd1449cd.jpg,Iceland,IS,64.82904,-23.467422
339a7d52c1a24dd29bc3c5e4c504d8c3.jpg,Italy,IT,44.56171,10.804194
5630dbf12c7b43589b9fd6ba7fc9de02.jpg,Germany,DE,53.08919,11.275679
6ef62b985ccb4975a336cb31f1ad43d9.jpg,Germany,DE,52.901074,8.415136
da2dad6ddd5a4ff3b5f625eb42ab494e.jpg,Norway,NO,68.890096,18.367388
50d39fade944467c9688d76300acacfe.jpg,Poland,PL,49.965293,21.311014
f48f54d961af48cb8d398d0737b34315.jpg,Finland,FI,63.597622,22.762011
7ee1e4f86c074a018b417744ce891066.jpg,Iceland,IS,64.834853,-22.881302
3af7b851f8624c1b85c010974185bf45.jpg,Norway,NO,60.267544,5.441657
71c119b7692642d08e1c07413b72b84a.jpg,Poland,PL,54.353226,22.727182
2d38f25597174a72bec0615d8454ab46.jpg,Turkey,TR,38.621487,36.439849
99ae2c52568d4a968bb64a158f9128d3.jpg,Norway,NO,69.462859,19.239782
146a223c4eb84c7cb4067693886d6cb2.jpg,Poland,PL,54.613234,17.37637
8ad4cecb9fa04f06a171f4119b17b06f.jpg,United_Kingdom,GB,56.717557,-6.059076
52a08b3330d543d7b3d4341ff8b3954e.jpg,Italy,IT,39.323828,9.146098
5c3252e7ebb7406bb0217246a6a0677a.jpg,Finland,FI,63.17401,28.478785
70f3686e51c54be18c63fac13108ccc6.jpg,Sweden,SE,63.289986,18.400588
9d7a4399df224e55b5ec3972f178bd1e.jpg,Germany,DE,52.178399,12.064124
a675b13574264b57acbce7e963e9237d.jpg,Iceland,IS,65.683751,-19.605583
6bc67f8ed9ed4f7fab921c3ed796d979.jpg,Iceland,IS,66.005804,-22.935248
baf31be2366441418aa8897937604066.jpg,France,FR,48.149411,-4.235565
ae52a6b50b724aab9b93f0bd0973e0ac.jpg,Germany,DE,51.83436,9.204222
60288a2f022541ecbb9df56bc721f580.jpg,Poland,PL,54.231867,16.533357
04ee18e47b0a4e328128a22b0b5f5afc.jpg,Poland,PL,53.671599,21.313249
ae66df2ba76746f6a61e2be4cdb4f90d.jpg,France,FR,46.478379,5.688193
b2250f84a4ac4ad5bb95d5144cfbd6dd.jpg,Belarus,BY,54.516578,26.93071
5298142342f340d398af5499bef83dfc.jpg,Turkey,TR,40.681634,36.551816
f3918e0ce513406bb67d43d12b922688.jpg,United_Kingdom,GB,50.833724,-3.799671
400c59850f884ae4a4a9dfb7582e721c.jpg,United_Kingdom,GB,57.080644,-3.984903
56e4de5325724d92a4e0dfeff2335d24.jpg,Norway,NO,66.303742,13.562544
0ab1a99c374e4e49b476c6940fc2e53e.jpg,United_Kingdom,GB,50.443265,-4.58763
828f311d89dc45ecb8faf702d4afb4a3.jpg,Belarus,BY,52.132036,25.538637
f7c4ba97cfa84e4599a46ac30616d331.jpg,Belarus,BY,52.022771,30.495758
c78eed6832e645c6b19ad675237305e6.jpg,Turkey,TR,41.566274,33.782703
1b85adf59f84480caea8b35a6ae5ae0a.jpg,France,FR,45.529555,4.516941
bd8d93aaf22d405aaf4c5dd705f8e06c.jpg,Italy,IT,38.013241,14.373972
7e9a2cc50cfc4664a112469c4bb2c537.jpg,Norway,NO,69.082657,15.563348
dbc786794bbf4f04a5fc3df0bb4cd6ae.jpg,Italy,IT,39.559102,8.888875
50e472e8c51e427b9bc79d578ee93ce9.jpg,Finland,FI,67.525319,27.939589
db1b281972dc48be92e75c210f4fe377.jpg,Germany,DE,49.146364,8.841426
17303e827024477bad92533d2ade7b9d.jpg,Finland,FI,62.913378,28.766222
572c9e823d1642dabb92e23b6909cef3.jpg,Spain,ES,39.673322,2.957416
b065b7620bbf40d5879ce1f68295f5d2.jpg,Sweden,SE,60.946257,15.688155
824c4d9290e341b98b1036864f78275a.jpg,Germany,DE,51.076696,8.63294
c28e002300c74c2287265c6e0733833d.jpg,Iceland,IS,65.604036,-17.202462
1731c7fb77a94a96a4d697118a7051a9.jpg,Italy,IT,46.016867,11.987493
ae1d385034d54842a461b8efafc89791.jpg,Spain,ES,41.897388,1.320002
ac04d46c63b14cda8ad6fa79b5155c6c.jpg,Finland,FI,60.485013,24.487691
7ab704addfee46db98333a133ed84ea4.jpg,Spain,ES,41.982395,2.882943
d6e57964e6c541f1a2b910b64a508fad.jpg,Turkey,TR,38.696322,35.115604
8485cb03dbdf4d82ae8991e797d1194c.jpg,Italy,IT,40.212728,9.550849
b165d20435a44270bbf00cffade41d73.jpg,Turkey,TR,41.344256,27.449796
930c8377574e4b76886576a6d74517af.jpg,Italy,IT,38.018031,14.080718
adcee0b97acd477b99244fb182b133e2.jpg,Turkey,TR,37.232682,30.501363
033e6317d30b4bef820a948dc4efcb64.jpg,Spain,ES,43.042244,-4.216932
441acc01a81343fda84cffdca08c5d19.jpg,Poland,PL,49.476253,19.672129
593440894f634002b1d00921186befcb.jpg,United_Kingdom,GB,58.513928,-4.806959
80bbb792ae0c403f883be412e9885a18.jpg,Spain,ES,39.339619,3.095482
7f0d6c1f9ddc42d2afb1fd58f6db6a76.jpg,Turkey,TR,37.811449,41.229488
50e327d364da4e4593e72715a63b6bde.jpg,Sweden,SE,64.702715,21.124958
45ba5786769f4688a0785fbbae9240dd.jpg,United_Kingdom,GB,54.263745,-0.393683
10fa8f97a0df4ff987b96c94aa6957b4.jpg,United_Kingdom,GB,58.034006,-5.23537
4bcff252abed4ab3a7c668f2f3a52646.jpg,Germany,DE,51.491568,11.57866
45f4fe7c2fc44a769ebb4cdc5112f9d2.jpg,Poland,PL,53.600136,21.043647
4972ec6cecb949209808d5816a165e14.jpg,Germany,DE,51.683241,10.214574
2deeb7498be54bc29e2828516797d28c.jpg,Germany,DE,47.724361,11.565606
c142ac016d0d4815aaca3f16f8c3eb0a.jpg,Sweden,SE,58.001822,15.750322
60d6a53247c04189aeba0a3246631473.jpg,United_Kingdom,GB,57.156151,-3.879499
c480f7afd29a48598c9b4c4d18904bac.jpg,Sweden,SE,61.75767,16.866385
7cc308f510a54c83ac7adba445fc9c9e.jpg,United_Kingdom,GB,57.996643,-4.448606
d7080d36e6804937b1713cda120047f7.jpg,Norway,NO,59.547194,5.695907
ff17918215de4a378dbde8f4c8991567.jpg,France,FR,43.992367,4.336861
770263a0b89d447db105220f8206addf.jpg,France,FR,48.833381,6.255258
5bba2001bc2a4f4aad8215e4954c7600.jpg,Finland,FI,60.488891,25.104142
49c13131a83547998668a05635718801.jpg,Sweden,SE,64.353747,21.104445
9a7c81e35bf14e5c9bbc6f5e971c6423.jpg,France,FR,46.996654,5.695692
0f4d82f125c64aa88852f372455dd290.jpg,Finland,FI,66.269103,29.402569
3d283c4c976946faa869b9af1619a407.jpg,Italy,IT,41.366056,14.023897
b4648d3f0fe24c62b2aa35e5bf83de88.jpg,Spain,ES,40.17504,-0.869698
c4a298f7bb7649638c977cb121d2cc56.jpg,Sweden,SE,62.069346,15.837376
54c6f9c47bdf4abe8cb608c745186f36.jpg,Belarus,BY,53.518493,30.268511
1e721f6c5fb145aa81929bb156164350.jpg,Finland,FI,63.933639,23.436564
78c12674e39849779722129560fc9182.jpg,Turkey,TR,38.203519,30.05099
67634f26f8424114b69c1f41b79ce8ff.jpg,Finland,FI,63.736116,26.70894
d0f1311e2d444d5da5607d75a3bf564f.jpg,United_Kingdom,GB,51.874963,-0.972836
ee52b89f74d94144ae744a5f051ef75e.jpg,Norway,NO,69.722349,29.838002
57ac4d950d7d463b9df2c5d976119e3e.jpg,Belarus,BY,52.287632,30.984972
a93194335ce04ae4881c971d8be56cf5.jpg,Norway,NO,65.102115,14.600888
cff94417e670405c9fa817f159b61bac.jpg,Poland,PL,54.556743,18.317263
f3e88fdeab58408fb893ca0699536a66.jpg,United_Kingdom,GB,51.408987,-0.592503
cc6e0a01436a43a8983350bd80c5cac8.jpg,Spain,ES,39.413736,3.136744
ba73e2f76ad742a78f27c8cbbdf0aecf.jpg,Norway,NO,58.345042,6.190459
e1068c37708444709b5e4c41c3d0a048.jpg,Poland,PL,51.541406,21.812038
b4c023aef0524af2a80438d1401bc110.jpg,Norway,NO,59.973889,6.572586
3ee9b77cc69f46c4b678c54648a1755f.jpg,Finland,FI,63.496358,30.032696
266f71458aa445239711e13ed21c6e89.jpg,Turkey,TR,37.050461,34.940723
4eb49ec263bd4bd0a41e357f9dd42206.jpg,Sweden,SE,59.866173,18.137683
8743baa8183d4bd7a65e1fe14db88d6a.jpg,Sweden,SE,65.420037,21.25187
adcebc84dfb945f59d29db0e5745d574.jpg,Poland,PL,53.513195,20.685154
0549ff1cb8cc4dc5b234ff5f52be5522.jpg,Poland,PL,50.02902,19.80091
20a274b00713408fbba0bd61fdce4ee4.jpg,France,FR,42.087861,8.71208
96e1fa4e120e455282993567e998d72c.jpg,Norway,NO,70.405211,24.488382
4d2a6cfdb61e4fc89815de0272a4919b.jpg,Iceland,IS,64.716007,-14.324487
cc6c04f458ca456f93c0b5ff2c8d7874.jpg,Spain,ES,41.762114,-3.893498
9ca5d7090daf4b929769805e19781dcf.jpg,Germany,DE,50.360241,9.255665
155d0015019a453dbb42a0e73cfcef09.jpg,Belarus,BY,52.129349,29.42728
d51eeacf35f5474d9994227cd7784d68.jpg,Poland,PL,50.822544,16.428628
53bea958d5b74596a31c3783ba78da97.jpg,Poland,PL,52.286545,18.265577
da8f684ed7a145a5a94090bb33fbdc3e.jpg,Norway,NO,61.929216,11.766155
b8f1b1c92bb24b7f9783acc4fd6d356d.jpg,Turkey,TR,37.033921,43.763429
56d38acaca8a4274b14dc46909fcd372.jpg,Sweden,SE,64.095247,20.140189
c5618a0fa22d44c2ab6dd681f4564cde.jpg,Finland,FI,62.63958,22.766858
c14380e0d8304578ab83825343dee4ce.jpg,Germany,DE,51.110636,7.812556
97742c1f209345379fd8eb8395eae5e3.jpg,Belarus,BY,55.08743,27.148609
070fa11598fd49f6aaac9a91750e1f56.jpg,Italy,IT,36.777772,14.685586
a34d32c4fab0463ca1869885c04a31da.jpg,Iceland,IS,64.313924,-20.266064
cd67dfb6274d417ab2983a56dedf0893.jpg,Spain,ES,43.376913,-4.516835
31b70a40d16b4e1db0cc01eb591c9524.jpg,United_Kingdom,GB,50.129463,-5.62196
d9895868415642ba8828e9e0aa3cac84.jpg,Iceland,IS,64.518307,-14.548117
2e4560299d804f5fbd1a89f63a50b620.jpg,Finland,FI,64.25024,29.540679
1b64270937e747e089c43d22d4a46ac4.jpg,Turkey,TR,41.444743,32.712725
8da821e6a83649879a1aab812055797d.jpg,Iceland,IS,64.716473,-14.324796
bcecf57423154314a092d40f95323807.jpg,Belarus,BY,52.214749,31.520143
0cfa6c1e2ca44ea49f74ee8ef4857865.jpg,Norway,NO,69.378812,24.129599
9e9fafb19cd3437b90bb3e3d762ad6bd.jpg,Spain,ES,42.783271,-8.467285
12d10d7687ce45f0ba4a003cee199566.jpg,Finland,FI,67.511624,27.950769
625d4b3c4c254479bab3aa80e98b5793.jpg,Poland,PL,54.19818,17.391315
67e8066cbc874301b8c1c4c0afc72b6c.jpg,Belarus,BY,55.46987,29.093657
8f44a674fd2747a1b8bcf2db8987ac38.jpg,Italy,IT,44.18213,9.863866
335e729828f54d4cbf6e35ae04ffb346.jpg,Sweden,SE,67.83499,20.705882
dce9bf2a0d9f4d3b9949218d11e77240.jpg,United_Kingdom,GB,51.858378,0.668781
c41872292e9f4515b154575962969a45.jpg,Spain,ES,40.49764,-4.676647
f08d34517b894676b9e18a82cc750f97.jpg,Sweden,SE,65.054595,17.275649
078278b89fc346ceb7a80ac5ae72f966.jpg,Italy,IT,41.030527,8.970655
facf6c4253ec42a7862972c8d1491e43.jpg,Turkey,TR,37.634792,41.419543
5af8835c524b432b979fa8427abd200a.jpg,Turkey,TR,38.497881,36.454068
2039fed113a04d7f89034f4a12c64e61.jpg,Turkey,TR,39.039094,34.550869
109cda5b1a794ff9b4812dee091bc63b.jpg,Turkey,TR,38.931003,36.056874
5ea91c2d7b154e5f94ba65e2f3472ee4.jpg,Germany,DE,47.908422,8.052379
7661386061e941bd9ebe52d6bd941143.jpg,Iceland,IS,65.574691,-22.909997
355114ac0bf44cdebef7073626b8a4ce.jpg,Germany,DE,51.912806,13.047439
1ffb66a72f7e4f1aac7ae06f1405f511.jpg,Norway,NO,69.418495,24.717433
084714dde65046578900a7e6055fe0f8.jpg,Finland,FI,67.682854,24.865754
ae4702e3cf4a49c09bcc63951434d749.jpg,Iceland,IS,63.8177,-22.541795
e65ad36b42ac4a639e7ca94cfab0ac00.jpg,Germany,DE,49.68383,11.287435
5cf8e6b4838e425e8eadc3a8d7481b8a.jpg,Spain,ES,37.788112,-3.843595
fa622f38a0d54e5785f3d045ae8ca6b8.jpg,Norway,NO,59.929833,8.929209
f2dc589b1f714639af9f346a0d66bc56.jpg,Turkey,TR,38.950926,27.720077
36cb6ba55641406aa2141e7b682b6b28.jpg,Belarus,BY,52.239269,31.266029
0c8be74e4bab40b4bffd8f0add31fde5.jpg,France,FR,45.807773,3.319766
fec7b475684c48659e2169429c7bf6af.jpg,Norway,NO,61.517575,6.64354
1a2b3a7977bc4be0afc84e0c105ebecd.jpg,Spain,ES,41.719467,-2.840767
e6cd216ca4044d788dcdb7a8df804bd3.jpg,United_Kingdom,GB,58.521172,-4.685233
6faa39ed51c349e9bd49167f807959d9.jpg,Sweden,SE,57.177718,14.078164
e06d07d864dc4d979dbd30b18766c918.jpg,Norway,NO,60.042989,9.866692
411c3f4d5d0d4ae2b142402177f14244.jpg,Finland,FI,63.165724,28.086182
524d029287604d00ad0e3da1d29e7cba.jpg,Turkey,TR,41.09496,42.819787
6e54c26f839d48bc8bf1b612115987ff.jpg,Sweden,SE,55.40236,13.156364
927132d0037b4b3fb28e25987bd2fe87.jpg,United_Kingdom,GB,53.642053,-2.89203
e09047fab04145d3bc779eb1f6b67418.jpg,Spain,ES,42.131636,3.064628
06b619e4fd1f40658f44a435226f9342.jpg,Poland,PL,53.749904,17.771071
fea10d3ca220457680b3b481a5004e09.jpg,Sweden,SE,58.394315,15.299058
59c4d444ff4048d28010e882e7c21c86.jpg,Iceland,IS,63.852255,-22.114258
596f057a1d4b4af7a4526bfb4c6aae4d.jpg,Spain,ES,37.325082,-6.834047
42ae498eaff64b8d8be4899bc3a3048d.jpg,Iceland,IS,65.665402,-14.996241
ecc55e797ee549fd9f4f231ace69c74a.jpg,Spain,ES,28.078733,-14.433039
fd002b1a083a44c8a49406037b0fbadb.jpg,Sweden,SE,57.652833,18.653089
a17076f06c044e4aa77dd4002ea0d551.jpg,United_Kingdom,GB,55.200377,-6.198111
3f9a72628b3b42f488690b0f9f2ac970.jpg,Belarus,BY,53.549295,30.34094
a7a086b10d7c42f095fb8769d4de681b.jpg,United_Kingdom,GB,54.32522,-6.461995
e7c88d66835c417ba572887b7cf0e50d.jpg,Belarus,BY,51.668967,29.12494
df73a69d271b4024ae0877c32269554c.jpg,Germany,DE,53.426505,13.818748
00962bcda8a74486be91dc7fe4986b4c.jpg,Spain,ES,41.103312,-1.168238
137545a07cee4a2ba38534a042623314.jpg,Poland,PL,51.44814,22.611754
296db02d3a8e47728126ffe8f67e1c08.jpg,United_Kingdom,GB,57.486211,-7.252149
9e9481d8e58b472892ba39766977b926.jpg,France,FR,48.789244,3.032109
029b77143bc645849e89ed967a36190e.jpg,Poland,PL,53.979933,16.029387
478ea648a3c0447791d00324d4696cd6.jpg,Germany,DE,51.899111,12.408854
3db9ddd990b14c0e9d0ceb3ec2f3025f.jpg,Sweden,SE,66.161791,19.955699
52d778f942ef403c9d62da8a0c4c8614.jpg,Germany,DE,52.73875,14.210143
a262e7630e5f4afd9a5fa7b419fe918f.jpg,Finland,FI,64.918752,27.614709
df62aebb745943f8ad0babad59c3f75f.jpg,Italy,IT,38.151481,12.737976
10b8a8fc75bb437ead2566ec31625430.jpg,Italy,IT,40.956426,14.835434
83e14e96cbe44c73b63258f2ebe088f4.jpg,Poland,PL,50.743407,21.304398
875c70b54f9a45bb80e96a20f3534eac.jpg,Spain,ES,43.346965,-5.019349
8908ac201a1e4738b95087217815deb5.jpg,Sweden,SE,56.957938,18.302935
206f35da53204a0984af3ae6bf36d19c.jpg,France,FR,43.842928,3.742679
089c554c5cdb4639a09c077054540de9.jpg,France,FR,48.735921,2.986122
66fac7855a914a958166e31d0b5a050a.jpg,United_Kingdom,GB,50.501644,-4.693468
ac875daf2fd442598999c6d9bcd39d28.jpg,Belarus,BY,52.078902,27.700558
638b570d219d4978bcac659b4ceec6b1.jpg,Turkey,TR,38.951585,37.547606
a9facce028494588881d170ea10e4d1b.jpg,Iceland,IS,63.84336,-22.43187
843ee5cc3ed441bbac06d413e5a8f4d3.jpg,Italy,IT,39.058554,8.428879
ffb7400457c7451ab0c38b3bc7ad161a.jpg,Iceland,IS,65.739633,-23.820766
e76993a291ca43c49cffbfd3a7927f43.jpg,Belarus,BY,52.41927,24.358441
cda84a6f78a343f1b18672ec05e5c78c.jpg,Sweden,SE,65.804288,23.149873
714eb9594025478a9d3872764d238fb4.jpg,Norway,NO,62.510117,11.27255
f8cb6ee651094039b121b454fd156029.jpg,Turkey,TR,39.775241,30.180514
055a9caaad774adab888b3b479b228b4.jpg,Sweden,SE,58.983598,18.120278
a76e710b307d46e29ae434326808dbcb.jpg,Spain,ES,29.008471,-13.531969
517e5d0af1084b2c848ab5e6e3353750.jpg,Iceland,IS,65.680334,-17.345093
7400642df39e4f1e9303664bef18f640.jpg,Belarus,BY,56.028255,28.367618
fdf339cd3d71461ead52b221fb91a3ff.jpg,Belarus,BY,52.037737,29.454729
8f49d71593394a0eb108e7a60b2baa8d.jpg,Belarus,BY,55.267192,30.111688
c636314df2a04418849269b0f7d572b5.jpg,Italy,IT,39.490327,16.958532
9b68140af7ab4b29ab42db0c15e096f0.jpg,United_Kingdom,GB,50.341028,-4.657593
9a3ea24a83e64db091ccca069c192b54.jpg,Sweden,SE,61.751269,14.662736
1e8ed4a0b60d4bd1afcbc210dab23912.jpg,France,FR,45.363684,6.519744
397fdfdaae78469db47d6156f03ca292.jpg,Spain,ES,38.63579,-3.471639
8871ec95aac4422eb64642f665388200.jpg,United_Kingdom,GB,55.355527,-1.854006
59e41b5d97374481a5cf5d99715041af.jpg,Turkey,TR,38.659035,36.082338
ed089cdacf1c496e921e9637272d9a0d.jpg,France,FR,48.311644,-1.802849
acf314047d19443ab967f6f31e966ee4.jpg,Finland,FI,65.911587,24.10144
6b09e9db79a94148904eb47f2d0a107e.jpg,United_Kingdom,GB,53.077668,-4.003143
48165b1480584c638703e1febf0bdc24.jpg,Norway,NO,69.494306,25.481535
670fdf86209243d1b5d7fda2b57d8768.jpg,Iceland,IS,66.033356,-14.805793
73a8bec47aaa4ce5957ed7577447fb76.jpg,Poland,PL,49.809902,22.387182
c994ecda902244fbab270a75cf906e70.jpg,France,FR,48.432297,-4.500673
8a373b64602e42d6a7c40ba04a5f028d.jpg,Poland,PL,50.138131,19.0465
8c22389be3b54565b2c4552e0c17f886.jpg,Germany,DE,54.261964,10.364753
53fd539294774fb89a8196db140a7b85.jpg,Turkey,TR,39.609539,40.188321
c7bfe55de38a47f1b5094e8090a765d3.jpg,Sweden,SE,61.715459,15.701026
ca92d015467046afaf7c03e006521d95.jpg,Finland,FI,61.928424,29.823781
6d88e776aceb49d985eb44409d3b8e3c.jpg,Spain,ES,40.969969,0.34394
155c450f4a3e40ca994edc3477bb71db.jpg,Norway,NO,62.234649,7.149116
e7a111058be54975b2c9e53122b1bd7c.jpg,Finland,FI,61.322985,22.767447
9d8c44e51e7f48949a0d07e35cdcbb0a.jpg,Norway,NO,62.667618,8.583245
a8daefe3639f4e75ae21e5a2eb85006b.jpg,Sweden,SE,67.118082,20.472978
689329e58a004e8793b73667dc69b52c.jpg,Norway,NO,63.976028,10.208195
26f7c90e09254deeb6b5e1f7c8923015.jpg,Finland,FI,61.191026,25.082632
7ac8206b046c4c53bfbdd772b60584ee.jpg,Poland,PL,53.297362,15.434612
8ff62d8b04044c209bf7df509d9c9e3a.jpg,Spain,ES,42.197233,-1.429862
e0a9c1077ca94f3292aa0ca1a1e4ef34.jpg,Italy,IT,45.640032,10.832711
3760290f79b048bfb3f4dbc8ef0d258a.jpg,Spain,ES,28.939055,-13.629443
647a07fd0eeb436ca4e98253738d7adb.jpg,Germany,DE,47.844851,8.276853
8dc44a48b7324f549cf32bdcc8ad5dd9.jpg,France,FR,45.545315,1.800104
15fd31d2aa5e4460bf11f8f1b603289d.jpg,Poland,PL,52.399153,20.160652
02e43058f97a47b5a27a340800c372ad.jpg,United_Kingdom,GB,55.984923,-2.896377
7c7d4672ed34426ea8b1307e2c6dc257.jpg,Belarus,BY,55.236971,29.917374
8396fa1ae1204d94b46152f8ca55843a.jpg,Germany,DE,51.359374,9.902927
957e88353a454ee8a5be620873105261.jpg,Sweden,SE,57.258961,18.459621
ddb99c4f6af942ae98c927eea3b979a3.jpg,Poland,PL,51.270098,23.158438
e7931ec63e294a7891f5c6c078ae89b8.jpg,Sweden,SE,63.529608,16.472604
a5e2ce03071c433592928772fc1f8ad1.jpg,United_Kingdom,GB,54.478649,-6.497841
4eade06b56374a41b7429e8e8b4d1a21.jpg,Finland,FI,62.026453,24.529548
fc6fc849b1ae42fb8c55be4accf4d2be.jpg,Iceland,IS,63.857511,-22.428911
953692b6464b49e9ace132af6c585a33.jpg,France,FR,44.704727,1.541044
8f69e95b3e4245018353908fa395e8b6.jpg,Norway,NO,68.192065,16.020364
71cf49eb5f3c4f889d457d28e9797bd7.jpg,Italy,IT,40.269767,9.126023
d3a51a9ae259448fb1bb92037c94502c.jpg,Poland,PL,51.831564,21.682899
c56f4f29defd4297a48a7ef9c1f95125.jpg,Poland,PL,54.702913,18.356784
2de65a2ddcbd492cb2d71419cb6f516b.jpg,Finland,FI,64.22297,28.487326
c4cf0ac195ae4ef5915a84af105da4f9.jpg,Sweden,SE,68.247748,19.517819
8eba751b1d534ae2a1bc5ec1a2cda7bb.jpg,Italy,IT,39.090338,8.387709
b7edf628c31f4678a075a1c63e058a87.jpg,Germany,DE,53.100338,9.429948
623990350e574bbc98a1d3c4569f827c.jpg,Spain,ES,41.117823,-0.944057
8cf744ee7efb4839b2ba54d6d549239e.jpg,Turkey,TR,39.797171,44.110018
17c0673a827143429d381e216f3e6bd6.jpg,Turkey,TR,41.105806,30.533168
28c7f7b671a942719211534bdefc91af.jpg,Sweden,SE,67.934209,20.064282
e2170e7267ee4c33ac13d0457a4756e6.jpg,Finland,FI,63.656614,27.505823
051ed89945584dbc845e74defa7874cc.jpg,Finland,FI,63.536019,25.748219
38181ac9eb4742a3b255f5f55068940d.jpg,Turkey,TR,39.430894,31.015917
9ff07eca30ab4ac8a2f733fc1e972b00.jpg,Iceland,IS,64.00936,-20.942937
103551157e27452b8b778817f716b6f6.jpg,Sweden,SE,57.768412,15.767987
8b03e1427df04619b784431aeed7bc62.jpg,Iceland,IS,63.849947,-22.372982
b397bcccb50346a38194c162c08abffa.jpg,Iceland,IS,65.480876,-19.281157
f3269eb7a2484c4a9de4d90eebe23fcb.jpg,Germany,DE,52.901862,14.059489
7e459b22e2894589a0579c954d254191.jpg,Iceland,IS,65.242388,-21.769507
4bd5d1f39ffc47c3b6aec73bed097529.jpg,Belarus,BY,52.077872,27.374165
08e73562c05241b7aa55069c9fb40394.jpg,Italy,IT,37.466859,14.964825
08c327273339458e99658b64b96ee7d6.jpg,Italy,IT,37.338032,15.041791
b5994d714e954067ba87386f99e0a3fb.jpg,Belarus,BY,52.529622,24.581232
81e0e341216b4dae97e3c69dcf7fc8f0.jpg,Iceland,IS,64.787027,-14.005723
d236a443549141cb97e43f1e141f9016.jpg,Poland,PL,51.501128,23.5424
4e43bb2e49434f1096d2e47dd6e0f679.jpg,Belarus,BY,52.795608,29.407099
2c3feaec02fc4e0d8da004a25805a8b5.jpg,Finland,FI,60.631396,23.938559
b90f3aa811864e4395d249d1ebd20961.jpg,Germany,DE,53.141094,11.171088
035982c6a0c643b183021b308eeadf04.jpg,Poland,PL,50.115604,19.793347
18f995c0471844008747ab4b44b72fa0.jpg,Sweden,SE,61.153046,16.882433
7ebb453e1a194219b33897fa326f461c.jpg,Spain,ES,42.266787,-0.679079
a1bce705b1f945a8a3d474b597058725.jpg,Iceland,IS,65.62306,-19.368048
16daddea3be04d5f879a0845bb35ff9f.jpg,Norway,NO,58.492973,5.90957
265848a62e8a4028a535c1640642a9f6.jpg,Belarus,BY,54.8711,28.711919
c7431fc92bb941dfa59e1dac12c7e948.jpg,Turkey,TR,40.470279,31.595921
ea71eabefb6f419580ee93fcb3d623d1.jpg,Norway,NO,64.562845,12.498129
bbce07154d454254b3b0a63533119e44.jpg,Sweden,SE,55.794979,13.755334
87232e47e9a7470eb6f3e5b98d764971.jpg,Sweden,SE,56.528036,15.126717
aa9e12ee2eab4309a7b46b09141f8dbc.jpg,Finland,FI,64.393847,24.058792
f4be506630da4d21b46b5d292c10e2d0.jpg,Belarus,BY,55.083097,30.634929
76b75b163dd44fc38a65ccec97b4ec39.jpg,Iceland,IS,65.606701,-20.310419
beaae91efad7495f9e4820a233687bbe.jpg,Sweden,SE,65.20823,17.957804
ae5adc2acac8406280211bb62037238b.jpg,Italy,IT,38.614548,16.347276
f40995ab153f436baf5694fc261cf6e5.jpg,Italy,IT,40.716095,8.495644
344b6b26c18244fabce10b333e8f2f60.jpg,Belarus,BY,55.21089,30.024358
d506c4630cb3423aaa70d905664faf29.jpg,Finland,FI,61.279776,28.7249
a889ba4c25ec494bb635d2ab592e963d.jpg,Iceland,IS,63.850377,-22.440329
4471a91c201248bb913b1d312a04e7d1.jpg,Norway,NO,62.717222,11.34993
c804ae929c204fc68669136bf3af4e99.jpg,Sweden,SE,66.678486,19.831315
14ea88c026994f128bb65ebd890d53c0.jpg,Poland,PL,53.528839,20.726184
c4c936fd7c494b278b62db6d967e7148.jpg,France,FR,47.089433,3.082844
81bd8fb350a44a7c83db1b1de9942668.jpg,Poland,PL,50.299603,19.418888
9ba7a672f2ac4dc58f9adca2af5a5102.jpg,Italy,IT,40.512732,16.476217
a1f391e67f8f49be998c42118f9ff52c.jpg,Spain,ES,37.669856,-0.925546
516e2688e3174ee080908cf880532746.jpg,Belarus,BY,51.907775,29.810411
670a825cfa044a50acd1d51cfbb6fb8b.jpg,Norway,NO,69.650534,18.519711
82b80dcf27b94fadb480557165c78ef9.jpg,Finland,FI,65.579642,28.919944
b746ddbe95ab405ea55586ad24667b2d.jpg,Norway,NO,68.421026,18.683145
d3067e73f7574d7982034d80091d55d4.jpg,Iceland,IS,66.064876,-19.038455
761ee3eaf3ee4a2e89d7d716feb74ddd.jpg,Turkey,TR,41.289535,27.606488
6f6f7c34fc404980a4f94e2b63e95dc9.jpg,Turkey,TR,38.928137,36.061165
6535a2ec0c06492080a24196ddcfcbca.jpg,United_Kingdom,GB,54.703484,-6.095077
22a157d11f624e23a46e66ce9985d109.jpg,Germany,DE,48.769861,13.732103
7bd69406470447c4a53ce066496dceef.jpg,United_Kingdom,GB,51.092875,-3.136217
392b7a2b4b094fd3ad2681d86ddc4535.jpg,Sweden,SE,66.243222,17.219657
3e86a3124e584fdaabef60abe84beee8.jpg,United_Kingdom,GB,58.567459,-4.738909
0f99250f67c048c691179d6396bf6e11.jpg,France,FR,45.840867,-1.148554
856d90f024c44dc9a253c000a65ce77a.jpg,Iceland,IS,63.840899,-22.423927
4199e165aaf441d3b91b6db8fea6da12.jpg,Belarus,BY,52.083983,27.563951
3b0a9c4f1af04f96baea1d4d7c620d10.jpg,Sweden,SE,59.896179,15.078111
4e22f6543150482bac0d9a4ace1e9844.jpg,France,FR,44.048219,-1.009445
78a41041092143dba884d4dd7ed374f0.jpg,France,FR,43.397685,6.311381
2353a1b6ee934471af7c693149538e18.jpg,Turkey,TR,37.582785,33.942038
d22b960d66fc496da24d9420d07233b3.jpg,Iceland,IS,65.936153,-22.931375
bb075d20b329471bb4e183a2ef4226f2.jpg,Turkey,TR,37.473438,30.56402
d67d3e6c43bf4d66810e81c3b91349ba.jpg,Italy,IT,40.267473,18.051292
3a6783be6f994b2c95f40226c561fc81.jpg,Sweden,SE,58.706896,13.896556
a88271534f4a4758b81d3e17308a3435.jpg,Germany,DE,51.130197,6.131027
d187eecb448249ddb03d92ff42530d50.jpg,Sweden,SE,61.793972,13.502166
1bc8345cbe3746ceab9fd0366512e2ee.jpg,Iceland,IS,64.835651,-13.811599
f2a6375d32e04080a9f4140b8739f609.jpg,Spain,ES,43.748229,-7.723766
39360b399e004ffea55fa7b6ab200388.jpg,Turkey,TR,37.344653,41.349896
edce57aa8fb4487582a7d730c20ecf04.jpg,Italy,IT,46.315296,11.304238
f9b5e737286d4d1d98a5a97962fc2a84.jpg,Sweden,SE,65.704707,18.746816
0dd508436ad0424aaa4ac5f922d5f3a4.jpg,Belarus,BY,53.5521,27.054928
dd7a6ed0221e4ddbacb3c559be95a5a5.jpg,Belarus,BY,55.197378,30.364605
a4633829ed5645518bf5924753c2f136.jpg,Sweden,SE,55.586586,14.158956
d3541e48dc434cc980813afb10f1b5cc.jpg,Italy,IT,40.920138,9.445438
6d04f362c09a4ece956f81293003eed6.jpg,Italy,IT,41.062413,15.714447
70b60c17875b4bd59a0a3123e0ca0b16.jpg,Belarus,BY,53.480877,28.098512
97b61fba8d474771bc781c3d32c709e6.jpg,Iceland,IS,65.23467,-21.769265
83808b436edd4a0bbe6b1cad41c91cd7.jpg,Spain,ES,37.62893,-0.796453
b63337b33cee4b74a7551d6326087aeb.jpg,Iceland,IS,65.187278,-14.042153
d545ad8b4e3544e7b584e4173ee38e2d.jpg,Sweden,SE,66.390924,20.697868
3b11beb8ff1b43e098ba12ae553f738d.jpg,Turkey,TR,39.861862,38.205294
66246befa17a426fbc9a80146c2dd7bf.jpg,Germany,DE,51.495669,14.680962
d70ed2a9d18c48bc97c4fd3f0948e6d0.jpg,Spain,ES,39.437633,3.234857
b122ab66323c43adae37e5388ef75905.jpg,France,FR,45.212192,2.825538
33be3fbd542b4acfb51eff24fab0cec1.jpg,Germany,DE,50.898315,12.496634
a7ad456b0386466fa12ea6195f4344d7.jpg,Italy,IT,41.111653,9.441256
1e6434e49445414cb0e4e87700768f5b.jpg,United_Kingdom,GB,58.216315,-4.999203
2f5534a9e7bb4fd7bcf53fa8a167b530.jpg,Italy,IT,42.745015,12.071349
b143a34308b948bf80e0247b17693214.jpg,Norway,NO,60.598869,8.481029
1b18a72821064dc087b2bd548c0685a8.jpg,United_Kingdom,GB,56.709687,-2.733217
7b0bed38a3cb4e929b88b9e9cfc59b07.jpg,Finland,FI,62.636716,25.685094
5b59e0f0a1c74c61a5d7cfaa4095f5d1.jpg,Belarus,BY,54.143277,26.533328
d242844c6d414ea4bdfd6230d7483e19.jpg,Finland,FI,62.346175,23.823572
13c3424698cb4653ae456d4665370a25.jpg,Turkey,TR,37.177751,34.862019
f2ba047276b74ff895be93455333928d.jpg,United_Kingdom,GB,51.135478,0.174604
bde40322ce6e4969bb21499e8857a624.jpg,Iceland,IS,63.843817,-22.424271
1c974bf2f9cf46b8ab6a6b394386569e.jpg,France,FR,47.748205,3.569187
aa131b562e3d47dabdf81a5c21688f1f.jpg,Germany,DE,53.486864,8.480539
9a141dd97d734c86a3a95961f77b804a.jpg,Norway,NO,62.006539,11.710897
045451835e3f4ae797b03a52f941c174.jpg,France,FR,44.685847,-0.86745
ee2fee54a5d540348eb4e5082689500e.jpg,United_Kingdom,GB,56.191511,-4.778018
8359204c3d814998b3eb539a181eeb78.jpg,Germany,DE,50.479003,12.973328
e59eccec7aa04c57a27cd965faf6757f.jpg,Sweden,SE,56.387257,14.014869
00e7b198280a4879bb6d1d89e222bace.jpg,United_Kingdom,GB,56.901067,-5.019641
ec18bec59c554cb783f21c13baacc3fe.jpg,France,FR,43.362421,4.872172
b510218ef76744569f68e3d14cb926e1.jpg,France,FR,47.245993,1.990044
73bb2b78be6845f3bbdba53540a3cd6f.jpg,United_Kingdom,GB,57.17607,-2.214259
5f390e3280d84418910d9ef118b33fa2.jpg,Turkey,TR,38.240835,35.099689
38ee552026fe46be90ed4d611030edbf.jpg,Spain,ES,38.437479,-6.377121
49ef73ac9eeb4be08f94fbd622271e7b.jpg,Belarus,BY,54.007957,28.166794
15b34039702f453b9903e7edebda0941.jpg,France,FR,45.36972,-1.076177
8b73f1921e9b4a6f93ff5317effa034c.jpg,Norway,NO,61.624214,8.978518
7ff3145f775d461bae5754c1e350a92a.jpg,United_Kingdom,GB,57.170089,-3.774653
3e077f33b1aa4731949c9d3fbc97bf53.jpg,Turkey,TR,40.348342,37.858847
77f7aad7bb06416f897f2d8794007e0a.jpg,France,FR,44.521028,1.55325
dde44d125741404987dfa62faeee48c4.jpg,Spain,ES,42.035623,2.96726
c83de7581f8649f7bce3a88030556740.jpg,Italy,IT,45.861445,13.532614
49023824bfd84b088d913bac84be700d.jpg,Sweden,SE,64.182535,17.452505
a0dd4a79f720481b8231287fc6db3da3.jpg,Germany,DE,53.34965,8.126459
7d45daaf01a242ecb95ec32bfe1ba346.jpg,Sweden,SE,59.927678,12.345834
36d9efdaba9f44168b2baed4f94613d5.jpg,Turkey,TR,37.217957,40.618973
7cac02d3b5754543b6ac360d6350342e.jpg,Germany,DE,53.234732,9.999449
9b42f937a39e4dbd96a46900bbd83064.jpg,Poland,PL,52.906779,14.341461
277b972635804cab851bf4fe1e29895a.jpg,France,FR,44.573644,2.158079
0ad511428b7246088d0358ff665b654c.jpg,Poland,PL,53.282632,19.370504
2f1d670716c246e79e2806c7689e0946.jpg,France,FR,46.827573,6.091404
175e887e0c0e444eb34dfc5a3f710cf8.jpg,Finland,FI,63.31275,25.82813
8a42a5f65dea4813ac569db045a4bd21.jpg,Belarus,BY,51.916183,26.679605
7f0c4974cf2b425bba5b80658cfcf076.jpg,Italy,IT,43.136857,11.793897
8656410329404867bea7d0e156283958.jpg,United_Kingdom,GB,52.867501,-1.341912
ee49763f4c4e4198a46a26fca71e00f2.jpg,Poland,PL,54.412743,16.72552
20c1e9fae6b941b5a20b84ee27481505.jpg,Spain,ES,39.395902,-3.503788
2fae193bbc9143f1adbd2de5cf4192dd.jpg,Spain,ES,41.943851,3.12434
9a3c3805121245bfb94e6947657d5fa1.jpg,France,FR,46.601816,5.636847
f25cc5b258db4ca5a70e9a9c399e18a7.jpg,Iceland,IS,63.52851,-18.468825
a2e768ebdfae41cdbef1ec191927041c.jpg,Turkey,TR,36.632732,29.152735
611eedb71a3442fea1232768114ec2f0.jpg,Finland,FI,66.876698,25.463651
920d1a6fef8349ff989c3ba93bb65f62.jpg,United_Kingdom,GB,54.861918,-6.249656
8494d2d2d0464f18acfe7a455dc38758.jpg,Sweden,SE,66.315765,19.843308
5b7672710a27499787f7b016efa7f4c8.jpg,Belarus,BY,56.002339,28.64517
02ce317562c24466bff1177201f4737c.jpg,Poland,PL,52.841454,17.986882
f629a323b3814f1c9caba50128a3277b.jpg,Norway,NO,66.317393,13.300788
d7a14f2df20447d08ddc4d4224cf40f9.jpg,France,FR,41.566957,9.273613
84d6ae8c2697468582c4a5735f2e4d98.jpg,Poland,PL,51.216971,18.478096
1050ad2a9c30407cb005d78ff61462c7.jpg,France,FR,41.673453,9.31374
e1d5b09d1da645e59e4a7e4429afe94d.jpg,Sweden,SE,66.404121,20.684796
ddf2698f364a40f987a583b1873beefb.jpg,Sweden,SE,63.718918,14.298585
1d21acc2c83e4dddacde8f0f20b3b817.jpg,Spain,ES,43.730344,-7.692376
1359c5c5a2e5457a939b1b2fc5a2f23c.jpg,Sweden,SE,58.72199,16.299303
bdcccaeca4554fdaa8d8a089f94cc075.jpg,Iceland,IS,65.671914,-14.984014
913bc277fffa44da96a1dbe24fb12326.jpg,Iceland,IS,65.497519,-23.341379
cb0ec58655464d90a331e4edd74d11eb.jpg,Finland,FI,64.842564,27.786258
ee470dd3fcd44fdea92de7192c6ec591.jpg,Norway,NO,68.548556,17.216017
a27201a08b8345e0ab4d618fea81aa81.jpg,France,FR,44.161989,-1.078002
726ea475701e4a2aa30079bc950132fb.jpg,Turkey,TR,41.219019,28.466169
dbf49b88b7874914ad7568d8efcd6e19.jpg,Germany,DE,49.596058,11.629635
16bd673a39e14138a9a80358dff79028.jpg,Spain,ES,38.315256,-0.662891
c2645711c5804e7e8693125703eef092.jpg,Italy,IT,44.219594,9.731962
c5872ad39cdd45d3bd23d565d9181f29.jpg,United_Kingdom,GB,51.408451,-1.643913
2b54d8ce13bb4b2babbcae9e3628531f.jpg,Finland,FI,62.57908,22.030513
ff620bf5ccd24f9f88b97ba6fe3d07c3.jpg,United_Kingdom,GB,51.601605,-1.213626
b1de0ec1714044e59843195c8b82d72a.jpg,Turkey,TR,39.161004,31.254261
1b108fbd198f4490b0d9803de55a1026.jpg,Iceland,IS,64.154045,-21.782347
6c3103649ff044e2998cb79602ca5ef5.jpg,Norway,NO,64.949425,14.196345
878abb493f1e43cc845ca70d2508851b.jpg,Finland,FI,62.83153,29.84284
fd2d123dd38046d7b216322b18ca1e4c.jpg,Turkey,TR,36.456401,34.128786
177e5492ca4a475f90fce507433958ef.jpg,United_Kingdom,GB,58.509284,-4.701438
05165a689bfd427586d30596bb9a132c.jpg,United_Kingdom,GB,55.899762,-5.128094
3a40bd58e51e40faa48d2d918a121d18.jpg,United_Kingdom,GB,49.998709,-5.21269
34edb260c41243a78fd83c07e7532ee5.jpg,Italy,IT,45.786857,12.550729
92b52324d166407faa8948bd3c6f1bf5.jpg,Norway,NO,63.579815,10.187053
5ff9816d9729468aa0e0c775eb502a02.jpg,Turkey,TR,41.396702,31.685663
24d4e99cb53f4c1ca22e10fe2cde2c86.jpg,United_Kingdom,GB,53.137395,0.321755
7d73aa077bc2476087485628cefd8344.jpg,France,FR,48.521396,6.23012
31beda404ff24ebe9424cbc6e2ba65ec.jpg,Spain,ES,29.044595,-13.679358
aa70b4a35d7f4478bd278e6b6e75b4a2.jpg,Italy,IT,45.401273,9.600237
d1fdbd4677074e58bfeeed3ea8cf2c69.jpg,Poland,PL,50.796866,19.300308
9fb632b9f21341e28aa16710d4238ca2.jpg,United_Kingdom,GB,54.23181,-1.415844
f4d49565c69e479ba2e5d224edf848a2.jpg,Finland,FI,61.309016,28.531063
21217e8321eb47fbace4c5edce87956a.jpg,France,FR,42.466604,9.208585
869709cd5a2d422fb4a5d8885aeb37b5.jpg,Finland,FI,62.955271,28.575472
fa0c2868975a46e283785d1501d74174.jpg,Spain,ES,39.573799,3.111763
c21b266b63d249de95aae8092e96dbac.jpg,Turkey,TR,35.967369,36.034759
34956e92ea6c4deab6eb78cda1123fe8.jpg,Turkey,TR,41.759981,35.217465
35ecc0e18e404e3e8183abf007dad48d.jpg,United_Kingdom,GB,55.089527,-3.518034
08c9fa7896814706bb852c471ffd48dc.jpg,Belarus,BY,51.653464,29.114803
3d7be63b8af844e59a9abed08911b6b8.jpg,Italy,IT,43.473131,13.453769
9085852649ea48b39b892e98b98f6c2c.jpg,Belarus,BY,54.16981,28.472372
c279b3619ce34b5b8c699e68d7c79ee6.jpg,Poland,PL,50.120978,20.399961
2c043af82542433e8390aa3757b8c4dc.jpg,Turkey,TR,36.850482,30.839899
5a2870c9184f44d6a30d1f230e18415e.jpg,Germany,DE,53.599485,13.978644
405df5e71b4a4d77a29a22e2cf4ac91b.jpg,United_Kingdom,GB,55.440548,-2.435678
339631c348484d239a48a9d616f4f90c.jpg,Finland,FI,60.611929,24.856437
555b8ce22a1a4c928ff4b3de3c15a75e.jpg,Poland,PL,50.650905,20.961143
e9127288d78243bcaa8b479bb0bddedc.jpg,France,FR,49.512661,-1.290838
275b29b599d64e62aa5aa6457a5eb4e0.jpg,Norway,NO,58.424937,6.016844
7b5f1688e2d045a58198840523faee8c.jpg,Finland,FI,67.105949,28.825053
55711f3841904305bd8ac2cc6e9466e3.jpg,Poland,PL,53.172981,14.583945
96f2b35248784c69bf54c584af9e7de7.jpg,France,FR,48.191396,3.449985
e3884ab289e94ac5aa660b1edbd04118.jpg,Italy,IT,37.43956,14.959847
4e150508ae9c448aba24afc4d02a2ca6.jpg,Poland,PL,52.062701,20.281456
72d0599879b646759beb763d0257d100.jpg,France,FR,45.006966,0.375337
707505a48d7340e3b3059b285b8d9fc6.jpg,Spain,ES,42.892322,-2.135828
4098e543eb954a13afe30c5af88511c0.jpg,Italy,IT,40.823563,14.380019
dd8fa34216e44561a916ddedf3836ea1.jpg,Iceland,IS,65.447901,-21.902775
bc72941f14fb40adb91d7412ab7ba39e.jpg,France,FR,44.14806,-0.986995
bba315802cac4d13949c6aa3a5110a42.jpg,Germany,DE,52.905559,13.597154
fff07b52c14d483890acb3cdda6e6f26.jpg,Sweden,SE,65.641953,19.68753
a85cfa2321a84933b1cdc66b7ed42df4.jpg,Sweden,SE,61.707296,15.690005
9048da90105b4fcca1ca9f31cbaea2a1.jpg,Turkey,TR,37.916352,27.271414
6df5dfa1b04747b2bf0bb6bb1f849c71.jpg,Norway,NO,68.511596,17.097311
ac742eddc36f4e2b8d2052d853858e73.jpg,Turkey,TR,38.336769,26.904546
4abee447b1684564aca95600242d931d.jpg,Sweden,SE,57.555419,11.950585
bb878c00d2b945e1bc4b02d196bb069b.jpg,Iceland,IS,65.979514,-22.85889
d8845e20af1a4972b64f3824ecdf5be0.jpg,United_Kingdom,GB,56.345831,-3.469585
ced986feef3f481a8a5a8a4427f5b488.jpg,Poland,PL,51.646708,21.904922
6d938b6b77974077a900b872d0c3c3e5.jpg,Germany,DE,54.11295,12.568495
787c8ad2560f445aa1f85bf0b12f8643.jpg,Turkey,TR,36.633191,34.344399
945e11a8e97f4f0fa5cebf7bf1f05d45.jpg,Iceland,IS,63.832662,-22.48974
d2d5d8bc8d9b4cd9a95955add9b7c599.jpg,Italy,IT,45.986305,11.979803
b9afbc0d07974e3fabcd2b4da62776fb.jpg,Turkey,TR,37.102339,38.169775
f587e1daa0b7437ba2bd8b0cc8e033cf.jpg,Belarus,BY,54.525192,30.48863
4b6369b167d244a4b8ee1a7605c39b32.jpg,Sweden,SE,57.693462,18.559936
903137938dc5415589f45447bde1c500.jpg,Sweden,SE,64.121547,15.288088
6b229521ed7e49a89112270eeeb96402.jpg,Finland,FI,66.668381,25.441364
78044eafb0014712ac716c12273f61eb.jpg,Sweden,SE,66.564894,20.012352
30c1feef2a5e4876a6d23d26afa116c9.jpg,Italy,IT,40.889865,17.388822
1ca9cacd2a2443fa93024530adc59436.jpg,Iceland,IS,63.984302,-18.778122
95eeed993f5f41afadfbc612ebb97428.jpg,Belarus,BY,51.677604,29.129361
ee4938a137124097864cfde8b2bbac50.jpg,Belarus,BY,56.002778,28.645259
c4fa7cabdccb4c2a90ea13fd825d2b2d.jpg,Germany,DE,52.010784,13.66717
0191c550b02f4c549021a99173d0517f.jpg,Italy,IT,40.963253,14.836677
103acdb5f5304cf9b337836d655ef3f7.jpg,Sweden,SE,60.604971,17.088789
3bc3b451a1c64fba8ac6219588122c0c.jpg,United_Kingdom,GB,50.373914,-4.958151
bcdc1b6fac53495285951e1fb8cb9e1f.jpg,Belarus,BY,51.648639,30.4409
ea59f149dfe9467aa48051acc66ab59c.jpg,Belarus,BY,54.659489,30.436626
bb3d84b484cf4ed1bf804a845f2e5454.jpg,United_Kingdom,GB,56.867098,-4.703095
b87365f30cd64aeea500bed54a9b7481.jpg,Sweden,SE,65.327492,16.635541
d487bbff58b54002a92d26503e5afeb1.jpg,United_Kingdom,GB,50.386639,-4.927622
180037e5904545158a714dabc833029d.jpg,Turkey,TR,40.191378,29.106164
03fcc32521a942c0b0c860fa6e1f26c6.jpg,Belarus,BY,52.519364,25.027114
e2a9f83e31b04580981345bcb626c4c5.jpg,Norway,NO,70.97815,25.776461
8bdfaa56731442fe99aa789607380531.jpg,United_Kingdom,GB,52.225115,-0.225277
f2ed201d69b841c68ef702998eec1d5b.jpg,Italy,IT,37.664873,14.859964
a468208741694941ba19d1075a34fd51.jpg,France,FR,48.239126,1.067804
6733b4dc349d43a09d54bec34ad36900.jpg,Finland,FI,61.193146,22.500203
239328d8e80b4db2bca93d22e08204fd.jpg,Poland,PL,54.788806,18.378749
df79dece59fc4fb38f6dd3e7ba58f332.jpg,Italy,IT,38.021579,13.362151
28a41a7987594bfcbd61f2c37aa316db.jpg,United_Kingdom,GB,50.287389,-4.987159
fe0a4999d99a42b38ba57d1fdf8d38f1.jpg,Poland,PL,53.796838,15.015389
ef4957f5f0e74c9486a48e551e549796.jpg,United_Kingdom,GB,58.50169,-4.341871
a92e4714745e4b4b83063896629fd27f.jpg,Germany,DE,53.815747,9.572399
a64653e43e084fc8a52488564111958b.jpg,Norway,NO,70.627782,25.360843
dcf6ce56f5ef4cfcbb80f1abee5057ac.jpg,Italy,IT,42.918409,13.889585
4e1ec80cc93a4314aa07ab0b88c0ebed.jpg,Turkey,TR,40.818525,30.443636
1ea864a2e2764bda91edc158ed247556.jpg,Italy,IT,45.005416,8.192759
f10f29bbbdbb4987858f4e80b0214457.jpg,United_Kingdom,GB,52.250937,-1.999214
424a75e1f02a4f72ba24bb154e7c6b69.jpg,Norway,NO,69.699748,19.003698
3b62470d3ddf4acda8116ab6144397c7.jpg,Spain,ES,40.006393,3.882051
584b970a330f4886ad03b88ab1986ce1.jpg,Finland,FI,63.015746,21.531076
ff9f1101d1c34e7ea86a83329a9db6da.jpg,France,FR,45.034663,0.475515
488ca10cc6f444498de348ceddd3012d.jpg,Spain,ES,41.924559,2.850483
ac65ef5195374bc69ab02b6f8d52bf97.jpg,Spain,ES,38.922759,-2.947073
2185e4d7728b4fbb8182c04d66c28f39.jpg,Poland,PL,54.299092,22.482157
f0bfad0068404c04a991aa2d21983564.jpg,Poland,PL,50.378046,18.303696
547310d1029e4009b09804e1665c124c.jpg,Iceland,IS,65.2768,-14.415082
7fef46d5e8804788b1aace77038f8901.jpg,France,FR,45.96757,5.430747
6566f95729b44f29832120b47dd82c32.jpg,Sweden,SE,57.577203,18.382213
bec8455f86b845118f8d7403fc8a0e19.jpg,Sweden,SE,61.813616,14.676518
3bba6d6880be4f519f8408903183f604.jpg,Sweden,SE,64.660321,15.633511
9b2ca5b6bbaa4d8ca5501fba09a764bd.jpg,Belarus,BY,53.278618,30.417545
dbb4d047f13f42f6b9fbc20aee8967cc.jpg,Finland,FI,66.857063,28.716738
be4194e14c14472cbde4fc3309eb1b87.jpg,Sweden,SE,63.183149,15.500758
cff5594dc0634a31863b4fea1d5e247c.jpg,Belarus,BY,53.951475,30.467951
46dc8a54a4b7414098eb59488ad993dd.jpg,Belarus,BY,54.421805,29.029361
ae2371b16a6349c4a035f42799e4107f.jpg,Poland,PL,52.788137,14.489191
55e27b12cafe4c4e941ffd09173808f8.jpg,Italy,IT,38.651099,8.350504
200963b7e2d34b8ca3dc0c6c6f9e2626.jpg,Finland,FI,66.980534,25.284476
404185f49ba7464bb41a9fbd1f4e96a5.jpg,Sweden,SE,59.082749,16.852421
048a5da0d7f747ca8a4fbf75101235c6.jpg,United_Kingdom,GB,54.42974,-3.463255
e131287b383e49dead2e47bf4872613f.jpg,Sweden,SE,66.684392,19.830604
29d269f9435442158c0fe6be09e50b50.jpg,Spain,ES,39.514966,3.284247
688671689c61415698ed68ac05d37a3a.jpg,United_Kingdom,GB,58.531851,-3.12821
85310e8f88b14df894e9dab49d5ff228.jpg,Germany,DE,51.843039,6.80309
2d029d4070f147f3b04027ed7faf7705.jpg,United_Kingdom,GB,59.10687,-3.323266
185147732f4c4fb9813018fb7742020d.jpg,Poland,PL,54.686765,18.189703
93b5b1fedc084d48b91e1b21babeeea1.jpg,France,FR,44.649895,6.62544
3ad2e7be020d4397b9a0733dd77b994f.jpg,Italy,IT,45.83023,11.838834
140a60b95e404214b9147f6745bcbd39.jpg,Turkey,TR,37.25257,32.211046
fc57f74ede7b461185c18d7554d1ad04.jpg,Spain,ES,42.19732,-0.315043
eeef2db395184ef889cb60203e0acece.jpg,Italy,IT,43.632844,10.598848
a2cbc7b9373f4a91b1395afee4ffb43a.jpg,United_Kingdom,GB,52.225477,-0.993327
44fc5feb886440b0933d83e5b7612ff1.jpg,Poland,PL,54.244707,22.397196
de25ce0337124c778bdc464324c400af.jpg,Turkey,TR,37.868235,41.148929
9077d18251a14edab44b5dbd153149fd.jpg,Turkey,TR,36.855031,28.226164
bbab17d93cea4f52b22f47afab6301ae.jpg,Poland,PL,50.200852,19.78557
5819a195536540889ad33023d51c9fd7.jpg,Iceland,IS,65.739495,-23.820412
4b0bd112972840598bbe10b5f79808cb.jpg,Italy,IT,41.958982,12.505943
6edc2e46af584c239964887a1e175835.jpg,Turkey,TR,35.957035,36.047269
17aba25167d1493eb359ac9defb76a14.jpg,Iceland,IS,64.416504,-14.538021
d96be400177943f0befae1023bd082c6.jpg,Italy,IT,38.133823,12.734652
41b3ce157ae84b48bad7fcfc0d2b5bc9.jpg,Iceland,IS,63.839884,-22.427676
9fe11d99ff414fe59e1ff34b6ceb6cc1.jpg,Germany,DE,49.229025,9.690034
5e06b6863ae942d2a5673076fff88c61.jpg,Spain,ES,28.778207,-17.942317
ae608f2b8ca94186bbc2d51eba04f6a1.jpg,Spain,ES,42.436649,-7.705097
62a11eb1996a41a1b41d478c5612b991.jpg,Italy,IT,45.622212,8.860589
6be11a4fbd614123b6b072157020202f.jpg,Germany,DE,50.847742,13.935541
5eef17fb27d445a5970f7e672f30f1cd.jpg,Iceland,IS,65.588691,-20.650596
4a1ddfe2c4ef4eac80ee2de9289dfe2a.jpg,Belarus,BY,52.215032,31.517818
ab27273934414b7ca0bb4b3fda369fa1.jpg,France,FR,47.544324,-0.607768
f49af5821a2142ee9a7fb3cce961b57b.jpg,Iceland,IS,63.939296,-18.648882
3153ad0db98948ea97ef701fc7b3546a.jpg,Italy,IT,43.768213,10.352405
c874a50013dd4580878b8eb4b2473d23.jpg,Poland,PL,49.527902,22.331513
6028a87cc456480caa7ec2565c60abbe.jpg,Italy,IT,40.987765,9.134418
828323c60e284c9ea66f1776ee86a89d.jpg,Sweden,SE,66.054581,22.804161
ba80b796e7b84fcf9b19ca6e6249fd42.jpg,Turkey,TR,40.952462,27.477399
94bf936aa36e4f2ba22a75f20cc9b1a9.jpg,Turkey,TR,41.443647,31.83006
f301d49cc65d4c33b92f60dd3d9fa1ec.jpg,Sweden,SE,63.224145,18.507076
963c8bb568644d89a556603bfe947f37.jpg,Spain,ES,37.133307,-4.74244
21653ff365bd402db5ba763ddd4b4ad7.jpg,Spain,ES,40.242464,0.191044
32fa52d4e14e46778dfd779ece2eaa84.jpg,Norway,NO,60.613676,6.35752
b6d3613dfc89478b83abca45b830e422.jpg,Turkey,TR,39.942946,43.991309
f01d0b07371d4bc184b89b9f4e752d1d.jpg,Iceland,IS,63.430568,-18.769079
fa09f2730b7c4d9bbb85e8683a0bcd66.jpg,Germany,DE,48.766381,13.729983
fd4a2d36aaa34c9d8baaaa6424729ab7.jpg,United_Kingdom,GB,58.541589,-4.675013
b5fa15f215164ff5bb78191883b1e776.jpg,Sweden,SE,59.371172,18.413817
b1179f5768c145d9b4ba5e72b3aa58e1.jpg,Spain,ES,39.446441,3.236446
f10e20a9d99d4b37b52af4a881a4193e.jpg,Iceland,IS,65.564624,-22.482616
63f09ba10bf44b2ca89e7294362814ad.jpg,Iceland,IS,66.564181,-18.018397
8f93d959fba645c2a9defc8de600aecf.jpg,Norway,NO,66.748909,15.735507
145bd530daac4edf8976bdbbd7b20a66.jpg,Poland,PL,50.410322,23.428899
211478e6f3634f38b6fd5829cdf88256.jpg,Turkey,TR,38.263719,40.958063
8589e97d80474ec4b2c33fa57a4b03a5.jpg,Turkey,TR,39.697756,34.394158
22d429ebda654085a70fed1f94747a40.jpg,Norway,NO,61.014441,9.20456
44c1a84201f149b8b512884d4ac4a613.jpg,Sweden,SE,59.919194,18.925024
8b252b72c04446109dd3cf3af18168f8.jpg,Turkey,TR,39.604715,40.184767
ece7e93ecf314c56b2e8f2de3f755881.jpg,Sweden,SE,67.193841,19.412002
2c0dead7804e40318d4702aad22ea2b6.jpg,Italy,IT,40.581547,9.749168
4db991d80a7a411f867f3eda01ae3d1b.jpg,Finland,FI,68.378519,27.409217
5835ee6edb4a4320ab7ec8b36c42f65f.jpg,Turkey,TR,38.839054,27.717747
e6cc2d5b37864b158ffad86319dfc593.jpg,Germany,DE,50.57874,7.488436
1aed7b2c0a874aad8d6352321f19c27c.jpg,Turkey,TR,38.648827,28.980457
06e84c3027e4458f9fddb235dc735907.jpg,Germany,DE,48.97679,11.311517
22d99035eb9b42b697356fc38a3f7c0e.jpg,France,FR,43.1426,2.727564
0552d1ad3eab4975be13402ceba4cf84.jpg,Norway,NO,69.074718,17.547244
9793f53ef4f74b4f98ba95eaf22f14b5.jpg,Spain,ES,42.291636,3.208021
368788d50299444f911814b27bd52c05.jpg,France,FR,43.467876,3.342624
4b7c809e1e1c464f8a5d2bce68eaa026.jpg,United_Kingdom,GB,50.341822,-4.658837
badd65f7dc474d4b92098fefa986fe3c.jpg,Sweden,SE,59.143595,15.166211
0782ee6402b64826a8e15e636c80381f.jpg,Iceland,IS,65.486668,-23.259111
4128a7d6c1924516ace06c456a88ae50.jpg,Spain,ES,39.861441,3.19788
be53531b1dca41d4b794bbc052d28944.jpg,Sweden,SE,60.263741,15.234399
15a11fb3d97f4b6ca1644f50f849408e.jpg,Sweden,SE,60.419515,14.777305
417d0df3cc8f4a11af2df487b294e316.jpg,Italy,IT,43.891483,10.520337
159e8ab6619b488b8c112ceb9fe957ab.jpg,Germany,DE,50.923088,12.574041
484eb66f9ff64a5f8948907557d04726.jpg,Spain,ES,42.494222,-3.07377
cbba5e4b8a4b490595c3b6eb626eaa44.jpg,Poland,PL,51.387745,23.158787
9b019120ab624f06a8b9ba2358188824.jpg,United_Kingdom,GB,58.510915,-4.80936
98ed1aaa3f07497f9629d240adbe9a11.jpg,Belarus,BY,55.205567,28.756769
db2477067c0748feae622051d5ab2aec.jpg,Spain,ES,38.094182,-0.712794
be62a69c2a944b658d585c3295d84c59.jpg,Turkey,TR,37.193641,30.254571
8ddedbf716ba405c95bf257305348a64.jpg,Italy,IT,40.991622,9.138444
f178c3efaa49411eb24824d0909a8fbe.jpg,United_Kingdom,GB,52.030172,0.795777
ffb055f03321493489b8b4de0e990c8e.jpg,Finland,FI,65.841099,24.513913
9adb6a28385d4c9c902c7994141bd4a4.jpg,Finland,FI,68.360408,27.415987
4aa0d89ab1c24e9980fd316cb28661c0.jpg,Norway,NO,68.504077,16.912181
f66ba110ae2e461686280088bcec4fdd.jpg,Germany,DE,53.097555,9.929222
e0b5239d5ad74edca1d186c9011a5642.jpg,France,FR,48.865113,6.231911
953bcad070344616a8e8ae6839ed88b9.jpg,Norway,NO,64.719726,14.043608
038210b687c94694ac5bccdc77a48f61.jpg,Poland,PL,54.729503,18.23875
c99b642c4a344ac4bc6f64b30d42ec49.jpg,Italy,IT,43.530462,10.540627
f197d01d00f341d88149dd8bc992b603.jpg,Spain,ES,39.640661,-2.331965
986b3106e6834e7ca860c557702f2299.jpg,Finland,FI,66.839377,28.682683
34ae18cdbdd24b1996ba6901368709d1.jpg,Poland,PL,53.969097,19.657122
2256987df64748a19edba5afa5391075.jpg,Iceland,IS,65.496183,-23.955158
c96f99461a7f445286ef93601d6394ac.jpg,Poland,PL,53.386119,22.583956
e843fa5cd4cd4e72831e15d74760e2f2.jpg,Iceland,IS,63.958355,-16.859442
ec869fc071d542b6a8984839ab18cab2.jpg,France,FR,45.864535,-1.198733
78d5f96acd7446b1b30becd71656eca7.jpg,Sweden,SE,56.566563,15.437204
242af8f742f3440698882c50e170b10b.jpg,Poland,PL,51.484899,21.609688
1bf51dfc0c3e45e28e1a01ea5775ef79.jpg,Finland,FI,67.541653,27.919456
fc7a991b5dc043e7bec336fdb8e8a690.jpg,Spain,ES,38.743157,-1.682322
81bccc68df7f452c8274ae04ab8581c4.jpg,Germany,DE,54.060049,10.145483
f0f9e8647c704bf1b611cc3d617ca274.jpg,United_Kingdom,GB,53.896559,-1.64877
cf76a352cb2f4de0b7184da8c06133ee.jpg,Poland,PL,54.147412,23.398492
f4193b37084d4946bec790557b074b57.jpg,Turkey,TR,39.16591,30.142768
6b942c6ce30e489e8fc1de62a0ac3fde.jpg,Norway,NO,60.233549,9.601124
7786d1c7e92a4006b1b4fb76c762ceb0.jpg,Belarus,BY,52.209566,23.969911
76027a34e5ae4dacacd7cf950c65ad17.jpg,Italy,IT,37.553554,14.289008
fc4d39a3ae1f4e108564771fadb90e76.jpg,Spain,ES,28.723326,-17.789903
2f9a594736f4471cac05ce7e5a42ae16.jpg,Norway,NO,69.693444,29.370987
10d238bfcb384b938d9668cc07ca0942.jpg,Germany,DE,47.675617,10.406114
4c8d9d83b6924894ab78a8ada8fdee3d.jpg,Finland,FI,62.158051,30.057539
849af21c1b894bc9b0fb0eb559475789.jpg,United_Kingdom,GB,50.374954,-4.44263
53ca1823a9944003b67f1862f13f7676.jpg,Italy,IT,45.151314,7.805021
fdfeed4450274ca282157457d2ff5538.jpg,Turkey,TR,40.786514,35.678883
f0497f2e37b94f72afe23b88f47fec3f.jpg,United_Kingdom,GB,51.194001,0.782273
af77ae82b4ad4fbd9824f637bfb56327.jpg,Italy,IT,44.850019,8.512352
d9140e2023834d4fbf0ef3756e84bee0.jpg,Belarus,BY,52.981241,26.936207
ac23e89217744b048b48abddb7b8cf80.jpg,United_Kingdom,GB,53.386774,-0.76904
cd5a44711164425b918ff074c927d78e.jpg,Iceland,IS,64.925304,-21.534835
c454a9c85e5c47c88863a50e3a5c6e68.jpg,Poland,PL,53.239749,23.146864
165f710811d14b1880a2dd9ccdebf906.jpg,Poland,PL,51.699425,21.005155
a9c99a7147034b99afe6ff7ce7c01598.jpg,Turkey,TR,40.012662,32.715546
308767b7cbf244fba81098da920c08b2.jpg,Finland,FI,65.531504,28.520274
225b2e4a79d9407c8888607e166fae83.jpg,Belarus,BY,55.262017,29.765111
1653f793a6964b2095846cd87714867d.jpg,Norway,NO,70.407415,24.492517
b77179a473f84f09887b6c457df3407f.jpg,Turkey,TR,40.275004,27.156026
6e50a6c45b3b4522b7785fe548d63662.jpg,Italy,IT,42.558701,12.371049
774ca18eda3e4e42b3fe19a9ddf080c1.jpg,United_Kingdom,GB,51.988309,0.684649
b258d616631d4eb38255f746355adbda.jpg,Turkey,TR,37.483791,30.564502
d7dce27aba974467ba732d13da8f03de.jpg,Norway,NO,58.351459,6.175411
1c7985bc37d84a0ba2309ab38b73226e.jpg,Poland,PL,50.755842,20.886815
b3e4802c9d4347d1960a955c5035199c.jpg,Finland,FI,66.383732,25.871219
001c2dde9a32436ca4192d5015a4af8c.jpg,Finland,FI,60.84178,25.545941
4e028f78b18148beaf09f22aa501c6f8.jpg,Turkey,TR,38.115543,27.348554
f5ffb413270b42ae86a4b46c15bb9147.jpg,Sweden,SE,65.578918,18.557762
213876ee9dda4bb1b19d532abccf754b.jpg,Germany,DE,51.037375,8.230619
fa8f985668e44ea0974b418c0b0ae8d3.jpg,Sweden,SE,61.392244,17.173692
6ab01b7ca79a4809b0baf9bef06348fc.jpg,Turkey,TR,39.557206,40.037589
9256c7a478594893a5337d3d32e5ca28.jpg,France,FR,44.474481,6.315997
4a41ba5eeae046379f80d22eb7165470.jpg,Italy,IT,44.56235,10.22753
ff4243fd3e1243ea806145136d814915.jpg,Sweden,SE,63.975928,20.09416
61536f5f15c34bb98bdb052a336923ab.jpg,Norway,NO,69.275906,15.970056
e13969995b2b44acac26106d36443adf.jpg,France,FR,49.085006,-1.48232
4e6b0f3044fc42f9b27873d3b237a999.jpg,Iceland,IS,63.454804,-18.641392
396a6d913161430dbc04463013721c37.jpg,Iceland,IS,66.015164,-14.8935
3c16551c087f42a18bed2a76f6094ca1.jpg,Spain,ES,43.219451,-3.165747
c5271152651c4f76a6d6fa1b4652e16f.jpg,Finland,FI,66.069208,28.875043
4d1d5addcc7843ab984932e4f51739a2.jpg,Italy,IT,44.304192,7.153658
e25aee94872f409f84fb1808dcd0c80c.jpg,Germany,DE,52.715939,7.691909
86684afc29fb460f9498380b5b8615d3.jpg,Italy,IT,44.446661,8.076016
21b41764126147de81d719accccb750a.jpg,Poland,PL,49.340849,21.723146
32386b2fdd9c4a0d907699e0d65e3384.jpg,Spain,ES,39.186763,-2.12374
ac2f847aeeff48d5be2c7cf1927916ef.jpg,Iceland,IS,63.513897,-18.484581
03e2bda4d68f46a0bd56093ba2cea011.jpg,Norway,NO,62.239873,11.768325
4a6a2ae146834129bdfc4318d9f4083a.jpg,Belarus,BY,51.634304,29.086037
a3928a161b1c4e1f8beec90d6bfcc972.jpg,Spain,ES,42.116313,-0.068642
1cc3f0eda01a48d7a176e5852e3fcd15.jpg,Iceland,IS,65.405577,-14.647046
6961779065224675a4d6b49c8c8fc8a0.jpg,United_Kingdom,GB,53.864711,-2.820451
1a22e1b982d14e7cb9347eea4f6e8e5b.jpg,Norway,NO,59.022242,9.719295
ad35ddf23dae430684bfb6f1780dfa87.jpg,Sweden,SE,57.647849,18.636977
ccb89daa468e49b8b655b97a3b67b35b.jpg,Germany,DE,52.776367,14.052741
03cc568ab0ff44b99ddd24421bed6a5d.jpg,Poland,PL,53.172641,23.041911
7bd3b8d0b4a04f039355e34730f63828.jpg,Norway,NO,69.443907,25.301104
eb4e4b5f83e1461ca7bd99998ddbf627.jpg,Belarus,BY,52.648692,25.48476
66ae147ec1ba4dabb77d1114ade4eb6a.jpg,Poland,PL,54.322859,18.85807
516df726f2334468be3e2d4e3817895c.jpg,Belarus,BY,53.471437,30.369359
3154cd152c1444c798e2d34857d3a3a5.jpg,Germany,DE,53.331896,10.013984
8db395c0e4414aabb685035da8d903c9.jpg,Turkey,TR,38.335079,26.895946
ff118951725a459b99cc1acaf77cc8db.jpg,Spain,ES,39.700225,3.101041
5996fc01205a4f1ba3eb5611347ca0d3.jpg,Italy,IT,43.510225,13.266156
4bc02f2a1a21419d9f5f623773664300.jpg,Sweden,SE,65.882163,19.462928
5f39b9b20e8e463daa22379354ab1aad.jpg,France,FR,47.36085,-2.101569
c2c8cc65e88b424cbdc5c5267cb60cfc.jpg,Poland,PL,54.769101,18.337994
312bfc6e809b4fbdaf7c8247eb8bd89c.jpg,Belarus,BY,55.858154,28.605743
bd137b536b4246e1b7159b892aa4cbb2.jpg,Sweden,SE,59.176348,16.211198
cf0271799a29476a832fdb66950a8f28.jpg,Spain,ES,40.217411,-3.591323
9b1080409d6d44e9807ea377627f2f83.jpg,Italy,IT,38.650811,8.346251
3be28a15522c483d9813daba1d491e60.jpg,United_Kingdom,GB,54.092462,-6.173371
527ed2e378914b7e925f5d53287a0f51.jpg,Italy,IT,40.586178,16.260367
6decd53a63174a3980ad1d03c58a8f69.jpg,Spain,ES,38.3433,-0.568651
73e846ee54784a078f8c6f804a569d3b.jpg,Iceland,IS,65.811202,-22.518352
2ac01eb1b84f46729dbf015269242ef2.jpg,Italy,IT,46.159143,12.836418
5c80824b7d8c4a71bcfa9ddf834efec0.jpg,Finland,FI,66.005837,24.702322
f08a271baf0d43b2a865e9c5570e4c65.jpg,Spain,ES,39.391765,3.189861
0c8090c6b72a4779aa908b00f36f61f1.jpg,Iceland,IS,64.822637,-21.388155
69482c585857462288b7df95b1015c2b.jpg,Spain,ES,28.780737,-17.936621
971fc4df80c84f7ea5897f3688a4bf29.jpg,United_Kingdom,GB,52.145155,1.259349
92fe8db89c54424c9657095a432ff42c.jpg,France,FR,48.598309,-2.824497
2e9fe5c715e944dc8ec9f356de35a396.jpg,Norway,NO,59.685614,6.508011
d7087192c0bf43b3bb77f142e5281a35.jpg,France,FR,41.59227,9.326815
f869c569dec34ced9302190d476e9119.jpg,Italy,IT,40.899013,16.436571
1c103957bd6e4701affc7e1f5f108573.jpg,United_Kingdom,GB,50.258712,-3.82438
f02d65c6f9b543d795fb59b4b6f09e8a.jpg,United_Kingdom,GB,58.524185,-4.683864
ba6c4a5656ca49a387e8bd69b2852f35.jpg,Iceland,IS,64.903645,-13.937835
36ed49e003784edbb6eec76adcbe812d.jpg,Germany,DE,53.099712,7.673693
feaf767c38b84a6aacaa4ad7c58a4591.jpg,Germany,DE,48.520989,10.350077
8dc3c12fc05a4f8eb558064d044c83a1.jpg,United_Kingdom,GB,57.327991,-3.698684
2735324743bd4b40938ea89d7e488535.jpg,Italy,IT,45.460907,8.134265
73723b6e62fc4532b5d375bab911ac60.jpg,Belarus,BY,54.500752,30.066451
cf1763cb5b244a0ba9ff89d86963989b.jpg,France,FR,44.63269,-1.160036
4c7654ac423f4620a40f1a0eef7a484e.jpg,Norway,NO,64.609139,12.589056
1678b8ac281543f39d1d60eaf8fb39b9.jpg,Turkey,TR,39.474552,33.536262
c4cf52b905ec452e9510a36c2a2a4e16.jpg,Poland,PL,51.460447,16.121583
1f60d168012146609615a55c035f07e4.jpg,France,FR,47.033685,5.825506
b0c6066a50d44e1daedfda1c90fe4f43.jpg,France,FR,44.271386,-1.18401
60e1c19d0efa4bc183e3792e965a450e.jpg,Sweden,SE,62.623657,17.406909
6cc3afcdc0a9421e889f6bb0368eb01a.jpg,Italy,IT,46.118991,13.336305
78ad1702db5a4211b96b8b06a9f099bf.jpg,Norway,NO,70.633317,23.672297
5839485ed2c54425ac2a334c8e379238.jpg,France,FR,45.624812,2.716712
19a1eb53b48549698ba29db113655d3b.jpg,Spain,ES,41.762404,-1.119712
71f9948ce5de4dcd974c07bbf61f2ebb.jpg,Turkey,TR,39.872546,44.06372
d971ddb9c5284e26a15510c7a772fe2d.jpg,Norway,NO,69.036203,17.883708
5cb5b235c1654d41b9d48b720de07eb4.jpg,Germany,DE,54.445027,11.249409
97c8812e43c14e379918e1ed4add6fb6.jpg,Turkey,TR,38.325044,41.111602
316b8973bcda4e1da72a7892dbace087.jpg,Germany,DE,54.141228,12.002187
f768debe872c460f9e1dd3c2f815df75.jpg,Iceland,IS,65.519301,-15.447447
1368adb8117744ba9ebeca9bfc35dd97.jpg,Germany,DE,53.860053,10.328226
f002685eb00a4146b7a01283f5f08e2e.jpg,Germany,DE,52.655824,7.274623
6242c39d23754da5b52d27b1c2321e29.jpg,Norway,NO,58.254256,7.517902
a9bf1b26e31145a3bb7fdc54edd20df5.jpg,Germany,DE,52.099402,12.456277
edc9bc9e93944fd3b72671411e076736.jpg,Italy,IT,40.788417,16.420007
ee31962dc8854a95aa55edda497f223c.jpg,Norway,NO,67.158153,15.470315
64203472b62d495bbe28ea6f5b2c01d3.jpg,France,FR,48.067272,-4.568772
3628046bebfb445fa81b1dd4de24f528.jpg,France,FR,44.093315,-0.499746
563b96a714ec42d69b4806b1b8f1f233.jpg,United_Kingdom,GB,54.468262,-3.551462
08901cc0307b437e885d9c4f61a2414f.jpg,Germany,DE,49.829537,11.383239
7ca634597e23400bbb077e0b6e43f8e0.jpg,Iceland,IS,63.917892,-16.511339
df3b5f063b2c48a58c722940706b5575.jpg,Norway,NO,64.112188,11.321017
b2d47a5ec085417a8dc0957b0392793a.jpg,Finland,FI,66.875414,25.431186
6e36d06704df4cac8f56dc2cbc92832d.jpg,Italy,IT,37.137432,14.312501
2932f044a2d340358fab6c9e8b17eba2.jpg,Iceland,IS,65.742277,-14.843945
4d9561af2cfb48e0bf9c43f7c0d98acd.jpg,France,FR,42.961222,9.400118
b93b15fec1dd45bdabb2a8745b716fb3.jpg,Germany,DE,47.805091,10.264952
3cbc96d4b43d48a0ac9612e2805d4b09.jpg,Turkey,TR,38.47864,30.249796
c274370f183c4540aecdb6aa30bb3385.jpg,United_Kingdom,GB,57.985951,-4.483702
6e9920288b7c49faa254f70a138e6325.jpg,Finland,FI,65.991433,24.686412
c207d14618f345aca6dbd23a3a0f2d75.jpg,Sweden,SE,67.245686,23.267129
3b170d38046a4f5281ea4f9d6dd8a172.jpg,France,FR,45.276021,-0.875506
b916d042af4943fc8f4cb77be09b177f.jpg,Poland,PL,51.135537,15.399941
0a53e35c8aae45af9f1f8b9c0416805e.jpg,Belarus,BY,52.219465,28.715956
a015f3210e5b4f05a190ee2ddfd1102e.jpg,Norway,NO,63.23496,9.775107
2ddc35db117548e0a257c04c7b5fc5ea.jpg,Spain,ES,41.539384,-3.203965
924dc9e6197643e783f284dfead1d2ac.jpg,Germany,DE,51.240002,14.931397
e5fcb395030f494f9cec75ee6195f553.jpg,United_Kingdom,GB,54.636326,-7.65409
32c5c34c55b34a029670fe3605cabdf4.jpg,Iceland,IS,65.759239,-23.871757
801cbd2f21a648148a9e4cc6d9888767.jpg,Belarus,BY,55.171312,30.072595
fc48f26351e749e3b840ab8a03439022.jpg,Italy,IT,37.741958,15.146813
a4e4a7e64ce546d49bcb05648aa7edff.jpg,Iceland,IS,64.421101,-14.602915
943276fe209b4806875b040a8fa401af.jpg,Norway,NO,68.399291,16.809055
890cab81d2e342f9875447a4e10946f4.jpg,Turkey,TR,41.167039,28.391396
803f3fd4b256450d94dc32a1f6c725ae.jpg,Iceland,IS,64.835335,-23.944931
dede5e43c889411dab1270a8b3ce1477.jpg,Turkey,TR,41.694752,35.355652
2da0f13e6f564748bb8027f2a3519089.jpg,Italy,IT,41.549988,14.692774
f20f6b4b381f49baa31b1b82e9f59ded.jpg,Sweden,SE,60.484807,17.421063
b1a9e45b7bd74671a84bdc70e7456c20.jpg,United_Kingdom,GB,55.159541,-2.207734
c4ba3d007ddd4b488c50688f684b6a50.jpg,Sweden,SE,55.547789,13.758219
1f6d477439f04d47af39522411e84c35.jpg,Sweden,SE,59.979023,14.61904
04b61699582f4503be8d910e28046bf7.jpg,United_Kingdom,GB,54.593792,-5.695874
db043bb520214f8b9b1b70ee4ee2f322.jpg,Turkey,TR,39.561066,40.029479
d6d5aa0ecc0a4720925b5d0ed27afff7.jpg,Norway,NO,61.77811,6.214931
0fe113ef6897421c9d8948af227e0f71.jpg,Belarus,BY,51.63326,29.090205
807dcb258ca04609988d53bea6e4e178.jpg,France,FR,50.90448,1.80958
7c36e8288de34cf4a18cd9b47880376d.jpg,France,FR,46.414257,4.433881
563fbc9725ce4b919ee293ec9a13c14e.jpg,Finland,FI,67.544548,24.391902
03ef4145ed7e415a8c0776372d330f54.jpg,United_Kingdom,GB,53.147811,0.172069
c5b70965fd524173a87c22dbd92f3be6.jpg,Italy,IT,39.22574,9.125288
0886888ee7b744bc80ae7b10ce051c53.jpg,Poland,PL,53.981866,17.070246
8ef0acc41fd648739db81a9ce846c32c.jpg,Finland,FI,67.479148,27.941209
4070aebd91a34015aa84bf4a0c90e65e.jpg,Finland,FI,61.549304,24.068956
4e196240f9214ca785568533fdad96f5.jpg,Germany,DE,49.700818,7.392852
6978ff9f560b4179a34b00f2bdbcf038.jpg,Italy,IT,38.999769,8.419701
892f235a2c2b486b87c2c4c8fc2f384d.jpg,Spain,ES,28.67346,-13.907615
a6848a74f5a84ff3a88d81bf3c6a2ae5.jpg,Germany,DE,48.00025,11.096244
7b18be668d1943609b2a2e89e1692690.jpg,Sweden,SE,60.694435,16.023354
b0738ba5f27041ad9067841505efd8e3.jpg,France,FR,47.437329,6.723494
bbb79999e0304586994f59bfd9d7062c.jpg,Italy,IT,40.811472,16.400666
b6890bf0d61244e081e8c69f945d2f10.jpg,Norway,NO,58.939517,5.574043
671d4f92f9df4a99a04461e6cfd30a08.jpg,Turkey,TR,39.872539,40.645649
60384eab246b42c4ac9269bedec63731.jpg,Spain,ES,28.929767,-13.701559
a9c65c969a3b40df923e0610e58e7c55.jpg,Sweden,SE,66.716755,19.83423
c93472d8977c4bc5bd87b49732293c16.jpg,France,FR,45.793745,3.300974
abbefd08d8a343eb869852f06aeb7894.jpg,United_Kingdom,GB,55.63851,-4.595552
7f61b4200ff64230bd174e45d8cd6174.jpg,Finland,FI,61.802653,24.444865
16f216f3eb1245b4965b85a7cfda4f22.jpg,Germany,DE,51.198221,10.530916
47a38cdfe6dc46e18c28a0b430e93460.jpg,Spain,ES,41.254274,-3.897115
486ea24ae5654234918e8e1c4727c9e2.jpg,Sweden,SE,66.674849,20.165057
1863f05e9ba24f8f986b914bf6739e2c.jpg,United_Kingdom,GB,52.327509,1.494786
f2f739861c824b399812b94fcfe73981.jpg,Iceland,IS,63.601536,-19.983192
4d96fe33d42841eb83390b03e8c6379b.jpg,France,FR,49.011569,-1.428763
82b3cade8f774c65beeab8b6541e7086.jpg,Sweden,SE,65.834228,23.757475
1ac1f368525741abb183dd145475d77e.jpg,Germany,DE,50.296588,6.502155
c37eed289a2b49339a1c68872d4d6e3d.jpg,Sweden,SE,65.63316,15.531155
df7c21089b3e4dd2b3739cff666be0d2.jpg,Italy,IT,41.001592,9.235135
0178f2f56de942f2bdc7976c3174084c.jpg,Spain,ES,43.036498,-8.797333
a929a6ab62c9495faad31732d8314c25.jpg,Belarus,BY,53.130191,26.07328
b0c85e59665c44d6a799fbe8643250f9.jpg,United_Kingdom,GB,54.978127,-2.312856
b881771bafd647f785af8109d57ecfab.jpg,Finland,FI,64.523213,29.725376
3f0a0373a5824424852864160aa95e66.jpg,Italy,IT,45.568071,12.763666
c0c77ed313024921ae360658bf47bf9c.jpg,Poland,PL,51.613886,17.733664
011ad31d608747d2a606e95e15766468.jpg,Spain,ES,43.728035,-7.716684
408980c5215647b2b01e2f0f61f2f111.jpg,Finland,FI,61.307578,27.466825
cff4aa4995f14f47928fa7e3b64cfa9c.jpg,United_Kingdom,GB,55.453742,-3.500029
b4a0ba9c227e49509d789eb7cb902520.jpg,Spain,ES,28.050318,-14.358446
e4154c678ddc4e268d5843e5feb44fde.jpg,Germany,DE,51.64054,12.589013
f1916fc655494aeeba9f808623edac19.jpg,Norway,NO,68.335733,22.928728
1f90a5d2f9454126bf4f46f6de2dff0d.jpg,Spain,ES,42.791363,-8.121592
2d39c42173fa487d8453739d6d2456c0.jpg,Spain,ES,40.419082,-6.125988
b3ab90b7afe347c4973152e790cd5808.jpg,Norway,NO,70.102049,28.635123
a0838c234d99462a894f8a701c5cdc39.jpg,Sweden,SE,65.031811,19.407549
965b5c70973c4890be6672464d3caab5.jpg,Finland,FI,62.935637,23.039241
fa74e16baa13466f963f568131afe72a.jpg,Finland,FI,66.51086,25.908271
84ef7cdd77cf4a12b2584c45101e4989.jpg,France,FR,43.769003,5.406966
60bfe810f9ed4b43af1c1d4bb014e9fa.jpg,United_Kingdom,GB,57.550062,-5.521379
4d51735b36d144259796cbb18fb7c2f1.jpg,France,FR,49.186167,5.809514
5a09ebf88f484e968b9698af0a315fd4.jpg,United_Kingdom,GB,53.385987,-0.768089
3b9676bc0f25446496b1c6e88b3bea9f.jpg,Germany,DE,53.380435,9.685406
fececfb0b98d4e43be4f43767620b8da.jpg,Turkey,TR,36.935248,33.27189
f7fb9f1b28dc44fc890fda5c0156038e.jpg,Iceland,IS,65.337445,-15.042888
3b73cc942fcd4643b8630b85f67a8a81.jpg,Italy,IT,45.356371,10.750228
bc7426e4bf3a40c2a1296f6426186bec.jpg,Spain,ES,41.947476,3.120049
63021b7dfa8043ac80a11df6e52399be.jpg,United_Kingdom,GB,53.185413,-0.592806
b69c5a6c84cb466488575959b5eb4287.jpg,Germany,DE,50.833789,10.429341
9dfdbade880f4068b8420862368474c6.jpg,Poland,PL,53.258525,18.671283
2794670e3f45411a8e4034265f69fb88.jpg,Finland,FI,64.042592,29.671213
8b1f1b559e674d98a3fca14741e18542.jpg,Germany,DE,51.752342,13.888441
051c6f37b6004dd4accc48cce837a2e3.jpg,Finland,FI,63.404421,25.644565
b02f1831c3eb442e98f4ccb1c917b222.jpg,Germany,DE,51.981521,8.044866
d80088419c25406783bc20773d3ac3ad.jpg,United_Kingdom,GB,51.215293,0.726344
8927d92b64e6438b8bb58faecd2459ac.jpg,Norway,NO,68.522875,17.154944
b9a2d91679884c16beeda9e347d9ee2a.jpg,France,FR,42.369339,9.529649
b7e07f17c0864496a64a5f8af7af9baf.jpg,Finland,FI,62.30716,27.96757
86c46e8f67824cc7811166648f5e3174.jpg,Italy,IT,40.598784,16.978595
5f3f8ac7e32c4e2594436525ee2175dd.jpg,Turkey,TR,40.197575,35.666437
2202039b53ba4702bcb7440dda08a517.jpg,United_Kingdom,GB,54.993113,-3.620875
366f02a65128453eb67bea2d60aa703e.jpg,Sweden,SE,56.959525,18.303218
c7dd6c807c7b493b8ef578fafb9ad372.jpg,Belarus,BY,53.575135,24.339688
a26a4fd75dd2479ca5644f822d17f4e6.jpg,Sweden,SE,61.931782,17.263672
43175447ee794e1680d525698e9f2057.jpg,United_Kingdom,GB,57.978209,-4.538804
83d384686efe4dddbac3f368c9a9e753.jpg,Finland,FI,61.133682,25.633391
cf301554d546481c9ba4036f137f4928.jpg,Belarus,BY,53.021904,29.709603
833d2c2b6fe847d7a467978c482b35a1.jpg,Norway,NO,69.44072,19.239649
6c92eff98394438087fa72bb1df5255b.jpg,Spain,ES,37.453851,-3.940316
6c661f0fb7ce42969fd1d41c08d5c148.jpg,Sweden,SE,67.026274,19.828802
dd614a56898d4c04868327086f7bded4.jpg,Sweden,SE,65.86766,23.600935
52b06666b1d944c5a53f3d47f71882f7.jpg,Iceland,IS,65.480624,-22.129612
1ac7a969f91e412ba81debf5aece5e9a.jpg,Iceland,IS,64.292675,-21.424226
e176ef04f3d84676a6541d1f61ed62d8.jpg,United_Kingdom,GB,57.557305,-3.001711
c51b3692eb18432cb0d295b61a784d95.jpg,Sweden,SE,57.579882,18.378026
e048c696fb18497eb220b35f745bd11d.jpg,Belarus,BY,52.468177,27.474117
e3e64184b67e4845a21c155e6a11f907.jpg,United_Kingdom,GB,55.569415,-3.087947
73990d89e2684d3b9a680d5798a5c1b6.jpg,Poland,PL,51.707041,19.483812
e4fa0d4f05a4482c8433dcadc7302eda.jpg,Iceland,IS,63.814322,-20.113456
982e176371044fc2bc888358e54d27d1.jpg,Norway,NO,60.092855,10.951193
377ff6f38efc4963b079a391d67b31c7.jpg,Finland,FI,67.50503,27.742282
c75939874a064dfa87120014839b0139.jpg,Belarus,BY,55.835571,27.927842
223ad69404974cf995bc5ad82bbb077e.jpg,France,FR,45.191673,4.876267
1db544b3527a4163ae54ca4b2d7a7509.jpg,Germany,DE,48.234588,10.10181
bccea56bdf6842299c7799002f27afce.jpg,Norway,NO,67.65252,12.595429
449461bb72704ee2b85b2f8ca32faf76.jpg,France,FR,48.818064,5.022291
1f056cf2b47c4e20b0c0bae243978552.jpg,United_Kingdom,GB,54.483485,-6.875178
e169de8356cc4162b6d29ee4163330ad.jpg,Germany,DE,51.047067,13.868587
67c9a7980e5043e9adbe81e63bc33ec2.jpg,Poland,PL,49.034874,22.353636
b2e2a0f9c40b4ba0910c9f61b50cc460.jpg,Italy,IT,38.247468,15.453243
543637a1d31049288ad84b6db4252ff6.jpg,Italy,IT,42.153776,11.921385
c1290e401e984551a4bc064b0817a93f.jpg,Poland,PL,53.363876,16.263603
c907c80e603c49feaf4fa0f9ddcab2e9.jpg,Germany,DE,52.21886,7.087109
cecc440f3e144a3ab90c63bf9d68ba30.jpg,Poland,PL,53.372913,21.292822
e797a8fecc7a41088259a79c9879b707.jpg,United_Kingdom,GB,52.667677,-2.85926
9db5f382d1774738a241b15feddad478.jpg,France,FR,44.131913,4.158871
24bcc3fbda154f59af25e4b3f75fba45.jpg,Germany,DE,54.564042,9.837347
2b6819a569ca4509873858209f2355a5.jpg,Spain,ES,38.298615,-5.950485
a84c5868c1e143d59f05ffb7ab5cb47f.jpg,Spain,ES,42.015788,2.711862
4c9a76f251bf4e6189816caa683fe080.jpg,France,FR,49.422375,1.05173
aa4aef2d9e524f70bf4a2abf2cc788e1.jpg,Belarus,BY,53.201033,29.13893
0beed69c7baa43af836c3e9550a57e89.jpg,Sweden,SE,65.635883,19.671551
7bb43e7e64bd44eaaa4701318398316a.jpg,Norway,NO,61.108933,9.107127
d69b624c8e0242709bd8644d7905b6ba.jpg,Sweden,SE,59.830573,17.998021
4690cd5186d444a5b6836fcfa02a4ac2.jpg,Norway,NO,59.664269,10.872223
561959572d854ae49426efe58e367876.jpg,Poland,PL,53.495405,19.912589
2ed7d3c714da461c93c4340601255fdc.jpg,Finland,FI,67.538957,27.921249
662f4e3e06734148a8e6da2d82ebce97.jpg,Iceland,IS,63.566805,-18.446399
f22513b3d0144efbb775e987f1c0376a.jpg,Iceland,IS,65.730156,-20.215983
56cbe68b9eaa4960bcdaee127c4de200.jpg,Iceland,IS,65.989281,-22.943668
32404cef73304e03a7f2ac852b46452b.jpg,United_Kingdom,GB,53.383523,-1.434972
1d5d49ad65474e5e8ec3b4c4485b99d1.jpg,Italy,IT,39.227277,9.125825
fba4dac576fa4b9c8e10e3cc6b23eb86.jpg,Turkey,TR,38.81942,30.691664
e22e8f3fd0fa4c7dac5eff91416a4eea.jpg,Poland,PL,53.134505,20.73796
c95a758fe3224f8f98af40e522047767.jpg,Finland,FI,62.559236,22.035833
4fd0e4aeb450408690c86d54a2280a87.jpg,Spain,ES,39.501628,-4.214675
9bf18fe0e1c447888bd4fee2517e6f17.jpg,United_Kingdom,GB,58.498734,-6.255557
2a3c7e338de5463c84b0f15bfe9eef87.jpg,Iceland,IS,65.590491,-22.962882
fe366f89cb694c74a9a8207040eb112b.jpg,Norway,NO,58.489714,5.904369
862217ed21354842817a487c2aac1d82.jpg,Sweden,SE,64.201544,19.583138
22bb33e9ed2c4f16b7099447c6374d48.jpg,Spain,ES,41.877716,-0.768746
492645f87c2f4249812ad780f3d88851.jpg,Norway,NO,64.188751,11.919524
da4215b7574648b59f23caa8b7e0771b.jpg,Italy,IT,38.018268,14.063273
bd472654755d468a988c571d8d0a8c5f.jpg,Turkey,TR,37.207007,33.067103
eaf1b8f7b84c4a5fba21a4a5fb9023d3.jpg,Italy,IT,46.43282,11.210057
4c0e1abbefde4f059e44f92e5306a5b9.jpg,Italy,IT,43.81813,11.231768
ef60e63afaee4f8e918194c68a22329d.jpg,France,FR,43.36477,3.17846
cd89f25493e0428abb4d390de992c3bc.jpg,Italy,IT,40.936619,14.324999
9da823da1fa34784a4aa7e279db7e60e.jpg,Iceland,IS,65.578864,-22.13482
0417f7e29a564468875c73edaae482fa.jpg,Poland,PL,51.349278,21.054446
3763ab3dc6ee4b1b8765e27976c3198e.jpg,Spain,ES,43.729027,-7.718543
16416931b1cd4f37a2af64b7b80fe286.jpg,France,FR,44.591233,1.959399
1fc6d892c8bb486ba1d3e27ae40b5b0d.jpg,France,FR,44.642677,-0.978022
9a8c929833914244aa88835270af845b.jpg,Norway,NO,59.334749,5.43913
d66a9867b4914bdc9a6f78fa1ace2fab.jpg,Belarus,BY,51.97453,23.946428
3a0599f797ce4d8dac0cbc96aae4f3b0.jpg,Norway,NO,70.452888,24.694739
4e95ac4518214f6885615830e9790564.jpg,Turkey,TR,40.148921,25.929809
84c91c9ee3944008aa05c170be538c71.jpg,Iceland,IS,65.632065,-20.295927
aaae791be39047a89b911fcae0bf84aa.jpg,Spain,ES,36.267012,-5.941844
95f2a083d45c46b1882773e233a6da62.jpg,Spain,ES,42.771244,-5.038867
4a14781e28494a2c978d686aebd1ed3c.jpg,Belarus,BY,54.73364,25.983014
b88c1d8201024156bba8bb3c49cad1fa.jpg,Spain,ES,28.778991,-17.962548
3d08c4aef7ec432fba3d4f3ed5a19b38.jpg,Finland,FI,60.728185,23.567713
21177040b2c8461fbcf39484c253ffda.jpg,United_Kingdom,GB,56.07602,-4.826197
b7d89099b9614637a590cd6a82ec4aee.jpg,Germany,DE,50.686509,11.159992
eab8adc9ad6a431f8bc00c61de2e3fc9.jpg,Spain,ES,41.526576,-0.356535
08e8e3fd7a3c4904819b35cebfb7270c.jpg,Italy,IT,37.855,14.943735
17702e74aa394a62abb1f3ee9184ef4c.jpg,Germany,DE,50.818615,11.396173
4b5267f5f0c24d7392d29a74f61ba9a9.jpg,United_Kingdom,GB,50.330334,-4.813976
49b2355f194d455b929ffcc6c155a552.jpg,Norway,NO,67.102071,15.470053
6c70a72445554d609655e79d038ad384.jpg,Poland,PL,51.615178,21.660435
e92dc91311b64bd5ac9ddcf70e227092.jpg,United_Kingdom,GB,53.465614,-0.552037
466c6893c8784e0db887fcaeaf22aa7c.jpg,Spain,ES,38.75797,-2.897876
5baa703d40554ee0806c0996e90c8266.jpg,Iceland,IS,65.841824,-17.295279
c19f7011acbc405994165695531c741f.jpg,Finland,FI,61.28127,28.806198
54d59490ca434b01a35c1c9a2961f306.jpg,Finland,FI,63.445952,25.643092
0e8e17cf889e4fca9bd7f202a66abe1f.jpg,United_Kingdom,GB,54.655349,-5.675576
f32c94c24e45430e82785be7a53951ee.jpg,Spain,ES,39.998115,-0.586682
7bb2581efdc448048aa42de7056cd1e4.jpg,Spain,ES,39.520292,3.28774
71e53d49ca8a4eceab26a634e9517638.jpg,United_Kingdom,GB,53.550397,-1.482217
1192f67601a744fca467dd67dbcb4a03.jpg,Italy,IT,39.014313,8.417081
7b5008c0d7ee434aa4a9cbd1856e3b37.jpg,Poland,PL,50.821065,22.736292
ea95c2c5689042c6a89d3c5e9569ae18.jpg,Spain,ES,28.776841,-17.911587
1ca063a018df496eb57753d26dcabbee.jpg,Finland,FI,64.82365,27.941439
a51ab4b73d6c4db1ae44a398f8f1dfe9.jpg,Poland,PL,50.930164,22.253328
a8425c1337a849d588c43ff2ef14242e.jpg,Germany,DE,52.412484,11.745119
b102d6f6a25f40b68011d29df1470238.jpg,Finland,FI,67.427241,24.937528
78a10aa2930b4c23bc06a1bd03cf3327.jpg,Belarus,BY,51.638285,29.094991
d87482f4a8704c22a63e3a1db878c825.jpg,Germany,DE,53.503225,10.453323
fe9c38499bf44967a4585336e2e5c79d.jpg,Iceland,IS,65.5813,-18.538849
2932c990cc98427ebd567f7b99d35c14.jpg,France,FR,47.625203,-2.995025
c2b51b4444e748449c95ad85610d1f1d.jpg,Finland,FI,67.886607,24.00856
69a888cb3c934cbba3d699469f51e5fa.jpg,France,FR,43.582194,6.635795
144ef71d46d04f5ab012ec70e63bd8b8.jpg,Sweden,SE,60.223352,13.471216
657816fef51645d2a3de75d11e14ae0f.jpg,Turkey,TR,38.487752,28.059024
ec8c730567b242ffae8a05d9738b602a.jpg,Germany,DE,52.47004,8.365829
6def02a7dc414ef6a5862ebc17c197cf.jpg,Germany,DE,47.665195,10.185483
f993666b61cb4eb587eb543bb7a1686b.jpg,Italy,IT,38.909648,16.416398
473648cecb804f679d810fe4145d0108.jpg,France,FR,49.646897,-1.244611
c6e9bcb94a1243e6884d1a193d18b0f7.jpg,Poland,PL,51.284343,22.524664
dd461b890e7b43d5833acc6efe774b57.jpg,Turkey,TR,37.212149,40.085185
d6381b42cc664583a5fe92be44feb14b.jpg,Turkey,TR,41.060967,42.845395
c0fb71a5df894890bcc03052b6f3ec96.jpg,Spain,ES,43.13162,-6.073977
5e841d586a774f0689c348b08c147a63.jpg,United_Kingdom,GB,52.915544,-0.359086
fc49ab8dbf0941d6934d7f6b116f382a.jpg,Germany,DE,53.271739,10.105549
749f2c62088340c299f29c041dce8fb8.jpg,Germany,DE,52.934502,10.33105
8c7fcee57b6a4a60a90c0090a3af2ec9.jpg,Germany,DE,53.014535,11.179931
aa640d7385834298975dd1a4aea2c6ac.jpg,Italy,IT,45.652006,11.388946
f5e8ceb7285048b996b81751f3087141.jpg,Spain,ES,38.681827,-0.051148
e536d777ef5a43a5a13af671eb5bbed1.jpg,Poland,PL,50.515252,23.491901
d2dd8120f30b4ac6a1cc6ab9ab09b610.jpg,Italy,IT,46.72315,11.939884
69ec0fa1a988474db3db954bda5c6017.jpg,Sweden,SE,66.39426,20.695077
946a93570a6d4c519da3d296764dbb5d.jpg,Germany,DE,47.847501,8.754111
d2d969367f3f4c4a93be4019a231b751.jpg,United_Kingdom,GB,50.361511,-4.612973
7a09fe0833864ec09a50ce98c14006fb.jpg,Norway,NO,63.331146,9.916129
5a3a38e011034ca19a6077c1ad1b77df.jpg,Germany,DE,52.650957,10.888984
2d4b92b9223541b1a92015bc5939a09e.jpg,Iceland,IS,63.911098,-20.603066
6dec57f6e54d46858c9b88bb314a6a8b.jpg,Turkey,TR,40.397497,26.847992
4a2f7b6515084375add5c68c81b759eb.jpg,Poland,PL,52.511746,20.645253
470980b907ae41d7bfc47fbb0f4887f9.jpg,Germany,DE,53.341675,10.74986
c4ead54185d14471bb5486850d9f50e8.jpg,Sweden,SE,56.809463,13.356455
34132346e7464b15ba0da2ca6ac453bf.jpg,Italy,IT,37.830765,15.137227
7239085819194fbeb079b1a5e8bae751.jpg,Germany,DE,49.447038,8.782049
7f39431e60264b23ab38f8bac1c4b85f.jpg,Italy,IT,43.183755,13.394224
d43b77b51cc7419e94165d032399279b.jpg,United_Kingdom,GB,57.132194,-3.932493
52af17359be34c61a35edb7549b3a8d3.jpg,Italy,IT,39.222473,9.1914
c7ef6a6c8fd34871b764a14be9f8d184.jpg,Turkey,TR,38.376561,41.088999
ba2e6896129042248dff98276e82df3b.jpg,Turkey,TR,39.111804,35.682034
3fb3f1190c7c4056a7a71911fcce0a20.jpg,Sweden,SE,60.383603,13.294023
207692800fc14a8fb1825ad2f07e1b87.jpg,Belarus,BY,54.58316,30.447457
2ce71407477147ce990eb4dde3d5dc13.jpg,France,FR,44.118076,-0.057828
f101ab03a70548efa2bf04c6991e28a0.jpg,Italy,IT,39.090965,8.386942
4be7a66add0142d6a84bfa6011166404.jpg,Poland,PL,50.385045,19.301235
0977bb560bec40df9835310addc7956a.jpg,United_Kingdom,GB,51.965122,1.209108
da7f750935a14a20bbd10f646f9e765a.jpg,France,FR,48.793436,-1.514373
cee32f6ba9d5472fac8b052f7cb1f396.jpg,United_Kingdom,GB,56.200391,-3.131263
98368d7582434f9e97ad090bad6853dd.jpg,Italy,IT,39.723141,16.390583
4b7362c646c14b13b26c6937fff9ad5a.jpg,France,FR,43.504551,1.149117
45bcea9905484a8cb8cc0977eb984ade.jpg,Finland,FI,60.619236,24.301789
626ff93687e14d4482067257572ebbdc.jpg,Italy,IT,40.080701,15.740663
f72ca373207d412abda5fe4da70eb840.jpg,Belarus,BY,52.368024,25.59693
0b0ae56af397442293f6bd33fcb46164.jpg,United_Kingdom,GB,51.171287,-0.033789
1f4ee34eee904d848dbe08da9686c5da.jpg,Germany,DE,49.782965,8.409053
d45fdf8707bf41f9aaddfd9b7209465a.jpg,Sweden,SE,65.902772,19.472748
1db0d2ebba654419a77bb8d97b0b7367.jpg,Turkey,TR,39.794864,42.554342
405d9f82a48c4513bcfd39cd0aa0b52b.jpg,United_Kingdom,GB,58.234758,-4.480909
da489b132532478e84f1e87deaed43d5.jpg,Italy,IT,44.965162,7.185361
3d301a86d6c84e869b2341ea215e03cb.jpg,Sweden,SE,63.875165,20.662774
dd86788fcbf547beaacceb805aa2e01b.jpg,Norway,NO,69.304892,23.876597
f197f56479624a8cafb47892dda3a165.jpg,Norway,NO,60.53028,5.156333
ea1a6c7cda764294957c563c3975de49.jpg,France,FR,47.521393,2.034491
bacc6a345a3f41a58e35cb8691e12068.jpg,Germany,DE,53.115205,12.088526
c0dda294a8364d6d886087b852cef6c9.jpg,Belarus,BY,52.213974,31.486914
aea72eb765b6413ca755daf9dfa660b2.jpg,France,FR,47.525681,3.684241
8ce4580387e44113a1139e4435519f3b.jpg,Spain,ES,39.442867,2.898983
8cde5ac94a464be487d41deeda12913e.jpg,Iceland,IS,65.813049,-19.328448
3a8cf6d45d194ebcb938cf7e68d885bb.jpg,Belarus,BY,53.454697,26.679343
6ba0456d23a643f887b9756d555df818.jpg,Spain,ES,36.859071,-2.635936
fc8938dd79294142a3558b84dde9ea55.jpg,Germany,DE,54.021061,9.004831
15c7be2c77264c8f8873098658dcd02f.jpg,Belarus,BY,51.649546,30.440048
eaf7f1c4526a41768e5a2aebb045aba3.jpg,Turkey,TR,40.928778,35.15705
3e1a6883e1f3410c99771e5066678fcc.jpg,Germany,DE,54.559499,9.595981
0d2395abbadf48aba39f3a721daf5759.jpg,Iceland,IS,65.749283,-19.706234
3ebcaca0a13742b7b6064cdc5c795151.jpg,Belarus,BY,55.314532,29.494894
616fbaec68974fbda121ddef021e1715.jpg,France,FR,49.833129,2.073239
f9d083cdddee487d80365345fef908ac.jpg,United_Kingdom,GB,50.631298,-4.09741
797b1b195c614fc69c6053afe0613199.jpg,Poland,PL,50.431655,18.610298
12e0994de06943b3aad08914ccca56c0.jpg,Sweden,SE,57.486195,15.026928
0843c62b4096470ebe073c3aab4420b1.jpg,Italy,IT,44.708228,8.164091
48392bf0408f43e7abb8fab1704bdddb.jpg,Italy,IT,46.48805,10.280229
ee86fd243d844d02a53bdbc494be42cd.jpg,Iceland,IS,64.276197,-15.032096
a5674e4004824e50a9be3d17870d4b3a.jpg,Norway,NO,66.755091,15.834581
927f1e3b54a14bd2893a31498a866285.jpg,Italy,IT,41.015234,14.81206
e248dd6ed62547e29d559b19713ebeb1.jpg,Finland,FI,61.747037,24.348989
8aae3512beb04a158ad9fd4b6ecf4931.jpg,Turkey,TR,38.468928,27.593808
9f5ff1ece4bf49a4bf5077bc6a40289d.jpg,Belarus,BY,55.814841,28.602642
aaa502aff0d04743b686518e5973f5e7.jpg,Turkey,TR,39.142632,26.838121
270b5703255d4885ba822206da37362b.jpg,Poland,PL,51.493983,23.54388
c2ada03e95e24889b2fe5e5ea9e0694c.jpg,Iceland,IS,64.607301,-14.40961
420b02b4f9924f94a5b78e4be014116d.jpg,Belarus,BY,55.167441,30.312024
3892940b073748599957ffc87586b069.jpg,Norway,NO,63.7239,8.836455
572d42e07c824661ba6209a383896b45.jpg,Poland,PL,51.704219,15.607054
e2dd8d15a47141a58e0e934838a6cf75.jpg,Italy,IT,43.8111,10.727295
a66fef3be23348be824fb966e6c4527f.jpg,Germany,DE,52.981844,13.835228
214101e188c4415a8486757e3b26b5b2.jpg,Sweden,SE,55.527148,13.983926
3696efd0486d454a9bc2eb81c0928260.jpg,Germany,DE,50.451678,9.139756
013dab95aed1425185b471f4ec69f0ca.jpg,Sweden,SE,57.972152,16.238288
9ddc4cf5059c4ef5992e58e0a82cd55c.jpg,Norway,NO,67.074285,15.380477
232aba3e15ae412899b369ad8216348e.jpg,Germany,DE,49.967649,8.798602
aafbde8f36004d7f8974d2baf9d9ce2c.jpg,Italy,IT,44.095861,8.127171
b972ccfeccb341eea12b14e35eb2af12.jpg,Norway,NO,69.466425,25.477901
3bb6e6e2d86a41e885f86e581c7ed917.jpg,Norway,NO,69.103028,18.206625
1d616ffc2e91453292d1359929dfd1e9.jpg,Spain,ES,40.019312,3.873187
1efe36b5d935430abc99e99e5b1f00b6.jpg,Turkey,TR,37.227253,39.796071
6167a80d6d2f4be39495c21dc36be60c.jpg,Belarus,BY,54.559428,30.454213
bb99fca4ab9d4dd4847846c3a85bc760.jpg,Sweden,SE,65.670617,20.250252
867ca68fc8584f39b37657abfd719e5d.jpg,Italy,IT,45.682616,8.479904
7a772b4e605c4180aebfadc4adf28180.jpg,Finland,FI,62.269224,22.606891
138d3acc821d4b3899b6c329d7714c27.jpg,France,FR,43.942444,2.167756
0f96e27a49454116b6b3f8ce84252f48.jpg,France,FR,49.249601,2.586671
64449580db8546339c7816a692375449.jpg,Spain,ES,28.050793,-14.356028
05a58a4338ee49db808e82fef2205d12.jpg,Poland,PL,53.402382,15.550994
496823cce83c46c4acf28f2990e7da42.jpg,United_Kingdom,GB,57.258481,-3.572591
75120b6c6c154a74b42e4ad805d3439f.jpg,France,FR,48.930283,0.806903
12e979d72dd546b09d39a73c0b0dae28.jpg,Turkey,TR,40.017124,38.604448
ad61e1fa76ff48e398da828f45ae1834.jpg,Norway,NO,65.212879,13.377714
dedd5f8cd6fb4f14a4f782c730818f03.jpg,Spain,ES,43.12634,-7.518212
95c48579761a4290868611b8a01c0f47.jpg,Finland,FI,68.679273,23.326173
f6bf9fc2cb184442aa708722575c000a.jpg,United_Kingdom,GB,56.843272,-4.71192
3b98cfbd1a3f478ba422497e56a781c2.jpg,Turkey,TR,38.756186,33.089389
d9e5159de1d645989c3065699e801fd5.jpg,Norway,NO,61.7496,6.361047
9f2a58ce5df84261881c4ee0d6caaded.jpg,Finland,FI,61.33908,21.961703
afc1c809b90747279b4ba2a05fe7f456.jpg,France,FR,47.525253,3.570431
dee952aca0b74b9db4dfb03da6de35b1.jpg,Belarus,BY,52.161358,26.090681
6eed389be0924d8f9f5fa3cdbeaea418.jpg,Norway,NO,68.831645,17.373688
2e77a7b8ed7d473c8e3903c52c253132.jpg,United_Kingdom,GB,57.54585,-4.518346
5a36f7aec73d4f44a93aa9af7c4e1b6f.jpg,United_Kingdom,GB,56.595056,-6.141277
379bae1dd87b456b9b071562379eebbd.jpg,Italy,IT,44.130405,8.112189
c63c30bcdae04ecd835c0c70c5aaf045.jpg,Iceland,IS,65.653944,-17.859816
7fa776454db24996a48a4d346388c363.jpg,Poland,PL,50.099361,18.16786
f6129ed314a7430595cd822a2d0a3395.jpg,Belarus,BY,53.074939,25.264171
d1de978b93694e0984d8aa16e63f8f89.jpg,Finland,FI,65.533409,28.87899
4e4083129aeb477d8bfbcc207cd1cd2c.jpg,Iceland,IS,64.919492,-13.93514
b27e97e47ad04d9ba3ff9aa2dd5bf6b8.jpg,Belarus,BY,55.887978,28.546971
f4e7e996d6434d38b1de083ec405bc07.jpg,Sweden,SE,64.369532,15.369096
01615a38a6d54005a77a7aef896b5b9c.jpg,Italy,IT,40.534118,17.482498
a509691309034b2b92fb422c6ebef07d.jpg,Sweden,SE,60.283559,17.945113
3b1d0f89f0614768881a4e3f080a66b1.jpg,Belarus,BY,52.488209,24.926014
f4d919e2033a4848971f7d7779629b58.jpg,Spain,ES,38.24058,-0.599177
2b67683d63914075b8e48bdc9aeaf34f.jpg,France,FR,47.943643,0.277282
90a1352dd7e74be7b5a1863ebad64b6d.jpg,Germany,DE,47.673277,9.811938
69c8663e04dd409ab8c53256b460a5ed.jpg,Italy,IT,40.65669,17.630735
d97fe6ec7d274979bcc85573af2a7cdb.jpg,Italy,IT,37.305372,14.653857
a6a1b8c67dfa4c2b9caf5f0cccfbb809.jpg,Poland,PL,54.785546,18.407208
99cbf90cedef4b259c11b598e8877be6.jpg,Finland,FI,60.569793,22.8602
b41b4b3087234b43b2c8b2204d7b8c22.jpg,United_Kingdom,GB,54.364968,-1.361226
0dbc1cda213b446fb9f6f97c7d4efd8b.jpg,Iceland,IS,66.059589,-19.136052
20289063069045439d248416e9f502ac.jpg,Italy,IT,40.841867,9.652279
565ad493b46645c68de3ead89f066b93.jpg,Finland,FI,64.384379,29.050382
d21120ed4d074f2c98be3ce32bf4e0a5.jpg,Belarus,BY,53.378681,30.394388
848043c6ff124bfa9e4079466922ea81.jpg,Turkey,TR,39.474433,31.326347
e14da463ea9b42e5919b92828f95e7c8.jpg,Italy,IT,36.948878,14.603721
e310b5a1f58d4ff7ba2de9d5cbd161ce.jpg,Spain,ES,37.698318,-3.3798
d9b9320e17ca4c46977dff95f394e525.jpg,Sweden,SE,62.501876,16.162225
2a5fd9172a7840eabf2dee514fc46a7b.jpg,Norway,NO,62.676144,8.562279
e39062e6555345ba8bd2c517126fe251.jpg,France,FR,43.682663,5.095597
dde6f58ecfa9432eb049e084083efc78.jpg,Poland,PL,53.467173,22.665945
f3be44a9d89b47e98cd558228ec7cc12.jpg,United_Kingdom,GB,58.445275,-4.738137
4b22b45a094840ff8deca548fccd23c0.jpg,Belarus,BY,52.676982,30.817168
2668769d64a944febc24bc26fb60be1c.jpg,Poland,PL,51.138468,20.857708
e8c446d3257144f29cde066349981db4.jpg,Norway,NO,58.689663,5.597417
0052dcb578f74ec9b8915d16979c8ae3.jpg,France,FR,47.520819,4.324779
a8fb145158eb4e8897fe1a6b2fa2bd8a.jpg,Sweden,SE,67.845502,19.516311
39e999d726594a47aa4af2a8922b26ab.jpg,Finland,FI,62.52898,22.73356
91212d9c015441dd8c9a993ad882f251.jpg,Turkey,TR,38.887744,35.591978
33ee62c6417b493da766eafe888099fd.jpg,Poland,PL,51.249482,20.375315
e533c1825f7d44be99bdfbfded44ea5c.jpg,France,FR,50.152868,2.486335
1370cfbaa5c6471583fe303e68fef0e0.jpg,Spain,ES,38.99189,-3.388267
74b216ffdc584ca58e75595b206caca5.jpg,Spain,ES,41.133848,-4.088747
a9f1eaded87e4e0cb4fbf0eceaab6a79.jpg,Belarus,BY,52.612203,30.853534
45d0c781be7c4d8eaf91e8662c935927.jpg,Finland,FI,62.292163,23.704413
6ed4147b5e2a4560895208f24e00100c.jpg,Sweden,SE,61.413824,16.572381
df6860e04b934e648604bff9a0ac802a.jpg,Germany,DE,49.137672,8.766112
e5a03d773890494a86bdf7d57a93bf3c.jpg,Italy,IT,44.463488,8.035675
29a8996ac80745b6815a45f24f4a3700.jpg,Spain,ES,39.576326,3.142679
614c470a111844d1ae2febbfe77b1e21.jpg,Finland,FI,67.889171,23.996242
c85ff9f7094d4fe98bfb2667b497eb2a.jpg,Spain,ES,43.323964,-4.681338
c4171ed0a338429f91d1abeadeea9716.jpg,Norway,NO,70.672751,23.653047
8b53283b91cf4d45ae5cc0dd0bef76cd.jpg,Sweden,SE,68.230622,19.655803
cd65644423234323bb048c9852f83b79.jpg,Iceland,IS,66.079514,-16.757216
9ed44fba1b7e4311a46c06114799ae21.jpg,United_Kingdom,GB,50.508131,-4.746179
a3c62d8755c24468aa02fca28d18c022.jpg,Spain,ES,40.575921,-5.031685
1036d8f3a68344f299b9451dbfd79b11.jpg,Poland,PL,49.816805,22.183074
0dc54f57769d4075aeca71924efd659e.jpg,France,FR,48.797528,6.017837
2dd9c3ec80a74511a6ffbf7d7407228c.jpg,Germany,DE,50.543333,8.101098
b68ab346cb8f4a25829256730051f229.jpg,Iceland,IS,65.212108,-14.605302
d1acc711bf514867a84822607143c7a6.jpg,Sweden,SE,66.473153,20.319885
dd23cefc5f174c3d91fd7c2d76cac63e.jpg,Germany,DE,52.116332,8.205522
16dc5bf774744ac8b4239150c97ef086.jpg,Iceland,IS,63.630728,-18.436014
d5492446842341bbbb710f5d456d3148.jpg,Iceland,IS,65.779176,-23.235214
d8aaec5f7c714a99be5e81dcd9e74389.jpg,Iceland,IS,65.546459,-18.074114
f1220d394c2f44b8ad9e4632b5b0abb2.jpg,France,FR,43.157206,6.455058
e843a08a15904b80ab24137bab20e64b.jpg,Italy,IT,39.175228,9.380768
695a487530c74d43bf29b4760c6aebf4.jpg,Iceland,IS,65.762919,-19.658481
69a3a724853d45298e8f2a0fa1dbe604.jpg,Iceland,IS,65.675744,-20.684976
bd69a1521cb34b90aff7ab0f316018cd.jpg,Turkey,TR,41.54643,32.24802
f4aa252f760f40d8a254671f83cfaf1a.jpg,Finland,FI,62.5783,23.608721
9320e37e08974233a3586f0d13dbc4c7.jpg,United_Kingdom,GB,58.504171,-4.571285
7757a6fe9cce499f82d40413cc7c8306.jpg,Iceland,IS,64.788093,-14.005102
ad1cdea6fcf14bf395e81b105f2fb27a.jpg,Iceland,IS,64.917245,-13.821163
c2e2316e374b43d1a310adb32cb31e36.jpg,Germany,DE,52.727113,10.411996
e32953e6fa3c43c78726a67deb6d179b.jpg,Iceland,IS,65.500389,-23.451071
fbcb9519525c42e8a37fb2a9aaf3e303.jpg,Germany,DE,53.742047,9.336188
c041b6efaca44623a049152191c84c5b.jpg,Spain,ES,41.147517,1.013315
4634476f1a8f4a9797af1d4b1061ce73.jpg,Italy,IT,46.641589,11.682244
7947270b17c74e0ead67354790840d82.jpg,Belarus,BY,52.138815,26.096308
8c6db06b37794a3285442b3f93d7881c.jpg,Germany,DE,50.595767,9.515547
f2fc82b306d440eb98fa92aafc9e58ad.jpg,Norway,NO,70.189191,23.992714
bd22e36ff5a84b578057b270f00c5b9d.jpg,United_Kingdom,GB,54.558802,-7.254872
73020128ddd24201b514f92f421edee9.jpg,Belarus,BY,53.187543,28.730799
0600c77f10de4ff09d55755a2b6f7e5a.jpg,Norway,NO,61.685757,12.001238
8603d9a2446048e187b43e4ec99e806d.jpg,Norway,NO,68.406321,16.655861
f64849a523cd4ddf80afe53d66fe184a.jpg,Germany,DE,51.390768,13.376489
648e34fbe88f420fbef33ce4d8a34f15.jpg,Spain,ES,39.512192,2.767183
55344917bc2e4657a6be6166975f7bbc.jpg,Poland,PL,52.4992,20.909518
f87ee743e3344748b5bf37507c9289de.jpg,Poland,PL,50.741745,17.345065
3e715bf437174d1b9a42df9b1570a5e9.jpg,Turkey,TR,36.085495,36.152501
274988a784304aaba61a2fb27dc9d18a.jpg,Belarus,BY,54.596199,30.443418
4a15ed02d26348f29493b3602325b8eb.jpg,Finland,FI,67.875963,24.860886
fd4c9b6fc7cd4ae78ecba7f4ad8affb7.jpg,United_Kingdom,GB,54.91698,-1.543543
a50c3e7ec2ee445ba9b3435fc293e083.jpg,France,FR,47.334217,1.992622
501eff2de0af40d3ac71b6becb8e1ee1.jpg,United_Kingdom,GB,53.54084,-0.045194
0d3d4026bde849df9389669d216d446e.jpg,Turkey,TR,38.607953,41.150279
9c3137556d2c4915a847c9f992acf148.jpg,United_Kingdom,GB,55.259696,-1.892847
4ea8781b8b0245c0bc8f16ddae1f3ec8.jpg,Italy,IT,36.863404,14.730773
3cb395ffaa8246178e0cd9b0d4b57243.jpg,Italy,IT,40.735743,8.820233
8741e9847a24405f988516d410c5a381.jpg,France,FR,47.76826,3.936872
517028db5ab442e4800ce745836436be.jpg,United_Kingdom,GB,51.944389,-1.183564
2fe39d89b88349668fc91ac3afdcd178.jpg,Sweden,SE,64.933543,15.701501
02bd464c45204d89b79820055f487f68.jpg,Germany,DE,49.734777,11.693424
7dbec6f915e143d5b3f4f939497ddf7b.jpg,Norway,NO,66.325794,13.127179
4af2b71be53e4eb58433acedbb01e3d3.jpg,Italy,IT,39.097798,8.365427
92936f82c41a47d0b5e5e8cac3ee721c.jpg,Turkey,TR,39.550074,33.220289
23e6ff535ffd44c1b015ee47552a22a2.jpg,Spain,ES,38.832412,0.06347
4e695c00dbd046f68f632659e6be94ec.jpg,Norway,NO,63.094208,9.28287
f540aa42058642e580b373e0dfa65b74.jpg,Spain,ES,40.236013,0.140438
2e261e5f2a734464b8e0dfaf200c4b01.jpg,France,FR,44.187302,6.042735
1b0672facf714ee7afcc5b58a3d4f20a.jpg,Turkey,TR,41.361898,26.949945
28db44d4e6e549c98ed6634d8e4b7955.jpg,Germany,DE,48.970225,9.863937
c86af391c8224572bdc1e7b09faea18f.jpg,Norway,NO,59.74147,6.66121
e97ad2782752422c8888b345ff85751b.jpg,Spain,ES,37.395991,-3.442087
57168fe64a234a45a774890ef9a9bb99.jpg,France,FR,47.562966,6.861212
425c12f148124fdba35ddf5c3f7a0a83.jpg,Belarus,BY,54.112503,28.346867
5a6a9bec29c549a1984e39b891fcb099.jpg,Spain,ES,38.744243,-2.878849
cac003c3e5cb4f2989c2954de43ea239.jpg,Belarus,BY,55.839809,28.608745
7e21581ac7f34bc19ad95a992d8aa671.jpg,Poland,PL,51.954862,21.573184
2b33bea8bfd945f0809995a7066f61da.jpg,France,FR,44.776565,-1.05512
a78df26c86594ba99c8844d72abe5fb5.jpg,Belarus,BY,52.261333,31.215857
f69567b90c804f5e9776daa2ae62a758.jpg,Germany,DE,51.475156,12.10533
e881e437106d4f32b5c61883f9f49506.jpg,Italy,IT,38.013572,14.985728
48d909041cd44967b9910ea08cb87789.jpg,Iceland,IS,65.738626,-23.166166
3fa67db005e34a55bf89b44ad8a0900a.jpg,Italy,IT,42.396003,14.334747
73cc300fd1694495b1d5210db764e9fb.jpg,Norway,NO,65.091453,13.331197
f263ffc062a8470d8e08b02a4e121276.jpg,France,FR,47.347926,-0.457613
0ab351d2784b4c0a8600d942274821b3.jpg,Belarus,BY,52.887352,30.670181
736c07df7b5441f6907dea5085f129d1.jpg,Sweden,SE,57.778784,13.293008
d6a716b768ff4513ae61aa127076bcef.jpg,Italy,IT,37.742168,15.143908
716d7adf61c346dba2e1da6471f0c5e4.jpg,Iceland,IS,65.53059,-22.41357
315f854510b0408b980dea8963cd6355.jpg,Norway,NO,59.368081,9.843168
7d8fe3401cec426c8f78e81e90ad11d1.jpg,Norway,NO,62.196623,12.946773
42ddd2bf3e71428ebf9152124c324b4c.jpg,Norway,NO,59.013299,6.895682
343c22d81784457cbf5531a0164a657f.jpg,Iceland,IS,63.843902,-22.41503
37e1519fc3e64e07ac8513000b3e55c0.jpg,Italy,IT,41.712179,12.692136
5c27a767528f4d49be7a5eae773c18dd.jpg,Germany,DE,49.649627,9.166706
ce64b8549cf74df28e6764169cbf9148.jpg,Poland,PL,51.521863,23.076633
5d0b27dad21f40289e1026dfe9f5ebea.jpg,Germany,DE,48.499029,8.422719
419fab621dcf492882c079eb01e8044a.jpg,France,FR,43.697751,-0.377
da94c8411f7b46a8b20d9cc529b0fa0c.jpg,Poland,PL,54.191621,18.633119
d7ac6c81699140788468e77ad7f8623c.jpg,Norway,NO,69.29608,16.004599
0e519c0648674921be7f57dc6f490a14.jpg,Belarus,BY,52.665017,27.459763
0c4afdb6610c49cca1892b89bf38a93e.jpg,Spain,ES,39.35609,3.122808
f95cf57d2ece43f8b2c9f5b7006d5c6b.jpg,Turkey,TR,39.010222,35.928438
8c753ea382ca4f0fb11a60c7cb072856.jpg,United_Kingdom,GB,58.572695,-3.073367
7c635f9f95f24358bc593bea231c187c.jpg,Belarus,BY,52.028638,23.79877
e4491d147be04feeaf3d1c0e5f66a842.jpg,Germany,DE,53.473662,9.029707
aecb6465fbfe454db61637a98b2b90bb.jpg,Italy,IT,45.718012,13.702257
e02e4d99efa947a89520314a84301fe4.jpg,Sweden,SE,62.704429,12.524822
dcb80be8c1484a4c851374406513d2d3.jpg,Finland,FI,62.949782,30.097127
24b2398439a04a7da134f4b0d5763bc9.jpg,Italy,IT,38.998617,8.417562
83723914484e48e48b1d2d821edf97ac.jpg,Sweden,SE,61.760309,16.928792
7352c45198cf42e0a892145ffc7fe6c1.jpg,Germany,DE,49.49781,7.45484
915633d5a300494cad8a84e6022659db.jpg,Italy,IT,36.729164,14.837922
eefb228d74a047a7ba4998050108756c.jpg,France,FR,42.90757,1.39537
88fded7dec7a4937a8ae20b5d5536f04.jpg,Finland,FI,63.144731,28.238901
dcb436f6f23d467f8737d5465844bc2e.jpg,Norway,NO,58.449026,6.005917
0e0d3ccb670e4a41b94158ce8652cb2f.jpg,Germany,DE,51.621192,6.319655
7998dd0eec87475c9caff95a8776806b.jpg,Poland,PL,53.296035,22.455261
5307ca30a08b4dd6917a99c344df9d0f.jpg,Norway,NO,70.571605,25.240628
f791354e5bbe40cfb16d222fb2a24374.jpg,Germany,DE,54.377429,8.729493
df69458f0fc247c2b856e9e512d97b09.jpg,Germany,DE,53.307476,12.35975
593e70fffc7a4cc195fcb39a7adc6810.jpg,Sweden,SE,59.343457,15.833518
8da9d6e20047454eb2039d902f282ef1.jpg,Finland,FI,64.124499,28.123653
a10a810208f841bea9a698703c44dd92.jpg,Finland,FI,63.349379,30.012586
ef6b23c5bd6a442aaaf8b8737add6dfe.jpg,Poland,PL,52.937182,17.389882
63e057eb1a3d44b89abc349ef1862ed9.jpg,Turkey,TR,40.711754,35.970284
d8113286669346ef8016b26f6cf095bf.jpg,Belarus,BY,51.711651,30.351019
8904fc4e4c2749f28d2e41b7cf2f683e.jpg,Belarus,BY,52.063951,25.552393
3f43791b34b3425e9f658b2c3fd6b3ed.jpg,Belarus,BY,53.747626,30.13845
c937058a4e8c402fb0b4313cf15ec6f1.jpg,Germany,DE,53.551028,10.468131
d4fbddc3f3a54286a4b94ffd447e7ad5.jpg,France,FR,47.829062,-4.206835
1fd682ff04da4dba81cca31268661f17.jpg,Turkey,TR,37.434354,30.554588
b01546f7b1fe47958cfa6b8ea4ae7f25.jpg,Finland,FI,61.834983,29.73343
baa9feaa212142f09ef32dc12ac9a420.jpg,United_Kingdom,GB,57.913326,-4.058455
781e36c087294890a48f338c5a798e88.jpg,United_Kingdom,GB,52.522789,-0.167534
894f7310f4d6460ea8b70122b6dc56e0.jpg,Italy,IT,44.818645,11.662675
5c45d89d495e4b179961dd5719dab5df.jpg,Norway,NO,59.914545,10.338974
3f4d08beb15c42349e7c136c2b8ad91d.jpg,Poland,PL,49.97559,22.024228
dd2d7dc7b8e44c2cb66348e37fccd251.jpg,Norway,NO,68.694383,16.559588
49365e89447c4f82a2681336826219ea.jpg,Poland,PL,53.414738,20.056454
3e3867fde4e74b9286bb5cf70c1b2a65.jpg,Iceland,IS,63.893207,-16.61787
22e650aa6840429fb0dd508725a30962.jpg,United_Kingdom,GB,56.50321,-6.957209
9daaa8c95deb466a90492dafd54dc83a.jpg,Germany,DE,48.687349,10.341128
c9cac0d0cb714dcaa16086f660d1dfac.jpg,Poland,PL,50.720034,20.673634
ef5b3594895d4163a55ff8484b556d36.jpg,Sweden,SE,65.303074,16.726778
852cd3d35aca44f1be70dfbe75f8f740.jpg,Norway,NO,61.861721,6.095785
d0b3284e79ba43248cc7b0b806409ef6.jpg,Sweden,SE,56.821508,14.472795
ea1a755afc9c4ae49b887925c8f3c797.jpg,Norway,NO,59.81384,7.214647
5202c54f6762468d99831ec3e3803ed9.jpg,Norway,NO,60.24325,5.367878
26d950554952476b811a43c819b4157a.jpg,Norway,NO,69.202923,23.681219
90bbb9b1036540b88ba14dc788c99b1e.jpg,Turkey,TR,39.615923,43.7202
11907911535e46039444a8014523e4ea.jpg,Norway,NO,69.200933,23.590884
7ae71a31a5b142418d87e0ee7672a86e.jpg,Poland,PL,50.394373,18.682511
cc941f82c76d4113952f9c3df0859570.jpg,Poland,PL,53.165173,18.16467
c21de4cfc10248b1bc3f860dee8a8dbf.jpg,Finland,FI,60.746034,26.129088
24562a5b70774397ba48cde2e9c85596.jpg,Germany,DE,52.286476,14.281298
5fe802ffb6ba4c2c893e92c3d9152091.jpg,Iceland,IS,63.929596,-21.3398
92e4c71d7df04e0cbb1de79abec3da07.jpg,Spain,ES,43.171861,-8.3686
0b526a2aff29442ab50b46210a9a8cb5.jpg,United_Kingdom,GB,59.025661,-3.272149
d8a755ced1fa4dddb8765ac0e5fa6b43.jpg,Poland,PL,53.35988,14.698634
f49e8f542d1b474dbda6ef0a67453d2c.jpg,United_Kingdom,GB,56.771373,-5.021736
9f40819af07d41ea8032e25a2d533e2e.jpg,Sweden,SE,56.23753,14.073136
b442ed50db934dceac7bf688c5cb5ae6.jpg,Italy,IT,40.054391,8.577498
a97758969f77413fbd78455df85e2996.jpg,Finland,FI,60.909591,26.289136
6d43cc172ae146c8b8a2bd9034131b3e.jpg,Norway,NO,58.222355,7.916199
9ef7504123074ac2909d5fde40ce5ee9.jpg,Spain,ES,43.363021,-2.667998
cbbb5128500244fdb2eff4100523b502.jpg,Italy,IT,43.168271,13.650407
f1adc04c754d40659d7af24d0d4e30f0.jpg,Turkey,TR,41.558776,41.56653
f9bdeb583a7648e7bb5b5adddf842ac9.jpg,Italy,IT,38.650466,8.342764
bea8430e81a2401c9d5976511766edce.jpg,Spain,ES,42.858055,-8.19622
9370b4bbc9f24bbabc555ab8978b2ce6.jpg,Finland,FI,61.677678,22.55367
a635d1be8fff46218301b301d5541284.jpg,Finland,FI,64.444237,29.413344
d9c047d65c9f4301a78365ecf75fbf87.jpg,Spain,ES,39.413151,3.137122
f5f272a187824f118717fda93c8f178f.jpg,Norway,NO,58.378269,6.119991
5dd33ba4c7fb4baca3f34e9d78d0478f.jpg,Finland,FI,67.005135,25.189659
23c8987d414944e69f74a9e3ddab3f0e.jpg,Iceland,IS,65.543556,-15.990341
affaa8ea7ab548ebab5e4947af1bc852.jpg,Germany,DE,53.503283,11.834907
1290ca17007c4973af2751b257d696d9.jpg,Norway,NO,64.736661,12.827589
f6489e0823f648afab80b9a1618b00b2.jpg,France,FR,44.034086,6.08792
af0b998e7cff476eb9c3a3bedb2691ae.jpg,United_Kingdom,GB,50.337254,-4.643967
d1d61c77349d4697b21dda054bed16cc.jpg,Iceland,IS,64.838712,-22.572601
9fd927ce69ec457691d2c809d1b44bee.jpg,Italy,IT,40.917523,9.378381
bf76c303bf504d149d83a2a9a4e76ee0.jpg,Iceland,IS,63.437073,-18.770742
54ca6bc07db24c7a879be1a39c33bc34.jpg,Turkey,TR,36.187582,36.192725
37b4f6f825b04391bd5f9f8bdd526b66.jpg,Belarus,BY,55.528486,28.798667
8aabab716c474a1795d766a4e03f45b8.jpg,Germany,DE,52.482361,14.098929
15c45a20066941d296bc1b4dfbf64b8e.jpg,Spain,ES,42.737937,-8.852663
41c2abbf866b468683bc442eb17095c1.jpg,Sweden,SE,67.844798,20.396218
9a58772677ea486e99ea3dcef6c06bb5.jpg,United_Kingdom,GB,51.800631,-2.010241
9093a497190d4061bd9b8280359c1369.jpg,Poland,PL,52.430364,20.737443
b82b61dbf9a94241bad0bd3e640ac4c3.jpg,Norway,NO,62.4708,6.185923
232f6b82dec441dd8d5126bc0a5f3f8e.jpg,France,FR,43.483449,5.68614
113274ccdcf64117afea3b69feb26ae9.jpg,Iceland,IS,64.182632,-15.822163
d7fc3b65d4524942b672082f352b78b9.jpg,Germany,DE,48.127169,12.317079
c2f5a08a91464fe9b0fed2ec3de6f605.jpg,Norway,NO,59.586895,5.299061
aa4b60c0d93647b78dd0f3b7ff333c8d.jpg,Germany,DE,47.646983,10.486856
bd57e423cdc74190a1afd8f24cb18d4d.jpg,Italy,IT,38.433531,16.43485
deb432b59e034bee93e295d3a81ab0a4.jpg,Germany,DE,52.204555,13.185441
c9191ed6b5a8449090c5958b794e214e.jpg,Norway,NO,61.750603,6.342939
21ee0f70cafa4093904b00d1383c1972.jpg,Turkey,TR,36.639271,29.1682
846e510486b345529a01611223c436a2.jpg,Finland,FI,64.414732,24.123588
50925c28edba4bec8c460b273fc5d225.jpg,Italy,IT,38.217675,16.248982
2008f5e0a7734ae8b3f3c1e083d1851e.jpg,Turkey,TR,38.132628,33.531928
db04a1df73254dc7869fd15f5e9c573e.jpg,Finland,FI,63.108517,31.121627
cabae459ee164e8899c3fc909a3655df.jpg,Norway,NO,69.689056,18.858549
51935f90d70a4d08a6866629619942d4.jpg,Norway,NO,69.297262,15.993282
ddaad89ae09f4e4f8a65a64f4db94311.jpg,Poland,PL,51.324173,22.48517
1779426c3b3645ea926cfdffd3211944.jpg,Norway,NO,62.558255,6.127336
4d36d6f05d5641debbd178f35760cc26.jpg,Belarus,BY,53.998808,28.631085
52baf6873ff049cd94f768fe471f8045.jpg,Iceland,IS,64.768751,-14.467744
5a7706c79f0647b984ecd0cbaad95645.jpg,Poland,PL,53.488128,19.349458
152c9ef3167446b3a601ff36ca99e57b.jpg,Germany,DE,51.461705,12.898447
65c2ea3b19e543f7a8cba41347aea06c.jpg,Poland,PL,52.154218,20.195148
f60ade5675774deba6091f41e821bbbb.jpg,Iceland,IS,65.859232,-19.374866
cf9dc1c38dc64417a129ddc767284b9b.jpg,United_Kingdom,GB,54.919466,-2.2687
901e08dbef0e4444ae425f2df42e4ee5.jpg,Norway,NO,70.9886,25.750461
1b15f16bea0d4a38a149b286da48bae6.jpg,France,FR,48.997651,2.283905
f074a87333524dedbbb60cf46a165539.jpg,Spain,ES,38.804812,-3.012269
907b408aaeaa4a18933cf4b8173129ee.jpg,United_Kingdom,GB,52.427237,-3.792601
fc3470ab25d244689eedb244973f5cdb.jpg,Finland,FI,66.303521,28.861826
8357dfa5cfdb4ac5b1949f8a32c61abe.jpg,Finland,FI,64.410855,25.8208
d3d667a31ff947d8a23052db0365782b.jpg,Poland,PL,50.862499,17.141652
d949ff19616b4b5da0e0798841345465.jpg,Germany,DE,50.367544,8.865467
6438ebdf04264c17b66f63d7829cc48a.jpg,United_Kingdom,GB,51.977629,-1.555235
1a80cc1b924e47bd84923408ee2420a4.jpg,Turkey,TR,36.535977,33.454614
034b1c2a3da14970a76f120adca7c174.jpg,Turkey,TR,38.427501,42.128318
e59145f579314201aaf50dfcc21fdfab.jpg,Belarus,BY,51.857816,30.011153
1c02335e81274f6b847ab9576b81b242.jpg,Poland,PL,53.584296,16.220974
50b532144f8b49c399e1d00ca0204db1.jpg,Iceland,IS,65.761556,-21.752328
35011443f9994eecb4b3ad733fd29df4.jpg,France,FR,44.170441,0.008377
c5d8f69d4c434a20a34355f0d7d2157d.jpg,Iceland,IS,65.300048,-15.286266
e13cbfb55de94b0ba825be52225a0c4f.jpg,France,FR,47.890379,3.239056
d45ec253f39245d18958764f9f43302f.jpg,Turkey,TR,37.571929,41.384092
2d36fb18aef64d94b6e17eaf0fb9ef9a.jpg,France,FR,44.55499,5.872598
e892258a514248cda62728c4606a6e5f.jpg,Iceland,IS,65.930809,-18.113784
3164a981332644cba01457a90ec3f99a.jpg,France,FR,49.115878,1.867653
56fde0ce006b4217a4e277237e295b2c.jpg,Italy,IT,37.320528,15.039187
c8db80bbb78b4b58812840c1973377b1.jpg,Turkey,TR,36.843423,28.705681
2a8a11d496904531bf999fc4ba192a8c.jpg,Italy,IT,40.600154,8.323913
cc7583e10d904e64bc62237d826fdf24.jpg,Spain,ES,28.055768,-14.36334
bd405f3e56994e5281a410a07882245e.jpg,Spain,ES,42.441843,-7.706388
39fe4220fa1049ee8d4a597b6ff6ccbf.jpg,Turkey,TR,37.253162,34.799557
9b3c6b9a443347f08e53f2967f193a25.jpg,Turkey,TR,38.584397,30.226801
eb694035e45340f3a13fc0ecfde7afcb.jpg,Sweden,SE,61.159412,15.129742
8cedf59b490e49de9fc1c8270055db8d.jpg,Spain,ES,40.121653,-0.741161
40d22cdca4fa46b498425e60005c31b4.jpg,Finland,FI,60.996162,21.981878
7cfa80427f8c4e37ba1ce7902f38ae51.jpg,Sweden,SE,65.609963,18.981421
e2c9aeeee7ed4cd0b5ea2104820eacbe.jpg,Iceland,IS,64.608729,-21.744727
dc64387355b64b1085e70c393ebe1bbb.jpg,Poland,PL,50.319569,18.945857
256056b757a8459da79c6a7ef7095436.jpg,Spain,ES,42.009427,1.716789
8495fdf56a504d42a0db33fd4c397e69.jpg,Iceland,IS,64.613823,-22.048521
f376399f3e0c43329dbc62cd310be014.jpg,France,FR,45.658693,5.615884
756302dd6cda418c8d4cd2ddc94bef77.jpg,Norway,NO,61.857906,6.203139
64f6c202bb9c4da893641d55f8250ac8.jpg,Norway,NO,61.375302,8.813035
95ff9ec642c848e1959caa3870d67657.jpg,Finland,FI,63.655323,26.611841
d7f7ff70e74649c38fb9bc2e5a63a055.jpg,Sweden,SE,64.12108,18.964557
f7b7aecbdf264663814c760f09276378.jpg,Poland,PL,54.238702,19.528148
c1064cd9e3aa4000ae37156bf648e738.jpg,Finland,FI,61.814422,24.460896
0ddb618eb4ee47e48ccd6563369a0eba.jpg,Belarus,BY,51.992676,30.469642
21cf108094064c6eb61e1b18cf71dc1b.jpg,Finland,FI,60.305007,23.805664
e6f7797e24634d72a7121dba11dce635.jpg,Belarus,BY,52.254585,27.793529
38c4ac8828894c7dabbd4431b3b60b8e.jpg,Belarus,BY,54.41224,26.048687
e6621d6b1bd3454d911c34294d852228.jpg,Italy,IT,40.941926,9.04993
40d816161bd448cda014d4d8597f43c4.jpg,Germany,DE,51.026717,10.35973
a0164bc301c54f0ea4c0ce1756f4a3cc.jpg,United_Kingdom,GB,56.390604,-5.099123
0a1c6edbef834a5a866f4cb496cce194.jpg,Iceland,IS,64.929349,-13.698526
e6730a9f3ea44acf9baa007f764cfb37.jpg,United_Kingdom,GB,57.687397,-5.595695
cc5762019393485a8059be225b191d7b.jpg,Finland,FI,60.780857,25.027647
4a4df1ad1dd542feaf0ff4633d7253da.jpg,France,FR,42.211866,8.656618
22a27c228b344788924c6d48c1e5ec7f.jpg,Sweden,SE,66.106757,17.477635
d76c7e6121974c759096e78d19523910.jpg,Germany,DE,49.326302,11.078486
c9974fdc2f5b4ee5bd7638128b6f9f32.jpg,United_Kingdom,GB,58.495459,-6.234026
980a9332abee4ba6a2ab5ad028ac2957.jpg,Spain,ES,35.881251,-5.506237
219c04d0994e4e71961def9c9ed172d2.jpg,Belarus,BY,52.21648,28.554789
b22d6192ec864f6a972057a270b6df1d.jpg,France,FR,47.933668,6.475264
9e5534e4f21642eda86754f07c30b386.jpg,Belarus,BY,54.121541,26.599128
00d2012ffeea43e491f51f2a17dc02be.jpg,Sweden,SE,56.223308,13.58875
ecc1bccb8bb9414880747b39cf339578.jpg,France,FR,44.154292,-1.011627
a553488352ca47c795029db2351ee4a7.jpg,Finland,FI,64.709324,27.758713
e88d709e6778475a9b0736cbbf0d951a.jpg,France,FR,43.695075,4.540955
6781979427274818b5bef99a5b635e03.jpg,Finland,FI,60.584207,24.251295
9090b146022a45738eaab09b36ea477e.jpg,Norway,NO,68.569323,12.697176
8ea0e871ebd641ff96f23615b0d5bc5d.jpg,Germany,DE,51.028986,7.263377
0d4e8dd6419244b6895775e0a3812ea3.jpg,Belarus,BY,54.489111,25.836298
c3113bc27c204b61ad188f9a99f79cd5.jpg,Norway,NO,69.443947,19.236886
d71851dcc5f34c5f812d4b0250941052.jpg,Germany,DE,48.488715,9.880833
c9215fed6c034d56b592db4dcaa4278b.jpg,United_Kingdom,GB,60.777798,-0.826542
3b1862f36662422482cbd8c66e554ddc.jpg,United_Kingdom,GB,50.424598,-4.668645
20428192e7ee45f2a4590d1fbb89692a.jpg,Finland,FI,63.679958,26.351708
d6f3ec535e344e20be2cec7eac2465d9.jpg,Spain,ES,29.104045,-13.469375
a104382a1c4a4030b8e6d9d2d6b3d50b.jpg,Italy,IT,37.967095,13.772779
e376b40a256e45639365d8c7ea7bf738.jpg,France,FR,42.762955,9.46738
1b66d66e6a964e8c860784cf4e11a252.jpg,Iceland,IS,65.907205,-19.396411
dfe9167e196443c7adcb9c66f7901179.jpg,Italy,IT,36.814201,15.027478
d170fb61ffea42659ef1625e9ff5179c.jpg,United_Kingdom,GB,58.543023,-4.673232
44f09f9759164da9b3988ac2a75200be.jpg,Germany,DE,48.859495,12.920889
3b2f9c238e654455bb83b3ca3199c18c.jpg,Italy,IT,46.593065,12.086592
c34e20f2c8334aae9704c913cd9e7b38.jpg,Turkey,TR,38.645923,34.905729
bb3ad36da27a42f1a6025bbdd24c0a91.jpg,Italy,IT,45.37427,10.699576
55b8508c8c2a417bb3da0389eb1a23eb.jpg,Germany,DE,52.556188,14.225522
4ea5f1a7a390432890c06ad5ddf9c8a4.jpg,Belarus,BY,55.332986,29.38598
8a29adcf5886485197a55e44e54cd1dc.jpg,Turkey,TR,38.988194,27.845868
f1789cb544df4037aff9f8eb240aa025.jpg,United_Kingdom,GB,55.685427,-2.177211
d7c57dabd2eb444d9787b4b841819541.jpg,Spain,ES,42.920351,-8.203875
fe346701e4a1408f890a54bf4e3eb174.jpg,Poland,PL,50.092875,20.309997
2bcb4f3aced947ec8d92c5b8a64ef1da.jpg,Belarus,BY,53.59576,30.370383
f16818bdedcb4bc8b34bae9d651f72db.jpg,Italy,IT,45.264543,11.767353
e8c0760d1fde430eaf6efb33b31d7ea9.jpg,Italy,IT,41.059972,9.390848
7c3f93a70a984ca38d03605f1111eb42.jpg,Turkey,TR,39.745047,42.870755
2d413baf3f6142bcae35d06bd52dadeb.jpg,Germany,DE,52.694084,8.9186
b83af8ac28d94ea7b50a0b7a53d01b8c.jpg,Iceland,IS,65.060186,-14.025438
7a24310b00d2482c9eb0b304a69ccd42.jpg,Belarus,BY,52.13798,26.096416
d8bddcb31d6846819fb1db5f96c46cfb.jpg,United_Kingdom,GB,53.275012,-3.550139
b8faebf1c0d64eefa10bf0899df2ec1f.jpg,Iceland,IS,63.923894,-21.359713
e5f220258a31401da3f07a2094baf9d0.jpg,Belarus,BY,52.556565,25.069216
e95fe25983584ce1a0a8611ce1862169.jpg,Belarus,BY,51.712439,30.349922
5e824409577f4b66b7349646ed3d2c57.jpg,Finland,FI,65.747505,26.579166
dbf865f29a2c424d8b2061fc5f890966.jpg,Belarus,BY,53.247073,29.444726
7c7125c6eac84354881a8a9a1234c1ec.jpg,Finland,FI,67.554637,27.897383
7e8c67738c594d7d81562d17620b310d.jpg,United_Kingdom,GB,56.001638,-4.390912
22d3648aa08445df94642a29372c26d3.jpg,Iceland,IS,66.06306,-17.342783
a780e4a6b82f45b5a55cac97846eadd0.jpg,Norway,NO,66.659162,16.158711
78bf3b301cab4df1ae81e9dec3a1bb5d.jpg,Iceland,IS,64.754665,-22.248431
07df25b84a9548328ffb16c096efdb55.jpg,France,FR,43.630315,-0.931072
52382b62f03846a38b788332e2ec527d.jpg,Turkey,TR,39.445754,27.633439
9fd793360f4c41259af345ab0a62041b.jpg,Spain,ES,28.052437,-14.363509
234167d3129347f890bae0e65342f476.jpg,Spain,ES,28.9583,-13.570205
6983441be7754cae86de9d590f17f8e8.jpg,France,FR,42.086544,9.496937
00cffab329d1441c8886b9ebd6cebaf7.jpg,Norway,NO,69.377999,24.059308
a3cb80440a0540aea618db22d846c9cf.jpg,Turkey,TR,41.016711,29.27001
0ca732a2c5fa4d0d96009cece9181736.jpg,Iceland,IS,65.012691,-14.12565
81b0e55831024a5ba5b6d80bb77f08b8.jpg,France,FR,43.786895,-0.936213
2d376fe3d8c241c3bca5d079fcf684bf.jpg,Sweden,SE,60.005599,13.330053
ec9ae4c57e5f4a6bac3f3018de5ffbdb.jpg,Germany,DE,49.178872,7.524534
067095dd704b4b368d3e489913525b8a.jpg,Iceland,IS,65.204165,-13.814302
582b2e1f8a124f488027eff8e8aee417.jpg,Poland,PL,49.548284,22.183546
1b2daf8aff4b45558e1fae2e1f052f13.jpg,Sweden,SE,61.668582,17.079085
5f2625adce6f48ed856e722e58c88da7.jpg,United_Kingdom,GB,56.156783,-3.955724
2ce7bac5cf5a43ca9a718ebd871f5b4a.jpg,Norway,NO,68.391602,16.641245
0852d5996c1a4ecabf483b18d6f032dc.jpg,Sweden,SE,67.839996,20.691851
7e0f270f68b14c10bed3a4dd8fc88acd.jpg,Germany,DE,51.846054,6.158205
73c44db3d40945bd95328790604a2101.jpg,Belarus,BY,52.413007,24.339019
cdf6cc99febf499e82a6d0b5614f1afe.jpg,Poland,PL,49.920997,21.317046
b6b30a5b78e84ff3afbc7a0a8b7c8a12.jpg,Spain,ES,28.500504,-16.197217
e7d9cea1d6c149e8bf1055017e4aaa81.jpg,United_Kingdom,GB,54.850177,-4.315069
689ba8f39fc446beb3e8463e638bc953.jpg,Norway,NO,67.069381,15.382024
9412fe9cbc554fcf9b7ecb6d481f346b.jpg,Turkey,TR,40.169176,26.367686
8dd6cb1b657442fb951a956d977e5441.jpg,Belarus,BY,54.114087,30.458509
6b533c56ab034f25b8a8c6d7ee9ae861.jpg,Turkey,TR,39.250585,30.903112
82e252d5546340b28a5ab29fb7882e5e.jpg,Germany,DE,50.327647,8.910874
a5cb18904a4944d6ab865b611da32100.jpg,Italy,IT,40.283859,9.144591
ba60762cfa7c4ab7853277140858031b.jpg,Iceland,IS,63.888817,-16.624079
501c60db93cb4b73846dcf0b2109cc80.jpg,Finland,FI,62.001527,22.507885
7d1dd1a3f8e24f89990177f889ecc86a.jpg,Turkey,TR,37.229629,39.689374
a184e96d34e142bd9f5de99471b60c37.jpg,Norway,NO,60.565676,5.358534
7712abf623af450f90b3d0eecf45f539.jpg,Belarus,BY,53.893714,27.338725
7b9d310c25c7427695a62de25f4eab06.jpg,Turkey,TR,39.632693,40.178891
c4714208d9ab4240889f29869955310e.jpg,Poland,PL,53.051852,20.436047
b7f68508911849fc94ef7624c260a5cf.jpg,Poland,PL,52.610269,21.494867
10b0a4828d0545c9955605fbe290de85.jpg,Poland,PL,53.387679,23.45866
eaf5167524bb42a68360e0fe4d678976.jpg,Belarus,BY,55.257495,29.787999
25d7897b3e6d46c58e1a41b6b6ff9882.jpg,Sweden,SE,58.188564,13.593602
49c847324c2a43548590a30f4cdb93e9.jpg,Sweden,SE,66.038811,21.04479
ba2c533561ec49d491f65d98d23f5990.jpg,Belarus,BY,53.186159,27.342766
b794fdd066e645dfbcd9d0351800289d.jpg,Spain,ES,39.412506,2.902598
e6b33a9754464ce384ee1cd8ecb36b9a.jpg,Finland,FI,64.076247,29.192025
6856bb4986a647f7865296e8e39876cd.jpg,Italy,IT,37.869502,12.493394
5944fd3257924f6aa48fc4e0b859147d.jpg,Spain,ES,43.363381,-8.308468
2bdacb90307f496c9e0c6feaee8c950e.jpg,Germany,DE,51.443089,11.900586
92124835cd084345907d0b05dbe0a5b0.jpg,Turkey,TR,36.105315,32.969787
fed373ea9ecb453aa99c3c1040c70e94.jpg,United_Kingdom,GB,58.544871,-4.673834
fcca4d9c9b20464a85998f444ac6029a.jpg,Norway,NO,61.225185,5.823877
5c2d35be56c940529362caac0c106c82.jpg,Italy,IT,43.261186,12.687915
c11de369cc0b403abf74356b0c313ced.jpg,Norway,NO,63.58367,10.802261
c1b0b7b1e1cc427f9cfe8786fe8780cd.jpg,Belarus,BY,54.429813,25.985527
a812001f66914890bf5a9c89a5f26d46.jpg,Iceland,IS,64.238924,-21.349923
03efe1a361d24c62b80def6441993ce8.jpg,Sweden,SE,59.130476,15.114625
e49db5a0e94d47558086272d8eb667a7.jpg,Italy,IT,41.100397,9.45562
629750f5ad814d3f905a30c35d8276d8.jpg,Iceland,IS,64.857774,-23.909782
f360d4373eec4e04889762cd021327b4.jpg,France,FR,47.993644,-1.201938
66d94dbecbf04cf08551cd6be02d530e.jpg,Norway,NO,59.895929,6.479414
84a0ab8ed62f4d3a884a5fbdf7924092.jpg,United_Kingdom,GB,51.955147,-1.826222
7796b53af3754bba9a13fa8890ed8681.jpg,United_Kingdom,GB,53.183287,-0.607813
b180577062ba4405ae3eb921956d4802.jpg,Germany,DE,52.55149,7.847805
219fed205109418aa416b72f8898be80.jpg,Spain,ES,28.108701,-14.388042
80b4522250f74527a792bd130705be31.jpg,Belarus,BY,52.62256,27.470244
faa5a8b99a3d4bc094c6970892f4aa23.jpg,Iceland,IS,64.779538,-23.644818
a9b79796ebd64d8a8ca300724e4b2ba7.jpg,Poland,PL,51.078533,20.378458
045cf067c8d54f42800e777f015cba32.jpg,Poland,PL,49.3573,19.036121
aa2e8992a889401e8dc9f03bd0a7cd1a.jpg,Belarus,BY,52.288532,30.960008
cfa59dfffd0341bfa716731b415eff7d.jpg,Sweden,SE,55.778662,13.813182
ce3bc244648946f8b60d6b46d683b6a9.jpg,Turkey,TR,41.324308,27.485505
e739210db7fa4c0ea0b2b61fcf9a2726.jpg,Finland,FI,61.201091,27.981701
237b963f619b4bc3acb3e1513918592b.jpg,Spain,ES,41.630391,-2.515324
6cb19d03df7242b384621c28f76e0738.jpg,Sweden,SE,62.160904,17.456813
7234b11de106401b8518eedb957def05.jpg,Belarus,BY,54.014512,26.387756
fae278a31f7647bc881cff8d15a2842f.jpg,United_Kingdom,GB,58.528227,-4.21013
800c813af037431e928d9c4f502a6214.jpg,Sweden,SE,67.964824,19.976606
adada265911b42daa014b0a1e1b71616.jpg,Belarus,BY,53.853226,30.30094
a9f4175f8bac4ca69b04568c6f3b8052.jpg,United_Kingdom,GB,52.53476,-0.197656
f4328be6e48c471eb2f58d18b7ffd5b3.jpg,Sweden,SE,56.055586,13.340688
12e5fd329caa4a78a3bff562731199d4.jpg,France,FR,41.649835,9.20827
9752e03c3f93437d8b1add8badb63753.jpg,Belarus,BY,52.902924,29.309302
e0bdaa53c08e4bc881e4d765f5cb928e.jpg,Spain,ES,43.255797,-8.865562
ebc06b5a8d0e4ad196cda42bc13fa3d3.jpg,Italy,IT,40.832784,17.167955
25ab8396ef7f41b784c54f48e25ce100.jpg,Norway,NO,67.162673,15.48651
50263e59b5bc4393af46bee3b41d97c0.jpg,Norway,NO,67.251914,15.429909
35763494ee904739827e528d833ed4b3.jpg,Italy,IT,38.65265,8.266919
a284bb5c149646d888f0059b21640789.jpg,Norway,NO,60.545229,8.23731
8b323c2b18fd4acb8980b396ec95d685.jpg,France,FR,49.468449,1.036082
e68262f4beef41da9596f48af1d562af.jpg,Finland,FI,60.87455,26.314294
5f942d62da8f4c418bb30790fffdd5cf.jpg,Spain,ES,42.427271,-5.835332
9884077494114ca2b66b9395fced3ea3.jpg,Turkey,TR,39.655192,40.184981
e15eb196ec6b405584cee70c4c9e2152.jpg,France,FR,48.649486,-4.430597
d7b1ef767b5b4559a1670f25552b2355.jpg,Poland,PL,54.166092,20.218158
bdfae917cba24351b3369f5d2c83609f.jpg,Turkey,TR,39.070042,35.843902
b71d95ad7c7046798702f95f5c1567a8.jpg,Belarus,BY,53.545808,23.784002
988b58f2e4ca4fc4abd06c10fa1a9d39.jpg,France,FR,44.239722,0.59674
efbe131e5ca24ec9b4b5fe65bbb77c79.jpg,Iceland,IS,63.463021,-18.61233
898be4c2ea314797a20881c849417516.jpg,France,FR,48.342153,-4.576636
20469796d2424b1e8189e28eab6a85dc.jpg,Iceland,IS,63.424003,-18.767209
a345b49efe4c4811a2576785d1f9662d.jpg,Poland,PL,53.420427,19.543763
815361f1b33a415ab6d5f56371a609a6.jpg,France,FR,42.679888,9.384133
4bc87b870fe24739964addd951dbaaa3.jpg,Spain,ES,28.068589,-14.418014
e652adffc35743619f5f215bb1b0ec3f.jpg,Norway,NO,69.629725,18.968395
3ea0eda9be824a9680a449b3d7e01794.jpg,Poland,PL,50.754494,20.284491
d1cd6bd791284884be1d10cef7ba8eaa.jpg,Poland,PL,49.867404,22.268105
162c790b10204e2d8d32e3cf3a9d38c7.jpg,Poland,PL,49.652752,21.183051
617ae0c2ebfd41529ee30fa2cf4906ca.jpg,Germany,DE,49.605606,9.639243
cf22ee9134174fe580d2fdfbc68fcb79.jpg,Iceland,IS,63.917507,-21.360853
d975665caced44948b080ab62b57f57b.jpg,Belarus,BY,52.239405,27.511104
08c8549f87e04e22a880855bab2267d6.jpg,Turkey,TR,40.104911,29.467789
95b7e92d4b54428a92d40247a09076c1.jpg,Iceland,IS,63.842857,-22.439221
5883d39fee034eeb9a55d354e6be2cb0.jpg,Belarus,BY,52.031283,29.46461
23784eec959142dc8491a1dd10a71364.jpg,Iceland,IS,65.717725,-23.710202
b74d9017fd2e40f5a6cb3e8ff8126401.jpg,Turkey,TR,39.578713,39.939137
4c913ce068404bf9a9fbea09cfc1fbd2.jpg,Turkey,TR,40.18315,38.079731
84d9cfb1006f4382a3706e3fa30ef6ff.jpg,Spain,ES,28.982436,-13.744076
0ad57f08cbdd480a898fa35bbb967b36.jpg,Finland,FI,65.81924,26.549113
b007b12609ad4cd4a72237203a80d785.jpg,United_Kingdom,GB,54.26768,-7.538676
08b0bcc485d345e6b1a464052512d97a.jpg,Italy,IT,44.630656,12.240758
3268fb6f872c49fab7a7d86bb1cf0e09.jpg,Turkey,TR,36.330829,33.661533
ae663b31e61845ae8513925ef91784c4.jpg,Spain,ES,39.680318,-0.322079
629becfd90a649b783806256a4e146ca.jpg,United_Kingdom,GB,53.397503,-1.464898
83475fe2995f45f5a8ff34a9e61f9c0b.jpg,United_Kingdom,GB,53.703286,-1.605167
8e7436b979144cc0888148e1f55cbee1.jpg,Turkey,TR,38.675343,29.249467
b5c5a21fa2f54d409a139cf3d32ab621.jpg,Iceland,IS,65.123444,-13.903223
0d2f4d3c5b6e4b4ca11fc29561fa7d31.jpg,Iceland,IS,65.461626,-22.169696
be0cf3a0078044fca10f8e0ab1a85536.jpg,Iceland,IS,65.045783,-22.757004
78bdeca3aa5f452c9cf4ff42c0123ba1.jpg,Poland,PL,50.008248,21.076695
0bf728691c3e408e934b2f2c1efddb78.jpg,Italy,IT,39.605362,16.679942
9b2b9f0a58c74d6ba53d9069189d1ae3.jpg,Italy,IT,42.869567,12.397525
d7579180096d47dba2894ca0042c697d.jpg,Poland,PL,50.291373,22.248856
6b54708d9cf64960a4b4f3700240a012.jpg,Finland,FI,66.106675,24.810967
c8beb4643028447090006cfe8f8db2ef.jpg,Spain,ES,28.049279,-14.345004
744c32383f264fbbb6844a5da918d24b.jpg,Spain,ES,38.323799,-4.979309
fef949c0ed1b4df5bbf6834a983dd4c1.jpg,Finland,FI,61.992931,23.014117
c2a8eafce592417d9f2f598d1c266bb9.jpg,Sweden,SE,62.618604,15.658652
c84431e4f2194059b1764a1a9ce16088.jpg,France,FR,48.601527,-2.979748
571d9d34d25548d59b6720b1e018a96f.jpg,France,FR,48.367242,-3.789908
cac7cb3f83414cc6a64a9805258fe69e.jpg,Poland,PL,51.181999,20.859972
7fe3d4b23b5b407aac44ff48ab1c7e7c.jpg,Norway,NO,67.322036,14.619379
c684fbe377e045d3969c4e46c843d2be.jpg,Iceland,IS,63.854989,-22.448342
beb9def5756647d4b373f4272913c37f.jpg,Iceland,IS,65.813487,-19.328868
ba1f92ff871a4c6b87f8de80909216a9.jpg,Belarus,BY,52.926781,29.985242
98aad3a021cb4a92927d84a6c09cb618.jpg,Germany,DE,50.302569,6.529345
afef9eff19794fcd82fcb2ec09e06cfb.jpg,United_Kingdom,GB,57.806826,-5.151205
9e33b50f823e4590b49bc814f4816fc5.jpg,Norway,NO,68.699009,16.557198
a49637cbbced4dffb8b7f237b5dd3e63.jpg,Italy,IT,37.333999,14.119502
f10ad5b8ec794b0aad0b26cf23f3eab7.jpg,Poland,PL,53.935259,15.435788
56e2ba0fc90a41d694a9f5737682214f.jpg,Belarus,BY,53.258407,26.98964
92fefa5dc3864782af75d1157886952c.jpg,Sweden,SE,63.952457,20.022037
fc722dbdfec24e5287331fd22ee2e345.jpg,Belarus,BY,55.92554,28.647401
2f35b8fbfb2a418488b05a9cd6dff992.jpg,Sweden,SE,67.852909,20.948671
54a3cc1a6cf74ec988cdc4b9b3bae2ac.jpg,Turkey,TR,37.305125,30.44581
844f5fc6662a42a399008ab7f5b6a2c7.jpg,Finland,FI,62.613854,22.442443
1585ce8c2805411cbdd5fbbe0f14b610.jpg,Belarus,BY,52.2617,25.68012
dd1e99f81bbc419c934095a7d8ec4430.jpg,Italy,IT,36.799302,14.490966
279cf119e757476e8a2989066fdf5eff.jpg,Finland,FI,67.615641,24.58289
6a21ced790e348e5a0c3392d5e922ba8.jpg,Iceland,IS,64.832545,-23.950144
091173c7aa354e3a9c04990f5c6670bb.jpg,Germany,DE,47.657545,8.223481
f954e528f8e94a37b5a4366237187d5a.jpg,Sweden,SE,63.829296,15.617103
bbb0b81d5f6243059c1807ada45b05fb.jpg,Turkey,TR,41.188229,26.664603
1961b47cea1343e6ad19681c46ae63be.jpg,United_Kingdom,GB,57.775103,-4.093784
704bdb1b6ab242899d1a615efc152e4b.jpg,Norway,NO,64.039022,10.047686
0aa4ffe4e3f844d596c65d3336536344.jpg,United_Kingdom,GB,50.466304,-4.700678
0d73f9fd3548419295b71d86d2983d90.jpg,Finland,FI,62.296603,29.843026
8d4442593bd14838b8604a3a98b6373f.jpg,Sweden,SE,64.316607,17.52838
c85051920e8a4af9a45b61138f3b7f59.jpg,Germany,DE,49.341053,11.973974
42d8136a80934c73ba4a370b68519f7e.jpg,Germany,DE,51.170003,7.680249
1c3b404a780842f6a6f915dd64f7f0fd.jpg,Poland,PL,54.167212,18.716769
2b597e1bd2694fc8bf2c893996b5cb96.jpg,Iceland,IS,63.467972,-18.598068
3bce02f5fd964b7c83390713504eadea.jpg,Norway,NO,59.608639,7.41652
a9c43040f5464188b1b73ce5f5029e6b.jpg,Turkey,TR,39.478228,33.875835
5370e9b8fd7a4fc185b1dd0b3851e8a6.jpg,Poland,PL,51.820743,19.28101
1176cd3e78b445ebb86059018ad9f337.jpg,Italy,IT,42.480225,11.766709
57222b4a493f48a4b844f6accd88c3aa.jpg,Turkey,TR,37.688848,30.348155
499d4c55384d4df6aaa207a178c2fe10.jpg,Germany,DE,52.823001,13.940233
fbe7333abd59467a92d49829564adbe2.jpg,Sweden,SE,65.378445,19.451469
174f76bbb1184fecba1e4db69562f7b3.jpg,Sweden,SE,65.398465,16.128006
34db83d9e5ec4afabd05268e68f76ad0.jpg,Poland,PL,50.976933,22.312752
ba116696439849ff84aed86e83e50ad4.jpg,Sweden,SE,59.980547,17.157321
3dfa28f1e3384509bb172bde9c27e141.jpg,United_Kingdom,GB,58.537429,-3.117629
dd8ef592678942df903bddc16558e57a.jpg,Germany,DE,54.129983,9.065803
b2b3cdac6f704261aabffb510af6b23d.jpg,United_Kingdom,GB,52.083831,-0.246744
f365c77afb0e407fa66082f6ccc7cb89.jpg,Finland,FI,61.742984,22.139353
80654f9f8cc0488d93b7319bc308e8a2.jpg,Germany,DE,49.251349,8.613812
5ee9502387744542bc1dcbcff4795e61.jpg,Turkey,TR,41.343285,27.45257
6d1c140e0b3d4eb8bf881ae93df8c15f.jpg,Germany,DE,51.963929,8.263869
ffcdbf8199b642439253e80a5eda0b38.jpg,Finland,FI,64.746363,29.495029
a46680e6fdc649189041565314518d7a.jpg,Italy,IT,38.650966,8.355067
3f9976004b2d4ebeab6789d42a63f3a1.jpg,Norway,NO,69.512747,19.252462
d9c845779dba405c91da0a3628aede7c.jpg,Spain,ES,28.703118,-17.778465
8cf33f5553e34801a02a166367757a88.jpg,Italy,IT,41.193919,9.183134
399646e68637483c83b91d132d497895.jpg,Sweden,SE,58.569469,13.119648
ea4a97bcaf0f4fc6b4573d3c4dcbc499.jpg,Poland,PL,53.186151,23.258711
8464d075e90048f491cbd759ea2c1f62.jpg,Spain,ES,39.49673,-0.495994
02e0c2065d3449feacb4b0b81eb6e89e.jpg,Norway,NO,58.999442,6.087284
fdf698d2922b43a38a0e21981e1f4bce.jpg,Spain,ES,28.070307,-14.420452
06b275171c56453aba2b0f0db055965b.jpg,Turkey,TR,40.101248,31.548031
1bbf4ed3565c47c1838e761a1df30d31.jpg,Poland,PL,49.876104,20.242047
a6449b70df0a4e72b929793240639f52.jpg,Norway,NO,63.301408,9.74615
a0f277a8d26347e6bd3a4383ddae4984.jpg,Spain,ES,43.369474,-5.534352
866333ccb0534e60b6ae68f1357face0.jpg,Finland,FI,63.20799,30.949348
d435856fa92840db83aac6a70236d0a2.jpg,Spain,ES,41.65757,-3.485564
3c298cc3607e4cf6b93544143d76d953.jpg,United_Kingdom,GB,56.588056,-6.177545
22071298286e428aa456f22eb2d4a419.jpg,United_Kingdom,GB,51.831776,-2.985666
05bf355c878b42b199c9b2a6164feabe.jpg,Poland,PL,52.681865,22.297236
ddeba4e2976a4561b61cf4cf6d1ceda1.jpg,Belarus,BY,55.441259,28.657214
0888345ae8664ac9b29d053585a8fa68.jpg,Norway,NO,64.743564,12.846071
c572746d778e4d1783fb32eaac4e1ff3.jpg,Norway,NO,69.142503,15.751813
298f78ce987d462bb206a3f244eb720a.jpg,Iceland,IS,66.169234,-18.902905
f5ffed05a730491f84a825911db10aba.jpg,Norway,NO,68.694606,17.994821
3a77cc5462cd4e1c8941e5f97d912a4f.jpg,Poland,PL,49.654955,21.269644
69f00ac93bf44a5983cf6120122400e7.jpg,Spain,ES,40.643455,0.307422
b3a9b3f44f3543f08fac79300ca53dfb.jpg,Italy,IT,40.89018,14.352884
9790a075e09f45e695fb8aeb4f3fb931.jpg,Spain,ES,27.96411,-15.602765
032d7e37df0b495db5c91928c30586c2.jpg,United_Kingdom,GB,50.103203,-5.258185
7e1e4117c98d41739553b09135828218.jpg,Italy,IT,40.94695,17.183093
e83568f4c11a4832b6ba8446c602c3c9.jpg,Finland,FI,62.963819,22.58867
4f0cf94955d54eb18188c9bff5fe90b0.jpg,France,FR,47.962593,0.291386
69440c67ccf8422c82d71e551d8e385f.jpg,Turkey,TR,39.540534,44.001591
8b60f952ae1a429792ac2488c013f0d8.jpg,United_Kingdom,GB,50.498121,-3.766979
fd9c3dc73ccf4164a9440460de022fd4.jpg,Spain,ES,43.728484,-7.687987
c08b541a39844157ac4e35268d17b083.jpg,Poland,PL,51.730112,19.630377
f6c05aefc8524a1d9dc0e573e4d64d8b.jpg,United_Kingdom,GB,58.504294,-4.501795
7a48ec4d2f9f424bb3aa7cd4b3509a8f.jpg,Spain,ES,41.947239,3.124821
8e94d1f508e549eead05ceb32e4d6018.jpg,Finland,FI,66.105934,24.810868
2e70de8a31224a19b1b80572c522297f.jpg,Italy,IT,45.357325,7.931644
0134dedfb9294095a1f335ce4983d527.jpg,Norway,NO,64.4127,12.327412
d326fd57d2d243e18ddce05c00daea1b.jpg,Iceland,IS,63.93396,-16.447924
a50a68d63df74e25aaa8b31ccf9f5e01.jpg,Finland,FI,61.693186,29.689476
f641d44e7f4840679e48dd160b65a4e3.jpg,United_Kingdom,GB,56.777113,-3.407191
8322832ef038490b9c8338385c3c1ccf.jpg,France,FR,45.151805,4.384477
f2153ddbc7eb4f2faf7960db1b6bac5b.jpg,Norway,NO,67.312948,14.534319
a579bb66f42f4d85af3ca9b4f662060a.jpg,Spain,ES,41.547165,-3.20571
7e0e585d81624eabbf5b73a6928b51db.jpg,Germany,DE,52.643679,13.630342
aa14a237a34e409eaa7add6551292e6a.jpg,France,FR,41.744882,9.405779
aa18f50e75594c86b12365c9266cf3d6.jpg,Belarus,BY,55.381749,29.110177
fb690ee86298461eaefa632774658342.jpg,Italy,IT,44.7331,8.365771
d8fc2164165f408291dbceb588d2b346.jpg,Germany,DE,54.63829,8.851427
376fb561a9fc481f8093d9c020593675.jpg,Poland,PL,51.637279,22.765666
1115d287c68644789fc0c54284adf80f.jpg,Sweden,SE,61.443729,17.123278
a9fbecfae4c642cb8ff2e0670a3cd4f5.jpg,Finland,FI,66.657346,25.485262
6e053b67ce054f0190454bf0952e2d4a.jpg,Spain,ES,43.410494,-5.207877
0b94862c0f894281880e6915e9ea209d.jpg,France,FR,44.377523,-0.841028
9e32b722b5da4465b7b6604017289d40.jpg,Iceland,IS,65.644345,-22.571875
88f0b94ffd4d47f0a7eb76e3fe3bf7bd.jpg,Norway,NO,58.68264,8.99526
44f88dafc469493b9951760fea87d138.jpg,Spain,ES,39.882023,-4.019389
28878606f2ff40a298f0fe8ec2fc43fd.jpg,Finland,FI,61.515156,21.677365
25d001b5ee8d44878c6646125ed8f091.jpg,United_Kingdom,GB,55.573007,-3.624345
85dc18b0990f4a0c8c1d419350d0981f.jpg,Italy,IT,41.607126,14.28395
6416db792cc745088cdae904261946ef.jpg,Spain,ES,37.621898,-0.782052
d64ade0b877847ed993412b8550163d6.jpg,Spain,ES,38.53533,-0.623838
292388f2c8164fe181f786d8a8c377d3.jpg,Finland,FI,64.777926,29.348593
7959f970dead408ca817e3b0288de270.jpg,Sweden,SE,59.663743,16.92875
dad75529acf444818e0b48e15b6e147e.jpg,Belarus,BY,54.738382,28.081374
3593f0fca9694b28ac1e2f76acc93a0b.jpg,Norway,NO,62.493369,7.673348
9c33f359a5c2499b997d947248a03255.jpg,France,FR,43.442281,6.078668
894305e391444efbb1417d24717f034c.jpg,Belarus,BY,53.902245,28.001327
19f752c77c584f77b2ba6d999b3cbb8c.jpg,United_Kingdom,GB,57.465333,-4.520768
f409c343e4d84b36b02fc7a7de6d7418.jpg,Italy,IT,37.74387,14.830348
f206b807a8a449adb89145deaafb92ae.jpg,Spain,ES,38.751334,-3.390746
21fd19df38fc442c98f9d82220f93d56.jpg,Norway,NO,58.097743,7.001151
87e06ceb20e2493d99d12b32e14d78c9.jpg,Germany,DE,53.100622,9.219176
61c33b7314224820974e08f9cee4ca35.jpg,Germany,DE,50.701858,8.645782
58cadc07049a40f7ae0f419e0a68bc0a.jpg,Poland,PL,54.185701,16.090026
c6bdf7b7903e40ccbcfcaaf1eef68ede.jpg,Belarus,BY,51.638658,29.095422
625abb5eae7945cda47c8b92b3072aae.jpg,Belarus,BY,52.215612,31.511348
e607c1b7d9bf48888f9953190e3bcb3e.jpg,Germany,DE,48.65206,13.164891
4ad004538b2e4fbe952538306938c788.jpg,France,FR,46.375004,5.971699
2f56d0e2f2544484852f3cd69d539e1c.jpg,Norway,NO,68.096722,13.245256
8e769c47bc734737b0c415c4bb845edf.jpg,Italy,IT,40.560951,16.408526
5d4cf60f6031445c9480c63b3f2b4ee9.jpg,Finland,FI,66.289368,26.038715
2baf3c187cd848af9f69abc43f7cbd27.jpg,France,FR,41.470449,9.225225
1e9d16dcfaeb40788afbd75b316715cf.jpg,Italy,IT,40.092176,15.731892
596aadc2640f44778f0ca67fe6fb032c.jpg,United_Kingdom,GB,54.276313,-0.421806
4fbbe789903e4c30836c68f5350eabbc.jpg,United_Kingdom,GB,57.907453,-5.169603
5fe106322af4447c8b10a2983d1ed5e4.jpg,Germany,DE,49.827913,11.379738
9f53598ef0044997a321318347e0a7be.jpg,Iceland,IS,63.520162,-18.47688
54f684b34d38418780f09459233f8901.jpg,Germany,DE,47.97772,9.295304
88a82cf91173486f82c85ec421579819.jpg,Italy,IT,42.787413,13.429497
79131afb6e0a4a0f907795b1b0dbfa83.jpg,Iceland,IS,63.932493,-16.454364
45f86f1d6b974ba59f729caf9e3c064c.jpg,Finland,FI,67.50209,26.06033
fd84a6ec9319410fac588fbcaac4d54f.jpg,Spain,ES,41.115125,-3.847091
ff4f708244c3461db67bd2f2b30ea4b0.jpg,Belarus,BY,52.212441,31.532717
9408c509ca8d40d49d12a48057d1d813.jpg,Italy,IT,43.495397,13.162527
1f83e1447070428995b0eafb27b84110.jpg,Spain,ES,43.63631,-7.601866
998840eeeaaf4d7ebad157366820d58d.jpg,Belarus,BY,55.481654,28.81624
eaa4eb4c0d9f48d9af1c4a94a2d4118f.jpg,Iceland,IS,66.034041,-19.361062
cc995c430c2a4d1cbae122cfcd7f53ae.jpg,France,FR,45.373897,-1.079638
034a987fc48b45679a1fdcd0ffe74d97.jpg,Sweden,SE,63.302134,18.523599
13c54be115754fa5870b5b3b7eeabf5c.jpg,Finland,FI,66.096795,29.145661
8f85ca4dedd74cbcaf861c071aaf8cf3.jpg,Spain,ES,36.579329,-4.70816
7da79c7f50274af89a76ca3ce84d0243.jpg,Germany,DE,53.915244,11.782163
285270386a1e4826a31c89c1b3e10c03.jpg,Spain,ES,38.328932,-6.046175
36f2364f4877413ab3b01f2acae2de50.jpg,Sweden,SE,56.303683,12.767631
e41e06f452804f6aa294a40bc189c32f.jpg,Italy,IT,40.558185,15.391558
3e3ae442277b40e0a49f908e9d6479b1.jpg,Belarus,BY,52.939448,29.293456
9df84ea264c14811a70b5b22a26092d8.jpg,Turkey,TR,37.839923,27.24608
a55064e9acc9401089e205306133287d.jpg,Finland,FI,67.143533,25.010679
29efc8ada9364acdab75f86f33c29097.jpg,Poland,PL,52.357226,20.306168
25a472cff68a497f9d00ef9ec5299b04.jpg,Germany,DE,48.227792,8.167681
c352ab6b058c4fc8ab4894ca41e56703.jpg,Spain,ES,43.273342,-5.597113
d37dbb1e53b14a2494a7744588e948b3.jpg,Turkey,TR,37.511398,30.548993
15780478756c45d2a93f1121a9a7da49.jpg,France,FR,48.469003,6.925506
152e6c2bff394bd295c3e209dbce401f.jpg,Finland,FI,66.341746,29.083927
584de4b90b2a4a6bb857d5934dea058d.jpg,Germany,DE,50.891988,9.993804
f45d363d946a49838405f0d1719b4cdf.jpg,Iceland,IS,65.245466,-14.440706
387f94b7227449d7b6b104fabb9b9982.jpg,Iceland,IS,65.555348,-20.656337
c6546f6b76a6425ca9b37ae5c0f6c603.jpg,Italy,IT,41.754373,12.913302
490c9d5d6bba47e6a0832eb06adf0015.jpg,Sweden,SE,58.103369,13.835063
e01be665c8fa4523973dadb76742181e.jpg,Finland,FI,60.239856,24.046441
0c0be5e4b92146a58350ea47671587d4.jpg,Norway,NO,68.227348,17.441107
95715c8324bb46a1a239a4751aa6b0cb.jpg,Iceland,IS,65.728739,-20.2123
3317738ae20a4dada700a238245ee291.jpg,Norway,NO,60.167333,9.699319
40e6419049c742b1a13ad79ee1708e6d.jpg,Turkey,TR,38.248852,41.02359
ad85c4cd2c5e475d89c8c3dfbb2bbab5.jpg,United_Kingdom,GB,58.4826,-6.263755
204cb3aa156b4871bf4c150c40cab738.jpg,United_Kingdom,GB,50.33687,-5.120444
bfb1491be3d8459ab638bc6df3d7e280.jpg,Turkey,TR,41.917706,34.582727
c58c06b6d5cc4d36a5941303f7f67b7e.jpg,Turkey,TR,38.372008,42.737787
cf25ef451a70479e99e8d87cb2862a7c.jpg,United_Kingdom,GB,57.77739,-4.092674
2a406ef5503a4568b166e2da04ae2ded.jpg,Poland,PL,54.294721,22.650151
f0c044e92f1a44b18b19cabe497d20bd.jpg,Iceland,IS,65.227033,-14.571014
2a05aca8aed64b4f8095d7f9dc61e69c.jpg,Belarus,BY,53.707494,31.762454
5bbd41fd5c0d41108f537e45bb4be47b.jpg,Spain,ES,41.755253,2.798435
207e5dd876cf4189b0120a09dda56a56.jpg,Poland,PL,52.560982,21.082013
bd8150879a9c4ce4967e2ef8d16a4ec5.jpg,Belarus,BY,52.016769,29.288228
57c6b009a2274362bab34f13429b78bc.jpg,Poland,PL,50.494027,22.356792
5d2bbca369664a95819884cb8a318711.jpg,Spain,ES,42.027822,2.977389
8c004a8c31d545b8abdd2802e318a8e8.jpg,Sweden,SE,62.2577,17.471562
7631ce4d62094b3cab47bcddb3d55004.jpg,Poland,PL,51.725976,18.003765
3e69e92f74814e85baee0fa18b77212a.jpg,Finland,FI,66.932528,28.895161
3e0bafe5481843908e5a9dcbb4cd313f.jpg,Poland,PL,51.248668,18.540473
b5c48e895d534dfbb94825cd49d52863.jpg,Poland,PL,54.075742,15.637246
f3ad641c5d704e1ab1adc05ccbd495a5.jpg,Spain,ES,36.770892,-4.709058
ab1f2525ce38410fba32b82806faa611.jpg,Spain,ES,38.005728,-3.820097
6249c774729b4bf9b3993a19494c5ac5.jpg,Finland,FI,68.093805,25.451975
c507dd368d714e7ab11d2f1a206c71a6.jpg,Germany,DE,48.060954,10.024301
85470a823bf54b6ea17c94a2fa6743b8.jpg,France,FR,47.135668,5.59369
27dee0ad5c854078b5ad9bed3235a3fb.jpg,Spain,ES,43.118106,-4.776254
65ba2e7403174d7fb1e6fd21a0766d6c.jpg,United_Kingdom,GB,57.783214,-4.090049
5a6a1875431142eaa8682c72009ec2b0.jpg,Spain,ES,39.424602,3.150363
ffa48afbf6b344cdbcdf48579c6e42d2.jpg,Sweden,SE,59.400386,15.366067
ecbe36d5a5ef46619b6202671f63c752.jpg,Turkey,TR,40.887482,27.095766
18b88af6b34445e5aa92f0d62a6c5382.jpg,Spain,ES,28.943769,-13.797922
4ff38e3a6fa841b5854a6361a889f195.jpg,Norway,NO,68.613993,16.516442
4ebb4f89b2844499846aae516e1d0393.jpg,Iceland,IS,65.856794,-23.439946
7cd889750f314da7b43891e3963ddfe8.jpg,Finland,FI,62.650267,23.2805
1380217e8c904e76b9b690641716b869.jpg,Norway,NO,64.026499,10.077253
311ad03d436548209bf119219fa475cd.jpg,France,FR,43.838792,-1.177892
26321a3985bf42b5845efa8eb9eb58d9.jpg,Iceland,IS,65.487117,-23.26191
5d2df909e758458193a839aaf0c28a63.jpg,Turkey,TR,38.123827,41.68768
f17a21ef63544e66b94db583fb87a84b.jpg,Italy,IT,44.455987,12.016259
fc4d0780a1ba454fb04c6fccf437f75c.jpg,Iceland,IS,65.539738,-20.340426
c4da6674ff26447c83f9eb397618ba04.jpg,Turkey,TR,37.308875,35.87748
55eff00ef97c4145aa81b5eb80a258e5.jpg,Italy,IT,46.608577,11.579218
e1589ecfd155424d8f124142288a2fd2.jpg,Spain,ES,39.189768,-1.427061
650a0ecbc3a3412a881b295058d7d2e5.jpg,Norway,NO,64.226292,12.079898
531c8712ec4e48c4a53e76d9a8820107.jpg,Italy,IT,40.595917,8.377185
f6c1231fdf9d489298d27db079a62730.jpg,United_Kingdom,GB,56.209178,-4.382868
40ab6aee2c1a422380b4e54651e20fd3.jpg,Sweden,SE,59.820785,15.614007
a5b3f40c202b4888aba0ec1495531cb9.jpg,Iceland,IS,63.474078,-18.575599
e1a21097b88c465e8ff237bb7c2fa631.jpg,Finland,FI,64.370729,24.026343
5ee9cd6c53ea482b9f0250bb05936d3d.jpg,United_Kingdom,GB,55.782219,-2.215803
5aa0c4eba96a47e188da67e09e104edc.jpg,Turkey,TR,38.271186,41.09903
b9d4dfb7171441cf89e3df8ed3a6fa6e.jpg,Norway,NO,67.297864,14.786064
fe6a874f91404b70a6599076db6b1b17.jpg,Germany,DE,52.763532,11.756891
73ca97fc24b240c0b4a6935c077ff8a3.jpg,Poland,PL,51.276147,22.951713
b261c1d1da624c988dd138b20b4cfc80.jpg,Spain,ES,40.79926,-4.466284
c7588eea1d86408da77804be95032651.jpg,Turkey,TR,40.854263,38.866651
e6b4595d9e8d4525b8aa000d47904f8e.jpg,Sweden,SE,66.591643,19.260226
22d92b62491146ef9f6a7add2d1b0d69.jpg,France,FR,49.364641,-1.187889
bdcc88a8899842079c0b4c4da56b8be5.jpg,Finland,FI,63.198933,22.811163
37af5fdd70664eecb3cf782724ad2c3b.jpg,Germany,DE,52.510465,8.39983
b978bfa0f3514ced99f810f40d2f64ab.jpg,Turkey,TR,38.13274,27.378646
281677b091e545538414b06ca375eb7f.jpg,Italy,IT,40.854212,8.960839
dae04dc70c844523aa241312417d2a76.jpg,Belarus,BY,55.115881,30.517368
6f77b99968f54a23b003cd68f68f2c95.jpg,Iceland,IS,65.442743,-20.580636
90d856ae76f64b2590ab824496b139a2.jpg,Spain,ES,38.407039,-0.551021
192a0590c5cc4acea6078f022e865f74.jpg,Germany,DE,51.985405,13.926269
c7f9f9c268a14f6898a980407a2dc9e5.jpg,France,FR,43.417517,3.30788
d454157000b0415b864a445a7de74afa.jpg,Italy,IT,40.466279,15.539392
287bd11e618d47bf8cfb610980f291fe.jpg,Germany,DE,49.602831,8.101491
3c27162498b8483988fe6538ed85b068.jpg,Italy,IT,45.573062,12.248754
5c2e27ccce0d4afbba07cca14e141fa2.jpg,Germany,DE,54.023799,9.282638
873fc2ebdd634823a10e73cce7932699.jpg,Italy,IT,40.59346,16.157511
87f34c027be84da8a3df5a622129a27b.jpg,Italy,IT,37.742061,15.140207
90aa79a1a9314244834948c0259300b9.jpg,Norway,NO,63.012362,8.525577
9e4c9641c8444e2faa11bbdb6208543e.jpg,Spain,ES,38.679685,-3.062568
7bfe38871cfa45dcbc590bedbace4181.jpg,Belarus,BY,52.643996,27.464947
6019c7f244914bc794df193d376dfcbf.jpg,Finland,FI,63.122292,22.573384
895f024219d7425da6ca56f330991a2b.jpg,Germany,DE,52.999271,7.346178
7d978ec6cbdf48c38c715612dfbdd78a.jpg,Norway,NO,58.428269,6.013318
247a5964b5e5495e8dcaf47b2d5c28ad.jpg,Sweden,SE,57.466247,18.305007
8d38d5d42db348009d50dc835bcf47b6.jpg,Spain,ES,42.309565,3.056967
f12c13ee9fb544ab942b9b37cfad0c97.jpg,Italy,IT,39.000255,8.423055
1e86614717af4d51ab60a153137e59aa.jpg,Iceland,IS,66.099395,-16.883186
b9e53452a17f4e4080c468c544300100.jpg,Italy,IT,45.411804,12.159605
bb088e72cece4d71b6696c9d1f9da65c.jpg,United_Kingdom,GB,58.554127,-4.696808
a6db341ea9e541159904f0b248d1a21d.jpg,Spain,ES,42.768897,-7.515129
b36c864ed14c44b0ab42bd7740bd927e.jpg,Turkey,TR,37.39624,35.776859
d171ba1d4bf04480b42efa58c33dac43.jpg,United_Kingdom,GB,57.530361,-4.271472
d7bd0734008d42958454e80b4c3d39da.jpg,Turkey,TR,39.677753,44.055049
4c0585aee5de458eba9c60d3a2f9c57e.jpg,Italy,IT,43.498535,10.724185
4f5dcaf1d3014dc3bdcd5a02916aea60.jpg,Belarus,BY,52.508711,30.817148
630bec0cb0644b0d95df55e07752e95c.jpg,Poland,PL,49.855607,20.438508
abcc1d0a7ada4721abc08018eb19ffa6.jpg,Poland,PL,54.757293,18.515729
4aa287b825e641348e471c69870869aa.jpg,Sweden,SE,66.991871,19.83667
8529017f9e06438caa2ab10c074068da.jpg,Spain,ES,40.451703,-4.685186
2ef33219a05f4d3099bad3ac26e39d26.jpg,Iceland,IS,63.861373,-21.901124
ef6325ba65d340749b8b70b3e9d88976.jpg,Belarus,BY,53.706641,31.740746
a9a74f774547491a9de3e4a3e8d2b871.jpg,Sweden,SE,56.245551,16.466547
b073f35afeb9480cbf37344bbcc918da.jpg,United_Kingdom,GB,55.813308,-3.502197
216796a5d5314babbb60b042717c7ac1.jpg,Sweden,SE,57.264275,16.142632
4888245708e24cab8529b98640a70b44.jpg,Iceland,IS,66.065286,-18.531284
1640c720e16947e386f7c36a3f5fa568.jpg,Iceland,IS,63.842889,-22.402544
ef4b449e1d244bd3a476bf591f45160d.jpg,Sweden,SE,65.548518,20.057447
98cce45934b94f738b0be72b470a12e8.jpg,Belarus,BY,56.027359,28.354016
74df0616e51e452c88773f4b9b9d9acc.jpg,Turkey,TR,41.008015,31.78908
4d61da32ba30469fa3e66c6346075184.jpg,Iceland,IS,63.490982,-19.362252
9c0c92af3379454f94d3c1b833271cf7.jpg,Belarus,BY,52.080309,25.558226
a071ff25acfc4457b93091e0ce8ffbe7.jpg,Belarus,BY,56.033711,28.376573
3c1100e8b0c844c7948b0386a93b1290.jpg,France,FR,49.619285,1.521688
3cd8b0adbbe74144b80605a0fc95e592.jpg,Italy,IT,40.823854,14.379937
9f8dae7f64394b629449ea3e440ccfc8.jpg,United_Kingdom,GB,57.59418,-2.794363
49e4a74405fa485497b4d2de8ba64923.jpg,Italy,IT,42.293354,12.687949
056e72f9141a4f52ac338fdfd34d42f5.jpg,Turkey,TR,39.434617,30.677406
4e91b8acb02541b4b40c6e24f532eda6.jpg,Italy,IT,41.966591,14.917197
a15dac8d02864e49a4bcb711fe86fbe2.jpg,Germany,DE,49.97477,7.704498
74c29e90863e40aa849c8d9f7f384168.jpg,Turkey,TR,39.598656,40.185145
3a362023c0c64c65863fb65b00d067c1.jpg,Iceland,IS,65.752881,-23.8606
c225e45622f24723bcee0c8f227a3c15.jpg,Turkey,TR,40.990886,39.798832
d0d3319ceb414b0b9f904a4d805e45a4.jpg,Turkey,TR,40.073148,38.54619
4e4f82ecf4404e219eca242ad734a7cd.jpg,Turkey,TR,39.903426,38.796714
86237b3ba1e94b32a501914e1e6df196.jpg,France,FR,46.921401,4.192012
b415ab09842847b0bdc812361ceca98d.jpg,Turkey,TR,36.878162,28.636278
11f5105981854d03b7288e73c1f6602f.jpg,Belarus,BY,53.846884,30.336635
566a118bef174b199aca2d4faba7f76f.jpg,Turkey,TR,39.72593,44.131507
55fe85c134104bdc8698785294b5170b.jpg,Belarus,BY,53.529282,26.249698
e61bb6a41cd24c449e79105677ab63d5.jpg,Finland,FI,64.154122,25.799014
49dde64acddc4ecba020d27a42120bbd.jpg,Sweden,SE,61.66414,16.058122
dc4a4f3ed1cd42a392063567e71904b9.jpg,Belarus,BY,53.783178,30.113307
d11f61b7948646aca9401c75ef0d02b1.jpg,Turkey,TR,36.495563,33.967135
c2b6576b96074f5bb14ae9c8717d316c.jpg,Turkey,TR,37.604919,34.741326
dcad58841c9e4d16a52f76f56cdc08c7.jpg,Iceland,IS,65.427686,-14.613669
a2ef3ef029fe44c5ac810b4dbbab5bc1.jpg,France,FR,48.772813,0.966726
c19694f0ac144a1881041eda0efc5a76.jpg,Iceland,IS,65.560905,-22.429463
b450698da0b6433abdc7298c40eba20b.jpg,Turkey,TR,36.410027,33.808137
9c954540774842b28e9a4faf61c13e55.jpg,Norway,NO,70.297101,24.175768
32dff61c4fd64aa3a80024730ad5a669.jpg,France,FR,48.029955,-4.612747
c73d1489c45c45c3919b933b136f3370.jpg,Poland,PL,50.370395,19.72776
ed2a14db10c247ef8287ca34490ebe14.jpg,Belarus,BY,53.086223,29.381603
0818d3d55128436697cfd24553368d6a.jpg,Finland,FI,68.371108,27.415558
972fa92e812346f3995fe7ab3fc8cb6c.jpg,Iceland,IS,64.834197,-22.82499
d8e61c7669864f389e7c0657a33abf1a.jpg,Finland,FI,62.928149,23.037427
d4c42c72d27a40e4b619ac0f5dddfcb7.jpg,Finland,FI,62.557253,23.862313
cb9661e867214c0785de7c62cce0e083.jpg,Poland,PL,54.137405,23.291993
437fb30cb9fb45a486fc99de66abaea2.jpg,Sweden,SE,65.804743,23.151
927f1cb1b25f4aa9b3450fca1246656e.jpg,Sweden,SE,66.330461,19.824736
78e89bde59bc4a3eb47d9baec259edca.jpg,Turkey,TR,38.472824,27.598781
5ad289791adf4d6c8f8658107dc77d0f.jpg,Italy,IT,41.077739,14.714217
b440b113c7f84af68159897ed775638e.jpg,Sweden,SE,57.48945,15.023168
2c3c58c809de4db0bfd9b3e4a3df7382.jpg,Germany,DE,54.864727,8.871304
82313ff20bf7448086cbdbb74a938926.jpg,United_Kingdom,GB,58.493501,-4.721789
dae7d317dec14fbc9cd3bcf9a2cc44f6.jpg,Sweden,SE,59.972889,17.697901
08b54238fcd547d89f19ab65de38e95e.jpg,Germany,DE,51.033131,10.436047
89faeb4e1cb94c1d883b94eaecfd84ac.jpg,Germany,DE,51.465042,13.180692
c4d84d2520714c3fa5669617b24b0559.jpg,France,FR,41.634377,9.231767
9079f6b3465642a2a9f49aea68230a5a.jpg,Iceland,IS,65.751023,-19.178236
bb3a612364bd429c9a8fda3aad96e06b.jpg,Sweden,SE,64.435616,15.12416
fa1fa02e6ccb400b9400f2a013c1c9f9.jpg,Spain,ES,41.897548,0.983651
3163ee09d526434daa9ab5a5e5da74f4.jpg,Belarus,BY,55.189069,30.098317
097bbe7da3d0460c86d1334c6f500270.jpg,Iceland,IS,63.550959,-20.076156
29f723be586543d6877aece2dc0a440e.jpg,United_Kingdom,GB,51.916084,-4.976004
9c14eb2fd7d94ae7bfa286b4b375cc46.jpg,Belarus,BY,54.513904,30.500189
8d002b3fdc074969b18287aba20cbd0f.jpg,Sweden,SE,65.230798,19.511493
9a346f22fc9647c9ac4ebca65ad32424.jpg,Belarus,BY,52.239056,31.443447
8bdfd57658bf450bacd830168bad49a4.jpg,Norway,NO,62.053501,7.248536
5e5d2a9d45f3472cac372faf2f2888ae.jpg,Poland,PL,51.458535,22.453649
1812b172a150450488e5a12acf576cf4.jpg,Belarus,BY,53.200885,28.69736
0d942a3ae503404a99e9c164dd703f9f.jpg,Germany,DE,47.589539,10.334677
3c8d862a2a5c481c88a032f8c25a9b4b.jpg,Sweden,SE,64.357295,15.698628
4b8582d1963e4d11af8d82073d0ced49.jpg,United_Kingdom,GB,56.438233,-5.26918
1e8880a8ed314cc4bebff1b8e8bae561.jpg,Norway,NO,58.476945,8.873414
01204bb1cc974cebb6b59957b76bc699.jpg,Germany,DE,51.46135,14.74825
0a9e4bfb45c74d69afa1595cb75794b4.jpg,United_Kingdom,GB,58.514496,-6.259057
87256039f750448583db12c56685fe6e.jpg,United_Kingdom,GB,54.701701,-6.100977
1a61baf3785d43c4a08a028305528b48.jpg,Sweden,SE,61.487966,15.834431
7171538378354344a330370f91f46184.jpg,Italy,IT,45.728512,7.225204
9058da307ba545d18d698e7d585b00a4.jpg,Norway,NO,61.858666,6.525563
54f80087756d4be486b355d10259ee5f.jpg,Sweden,SE,57.952818,12.567001
4171cae3f6a948748b5b1363568f96e8.jpg,Spain,ES,41.639021,-3.604182
170c885e899149c79852ca65beb489b4.jpg,United_Kingdom,GB,57.180236,-6.063209
84dc159fcbe4499abf285f8189a67823.jpg,Poland,PL,53.019846,14.684518
567b0aee47ba4788b7181c6e3f74bb16.jpg,France,FR,45.151862,-0.805173
1472de9e62ad4882a0b90fb6578e38bf.jpg,United_Kingdom,GB,56.615307,-4.59474
7df88c66e4194044a757f51e7e9d2722.jpg,Sweden,SE,58.680935,14.646972
f342b3e9487a4aefbf02427d75f6f472.jpg,United_Kingdom,GB,58.619004,-3.274935
2acdaf5a47264c8e9289286537a6f758.jpg,Belarus,BY,55.279425,30.326543
7d54c4ef016640ca924f388a4cc98596.jpg,Norway,NO,60.422335,7.723457
ff6eead17d6f4cfb952ac4a0cafd2e22.jpg,Finland,FI,60.560735,22.447208
14ba37ba659848aeae8c54fc3a056627.jpg,Italy,IT,46.170857,10.344228
8cb707f2e105472db9c39a017294f9ce.jpg,Germany,DE,54.902839,9.150451
6e8ef7def46c4d7fa4e76358e44778ef.jpg,Finland,FI,63.815708,29.193987
69fe764d473f4cb19324c51cc9905a9a.jpg,Norway,NO,61.580103,10.062454
b983f79da77d4ed4a8778c8beec6149c.jpg,United_Kingdom,GB,54.6626,-7.338633
b0a6905d2c4841318ad11d878a13a548.jpg,United_Kingdom,GB,53.614534,-0.293931
1075949d583743a4beb4070cb91918ff.jpg,United_Kingdom,GB,51.741735,-4.993446
a1cb905331fd4717b0d4f2ff003a73ad.jpg,Sweden,SE,65.057496,17.222034
f6c79228aa8840c69d8dfce0922b7612.jpg,Spain,ES,43.484456,-5.490774
b0708d30e9df46d2bcffe717ac83a3f4.jpg,Sweden,SE,67.700508,20.771144
0ff0c158d00b4c1cb0da72c3ec70d8ff.jpg,Belarus,BY,52.470551,23.641035
59c65cc9be1e4e45a402bbc11fa9fa83.jpg,Poland,PL,53.02475,14.663969
a5255890d11445fd8f55a69e040f43ba.jpg,United_Kingdom,GB,59.942297,-1.292977
b757a3ad0f754f8e8b88078764d34e43.jpg,Sweden,SE,55.940457,13.492509
6af049878d8b4225abf721bbad0ced8d.jpg,Finland,FI,65.975273,23.984325
40afb9ebb6e8408fa8d7445650abad05.jpg,Sweden,SE,57.560439,18.4111
d30233cf7e674ed1825316806d1c49c7.jpg,Spain,ES,42.827971,-2.169901
b437722129f64a689aa5c629780af470.jpg,Turkey,TR,36.135199,33.193346
7bf419dcb70f479ea37c7583ee42b8eb.jpg,Norway,NO,69.262594,15.960649
bcbd4558b1014b75bc367af28f36abc7.jpg,Sweden,SE,65.341524,16.14451
468430c32f8a4843bd17e998e71add20.jpg,Italy,IT,44.509457,9.793595
9841d48826814ab383e8fa3f04668b3e.jpg,Germany,DE,47.960039,8.8542
560ac93a5ad24a03ba3c691368839e53.jpg,Iceland,IS,63.849054,-22.433356
348036c06def49738501803e4d72d6e0.jpg,Finland,FI,62.626092,21.526014
2b0ad3a356d6406fb89204f05f68a1e5.jpg,Germany,DE,52.234691,14.626627
7a5fe3e520914c23932c958d5740f048.jpg,Sweden,SE,55.610175,13.959864
d6ddec6f33184784830150ea1efdbc22.jpg,Italy,IT,45.30103,11.14327
79a93643fa74492fadd44e7045000554.jpg,United_Kingdom,GB,51.937124,-2.169361
81443e1a0ba948d98c68bcabe41ce98f.jpg,Italy,IT,44.686069,7.20804
e101b6acda894b26a74a9cf61384f579.jpg,Norway,NO,69.696694,18.974472
a917724db6ce47808576b58af1cf33af.jpg,Germany,DE,48.119155,12.329083
398fdc84fe8c4a9f92051e64adec1645.jpg,Poland,PL,53.089796,14.485743
45f804ab719844b4a5d0be66c90e5962.jpg,France,FR,48.554479,-4.656976
b98bbdb2098c4b519bb02bc91257b8cc.jpg,Turkey,TR,40.981471,38.768047
a5dbd83c3131434a8f28bb9c140ba9d5.jpg,United_Kingdom,GB,55.576085,-5.196192
032f919d7b6f480a95f3c007eb5e8701.jpg,Poland,PL,54.705999,18.390373
62681bd75ce74d73ba9a3c166c76fb28.jpg,Germany,DE,51.555556,14.673342
abc892742c224e9dac58b6bb0aeec3db.jpg,United_Kingdom,GB,53.890239,-1.626234
ab4e227946a840cebc2300fcf1dc43fe.jpg,Turkey,TR,38.73468,35.57489
1546329914944c47bd6bc25b8da1853d.jpg,Norway,NO,59.784593,7.309337
d249474c5f314dc180a6c6d5670de506.jpg,Sweden,SE,66.085372,17.539422
f9535ad87a9b4f149b4ca209a5ad002d.jpg,Finland,FI,61.959233,22.8661
ad438fcb63564fb6b146d0dce9d7e505.jpg,France,FR,49.801249,2.043512
156064a5ec414fe6a08419b7aab6886d.jpg,Turkey,TR,36.910706,31.173239
084ab83b221f41af9be65b0e19070d5d.jpg,Turkey,TR,40.511476,36.146334
f2b8efea02ef40d08f7d0c477ae69031.jpg,Spain,ES,41.977911,3.025598
097826c071494dec8b21c6651b815e3e.jpg,Sweden,SE,59.3638,15.381951
ac1c823943f64892a8f19f72eef8b806.jpg,Sweden,SE,67.855012,20.621583
f1f4860b8d12402087d5e2976d9f364f.jpg,Iceland,IS,64.28486,-15.057169
1cbc234e527f4c0baebca8a2a607b390.jpg,Spain,ES,29.001438,-13.544938
617bc02fd9c6485a95cf303947924081.jpg,Poland,PL,50.220824,21.505372
5d5dd4729b2c4ad6a0cb65a7c4b11197.jpg,Sweden,SE,64.242514,15.856424
6c3bbe1ff4c84d8cba460c07c513046b.jpg,Norway,NO,59.04094,10.046059
448f09644f12461cb5ef3e613de39e9a.jpg,Iceland,IS,63.895745,-16.612111
9b642c319d6f4860ae31e75da69a6d36.jpg,Spain,ES,40.921562,-4.256722
7f8b06df1b8341918b31f51413e0b7a3.jpg,Germany,DE,51.332183,10.492773
4387a3d31ee44d75a34b0e9e2ca133a5.jpg,United_Kingdom,GB,52.627365,-0.269235
f1f5651ca4f44474b24a71b9ff3e6ad5.jpg,Finland,FI,62.560859,29.889508
7ee7829619534b14847bce82caea67b4.jpg,Italy,IT,40.694913,17.071808
fe3730cf2750424084412216a8e7dc6d.jpg,Poland,PL,53.092148,14.501921
92147138b99b46cb8aae780529466f45.jpg,Poland,PL,53.726098,21.32721
1f3d3c13476a48869f6fe16aa0d4e82b.jpg,Turkey,TR,37.506547,37.00308
3ed51c3164c44ba6b6a45cadf8f612f9.jpg,France,FR,47.552516,1.539215
f0639914825143a9b871aeca977f5a08.jpg,Norway,NO,68.856004,17.984385
70129fa37a0a42318c7d3d25dda30d45.jpg,Norway,NO,67.261597,15.425236
66af189368cb4dd09a131f7d084458e3.jpg,France,FR,47.33744,1.702782
dc7e1952c3f3469d9a05cad69eab38ac.jpg,United_Kingdom,GB,56.84157,-4.711865
1b1f46f7d36f44ccb6c3f58f93903975.jpg,France,FR,48.570357,6.70657
bac3a624cfa345b8918de150bf344ff6.jpg,Belarus,BY,54.120284,28.221065
a64889e5442344daa14514d27c7f38ea.jpg,Belarus,BY,54.218213,28.62032
4f87a8ed2cca4716931c272780d46d60.jpg,Italy,IT,40.256574,18.284981
a0d0b693fa4d44f8a5f6d84236abc6b6.jpg,Finland,FI,61.892303,29.797767
a1655ef6b49143d3bb8ffa99fcc1f350.jpg,France,FR,44.086921,-1.000352
32e91c89275a4559b843d8dde41d1da6.jpg,Italy,IT,44.459939,8.378712
b7f5b26200f24322bc10b3a575eb3912.jpg,Spain,ES,28.052552,-16.600723
444368c69c6541e3b29ba0834b2fcae1.jpg,Spain,ES,29.184797,-13.5011
d9bc5ff6684d4c5db3a8c9c804452095.jpg,Sweden,SE,65.302917,16.766547
86f0ddb71b1640c29a14d59b7cd48e34.jpg,Belarus,BY,51.92111,29.704705
91c1630908ad477f8d27daae8088eced.jpg,United_Kingdom,GB,57.914782,-4.059769
3cd6cdac96eb4c02ab737c70502bda1d.jpg,Finland,FI,66.073273,28.799317
041d2441f5374cfa8838b04acbc3d85e.jpg,Norway,NO,69.219544,19.314335
1cb3937c93334b7fa039fe67a23e6fd3.jpg,France,FR,49.25027,3.368665
2d63b309d7ab4b3bbb1fec0dc3ed4764.jpg,Iceland,IS,65.555067,-22.363214
665098909b5242bc842acc7eb6fff6ad.jpg,Poland,PL,54.077492,15.635424
645a9f15629c408f97e23c3e540351a2.jpg,Germany,DE,50.807634,7.169985
cc4a40188a1f4ce3bdddba97cab4c137.jpg,Turkey,TR,39.614541,30.850101
cd84b4cbbe8243d4a42ac58666a55141.jpg,Norway,NO,64.56366,14.051542
626f1c301f5e4d3f837ec4cb13fb7e97.jpg,Iceland,IS,64.824301,-23.964661
8c34a9143c9a472a9bb283310ee0952f.jpg,France,FR,44.16342,-1.031942
2c732df02a2e426bb9191d2ca021bb37.jpg,Germany,DE,53.291017,7.742422
22ee57a582094759812c41572899414d.jpg,Italy,IT,40.221418,18.098324
3cd7576b456b464ebf7d1682a73972c5.jpg,Germany,DE,51.038639,10.443183
d9f6f21c3844480d814d6a3501fa0852.jpg,Germany,DE,51.681152,11.283396
cebb95ebfbb64e66aa9d2cf53f8da3d2.jpg,Italy,IT,45.683671,9.827046
21f300cbaec644d9a56c341924b3ad40.jpg,Norway,NO,64.946288,13.180014
23d1604ff3584eb1aae5df1fc37eb7ff.jpg,Germany,DE,50.291061,11.291966
b3274e2930f8421a9f244465992d5dab.jpg,Poland,PL,51.04334,20.41802
a5b437edcb0b4921af41936995c110ec.jpg,Sweden,SE,67.576976,20.878916
5974510192c044deb4a3c873ebe2fee5.jpg,Turkey,TR,38.637717,35.866037
6c3274cfc6c545f597dc5895368d2020.jpg,Iceland,IS,63.840114,-22.429127
051210daec1749d6abedd84a5b386716.jpg,Belarus,BY,52.520251,24.638502
5aaf972d9f1945fea6f3c754c2e7bf91.jpg,Turkey,TR,37.619433,39.161097
1a62516cd3c24fe6963d75d1883b47c3.jpg,Italy,IT,40.215792,9.009714
ef335ef39cdf4c468381f0cd33712328.jpg,Turkey,TR,39.111223,31.173357
a3e754bdf1a0459d838e2c7370193be0.jpg,Iceland,IS,65.476516,-19.2753
60e23adb910c44b89dd09c265610497a.jpg,Spain,ES,36.836365,-2.631628
3d4eb26eb52d444c8e55f0fee84ab131.jpg,Finland,FI,61.468155,25.147703
9b097c20defd470fab9e324d21289147.jpg,Finland,FI,61.630466,28.220323
f39eba766a2741018ec8debf4adc9eb7.jpg,Turkey,TR,40.6396,43.140839
4cc5ac3cf5ec48899032f0f32f41710c.jpg,Belarus,BY,55.707782,28.450978
7555659ee07d43e6883516f723888903.jpg,Norway,NO,60.253391,12.052348
e8383c6aa70f43599c0dbb4cc486044c.jpg,Poland,PL,51.31873,15.663962
290cd07219074978a938dbe087a5a0d1.jpg,Finland,FI,66.241346,26.162633
804fae2f48e0416c93af5cded9f70974.jpg,Poland,PL,50.645644,21.072279
453dbd86e3bb4e48bef60175cf47d525.jpg,United_Kingdom,GB,51.635913,0.308871
3228c7d266af459abeb6c29186a8f3e5.jpg,Italy,IT,45.632604,11.001466
660eed5b3ff44d0093b34c9a76094128.jpg,Germany,DE,53.173157,7.725568
071c748067174ee782744d776c2f12ba.jpg,Turkey,TR,39.89692,33.929452
2f950ce7e5604b16a4831263eb8345a8.jpg,Norway,NO,60.551417,9.136315
765fd0ed9e1d43eb954a70e4f08c614d.jpg,Sweden,SE,64.742749,15.802441
8907b053ebf3434197fa1a0f10f992e0.jpg,Germany,DE,53.824837,9.593526
bc931e20dc894109b4d11da2732663a9.jpg,Italy,IT,37.906705,14.963405
10c6a71477114b6191e4a74522241c4b.jpg,Spain,ES,37.696448,-1.701581
56166560adf14c22bc63def31428ea67.jpg,Iceland,IS,64.744258,-14.437627
ee70aa45d38f4bd2a423cacb43588cb8.jpg,Belarus,BY,53.310833,27.234816
f71ab43544b649eab10aca9b4f744856.jpg,Spain,ES,43.263024,-3.176075
83fd9bf617e847d8900e14a73a7057a2.jpg,Norway,NO,69.255771,15.957097
4b5bcc07649e4185816ad87ea152cb3b.jpg,Finland,FI,66.115534,28.441219
b9142ab075114a00aa248de42936d84b.jpg,Turkey,TR,38.391233,43.188035
e60d8019387b4532936955bb269743bc.jpg,Belarus,BY,54.064275,28.436898
00937a4d0d6b4653b84e010a74a70afb.jpg,Sweden,SE,55.735412,13.860623
d953c3faa2a245cf91d00b67fe6a6d6d.jpg,Norway,NO,59.779968,7.312403
54f43909126243a5b2530e727ed04f09.jpg,Italy,IT,42.812222,12.05325
07e2268d364549ec9c2c93b77d88c87b.jpg,United_Kingdom,GB,57.386212,-4.696607
042c08df840a4c739149122c891e1489.jpg,Poland,PL,53.366503,14.817662
deb52e9dae734b84ab2232623360f8f9.jpg,Iceland,IS,65.448396,-21.904555
27b4b3f8e05649bba7ecd4e73909f559.jpg,Turkey,TR,37.567868,41.379056
8ef878b370534109b9809f1429d4cdb8.jpg,Norway,NO,65.676054,14.168402
135947a797904efb94c9866df0ee0e00.jpg,Norway,NO,64.641555,13.822004
f941328325964d9d8e21357ccd39a591.jpg,Finland,FI,67.139356,28.717167
fe3b8dd41e6f46aca8f3144322118941.jpg,Sweden,SE,61.933335,14.1845
79747e3c963c46eaacc1940bc06303ec.jpg,Germany,DE,54.694021,9.992826
1b35ce19b2d2413596c221d3dfdd726a.jpg,Germany,DE,51.711139,6.681668
d6a8bdca603c40b5b147f8381680bb38.jpg,Poland,PL,51.593643,17.674859
52a124ccac944a1fac6b52fee45fe576.jpg,United_Kingdom,GB,57.031435,-2.419138
1f26c7306f6040bbaf453baeb66b59bf.jpg,Norway,NO,69.131185,15.671986
6744c32f29444076b8bb2808b1766e4a.jpg,France,FR,47.388925,6.193236
9124389c947e49aba2fbb8bc8e99f081.jpg,Iceland,IS,65.491134,-23.309672
ed7193c0e23b4e5b8b2e81a6fa9bc1d5.jpg,Turkey,TR,40.755159,39.620403
3246219b9bb74bd7807da370afce0eea.jpg,Sweden,SE,63.488399,12.488396
9ab2c09fce7748b2a3c8afa0ae97b5f4.jpg,Germany,DE,48.635987,8.202713
70305cfb186c430db0677b8ea578452e.jpg,Norway,NO,69.145047,19.050475
36faa5f83e964fa5ac26edd87e2db374.jpg,Finland,FI,62.851369,27.698972
bb5443f19861463791c24e97262d6d79.jpg,Turkey,TR,37.057493,34.940148
2de85535c4b642419489e1356775eacf.jpg,United_Kingdom,GB,51.292805,-0.295012
9227d98ba37945fa9f00f43e49d5fb4d.jpg,Sweden,SE,64.199549,20.790814
8412b488e58a4bcfa2aa9aa278730668.jpg,Turkey,TR,37.828839,41.082187
a0d27dc8a8004ba6b65d90355f06ecac.jpg,Germany,DE,49.5408,7.088954
bda4d037515c4f3b8de85460533a1828.jpg,Germany,DE,49.591092,11.622326
dc9f02d61e5b45689968e4bc6368f516.jpg,Turkey,TR,36.996556,30.16285
097943d29b294cd0bc4dab8afb128c04.jpg,Turkey,TR,39.227694,33.030882
ea4c329625a7482e8246460a07f73bff.jpg,Germany,DE,52.905445,10.719542
ff6b33adb8ac4bde9ec7dd3e56951971.jpg,Finland,FI,63.175531,25.73665
4769c7db9dda4ac1a62b15d7e4bb1148.jpg,United_Kingdom,GB,52.798446,-0.429254
3bada2a22d6a45b59068820ab2bf5a76.jpg,Norway,NO,61.078851,9.129676
d8ec581b90714df9b496c6ac0ecaa2dc.jpg,Sweden,SE,63.821629,14.39159
40d5838f0f2e443dbeb69dc5a358fd42.jpg,Norway,NO,69.429075,19.270192
c5185cc2ff2f4a52b8911cd5a857935d.jpg,Spain,ES,39.564296,-4.236263
b0f0fe66d90e4c51b8bb5ec93611689a.jpg,Spain,ES,37.564146,-4.298141
1f8c3c79465245299140077597121835.jpg,Poland,PL,54.721762,18.31907
c16dc873635742ec8540906652976958.jpg,France,FR,48.616235,-1.364078
c2a01823b6d24fbeb0e3f16ed1f8615d.jpg,Poland,PL,53.636443,21.094383
a6344033a4f9423b8b2dfbe7999f4be0.jpg,Spain,ES,41.242587,-3.820675
92b878ace32d41579178b33839b202b3.jpg,Norway,NO,64.836724,12.993865
06403609606a4091a833e8de0228169d.jpg,United_Kingdom,GB,54.269885,-0.400979
9bd89edd48024492b67ad81b802a7713.jpg,Norway,NO,60.607641,9.070547
5ee2bcfc065e4582a6fab283b139acf8.jpg,Poland,PL,53.752754,17.775208
02c6972865ba4b38911fad8198854591.jpg,Italy,IT,39.046161,8.424981
adaa6a86ec7344a28fd2f35cafd82e91.jpg,Sweden,SE,60.492783,17.424146
7f48d99ed974432db3ec337194b7436a.jpg,France,FR,46.34976,6.105462
c0d2a119fc954cf288ed8eb579072ac6.jpg,Sweden,SE,58.024496,13.000754
aaaccc90a5994527a15b62bae46cb697.jpg,Belarus,BY,53.602233,24.566546
9c7861d1b77e46f7bd8eb20e477e1adf.jpg,Spain,ES,28.079542,-14.485114
327d630328854bfabba5542c8fa50cda.jpg,Iceland,IS,65.674532,-23.208376
893bbd90459748c983c0e51663ca16bf.jpg,United_Kingdom,GB,51.650422,-2.371041
0a13f06b1f4a4b6b897b36a1bf230f04.jpg,France,FR,44.101876,7.10316
bbc2d0eeb83e4a0498ec7be663e7fe8c.jpg,Spain,ES,38.171952,-0.864267
e3b6e1e5e8fc4b17820420d02f2f51dc.jpg,Iceland,IS,64.420061,-21.5914
3abb4306dc024259a037ed1d420b0e06.jpg,Spain,ES,43.168306,-3.44145
6ba94773690540f99da75a0c40794abe.jpg,Spain,ES,39.554201,2.703213
c65306fc0a304d6eac4395bb02fb16b7.jpg,Iceland,IS,65.037289,-21.093766
2741b943f56c4b3eb4f34f4e791a3a35.jpg,United_Kingdom,GB,54.481078,-6.545998
8e1412518e5842e2a1d0c7ba343f9157.jpg,Belarus,BY,55.260661,30.112753
38202b57d85f45d0b41e1775004d6622.jpg,Germany,DE,52.217331,9.896734
2f08ee87b74047949fa707c4632168f0.jpg,Germany,DE,48.747978,12.880488
b09c19609f254624a7f326f302fcaf19.jpg,Belarus,BY,52.355726,25.023144
e03a7e2cc5614f42aa335fa866c3f795.jpg,Sweden,SE,60.285497,13.890412
44871a7802f942f79096a9b401f4abc8.jpg,Norway,NO,60.084317,11.182648
77c8e92b955e4e789b7a26a4815968f0.jpg,Sweden,SE,60.737041,16.555975
19f4565014c34ff488eac9c36898b8b2.jpg,Norway,NO,68.572229,12.698163
b734489151f7493fb1388fe80e5fcc3d.jpg,Sweden,SE,57.576635,18.383688
e237bcb1cf5d440487fe1fe81946bc94.jpg,Finland,FI,62.189011,29.909463
eef431b527b54cb98c77a089ba7cb6ef.jpg,Turkey,TR,36.327722,33.431529
18c3c17653714856a79a131b44c03333.jpg,France,FR,45.37206,-1.078116
3e2744336e8747eab26aa93cea5e0b5b.jpg,Turkey,TR,37.113243,38.283123
a9ca233b654248ce8700d14917c28ec0.jpg,France,FR,48.630405,-4.518757
27bc5f84bc724be29b3c1e74c19fdd02.jpg,Iceland,IS,64.813266,-23.950678
59030ed948af462495304cb9f1fb0cd6.jpg,Finland,FI,62.930238,28.068443
7911e62574494b91871dd307498bfa7c.jpg,Finland,FI,61.842109,29.733893
4d3dc4ed08d54d97b229b9c315070e63.jpg,Norway,NO,62.972573,7.306313
9c623c71f50845638166ada34f9e414d.jpg,Belarus,BY,52.774372,30.753937
d221b24cda17421d88b1cbdada907cd8.jpg,France,FR,47.282038,-0.236546
def9b53d62214aac9e368f84f31acae4.jpg,Norway,NO,59.21619,5.454634
c326d09f2e724568bf4fcf789f9efb53.jpg,Sweden,SE,58.178218,11.476442
d3ec0d2f7cc34cbdaa692b654c31462f.jpg,Italy,IT,40.737949,8.48287
472168a1177a4a2ebd3d6fb52b018152.jpg,Belarus,BY,54.400628,26.096383
a799385603094faa889cb127c5a6512d.jpg,United_Kingdom,GB,50.440984,-4.719669
839988ee46954e358859690468b23b27.jpg,Norway,NO,59.600829,11.189035
e1a7a13f8d5a46c8bbed6864cd3cffc3.jpg,Italy,IT,40.841882,9.649482
b1939a52553445ca9302a8172ea7dee6.jpg,Germany,DE,52.850521,13.989279
e7c62f45938c4cbd99f35063b3a2e5f7.jpg,Belarus,BY,52.067379,27.738618
eb50bf7fb65a4ec69e4319587ece7653.jpg,Sweden,SE,61.796364,16.330615
1009f75e3449465ba1ca481cbbfc8895.jpg,Italy,IT,37.822699,12.484546
abe9c1f9e27a45d6b695499813175b8b.jpg,Turkey,TR,40.896537,30.356028
cecb48f62a224fa0bff0038d0acabe02.jpg,Italy,IT,41.610458,13.55007
2964e3c174684e67b3ff0e052e432940.jpg,Sweden,SE,64.445967,21.521434
d03bedec6fde467ab8be806751a16b4c.jpg,Iceland,IS,64.533274,-21.613773
2805bafcfc9e4290b1f6336ebe4ac597.jpg,Sweden,SE,65.414853,16.527094
9f25a5637ea7423394e422b6e14c05d5.jpg,Italy,IT,45.79368,10.942612
4b239e91a4b447e69ea2b93181e2ca4c.jpg,Poland,PL,50.561307,20.209516
3918719408fa4cda80dd970863738177.jpg,United_Kingdom,GB,56.084625,-4.824797
2db35f1eb4ab4312ae7e0af4d5dbb554.jpg,France,FR,43.627323,-0.928263
a954af64fc4343ee95aa4816c0aff385.jpg,Poland,PL,54.659258,17.34502
7f224d375dbe4f949d193725f00831a8.jpg,France,FR,43.802707,-1.379171
d1a2935d23524f818eb0d80c2284ec1d.jpg,Iceland,IS,66.17751,-23.443202
1e7c8448d45448c1a1bb5ffdddedf684.jpg,Norway,NO,64.037518,10.04995
42f0c73fd47b4f16a6c8f796eda3800f.jpg,Sweden,SE,64.811529,17.513959
8062ea74be7c46f19767f21b52dda5fb.jpg,United_Kingdom,GB,55.442724,-2.446593
c7c0003f13ff44e689c57f3a314d6d11.jpg,Germany,DE,51.5737,12.42988
b5db67ece1a94ce5b2c559a34e9adc9d.jpg,United_Kingdom,GB,54.345099,-6.647312
4c5ebf7fd57d42abba1f3d6a639acf50.jpg,United_Kingdom,GB,55.044597,-2.049236
eaad98ec139b4e6197032a09e4c2df50.jpg,Poland,PL,54.451978,17.244233
9740a24e251e402eab9e257ec7608857.jpg,Finland,FI,62.606023,22.749685
d9e6f52cf80146328ee47965fabd34b3.jpg,Norway,NO,68.441166,22.477791
909a492a50fb4da1bebd03e1737e410d.jpg,Iceland,IS,66.105122,-23.074456
3f1a9cde015b41d685f867c1e923f6ad.jpg,Iceland,IS,65.432057,-21.889582
0873d00a658c4c1298f52456effdfeeb.jpg,Italy,IT,45.186569,11.238827
5ff551b09fe4403a906f45d901920004.jpg,Germany,DE,47.980234,10.898056
28961e764c6248e598e6df4e0ada0eda.jpg,Germany,DE,53.221308,13.389592
9acd3535f2ab427fb6a347b3fc8cd7c4.jpg,Spain,ES,39.360402,3.200645
1be431ed96954724a3e260eb00e04ad0.jpg,Belarus,BY,53.518425,30.2718
66aef91fffe54af69db7c5e79eac8790.jpg,United_Kingdom,GB,52.248985,1.493489
22426df43a6643c0ab5b171c40550892.jpg,Germany,DE,51.362282,6.913094
be0ec5c928814deeae1741c01be03247.jpg,Germany,DE,48.372023,8.031302
fc846adf827040a5901e9c3b22c69f55.jpg,France,FR,50.355237,1.733259
2d3b56b9ba144a3db7d8f12a49e0b172.jpg,Turkey,TR,39.863514,37.904151
529a87ec52774692a1cca23415104d73.jpg,Belarus,BY,53.005676,27.456991
81f7a7c50ed445b3ae52fe821a2d8823.jpg,Spain,ES,37.809949,-0.880417
2a77208882a043958043b04b2319e6f8.jpg,Poland,PL,54.62042,17.806495
dd4bd7228c1543419094820a59e2f1fe.jpg,Turkey,TR,40.170891,31.300425
d4b38ca7d4b64afc9f8164b3ee8d9b9d.jpg,Turkey,TR,41.22102,36.521873
9dc61300b78f40169d18363f62fd5e84.jpg,Germany,DE,47.898617,12.176085
cf4972cd0b8f4753833ee183def4bd8b.jpg,Turkey,TR,37.755613,32.715222
c350a5d8e2844ccea6229496839dde0c.jpg,Belarus,BY,53.721923,32.024923
cf6889ddc2f848b990453b36f8f4f059.jpg,France,FR,44.632143,-0.846068
a0ef86ff4bd3441794757fb54c7b8c0e.jpg,Finland,FI,61.381113,28.56632
bfe3a17330f5465f803ab4ab0f197c95.jpg,Sweden,SE,63.812072,17.140581
01b8c8b205c6494d998861669217921a.jpg,Sweden,SE,56.885884,14.229187
bba87b91cd13423fac0f0911138a5694.jpg,Norway,NO,59.69452,9.765323
1bc9a389f8f24f90a1f5844ec962b961.jpg,Norway,NO,58.899947,5.613494
b11dfaeeabe041be8b68dbc4b1118cf9.jpg,Norway,NO,63.239134,9.509742
79e5205d47474c6088fa807b38276711.jpg,Turkey,TR,36.164977,36.135129
371214f4a03f46a4bf094ffa12e87fde.jpg,Italy,IT,43.581867,13.495568
a8b0bc5bf5a94f79ac0f0daad3092414.jpg,Germany,DE,50.705494,10.422536
aca190e0235c4ab9b001c00e41ad3fde.jpg,Turkey,TR,39.532817,31.099073
c579f500f5624fc1a5fccf16df2da661.jpg,Sweden,SE,60.054563,16.710262
1ca4174cdf6746f29d16c35a604006e0.jpg,Poland,PL,49.630833,19.916428
429b97941bc74088a0ecb9969a4ec7fb.jpg,Germany,DE,53.601067,12.015274
85a2333d2ccc469c8535ed5b5a1c72ed.jpg,Turkey,TR,37.866998,32.491757
dcbbf1fee34648268e7ef69d3d0e9762.jpg,Finland,FI,68.025868,26.985819
33af968b86de4ac98b3746acf64c4722.jpg,Norway,NO,64.721576,14.039206
fe22ec8b200c4c69ab84e0df9761fe79.jpg,Finland,FI,62.364718,28.095367
62ee5aa89fd84a5eb3401b17ae2fb70b.jpg,Sweden,SE,68.248846,19.516152
dea72f2fe49b49f3aff2a9602410bb30.jpg,Poland,PL,51.445416,22.022853
bc059c7ae4b44ffe812425a5135bd460.jpg,Spain,ES,39.057264,-0.596209
44d60e5ec4f64395a99253349224e382.jpg,Italy,IT,38.859747,16.609788
1aefe08adafe461a9b1048da67936ce1.jpg,Iceland,IS,65.804252,-17.566427
1d89727a3a74485699b5b58c8627e69c.jpg,Spain,ES,28.078552,-14.490019
a42803a147b848ed9c411914df7ea418.jpg,Finland,FI,64.256342,29.171933
29b9edd2b3cb487fa88c7adcc2fd0989.jpg,Turkey,TR,38.754117,33.850617
fa301e586bd24c4ead8bb22b52193393.jpg,Spain,ES,28.436264,-13.87063
f66fffaea7aa47809204e2cec79980ce.jpg,Finland,FI,60.7015,23.536228
b962fa01dd4b4baeade27dbbf8ed9433.jpg,Italy,IT,45.04196,11.542332
a641b93d23574405ae2dc7e20d8d9657.jpg,France,FR,43.402961,6.281749
f7c0ccdc2efd4790a1a2d03d3b388c70.jpg,Norway,NO,70.29884,24.179638
694eb4ab22c344c187d2a54335b16aa8.jpg,Norway,NO,63.444777,11.690101
200163d1fbbb49dd9e6639586c8574e6.jpg,Poland,PL,52.590765,18.989648
9e705debb0744178b6bdd6e5c73606df.jpg,Germany,DE,52.448097,12.508369
cecd1f7dd65443589db30d4274681429.jpg,Germany,DE,49.624782,10.533024
037ab50be65b4e639db067a24267c0c8.jpg,Turkey,TR,38.476248,30.251048
e9f24df3c39c44e6b106502c810d1968.jpg,Iceland,IS,65.851187,-17.489915
5f224c3af3dd44bfa80c6b826d67a22d.jpg,United_Kingdom,GB,54.905183,-6.313975
6ab89b421ed64f5c9398a70b7991bd56.jpg,Poland,PL,50.597929,22.41422
79d17514920e4da8b84b9b61d9a844f9.jpg,Germany,DE,54.06844,10.218448
63420e02f9ff41889873e5b30e082637.jpg,Iceland,IS,66.007947,-14.874095
7492980d51a549348ebbd946267652af.jpg,Belarus,BY,52.286438,25.992935
8b304d7d96884817ac6afa503352b72e.jpg,Turkey,TR,38.252545,41.016081
db60f68d85fe4cfca14e36901bdec9b3.jpg,Poland,PL,50.489723,23.45322
5827971369aa4e7ab123678f478dd668.jpg,Italy,IT,43.387667,11.82205
49647dc63b0a433bac377411d5df4d3f.jpg,Poland,PL,53.652491,21.184921
657350dd333f415cbab579c4397fbad3.jpg,Sweden,SE,55.755608,13.536118
369259f582c0418586f9ac0429f68f57.jpg,Iceland,IS,65.013299,-14.114524
db86b267ba4b428abd2c91790de4d243.jpg,Italy,IT,42.268391,13.500218
e90a2190b7ea41079b641dc0e1d4525f.jpg,Sweden,SE,59.994644,17.713114
720fe66c90f64ef3b8afedd750b61f00.jpg,Spain,ES,41.660931,-2.504293
354991772318434d9109e8a3d46441a4.jpg,Germany,DE,51.854688,14.489142
cf4274c4fb704cd7a57015d230520c8f.jpg,France,FR,48.128611,-2.181528
eebd8faa6b5d4780897c2252f2d9e6ae.jpg,Norway,NO,69.881503,29.343619
98d2769d0af94a209ca8629772afca4f.jpg,Germany,DE,53.255145,7.797067
69a49f72758344cf8c5f6caa90484dd5.jpg,Sweden,SE,62.558781,14.308742
51c8358f2e8349778280880e4e1f9451.jpg,France,FR,48.100354,6.273637
05550b4621dc49928cbb6059972eca9c.jpg,Poland,PL,53.604102,21.047086
85758f949be94f2d9b0be023c4a8a263.jpg,Sweden,SE,67.451696,22.063476
88804c1dc28e4823a352b237b3934c8e.jpg,Belarus,BY,52.37505,27.460804
90de5c75acc0435fb02f120721e96249.jpg,Norway,NO,69.218521,18.090351
b28e8e9cfb3248c69cd2e77299ee6682.jpg,Italy,IT,36.803362,14.541935
39efc958e50f4356a1b792ae2e202b8b.jpg,Spain,ES,36.72425,-2.880668
1036e28d562f4e70ba1bac8d972c5a95.jpg,France,FR,48.431734,-4.535243
cb605c1d13f944cc912621530ffdfe1d.jpg,Finland,FI,62.256311,23.498542
9a7e8acc156b4ca4a4c2a01d15aad830.jpg,Finland,FI,64.611017,25.649567
b5f081e6734f4c6294da8c0cce322f1d.jpg,Norway,NO,69.603791,18.283336
45b60ab85a434ed0a779f2a36287ff6a.jpg,Norway,NO,62.663497,7.504277
d037e264248b40c5bab80930cf27654d.jpg,Italy,IT,45.733933,13.82301
6a40f6bcd61c4bf091af3cfa380751c9.jpg,Norway,NO,69.60293,18.052288
5c171b664ee04700a77c714e2bb51d60.jpg,Turkey,TR,37.186347,32.232563
935c7e6852c54a3580a7e0aa50de2f29.jpg,Finland,FI,63.496378,25.682223
684ec929545c4d35aee40ae881cbe5e6.jpg,Iceland,IS,64.876734,-23.950222
bee531509ef247dd8a7c370fa1e5a16b.jpg,Sweden,SE,56.2453,14.063098
bf44012d64d54958a59928c7be9fe011.jpg,Iceland,IS,63.843061,-22.405268
2f5d84785e7b4d1286579bda36d1d847.jpg,Sweden,SE,62.964914,15.849462
6dcc57e8eaf34f9abfa46af0c18c827e.jpg,Spain,ES,28.652656,-17.929139
6765e7d602b942a19897c059c44f87df.jpg,Spain,ES,29.123607,-13.467053
9fca12b4f3864491a1bb73bab68b149d.jpg,Finland,FI,63.487282,28.303028
a33358cdb6b54e9b8e3c4804bd947006.jpg,France,FR,42.177576,9.529494
8ad0dd33785542e287e1c5f38e349ca0.jpg,Germany,DE,47.688948,11.000433
133b6e151a6642b78cf80b9a66ec99b1.jpg,France,FR,49.087573,6.13898
9bc8f56e99c241a0a92b4468b05532b4.jpg,Italy,IT,44.541313,11.105077
3ebf262263a04cdab6907d3595b50264.jpg,Poland,PL,50.39645,18.997926
55642068b98b411a8a53cf77231249ff.jpg,Belarus,BY,55.107721,28.758977
05bb10f8738f4a008667dde7aeb929b5.jpg,Belarus,BY,54.501517,25.876029
6afe3d41a91d448eba83353dc3afc344.jpg,Poland,PL,51.802244,19.727956
212270b517504f6e93b7676daee61b11.jpg,Turkey,TR,39.248501,30.901392
25bcb2f91ba44e5ba6898e5fdf470352.jpg,Norway,NO,62.056898,10.723747
53f5d2e3b9b54b0fab32fe0beb40cfa1.jpg,Iceland,IS,63.467559,-18.891662
062ba9f2d82841ec93fc441df69677e2.jpg,France,FR,44.650906,2.271396
6f3c5ae2802f442fa5760a3cd11c143a.jpg,United_Kingdom,GB,57.221215,-3.268252
b9593bd5c1914f1fbdde46eb1c5eb3e5.jpg,Italy,IT,41.801957,12.227082
a6f57f1b193a4194b95cdfd31db60209.jpg,Poland,PL,52.045399,20.544355
6cc884794520433fb41bb8cfa5dc30b2.jpg,France,FR,50.822033,2.670371
7eb0dd3189f847eca81c4bb91b93ca57.jpg,Spain,ES,39.371857,3.011853
6fe32289ead548849b92ddeffe7008fd.jpg,Spain,ES,39.073245,1.536917
aaf2b5a3590c4b8ba7165a2a153be80c.jpg,Germany,DE,47.988627,10.476559
a2371b2a380d4368a1755fc68f5454c6.jpg,Germany,DE,50.212763,11.144669
8e71d5e1ccf040a88f5fcb9441161b67.jpg,United_Kingdom,GB,54.338769,-6.342118
92c6df64f73a485ba535f84f19ac7d78.jpg,Germany,DE,47.995991,12.007422
99687d3ba5a544e6a1cb97b1ebf8bfdb.jpg,Sweden,SE,59.267134,16.70921
3ac1973107304b179deece2e98f97f19.jpg,Turkey,TR,36.922274,28.280009
92ad34cd93bf4c40acc079d8146fc8ab.jpg,United_Kingdom,GB,57.423217,-4.664788
6358fb0883a0451db289f215e8d8ce54.jpg,France,FR,44.267301,-0.897674
fdd0211c5f8443ba9e4b0437b753419d.jpg,France,FR,48.627067,-3.747634
e0ece58801e84fd9a4d2c9fc96287a80.jpg,United_Kingdom,GB,53.122552,-0.743857
e4afeaf3f7c0444ebf75b30e4406cce2.jpg,United_Kingdom,GB,55.693739,-3.563796
459fb2b64d98456cbc126f3b6f1d6446.jpg,Norway,NO,68.129061,13.395933
b83afa3880bb4948beb2f72d0c442a8e.jpg,Norway,NO,61.974067,12.991275
931eb1fcdb2a4bd79eaf5a039a8e85c5.jpg,United_Kingdom,GB,51.852888,-5.100313
474cb50379184cc6bb882b2e91748ab6.jpg,Iceland,IS,65.414802,-14.569327
72d90b17cbd94980abdb2ebf80f98ec1.jpg,Finland,FI,61.673612,27.049963
1f42168e6646466fb41db94776725a75.jpg,Belarus,BY,51.643276,29.101404
85d3e6a0238b4da1827ba09c65187427.jpg,Iceland,IS,65.91063,-18.304795
7f48e0cb96d84a538e61a0ffa201a948.jpg,Finland,FI,62.172736,29.957261
4dd67396a753484ab969d281f713f806.jpg,Italy,IT,43.233988,13.758248
68b486ad28cd4272a38abdf054cdc7e8.jpg,Norway,NO,61.082631,9.125606
85a55a70f3874ee8a94188c482c75d9d.jpg,Norway,NO,70.987527,25.7548
b6ef4d5b20174562bc2380f3f225242d.jpg,United_Kingdom,GB,54.84405,-2.236807
16a2217cc22f46ab82b4b4e0dee9604b.jpg,Spain,ES,42.145193,2.610324
afab1a6dd2054f469827c6a0f139e6bc.jpg,Poland,PL,50.408685,23.429446
b93617aa28864348b68a570591a64d5c.jpg,Turkey,TR,40.392365,43.408347
a4190073422141a1a9e62bb15d30c04e.jpg,Italy,IT,44.602761,10.501339
08952adbb6844320bd4fac03208d3b63.jpg,Norway,NO,68.247469,17.412896
05de913d23c744379ef9346a89a61098.jpg,Turkey,TR,38.95656,29.356569
2a7ea52aa12646b383602afc81701cb4.jpg,United_Kingdom,GB,60.777512,-0.826345
079d02d4b35347b48b2b254f27831092.jpg,Turkey,TR,41.619874,35.574191
ff78a75ce57e4f83b236f6990da710c2.jpg,Norway,NO,65.100592,14.602914
cbad05dfb9b74b168e8753fe561eb86d.jpg,Norway,NO,67.321139,14.622719
dc656b64857b4ff08d6eb6055fc6d9b7.jpg,Norway,NO,65.362994,15.045599
63f8b2ca185d4715bf2fb7676cf72d65.jpg,Norway,NO,69.465926,25.47615
4f765e902d4c4b00b6276b20b3a117d4.jpg,France,FR,49.20051,1.132026
59c2dbf45dae4a61a4ed3b12b5a11f4c.jpg,Poland,PL,53.033603,15.373936
78366bda8c774e63872ecc52031d5d12.jpg,Spain,ES,39.857179,3.19553
4fed5bdde12d4b61aba083f67fcb5545.jpg,Poland,PL,51.149424,23.576359
60d93382db2a4387959fdc15bff0f289.jpg,Sweden,SE,67.854182,20.635371
8a91ba79d19c4e268e913cac4e12115d.jpg,Belarus,BY,54.187906,28.532601
b5ff495de48d472b820f59859be5a1cc.jpg,Turkey,TR,40.384961,39.71299
6dc52fb6cd1b47498d296b83661cf6e6.jpg,Germany,DE,53.000128,13.868698
156bb9b2b4b6498f8350e83c0ebcebe1.jpg,Spain,ES,38.320639,-0.513346
423592dbea714c7e856911d88ca49b66.jpg,Spain,ES,42.462881,-3.152802
3760bb719f214c7eb93d0f3b5017b708.jpg,Norway,NO,61.718288,9.532794
5d6bc5b61a414677b501d7f66d4a1013.jpg,Finland,FI,61.693866,29.687774
3ca85bc6aeee42a385f9224041847673.jpg,France,FR,47.97629,0.830089
f5216d4b162d450d839dd7d8fae8b32c.jpg,Turkey,TR,39.06583,27.853095
e9d125549f9e42028cf769152e702e01.jpg,Sweden,SE,59.958908,13.632474
264e4fe27cd747e397fbfde6ee7c8594.jpg,Spain,ES,38.70182,0.081773
dee35d741d7f49e290121aee8041fa6a.jpg,United_Kingdom,GB,53.566743,-0.266771
1187cad01f6941e2bd2df7c2dd9b0817.jpg,Spain,ES,37.983868,-3.810167
e203fae269c04894a23eb9b04c41e38c.jpg,Italy,IT,42.394402,12.666454
7f8e58e187a54e3199ec30580d57883f.jpg,Iceland,IS,63.946844,-20.682292
a1e83fd898564579aff9a51abb432459.jpg,Turkey,TR,39.593058,39.871287
8d617d45a5f041e49f63740f72aa4d02.jpg,Iceland,IS,64.839332,-22.576228
dea227c03f9b4b539d877e04c3ef6fba.jpg,Belarus,BY,53.587528,30.362386
3839e87d9b134206a55bd5fbfa313a26.jpg,Norway,NO,62.331679,7.51906
db06f0b29d6542d2afca4166c2ac836f.jpg,Spain,ES,38.324859,-0.537684
717f4f13bb3449beb2fcada520f72abe.jpg,Turkey,TR,39.811804,44.085104
65fc7cb4796147b28d59f15d95d12254.jpg,France,FR,49.589714,-1.681619
995003b5cd144b15847b1d38eea5e659.jpg,Finland,FI,63.488824,25.665325
957103e3f38746359c79551ae7a9a39b.jpg,United_Kingdom,GB,53.12849,0.302474
7ca5da5f6de5439d95ca94702c09fa3e.jpg,Italy,IT,43.960102,7.717214
1bd10c6190514338854ad2ca4b5b8ba7.jpg,Germany,DE,47.692513,9.250256
aa08dfe6a2d24d0d8677e166334aac01.jpg,France,FR,47.220166,-1.833826
2111bf5fbc4544b08b379703b4215962.jpg,Germany,DE,53.766891,9.012731
b4782030bb9b489fa8893240513474e7.jpg,Italy,IT,40.912198,9.416038
85c43339f49f400ba34b0d05cb313278.jpg,Spain,ES,40.632187,-6.563168
25352433cf2e458684e190f8cc954ca9.jpg,France,FR,45.070601,2.579257
8335ee78a5b949a09bd4f8181c100b9e.jpg,Italy,IT,37.163704,14.334031
f2921e410505418fad687b4f43c2a332.jpg,Spain,ES,38.369385,-0.704071
9ec11fa3dcaa4f09ae4f7d4bae68d66e.jpg,Germany,DE,53.440169,8.447693
66a6efd25f2447eebbb6d6572c31ef30.jpg,Iceland,IS,65.564971,-22.192136
b8582680f37440b691698a44004542df.jpg,Sweden,SE,60.414853,14.779892
245e7598dc6c4f75a4556bf469422b48.jpg,Iceland,IS,65.800975,-22.538915
94c5c6ab0ee84446a432957afb695d9b.jpg,Turkey,TR,36.719055,33.121519
45e9929ad19d4d248048541acf0c25b9.jpg,Sweden,SE,65.048335,19.070491
b0b7e6c0921d4cb2a76889f0026ef58a.jpg,United_Kingdom,GB,56.501966,-3.350105
55a5a03c3666459589dc01a559292784.jpg,Germany,DE,53.558582,10.36746
1a0abdfd981b46338093a1cefc1b32a6.jpg,Italy,IT,45.255009,11.304303
b1e1540a84f74f5ea0b3134b4b6e58f0.jpg,Iceland,IS,64.828025,-13.935836
a0438af3699b40c98bc20af71f23094b.jpg,United_Kingdom,GB,55.690846,-3.893328
ccc8fd7f45744e039693cb55d8f3784c.jpg,Sweden,SE,57.565984,18.404016
2b0b47ac87404ce2a42adadf1d00df68.jpg,Sweden,SE,62.159805,17.454101
c5235560bfb44af2ba53e56cb79f02e6.jpg,Germany,DE,52.152133,7.681115
5a7a3bc3f4fc45ab9122b064ea8a9f3c.jpg,Belarus,BY,52.293504,30.937077
aa3513c6499b4834a37ae99a0299fa3d.jpg,Turkey,TR,40.581937,35.651773
6f97cdd8a4904743860f790fcc665733.jpg,France,FR,43.280181,0.109793
9313470b86c34d2093365cd0d11e815c.jpg,Italy,IT,41.851262,12.786974
7248419bcb03431e9f0cdd14ee03df86.jpg,Turkey,TR,39.194277,37.298279
82f88ec891cc415684ddb6e004413505.jpg,Spain,ES,38.828085,-1.751089
aabab79796794843a98f8276fe841207.jpg,United_Kingdom,GB,58.481955,-4.876698
0d9ed343104c4f58be80b1b9c4182c89.jpg,Turkey,TR,39.559239,40.033464
7b5dda4dc4aa46069a9a4debd7e7c4f9.jpg,Germany,DE,53.440619,9.945042
0acfd2a531074c7e90fbfd5a5bf59bb7.jpg,Sweden,SE,67.267094,22.704391
e8ab3935358f4308acd4efc98a9051d8.jpg,France,FR,48.572815,-4.509819
67ffef82ea624669bfc698d3ce8bde7d.jpg,Italy,IT,45.147205,11.042821
7ff09852d5ac4ba7ad2a0bbfc44e77ab.jpg,Spain,ES,43.238659,-8.570288
cf23764742664df08aade55ad512749a.jpg,Italy,IT,41.367971,14.021304
f03bced455e749dba45b8135f92ecd98.jpg,Norway,NO,69.513817,19.252509
31346a0cdd36431191ea74bdaa6f6a9e.jpg,Iceland,IS,66.564626,-18.018664
4dba768ddb2741709bfb2e78ef1f24ec.jpg,Spain,ES,42.432153,-7.703815
51be8744ff5b4b68b638ba337d4bca2c.jpg,Sweden,SE,67.739085,20.668919
d04ad6c5200c49f484086ca65055cfa8.jpg,Norway,NO,68.402442,17.471848
6f687b7b823e4865a986d00d3b243482.jpg,Belarus,BY,55.203145,30.363007
7822de31b700465a89b468aa7cbb9770.jpg,Italy,IT,45.866912,13.180943
5399d4c7c2f34b0c9a043b16f978d11f.jpg,Turkey,TR,36.814053,34.566164
bbb38542b7394e37af6fb055dd8280e1.jpg,France,FR,43.271279,5.683453
7fc05dd939b5441ba688c79eff9afb7e.jpg,France,FR,48.388625,-4.630203
8dbe933f34b04aa299cddde5059e39b7.jpg,Iceland,IS,63.662148,-20.106536
888ee0b8cdbb4aa6835d1580aec8bd48.jpg,Belarus,BY,53.617119,31.510237
6c984ea6e59f481cb72d0f1082a2d779.jpg,Germany,DE,50.466695,7.609582
b9ec286cb1344ec59519dc136c520a15.jpg,Spain,ES,42.978351,-2.233785
f2db3b2978dd44e8b1979f7a1c9ee9aa.jpg,Turkey,TR,37.977557,30.287003
3a2fddd4d6344cdbbabf31c6e2bbfe01.jpg,Finland,FI,61.29681,28.765172
73577ddc34574900a5f907d49479e86b.jpg,Finland,FI,65.699168,25.161729
01978ef358174653a2a83b2f0bc5c205.jpg,Spain,ES,42.543759,-8.797509
6317d9d71b02446eb6c0c51abb625b39.jpg,Poland,PL,53.435936,19.84439
cbf75d52d54d432fbd68ea7d01aea6e3.jpg,Finland,FI,64.178159,27.766957
69fd961873844b4897c4cffdcb63cd81.jpg,Norway,NO,60.169705,9.687661
441727e3878f4625a71d1ebebe84f484.jpg,Spain,ES,38.409107,-1.565166
05034ec566f74ff69bdfdcd143fa18eb.jpg,Italy,IT,39.014463,17.162415
39a36cf8ad88496f8a379ba5be60833e.jpg,Germany,DE,53.405743,11.598151
a0528c71ce87443383db865598ab91d2.jpg,Spain,ES,38.144099,-1.127657
4f8fc88af2364e8899ec81c4ef8fae31.jpg,Poland,PL,53.767071,22.965163
d87b693a9c59493bade17473d93b2a1c.jpg,Germany,DE,53.746572,9.296206
2d18fe69ec2241188d2a7469b613db29.jpg,Poland,PL,52.234214,17.385475
44060e0b05ab484b97d6dfff46372740.jpg,Poland,PL,51.943577,20.214282
a0a1559a605a419c92c89cc9c83fbb19.jpg,Finland,FI,65.746946,25.263152
ce562e8b050f49e487d1b67e68e2be07.jpg,Sweden,SE,63.838317,19.74977
da7c17d2da2a4ceca2797edc757d1d37.jpg,Italy,IT,43.157811,11.753665
58beddf8e5ec424ea1bce51f603878a3.jpg,Germany,DE,51.781754,7.28534
9c741496697c4ca5b9a98d9fd9fe3c3f.jpg,Italy,IT,45.36597,7.901622
bd662ec478234b14adb1369aec93b9ba.jpg,Belarus,BY,53.044577,29.567911
cc812aa4b6924ee98605c450fbb27b0a.jpg,Spain,ES,41.426208,-0.12885
2db091fe3c0741a5a8032175f1f6cfea.jpg,Turkey,TR,36.288478,33.490106
e4bd18e2368447ce8c90b382165a3619.jpg,Sweden,SE,56.936349,13.06866
81074b6af15a4b82b24bbaf2d8514a89.jpg,Norway,NO,59.393949,10.735482
de601ab2439140a2aaab161edc304b08.jpg,United_Kingdom,GB,55.524645,-3.096576
3bab09815fab45c5b42c95216a7d4f21.jpg,France,FR,47.852602,3.597091
e3f871f13fa54d5cb46b58962d14cdfe.jpg,Germany,DE,51.231721,14.666123
f0c19ec6b1f640679fc83d47cc4151fd.jpg,Norway,NO,62.469676,11.337035
675506586e384873873677d745f76d2d.jpg,France,FR,44.99362,2.14673
63c81a921f764cb2bfe119d15db5304f.jpg,Spain,ES,41.241776,-3.779279
81dbb6a2c22045aab0be82c8892f657d.jpg,Spain,ES,36.806134,-4.124499
50d7ad150bae4d688dff0aa74cceeab6.jpg,Sweden,SE,60.569152,12.690098
ec6d8ddca4bb422b8742f9ef13daf9a5.jpg,Norway,NO,59.846655,5.35532
93265c41b3a04a458558e079a38590f3.jpg,United_Kingdom,GB,55.441775,-3.503293
9f3ede3fae7f45a08fa99b7ea976b1d3.jpg,Spain,ES,38.850565,-0.495731
0cab38b04be143e3b68e1e00185ff1d1.jpg,Finland,FI,62.924687,21.745879
6d3448634df64af3a91dc8c35eb07dcc.jpg,United_Kingdom,GB,54.272595,-0.640336
29b9ea2cf7114b288bc40f146c6c4650.jpg,France,FR,49.538693,-1.708243
821489177ea24e5e8e9ac781ced18619.jpg,Germany,DE,52.114748,14.422463
c7653718fabd4532a0d863bf1e3a058b.jpg,United_Kingdom,GB,52.408436,-3.837765
5d0e830b5cf64742b553f1532a8e3574.jpg,Spain,ES,37.025678,-4.343586
26c950d11f9f412cbda7d52102206ca7.jpg,United_Kingdom,GB,56.436811,-2.912038
8c9465e3df39426a99cef501d9db86b2.jpg,Norway,NO,69.502923,19.250518
2a89eaca428c48ec8cd15bc902e67358.jpg,Turkey,TR,36.571673,33.291105
72ab1a08c8574da78b15770cb9aa5f51.jpg,Belarus,BY,53.051938,25.544566
cef3f698ba5d4f6395c492e3093f0fa9.jpg,Sweden,SE,59.837076,17.521568
f6b745b09485456c889f3fc8fe8cf3f9.jpg,Poland,PL,54.45866,22.409054
f9000805c4b9476d9d959ec6b6841348.jpg,Finland,FI,67.14385,25.010443
e4f20108674040ac97f854287514c8c9.jpg,Norway,NO,66.292976,13.767733
1d1e872c3d24497b8c2ab349f44d318a.jpg,Sweden,SE,63.996555,15.276591
6dc28fd407674f7cbb5055988f20462b.jpg,Norway,NO,65.189994,13.372584
5273a3b794874be4bbdfef39442d16d8.jpg,Iceland,IS,65.764413,-14.825045
ce7b8cf6c58343b292db9d5baf5415cf.jpg,Finland,FI,68.372554,27.412926
76ba6cc7f6f64b779e7afdd13ee32832.jpg,Iceland,IS,65.355285,-14.919775
5a5db6c4680649bd88de106dbb7b1009.jpg,Sweden,SE,55.862868,13.749743
9013c7cf9bdc4111b44f4c8f7a96afc7.jpg,Germany,DE,53.190469,13.998941
e74beda9480644a68408d3f88b8759a8.jpg,Finland,FI,63.489734,25.666591
7dab8497c6e44c4fae3fbaeb02310c86.jpg,Iceland,IS,65.680993,-23.198784
9e62727071fe4b519511046bc2a8af3a.jpg,Turkey,TR,41.637294,32.325089
b9fa3793434e452b8e75c76c74cde809.jpg,Italy,IT,41.022638,16.845639
aec27abc623e4d95806f3036b68c3752.jpg,Norway,NO,67.251469,15.429435
fa6d854151c84d849e6030794bbb3b1b.jpg,Norway,NO,64.042543,10.006046
d858de9923094758ab3d089abc5f6c02.jpg,Turkey,TR,37.04994,27.38825
470b3df39fde4759a3cfe349698f9849.jpg,United_Kingdom,GB,59.060786,-3.334604
b2d4f930189f462aba1760fb662b46b1.jpg,Norway,NO,69.084995,17.550297
8f3be91572de470198f0021011a1d811.jpg,Sweden,SE,56.205823,13.619855
6d00b84e3b914aa6b2a0ec23ea708cbd.jpg,Turkey,TR,40.875985,26.518914
685d0d57832641d8ae36366ff1d8e9bd.jpg,Turkey,TR,36.532463,33.588648
cf7080a21add4d2ba503f7d11da7c771.jpg,Iceland,IS,63.977541,-16.864134
1bd7ec950c864e46ba350ca3e3ad1707.jpg,United_Kingdom,GB,56.846888,-4.710527
a03d4573fb2d40faa4abdcf161d87357.jpg,Poland,PL,50.661393,21.845422
a22a4f1335c34355897bafc7301fabbd.jpg,Finland,FI,63.307775,25.625051
668a5c2133084ff28aa8fbcfd56f1542.jpg,Belarus,BY,55.083012,26.87828
f90c590242584a65b12f0bb428d7f49f.jpg,Sweden,SE,58.420005,13.77128
7186328d14ff48bbb5e82d457cde662e.jpg,Sweden,SE,60.642675,15.948403
014ecfcea3b749d0b14ac4213e47de50.jpg,United_Kingdom,GB,58.506131,-6.261553
62627e5d49a7453c8f307656b79b18a4.jpg,Spain,ES,43.064829,-4.784311
8884f168e2df4867a6c8abee91d6082c.jpg,Spain,ES,39.570213,2.829393
9f51ea453aa247bb9c5dece9f2291320.jpg,United_Kingdom,GB,50.350393,-4.023402
3ca1d39aba1441f58a3273679243c097.jpg,Turkey,TR,39.204046,30.715234
b9d22eed6d8847339d4bc87c2079eeaf.jpg,Germany,DE,52.755508,8.007032
1d2b10ce194440b0b73a6c0c2ddedde6.jpg,Germany,DE,49.087048,12.401995
08f21379df8840f89d3d689708a2d832.jpg,Sweden,SE,62.363082,13.781983
3bdebd5497c643eca37886b498dfa867.jpg,Norway,NO,58.390813,6.084916
5e2c56e3adc948b1afa6eb9a28c8baae.jpg,Norway,NO,59.575635,5.705112
60b2df22b3e240e4adc5606d8edd368f.jpg,Sweden,SE,62.726654,12.726467
20b7a4eaa6574bebb194f7a142d3b327.jpg,Finland,FI,62.138249,28.550666
eb38317b5ad140aeb06b8e01b42ebb9a.jpg,Iceland,IS,63.847514,-22.420016
8e58c8c9418041d9a2491845022b0493.jpg,France,FR,47.545296,1.306969
126a605ad8cb4d519007cdc399f70820.jpg,Finland,FI,66.994231,25.249841
63d9608f39234682b9990bb3bd86a197.jpg,Poland,PL,53.520456,18.97656
da6c601bf5b240d2abd15dae6960ce5f.jpg,Finland,FI,66.296821,28.869785
ab3d4c57cb5f4b618d1aa703ca57f24d.jpg,United_Kingdom,GB,57.196967,-2.717285
6e8512f919d34de9bf991f5e76badcf9.jpg,Belarus,BY,55.605185,28.466964
221b72b74637413fb16f17a9603145fd.jpg,Poland,PL,53.275009,20.226282
d22acf34ac2a4ea78709e3979819517e.jpg,Finland,FI,66.516713,29.053126
2081af566dc14fa4828464a253364006.jpg,Iceland,IS,63.701118,-20.213115
19c4a6aa3d4443d2aec3c7c4c2b69b57.jpg,Iceland,IS,65.572723,-20.654239
ca761d8517cb4eb783623f0779aadc66.jpg,Spain,ES,39.514096,3.283268
b83905d3e48b4bbb9fc3c9d49ccc5f22.jpg,France,FR,43.992876,0.057227
523c8a5fe8654463931f705b3747b95b.jpg,Spain,ES,28.498568,-16.206482
46749689365f4e73a846a5db9722f612.jpg,Iceland,IS,65.485469,-23.251026
75c5038ebd3349e1a8a4109eea9ea35d.jpg,Norway,NO,62.555558,11.321415
25261d18df6c452eaaab4cc097c37ac3.jpg,Spain,ES,38.665632,-4.182748
f313fbee5c604448a891498b24c2ffbe.jpg,France,FR,44.184237,0.029006
3432f44a52c24f3c834bf9f0f2d98935.jpg,Finland,FI,64.9382,28.787112
2dd0f6b891544de1b6ba445213a5cac1.jpg,Sweden,SE,65.877953,19.462926
69b2c09dd1844321a3ffc357e007c8f1.jpg,Belarus,BY,54.153845,27.111581
ea9afb2f248547df827ccc2fd5d17c58.jpg,Finland,FI,64.770137,25.548143
2941224309a94f7e92da65daa5e32868.jpg,Poland,PL,51.482222,22.082534
850e16dc64804dcb9c396774c685011f.jpg,Norway,NO,68.434071,16.007621
3181514292ff4787bf8842e6407ec03a.jpg,Italy,IT,37.518268,14.129578
5ab91dbdd3e346a3865b9b0be2f7d228.jpg,Belarus,BY,53.734126,30.452856
e64eae517fe446099ca6a8ffb1fa0a39.jpg,Italy,IT,40.68621,8.3798
e9ea44c4a29c442496aa6b1be2714d1c.jpg,United_Kingdom,GB,53.606422,-0.67208
cb0a3be55b7442f6a99bbd6321302f83.jpg,United_Kingdom,GB,50.144846,-5.307452
11be69381d084aa5bbdc98e676d8c6fe.jpg,Belarus,BY,52.776318,30.752613
0dc35990126c49408a55bdd131aa7c1c.jpg,Finland,FI,64.224445,29.361985
d978f798d54745fa83aac497be818b41.jpg,Turkey,TR,40.982598,27.491377
e2e9706c3e2e4fa9b30170f0fee15dae.jpg,Norway,NO,67.046747,15.237464
87a9c80df4354589b2f4b9581ac26b5f.jpg,Belarus,BY,53.769295,23.839714
1883be9485264aa8b77b4b7aa27bd83d.jpg,Sweden,SE,56.947266,18.157056
083afef289d544919c959c5e8464eff5.jpg,Norway,NO,61.537406,9.946608
d9cc8326650941b6a395942742de4345.jpg,Iceland,IS,65.752018,-23.856479
5ca8274064624421a1ebfb3f981e35ad.jpg,Italy,IT,39.003166,8.396459
8bc9aa58fa464f4daafd67533cd9d6a9.jpg,Belarus,BY,55.271661,30.330927
af5f28010b3142028518f403342deb18.jpg,Sweden,SE,62.374068,16.78331
ac9d86afc35340dc96346f9c96989f86.jpg,Sweden,SE,60.13121,13.509109
09742083ef3840b2915faa812aa7f9cd.jpg,Turkey,TR,37.305121,30.448507
c63f424278da40ceaa136f5991e24923.jpg,Iceland,IS,65.575295,-19.343319
8d884f5f6ee24ee68dcbe7e13881e1fe.jpg,Iceland,IS,63.430275,-18.768956
7f3bf706335f4937bf26a164effdd841.jpg,Sweden,SE,64.290747,15.76457
7e90abd8b7c748bfa8deac81523eb212.jpg,France,FR,45.024511,1.977663
12d9d642f661440cab463e1ad5ca8e36.jpg,Germany,DE,50.857133,9.985912
f1090e0a750346938bc81576699371a6.jpg,Finland,FI,67.491003,27.976054
6fc1b4701065479e8fc5b71091043679.jpg,Germany,DE,51.552957,12.337423
c66905a7a286484682641b7dde49c4c4.jpg,Turkey,TR,40.40643,43.364708
06213ba7082d4e4c9bfe58075df5ecdb.jpg,Poland,PL,54.327182,17.281965
930a05ff17e745a29072439642879dc1.jpg,France,FR,45.596228,2.928819
ac3f5a6a6a9549ef8d1b500a958b77d3.jpg,Belarus,BY,54.246893,26.328196
6f74d4f7f048422eab16a2929d3ad8f9.jpg,Italy,IT,40.921129,9.093526
42ea7726ae2a4e98a055115622c9cd31.jpg,Norway,NO,58.448562,6.005886
7f5103b135c14622b13b48a5fe4c7def.jpg,Norway,NO,69.369434,24.32151
4fc2f06a8d6545708659018cb6c66b61.jpg,Norway,NO,67.384493,14.632202
f624726d944e471b9b90c65ee8d51c78.jpg,Sweden,SE,61.647764,14.799222
da1bc6f28dc6430180499dd5fee91f1a.jpg,Iceland,IS,64.609046,-21.719617
82014ae6a43a4092bd161da9cc86533a.jpg,Spain,ES,42.018403,2.707649
01900cbbe46d438b83a69a4d47c552d5.jpg,Poland,PL,53.359897,22.445979
c4f4ee14102044e38ba6c87524c44990.jpg,Iceland,IS,65.047173,-13.916627
64b1182ebf9040b8a9f3835fc7184d16.jpg,Norway,NO,68.548384,16.196959
2b450f3fadc1473e82cf1299efd1c2a3.jpg,Belarus,BY,54.791226,30.414827
a54140a9d552414db4266a1fd8031998.jpg,Italy,IT,40.194826,8.987326
f21a38ee383f4b3ca26cd0e9de4f21f6.jpg,Poland,PL,51.49432,22.559617
da706dfa6bd44128a97b14b659962ca0.jpg,Iceland,IS,65.556807,-22.410746
5ef14357b2d140829a0157e9cc0293a9.jpg,Iceland,IS,65.768288,-16.399688
05e2ae7175d14e0d885af4c840191eda.jpg,Germany,DE,50.399316,7.84631
4e1227c3cf2341e6aca1555500ba4e9f.jpg,Italy,IT,40.772062,8.85737
506ec462589c420183b949f562f2584c.jpg,Spain,ES,41.690568,-3.776182
1110ef3e08404ba499942cd995e7f8e3.jpg,Spain,ES,41.606105,-3.056588
3b750e70c8cd433ea2c7372a0cdfc9fa.jpg,Turkey,TR,37.939751,41.90283
306ffaffc247415c8fb74dc82d951240.jpg,Finland,FI,68.355338,27.399412
af6869f1d21548fda69c9d5a1a6cce08.jpg,United_Kingdom,GB,55.083213,-6.355413
c147b17e02d14a04a35a7f510d7e2ab3.jpg,Turkey,TR,41.149647,31.948945
58ab269fcf00412fad52d5ee56f3f552.jpg,United_Kingdom,GB,60.772729,-0.830742
b597ac082f304c3ba9b1c9eb390566f3.jpg,Iceland,IS,65.362214,-14.866272
7c30cf5193fe46c783d805b889395d91.jpg,United_Kingdom,GB,51.787022,0.154028
32a8bc6160bc4cb6a58a8b012f30938a.jpg,Poland,PL,54.777025,18.237397
05c63dc4e02f49548153607818e61714.jpg,Germany,DE,47.517677,10.287084
2caf6ca78b6244cd93b4f571b963b644.jpg,Belarus,BY,54.472024,30.503969
7c6198e1046d43c79f20e6bacf13f12c.jpg,Belarus,BY,55.966783,28.646306
d5b49dfb2aee4bc2bd4c534af909a2c4.jpg,Sweden,SE,64.157467,16.037874
3e14f972258e437fadd91b2dc4694b4b.jpg,Italy,IT,41.045929,8.969737
d2c9ef824391480aa7e332a9c222fb67.jpg,Spain,ES,40.795479,-4.455789
443115031c82428f855d65575feb1fb5.jpg,Iceland,IS,65.354701,-14.937294
2c71e9838127427c8a5e69aadfd32126.jpg,France,FR,47.602684,-0.335128
4a3553c07ea4471a87b124d14b66370a.jpg,United_Kingdom,GB,53.165875,-2.238081
a7b9d465909448e8ad72808c8d859b9e.jpg,Spain,ES,39.37136,3.147322
1e1f6245faa042c1bbf23907002a7223.jpg,France,FR,48.387093,2.125488
77373c9a3b754c5294e988812b0a3509.jpg,France,FR,43.941326,5.057642
2cb5b2c85d794f4faf980218dd47e37a.jpg,Belarus,BY,52.157202,26.091599
4abd3570a9af459899cc7d4f68ee7da3.jpg,Poland,PL,53.249277,23.148083
4255102bd93c4ac3bf2fa4573348d69f.jpg,Sweden,SE,60.065633,16.139518
6d108596f9654fb1b21e0c6a6d529a31.jpg,Iceland,IS,64.80067,-13.991081
e5ca72cd711b4a57bd24c0388407f11b.jpg,Italy,IT,45.37178,8.910829
81070681383d4225b3ad213ee6dcfd45.jpg,United_Kingdom,GB,50.394877,-5.075635
123f8643cb34457fbb7e122dde3357fa.jpg,Turkey,TR,37.577486,38.946254
4fe84e7f571a4e30b4abfc2a7eb7dd1b.jpg,Finland,FI,68.379037,27.409327
49b65c91ac5d419e8ba080a6a7f565ce.jpg,Poland,PL,52.944761,20.487399
645b432a3eed49d193fa6d7c890a954c.jpg,Italy,IT,36.870597,14.451284
7ff7ee8353ba47818f4b9ae7c60b836e.jpg,Turkey,TR,40.164124,38.080937
f76fa193874d40f4b71c900e097528d0.jpg,Norway,NO,58.313554,6.369985
79b4788025fd40ea82e991ddcca3a09a.jpg,Italy,IT,38.743536,16.483534
93c3456eccfa49559085b18043a10330.jpg,Germany,DE,49.093376,7.882327
ea6666feae514a5f9447be3610710106.jpg,Poland,PL,52.360964,14.779414
304c4c5925c8451ebbc3185cafd56498.jpg,Sweden,SE,63.894731,15.282526
b6c932ae269d4e7fa8f675ceb40fe8fb.jpg,Germany,DE,52.329533,10.205829
6eef7eb353034deb9351af2b3d3afe70.jpg,United_Kingdom,GB,51.482422,-2.085375
243c2a96ec9d42d9b72fad8d37142dfb.jpg,Turkey,TR,38.758216,27.907255
223f690c117f4345ab2d6bbf2dcd3380.jpg,United_Kingdom,GB,50.502509,-4.693525
aa366d0825a8460bae71130f24f295d1.jpg,Poland,PL,51.458339,22.453319
583a590dd95c4612952068a9bca0af2f.jpg,Sweden,SE,65.291475,16.284454
37d57266425c44efaafa9398b6a8bc74.jpg,Turkey,TR,39.342938,32.918283
f4e79bf77cf24d86bb3e8526dc9116a1.jpg,Sweden,SE,66.373814,17.001689
9639c891a45b4228856e42f27b1500e0.jpg,United_Kingdom,GB,56.082221,-4.520416
93cab81be6984e91b1fec75723bb6345.jpg,Finland,FI,65.563669,28.366291
d35a5e602ef74a4da146d6ec01cae98c.jpg,Iceland,IS,66.075201,-19.195748
609fc22847d341ed917640b39aa7ff89.jpg,Sweden,SE,57.287064,18.186874
78f71fcc71634166b50a68f3d018c8e3.jpg,Poland,PL,52.930359,14.45134
5d2e6d86e15d4a27889b7f21f94acb8b.jpg,Italy,IT,41.170738,9.298414
2559637850ef4173b098944f04e01b2a.jpg,Turkey,TR,39.988068,41.520383
2eb08b46de644edb87f91257d443f99e.jpg,France,FR,49.696319,0.53088
1e2d3ce2259e46e0a03b1bb46356189b.jpg,Poland,PL,51.732649,19.625978
a5d5d49effd846ce91073680da6ef3a0.jpg,Norway,NO,64.487949,12.347914
82e9f20547cf45dab501709998810bd1.jpg,Sweden,SE,62.258956,17.468233
7a8351074dd14a3cb857b884aa61b4fb.jpg,Norway,NO,59.849903,5.351223
5f3f25114f084be58bc7f47bd2cb1d6e.jpg,Finland,FI,62.906381,21.452183
f9043d401d0b4968976e4a3916360302.jpg,United_Kingdom,GB,56.184237,-5.473365
c53cc669bfa3425384e047269e61be3d.jpg,Germany,DE,50.868542,11.253451
caa81d8e18274645bd5636a1343c6ef2.jpg,Spain,ES,37.648457,-0.786052
f961b421bbd54f9baa732e42336d9b47.jpg,Italy,IT,43.746334,10.693265
75728f07e40340a08100634b547da30c.jpg,Spain,ES,38.550228,-2.980345
f2e44e2c94134bcab45096e8e6798281.jpg,Germany,DE,54.535707,13.249757
ea78da2d9b784ef6bba0226b5262a78d.jpg,Germany,DE,51.366931,14.490984
89f0ffe176f84329bdd45f887256765f.jpg,Italy,IT,46.90366,11.09188
e1194bcbdea749e4979eaf451b811c69.jpg,Iceland,IS,65.275728,-14.444835
5e6e81eef9494250a51c7266cab85708.jpg,Finland,FI,61.486386,24.670022
f10fb1e1fc3b4a2c8fa2482edd58d8c4.jpg,Iceland,IS,65.807262,-19.323321
9dfcd9bf58004a86ae0536ba0c78657e.jpg,Italy,IT,37.833132,15.13862
f304bef6daaf4480b328bdd0e0c90504.jpg,Italy,IT,37.715341,14.038502
820e5f36b49940fa8f92ffacfc02c1ff.jpg,France,FR,43.988064,7.54734
9d126f0a09f149a3b559215bcd38dc9d.jpg,Belarus,BY,55.035073,29.332589
24fbb9a66aa84b4b9d2fec1b6274943d.jpg,United_Kingdom,GB,57.252408,-2.061555
72a81127520f405dbd703331d5ccf5eb.jpg,Sweden,SE,55.683652,13.837499
bf8bfcc0214143de8b8cfc9e13a68a16.jpg,Iceland,IS,64.986093,-22.805461
23faebcb2b864d079d9346383466c5cc.jpg,Italy,IT,40.642692,14.656634
e3ac0d483c274551b0dfee57e36863af.jpg,United_Kingdom,GB,58.481302,-4.667057
6db5d86fc93f4db2a57bd23c302fa653.jpg,Iceland,IS,65.538285,-19.908374
4fbfd7ab4a48463ab93e4b0ba9ea8574.jpg,Spain,ES,39.383733,2.998294
98312312eb6b45df86f114d40f49f2fe.jpg,United_Kingdom,GB,51.382712,-1.199315
6ed2a6fa88b54cf9870860f6faedb3ad.jpg,Spain,ES,39.512541,3.281414
80ee8239670b4dc3b3eb715f8f8576f6.jpg,Sweden,SE,67.837657,20.495744
1b7ad5d9e67143bab430a73c33ee514f.jpg,Turkey,TR,40.738613,31.696477
a4a81b8e9783485fa0ed76ccd5a02eed.jpg,Norway,NO,69.800536,23.236568
41567d286d3d4a10bf92261ced6f3a5e.jpg,Spain,ES,37.243922,-7.319286
4e599cc25dbf42819dd8cb2eb765909d.jpg,Germany,DE,52.505012,7.081913
eee855e6e79f429c88215e9bd8ee8c0e.jpg,Norway,NO,69.730751,29.663183
7f8df816d7c0434fb5ec2a5b3a10343a.jpg,Poland,PL,54.778922,18.236675
5c2466da5a8e43df87eaed837fffe323.jpg,Turkey,TR,38.397965,33.513222
66d47a047638482eb4b09f508bd42903.jpg,Turkey,TR,38.324337,43.18817
bd90c1c76ce34b52899d20791f16d7a7.jpg,Finland,FI,64.817401,29.338791
2331a50e97f04883842d2b2d71769f5e.jpg,Finland,FI,60.520931,24.361798
92fe2c87182f44f0bd2f48d10dbbb498.jpg,Poland,PL,51.435748,22.381817
4c4183dfd7d843dca607ec531c3abeb6.jpg,United_Kingdom,GB,57.842798,-5.076834
008aaac423a34be6bf455d8433560fe5.jpg,Iceland,IS,66.01157,-19.387095
18a343b2d2df40558fc7a2280ee6f328.jpg,United_Kingdom,GB,56.587265,-6.015271
40a966eca2a54e7fa352a5f8f4aaa151.jpg,Finland,FI,67.144645,28.69638
8d3dc4b60d0c4c098542134bf7d8e6b7.jpg,Norway,NO,62.060226,7.258702
e5334fad3442435aae369e7613034518.jpg,Spain,ES,38.628848,-6.369292
5ef00ce6a2df43048339efe309f4ae80.jpg,Finland,FI,62.890771,21.22455
e5b86f1b2a774c85a7539ced3f6a8a1b.jpg,Turkey,TR,41.072815,32.549707
68684822146842789352f8ab1c099f2d.jpg,Germany,DE,49.779885,8.410665
433ee5299c194834b53ae022b8d831cd.jpg,Spain,ES,42.78306,-8.467047
39f5f86da7794cbaa772b96b78d38bc4.jpg,France,FR,48.477796,-4.564584
89383ab8d73149239deaa8fcab831c0d.jpg,Iceland,IS,63.943798,-16.801992
efeb98dc4d564ac4b9109959ed070f75.jpg,Finland,FI,62.568713,24.466897
26ead912f57847b98c7403f478bd24a8.jpg,Turkey,TR,38.144117,27.329551
e0482846fc694c099c2000a8fb83d37f.jpg,Italy,IT,40.55956,16.412218
2e5c8887e81e446281769eafc80d5e18.jpg,Norway,NO,63.437116,11.726786
4f8866d8257a42e488244c49752ee96e.jpg,Iceland,IS,63.629313,-18.437822
d4f204e8d68b489c87ac34f7ef4e5287.jpg,Italy,IT,37.836407,15.120188
81f6f4c375f8415fb89211f0d925325c.jpg,Poland,PL,50.797647,21.165974
c06822960ff64cab832b81a32bcc1048.jpg,Turkey,TR,36.281794,33.482903
530e91c59ea249458a289eb6f9c8b64f.jpg,Germany,DE,47.580528,10.60527
a63501b41de04ec0ab8e71ca7ff491a1.jpg,United_Kingdom,GB,52.63891,-1.254396
a684c83ca8984cee84c9bdb6599ddeb6.jpg,Spain,ES,42.850424,0.736042
1b6d941f27374694b5c70a5e9b147eb1.jpg,Norway,NO,62.016135,7.359863
87b8cea675344184835c758c98044e00.jpg,Poland,PL,50.002377,22.262985
1be62a25c2014d099de6caf29c3ba376.jpg,Italy,IT,40.800269,14.07726
0ed07647a9c94cd5aaad8c2750af6494.jpg,Finland,FI,62.902019,21.211909
98cfdb2aa208434098f8212adf0c3def.jpg,France,FR,43.528238,6.927551
dadb9ba799bc4f188ce63919707caa93.jpg,Belarus,BY,55.20902,30.147288
82f26707093e47cf8349fb36db15525c.jpg,Belarus,BY,53.057885,29.463351
60265652cade4605909ae49d6c02e0a3.jpg,France,FR,46.568469,5.993139
1499c09b8ee74296bdc1388ffa60e4ab.jpg,Sweden,SE,66.038569,22.825992
220fdffbe755474ea4eeb42f6c26da78.jpg,Turkey,TR,41.093368,30.55773
15543e72f73746abb99ac34fa38a540d.jpg,Poland,PL,53.996756,22.465873
a0a626946bd64108a6ee6cca73d05f78.jpg,Poland,PL,51.969015,22.365206
c745df6da9834378bc65592b0e47c1ac.jpg,Belarus,BY,52.211255,31.537906
8ad016978b444b08b51945130dd00368.jpg,Spain,ES,39.048829,-0.243978
a8e54f085526471597ef2907bd7d4991.jpg,Poland,PL,52.325643,20.854815
84b02304316449ae85337566ded168df.jpg,Spain,ES,37.544086,-4.027289
3ac0f97435c24412947d704efa005ae0.jpg,Finland,FI,66.838861,28.680561
5c558fb089804628bd324ce4df4f89c8.jpg,Germany,DE,50.184997,11.309542
ad0a3662b7194a108d8dc976d409b358.jpg,Norway,NO,59.993887,6.566066
9d6e96cddfd3487f801e8b3fd1524924.jpg,France,FR,49.643606,-1.488336
f794ca7012494b6fa68aec7601a94ef2.jpg,Finland,FI,65.413605,25.397876
4eb54133327246bcbb01a2c93b65e7c9.jpg,Iceland,IS,64.743611,-23.807534
8403197fac7849e48134084dda6b3f28.jpg,Spain,ES,38.638337,-3.474335
473622b2912c4d3ab2520aa6c8dea222.jpg,Turkey,TR,37.226503,39.637939
3e90622789ed4b128cdde6a9ee9307b0.jpg,Norway,NO,64.103934,11.54029
22ebd40d5e52400ea940938cff164779.jpg,United_Kingdom,GB,58.567658,-4.739574
5e603b737b854588a74586dc55d98579.jpg,Germany,DE,49.426614,7.651493
48cd2aca6b8940dc9c917b5462e7be08.jpg,France,FR,44.687391,-0.537311
b6088233090545d18b56226ad176a4fe.jpg,Belarus,BY,52.980358,26.912436
acd471c785064fa582839da872c4fadd.jpg,United_Kingdom,GB,55.888942,-5.420166
51af7bf3ed1a47cabffca2a787f730c2.jpg,France,FR,49.629929,2.355035
f0abbedd3a264fa3aeef15e739bc56c4.jpg,Belarus,BY,54.177744,28.471877
ce537aa9acb644c091f9bc7aa4fff725.jpg,France,FR,46.611409,4.889067
7ebb2e69568040919c7d1d63cf7e8632.jpg,Belarus,BY,53.13568,24.258322
b5bba91ed84b4067b98de745ff51df26.jpg,Finland,FI,65.526213,28.574539
6558e889119740bbac59e02751801ac3.jpg,Spain,ES,38.482631,-0.602481
b9a9f0e92fa541c5aa08759647bc70d8.jpg,Spain,ES,43.313204,-8.421903
45678d3b693540d0acc9691eadeba0a0.jpg,Iceland,IS,65.491837,-23.458891
09fd4abdf0b547fcb7a572a2bf3bab0b.jpg,Finland,FI,65.725181,29.154556
c03e1af85ecf4c8bb5c7615596860e91.jpg,Sweden,SE,67.09855,20.960342
e6d7e11a34ca405385bd998d4bf784ff.jpg,Poland,PL,51.445891,22.003607
8272ca093f9d4e328053e6ede03db1a2.jpg,Sweden,SE,62.913665,14.157175
e19e51270d964951960a753582d32db7.jpg,Belarus,BY,53.815977,30.772536
c261b6824e9a4fa9953fe03b3e921d3e.jpg,Belarus,BY,55.06955,27.385304
c85d8ccf44af4a6abb94e14da9941614.jpg,Iceland,IS,63.486595,-18.537559
45b8f987527148ac805f971a3a51acc8.jpg,France,FR,48.37847,-4.601458
a9e7044022f2455ebed4aa394a59e633.jpg,Spain,ES,28.654008,-13.831868
b93c4b794f0e4b8d97e45738285aa268.jpg,Iceland,IS,65.595258,-23.774501
7540e184f7a7400c944b08499064f4ce.jpg,Spain,ES,38.904918,-3.390347
2da643024076408691ec9d6dcfb32ff8.jpg,Sweden,SE,64.095004,20.754648
00cdd5e5637641948ccfa56664dddce7.jpg,France,FR,46.297168,3.43746
0f0630d092ac463cb751aa1fd5626ba5.jpg,Germany,DE,50.457037,7.061218
586e1a9fba874ee3bf047f32afa41105.jpg,Sweden,SE,66.051526,17.840445
c05644dbf52e4c4da0fb82207a4b4b76.jpg,Iceland,IS,64.988235,-22.655239
a3db55b4329f42d391992ed1f1c45e89.jpg,United_Kingdom,GB,54.030452,-0.960102
5dffa39053ea4469ae7b595ebe526de1.jpg,United_Kingdom,GB,57.576629,-4.101386
e294fb25c1484068b30e7063cc61a3a5.jpg,Italy,IT,39.605324,16.67456
71f2738341574bf68fb9f968ebb6317c.jpg,Italy,IT,41.090202,15.232416
0e64f3c9307c47faa4413faf92ae2953.jpg,Turkey,TR,39.329365,27.62046
f6f0b9863fcb44fc907d09cfa564280f.jpg,Turkey,TR,39.99297,38.644729
cbdf2747bd6c486e8d3095044d046556.jpg,Germany,DE,48.293478,11.681075
849be1ba525248d48b9263a227f89c76.jpg,Iceland,IS,64.710209,-14.319509
c5f672da62a44c0d82399430d99da01e.jpg,Germany,DE,52.967924,12.439271
6ff9604b2c6f4c279189bf95e00f7d5b.jpg,France,FR,43.600697,-0.800645
fa3e94a85cd44427952918a449fa6711.jpg,Iceland,IS,65.5135,-23.701543
ada5e03aa03c4bbeb5990db8f4c3faf5.jpg,Norway,NO,64.479814,14.169416
1fb59fc6c4ee44b9bbe3a5db8ceab7b8.jpg,Iceland,IS,65.988457,-22.943558
4c30a79e247a444bb87a5ac9a30ba168.jpg,Italy,IT,42.82017,11.760386
d6c0e40b2a8644efbf5da0ab0d888b7e.jpg,Italy,IT,39.220807,9.187497
9bb86b166f5249efbb7c9ce3c33162f7.jpg,Poland,PL,53.746728,16.614275
d454c41c7af64770b61312af3fd83c42.jpg,Poland,PL,52.126161,21.198164
eca592d28a734ae59513db46f4a6e204.jpg,Germany,DE,47.590863,11.399976
e61df44c2b2c486e832a97845b809f08.jpg,United_Kingdom,GB,54.868984,-6.249519
dff71121f98f4ac7ae8683badbc34ea5.jpg,Norway,NO,61.756879,6.262234
dcbedf545b754292992b28e9a0572f4f.jpg,Turkey,TR,36.167091,36.131945
1b177a2a8b9044d7a9f6830440b5b831.jpg,Turkey,TR,37.816475,27.274587
3bfc08911d344f96ba5e1f3765a55135.jpg,Poland,PL,54.0757,16.198357
b49a956354ab41399170a4e2e03a5453.jpg,Poland,PL,54.587087,16.912196
47a1be52b77741278a0ade82ba18648e.jpg,Spain,ES,43.622729,-5.800413
91855e0188134adbad5148fb28a4f5a6.jpg,Turkey,TR,36.536438,33.454857
894e133246c243669edc3cc4fee695bd.jpg,Iceland,IS,65.601819,-20.313748
a1fc68f22bbb4407b1db39f5e5956e65.jpg,Iceland,IS,63.439364,-18.771198
7faf4ca4a71b4f68b5f6b6b6a59b6aeb.jpg,Italy,IT,45.644045,12.08884
04d131ec538b46ba8d68de0af396242e.jpg,Belarus,BY,55.16685,30.316846
63aae00d022c44778bfbe4c3c4c29b3e.jpg,Belarus,BY,53.604489,27.464654
aa2a76760d1e4b1dadf197bcec69300f.jpg,Norway,NO,58.223122,6.815027
fba5f90c8ab04bf4a346521da7d8494d.jpg,Turkey,TR,36.50259,32.080001
6199efe016b544c08a7a5282f1b5f226.jpg,Finland,FI,66.662138,25.463644
0d92a782a296458aa3523db4508a3250.jpg,Poland,PL,50.638338,18.479008
5c76e24837254538a15de406c0b8a87d.jpg,United_Kingdom,GB,52.152337,-2.11075
8fd8eef2f7d74dd583b94220ddf07f42.jpg,United_Kingdom,GB,53.720084,-0.422087
90a4c95f07b045e5ad8321454e8b3bbb.jpg,Spain,ES,38.908586,-1.663589
bc9154f88eab4159b53c864e41885481.jpg,Turkey,TR,40.012733,41.980479
d02f063c6592477095e73dcb5f759013.jpg,France,FR,42.20833,8.65199
6ab7874e912e495e81b30fa807607cd0.jpg,France,FR,41.644318,9.211905
315f2b2574174e06ac26d369eab3ad12.jpg,France,FR,41.888574,9.393459
9c60e3ea74e64600a02dd113d0500a75.jpg,France,FR,50.834187,2.051282
97a2e05a2b9a4cffa2d2d56899f18f64.jpg,Iceland,IS,65.20667,-13.882543
400338bc013e4091be6da8d33a701fe1.jpg,United_Kingdom,GB,53.708658,-0.122285
b41d0eb27f61486c9dea3cefb5663b9e.jpg,Belarus,BY,51.63395,29.087356
f65eb9ee4f8d4bf6875811e46523203f.jpg,United_Kingdom,GB,50.76747,-0.80844
4e59817ce0a54aa6978751ef60bf3c70.jpg,Sweden,SE,61.787617,17.186259
54c0a2fdc7e5466b9aed3bd2e351b5f2.jpg,Spain,ES,39.548292,-0.442968
fe5a1aa034954ecab7a2abeda0aca49b.jpg,Finland,FI,63.613929,29.189811
8912b4aad37547dd977b45b4718f90a1.jpg,Belarus,BY,53.870101,30.163003
e28d0cf62ef140f79088240fabdae06a.jpg,Poland,PL,51.749842,21.770093
c4538f85d6f14aa88b5b35f80aa5d295.jpg,Poland,PL,49.75507,21.693078
0af37925920e4536b083d98694a40b0d.jpg,Italy,IT,45.600994,12.077029
69a40fdece3c462bbe72b95e76688454.jpg,Iceland,IS,63.981125,-16.407766
a885374bcfe74e32b1c4c86c13d68542.jpg,Poland,PL,49.300481,22.602961
da30a73491c54ba89c0d8a65e0195e39.jpg,Iceland,IS,63.819061,-22.531723
6f9fda92251c4d23b7172e9832c103f7.jpg,Norway,NO,70.135219,23.649386
19da798f4f0a4c01a43d361044c345d7.jpg,Poland,PL,51.788596,23.387368
8e1f8aaf77bf4e0c8c42df739b5172ad.jpg,Iceland,IS,65.644809,-18.455455
8a4e43bc925b4780a2ecc38a6d3c0599.jpg,Germany,DE,51.192832,14.551046
0530fd077d5a47d48fd26ccc14d6d61e.jpg,Italy,IT,44.581672,10.910893
283f9709b4984877956bad861e0ec733.jpg,Turkey,TR,41.62425,27.171025
1d6f897c3b334cedbdc9f4dd9f8cf8fc.jpg,Norway,NO,69.296497,15.993463
b67fd210d8324201a33eb3bd26c58c68.jpg,France,FR,46.097166,3.987008
9bff4c3bddbd4c0c840b65c229000bf6.jpg,Iceland,IS,65.438084,-20.692526
af0acf115e1b4e798fd22dd948a2514d.jpg,Turkey,TR,39.212922,37.36006
20969e6283e5445084dc090ffa71a82e.jpg,Italy,IT,40.304398,18.216747
b52ac53cc63649e881b0d3216037537b.jpg,Iceland,IS,64.27838,-15.034638
877f9c9fede9481487e69f941ab58fa0.jpg,Poland,PL,53.297707,19.960543
d0b5bf7945b54df0915e306ee94ecc99.jpg,Finland,FI,60.493836,26.85648
ef9a1f42b17948dab300832b3af9737e.jpg,Italy,IT,40.433974,17.735723
8bf76e38e83547f18d16eacf499dd994.jpg,Belarus,BY,52.944118,29.93437
56bb483eb5c944c08e3c7aaefd32ef10.jpg,Italy,IT,40.934809,9.310649
527901c8799b4851ae43432e749abdc4.jpg,Norway,NO,70.163125,28.570106
2bd1cb934a9048e68dec773b7725234a.jpg,Norway,NO,62.471209,6.329362
84a48b337fbd4c7bbcf5afbd6b803fe3.jpg,United_Kingdom,GB,51.306065,-1.856035
6c5beb757345435682faeb232570a7eb.jpg,Germany,DE,52.26065,12.049264
d90527e33bf242ca80204b6e7e0f7a4b.jpg,Finland,FI,63.541396,28.945601
448b1819cdc64cdca675a8502baa2c4a.jpg,Italy,IT,44.485454,11.257014
bd60e14b356f45f582def310f9700050.jpg,Spain,ES,28.049492,-14.331906
26ad95a428e14e24842763fcb244b14a.jpg,Germany,DE,50.365148,6.551673
b8fa012607da48bd90cee2b42cfd652a.jpg,Finland,FI,63.243423,22.840747
6fe3e783d8304341bce2580344349bbc.jpg,Germany,DE,52.656507,11.824136
7455497032294f8994518010ae3ac01a.jpg,Spain,ES,40.056453,-3.612864
0457cf63deb04551bdae61b497339dad.jpg,Turkey,TR,36.901781,28.273484
7b878f076a4649b4a3d4c4546125c00f.jpg,United_Kingdom,GB,57.480178,-4.319265
cd3a6d62956446ebabecf09121b032db.jpg,Sweden,SE,60.066187,16.802166
bb61b916b9fc4add81db514d490420ac.jpg,Turkey,TR,37.898967,39.839328
460a8a022d8c4c72ba958b87dcaa61fb.jpg,Spain,ES,41.491975,-2.85175
da13b852ce5e45b68bededea47586019.jpg,Spain,ES,38.996304,-3.800679
5f2bccba885c4203ae84b284015fe6b4.jpg,France,FR,48.180685,-2.23578
aae3b10e7921421e870697374f99a41f.jpg,France,FR,42.010395,8.747433
cfed60c501d54eee818d64363c30c06a.jpg,Italy,IT,43.241006,13.498804
9139d83ed12a47f9872c94fb12a1c8a1.jpg,Iceland,IS,65.848367,-17.492047
ebd4b37ffcb445ca8b96109bb7c8729a.jpg,Norway,NO,70.611289,23.653194
18140d75644a47d7bec1dcec88d015e0.jpg,Poland,PL,51.12895,23.3736
27905a13f00b4be88edfbfc95f7f6e83.jpg,France,FR,46.239396,-0.073219
28ec88706de34971961fc379170e3fb3.jpg,Norway,NO,61.900714,12.862552
29c0c46bb21d4047aa3d07148f375e54.jpg,Germany,DE,50.521537,7.691759
2607c22d913e40e1a5b3281b3363802e.jpg,United_Kingdom,GB,51.078988,-0.110678
03df317ad3a8483da2fa040c857af154.jpg,Iceland,IS,65.953526,-19.411614
c580520645124118acd2ad859ae10faa.jpg,Turkey,TR,40.883534,43.009098
7550b526932841de8357b2c1e81a6086.jpg,Poland,PL,52.656384,21.572273
e3c89cf1d91d4396977bf51ec7908626.jpg,Spain,ES,36.761358,-4.061577
fbd62158f0fe415ca81ff55cf7d5f7e8.jpg,Iceland,IS,64.197732,-21.223245
c822d7891c534881b3a9106bf4504ea2.jpg,Poland,PL,53.133284,22.897056
1fb46dbb61654ab99dc6deb75f180721.jpg,Turkey,TR,40.157735,25.818914
6099d13649164ccdaf036733f29b9f67.jpg,Iceland,IS,65.654932,-23.255917
f50a9ae34a3e49cda79286dac33fc09f.jpg,United_Kingdom,GB,57.262022,-3.697377
1a1ce7b5facf4db39f51a052afb86d46.jpg,Spain,ES,42.949435,-5.020833
f473b2c975ac4a948d5ad3b5910750e1.jpg,Finland,FI,62.414786,29.889803
7960ce176849463ba6fed1e701e989f3.jpg,Spain,ES,38.436571,-6.38455
30d890459cb549dc83e4018af9ea6b31.jpg,Italy,IT,40.812202,16.948355
a52d0a3ff2af4044bca62d8d8db06021.jpg,Poland,PL,53.41582,19.552727
728a19b9f3f04ca29385872a359e36cb.jpg,Belarus,BY,52.278699,31.08658
ad8a6dfe2f3e4c2d9401497e28484341.jpg,United_Kingdom,GB,55.68122,-4.30114
7cf4673616904072908f4d4e2cf5a14c.jpg,Germany,DE,47.930142,8.378795
a56409649eee47fdb7deb7bb2f06339a.jpg,Iceland,IS,63.54086,-18.455383
ff62d6c676af45bd945c67654f99b9b9.jpg,France,FR,46.404639,3.311373
470a1bb810c74f84ab3a5e59fda7f917.jpg,Norway,NO,61.865239,6.269287
01e3915d80cb4799942e0d86839d45b5.jpg,Norway,NO,70.176525,23.895657
42f4d48d87d3490c9ed78c5c863aac64.jpg,Italy,IT,40.97467,9.118454
eeccd2d711d14fca809484258615c197.jpg,Finland,FI,68.433194,23.499973
027ecf3cb22b43458e094200e1e8dfeb.jpg,Spain,ES,42.546068,-6.545819
719d021e420d4118a057627f0a5c8eb0.jpg,Italy,IT,38.18974,13.122771
915a592ca6734faab8c7cc5fcc67b79a.jpg,France,FR,46.128702,1.434443
8e151cdf8c2241fba35419184751b86c.jpg,Turkey,TR,41.546265,32.23254
adbb1d31331446f3a7b36658dc1e4e44.jpg,Spain,ES,42.95604,-7.530611
b607128792d447bdab5d0839e1c4dbb6.jpg,United_Kingdom,GB,56.218678,-5.541628
b006abc20dfb474f8f260a69d6bb91e1.jpg,Turkey,TR,37.571273,41.382193
496b604f6e27476f85854596e76e2feb.jpg,Iceland,IS,65.288631,-21.748123
1b7e2ecdf4ff4b2287b67212daaef6f6.jpg,Poland,PL,51.005699,17.185646
9717df7aa94b4c1c85959223c18d7244.jpg,Poland,PL,54.164718,22.931409
9b9df287044e4640a2ad8ed867fad478.jpg,Finland,FI,61.898763,29.807378
a8379a0f089e4fc691068e8cdba05e06.jpg,Spain,ES,36.713366,-4.327232
b67f7d7396244e81b3711a4fc94cbc50.jpg,Belarus,BY,53.731438,30.457817
34646eceaf67472ba602a2c2df969d07.jpg,Norway,NO,62.342675,5.875798
485df52b84dd4fd690d7ef1c95a74fd7.jpg,United_Kingdom,GB,53.762108,-0.616057
8db43c87591b48d3b9d4ced0220b088f.jpg,Germany,DE,51.047949,11.540457
7dbdeac43360449589d44d8268f5cf2c.jpg,Belarus,BY,53.342035,29.578723
064c3f094f0940348ac783b929ecd674.jpg,Norway,NO,60.2219,6.436061
777bbd9abdec4ade92cc640c985e854d.jpg,Finland,FI,64.70118,24.817844
614038715f414488a5e23ad13a02613b.jpg,United_Kingdom,GB,55.521598,-1.993641
2218e7860f2842e8ae2dda0c0bf6ff49.jpg,Belarus,BY,53.743533,27.689026
f6f595b590114dd19be1d2aadcc283f4.jpg,Finland,FI,68.559403,27.503438
6cf2ffd17af240ef9b59f97b2e9f6b98.jpg,Italy,IT,42.451735,14.217065
f64b67f3e502411e97d4bed1b1c35690.jpg,Norway,NO,68.33597,16.741079
ea0e6bd458024e07bc52e4a16d2ee1bc.jpg,Germany,DE,52.632934,13.240766
c84c661b4e7043a1a6b23d3f31d58c25.jpg,Germany,DE,49.560805,10.863148
50c533fb0fa047cfa65d32bbbaa796dc.jpg,Belarus,BY,51.705636,30.350234
4a90364b7c9c4409b922e3ab4d822d71.jpg,Turkey,TR,37.836392,40.637244
3ccff29f210e4ea192778233beb4c66b.jpg,France,FR,45.625961,5.538923
2906ee2314d041d5ac049e3e2a661d6b.jpg,Italy,IT,40.90686,9.381842
3d0cc2ae29fe4d4c9c6edef27f195b32.jpg,Iceland,IS,66.565268,-18.018131
f8b6e2a89db2485b925e5cf21b20b949.jpg,Norway,NO,70.028394,29.130995
68ed61642bbc4bbca17551a95cce8dee.jpg,Iceland,IS,65.377373,-14.761636
ef95d45cc0d54169a51bd83951185ff9.jpg,Belarus,BY,55.273471,29.700741
7b1ddbf0def04f06bd8faf8ad7b57ade.jpg,Norway,NO,67.256839,15.428849
95b15ac04be5461092e545d4b478e969.jpg,Germany,DE,53.439128,12.340412
e4112e3764654322aed5ab05429b6dac.jpg,Poland,PL,52.65959,21.578185
b887a58c1faf4add949987d464a8e64e.jpg,Turkey,TR,40.9274,38.856106
97e61c13694140f9bef9442ede597a11.jpg,Norway,NO,69.442884,19.2374
ce68f7e6f21647b392eeab74a5cec2b8.jpg,Turkey,TR,39.175755,27.85073
c1099097e87a4080ba666168f9493f59.jpg,United_Kingdom,GB,59.110368,-3.323543
91361d087e16430fa1b6d2ff1ea37091.jpg,Finland,FI,62.495581,26.879078
ba187f703e0849dba394751cb4b3fd7b.jpg,Poland,PL,53.434827,19.342615
c8a7a5f053db4550a95c38595be9828e.jpg,Italy,IT,41.90954,12.749692
4934342aa7f44b8c92b5ec6eca0374f9.jpg,United_Kingdom,GB,50.199801,-5.534756
f3305a79282a402f8c49847780e53f31.jpg,United_Kingdom,GB,55.378559,-1.805386
9695936f866c47fba8af03b5fd4bcb47.jpg,Norway,NO,61.105746,9.109536
0dd289bf834a456797b665980a7915f7.jpg,France,FR,47.969257,2.169446
57ec9f1f344148ca8e82a47294d5ee3a.jpg,Turkey,TR,38.190585,34.201296
c5391861dd1e4f5aada14fdbf6f3e1c9.jpg,Sweden,SE,59.154464,15.448828
be67d6b28e2c41adb21d8277d81bcb25.jpg,Germany,DE,50.787061,9.022452
c6f1b725e00c42f9b1a79bf8b33b1015.jpg,Sweden,SE,57.552011,11.966775
72d1b95cb8504d9ab49f7490212db1b0.jpg,Germany,DE,51.285586,6.584971
dda0f80e4f98445c8db6a50514ac34ac.jpg,Finland,FI,60.557689,27.690791
1d219b5ab2fe4a5f9e5693404e12dc45.jpg,Turkey,TR,41.019947,34.608301
5763df67196d49f78e2e8310dbd06bee.jpg,Iceland,IS,63.831076,-22.508856
f033f10bc9524ac69a1ab80b8242f64d.jpg,France,FR,47.554581,3.411008
7a685cce8af74e9e8ffd406d5193e7c6.jpg,Iceland,IS,65.611402,-22.802872
252b3721e033410587754e85faee1b8d.jpg,Spain,ES,43.343123,-8.304673
0d0ff1ac928941f284e0f122b88ca02d.jpg,Belarus,BY,51.697184,29.141048
e1211d52cc0444029d793bddfe18407c.jpg,France,FR,45.182423,0.181173
ecea7536ab5e4d83996127e6746bda70.jpg,Iceland,IS,65.84703,-18.199743
c8ead7e09916423a8b07e45c3ded3eae.jpg,Iceland,IS,63.82463,-22.665153
cdb8b0d702654d66a4fd96dc603d2928.jpg,Norway,NO,58.381661,6.110735
40dd1594f4aa4431ade11174347ba3cc.jpg,Turkey,TR,38.669266,29.189341
b95e9b30711d42a2856820f00f51c1a3.jpg,United_Kingdom,GB,55.211707,-4.847982
4f43068ce2024b6fb2f8700ba72fd3cd.jpg,Germany,DE,48.473161,8.763011
4b7f8baf36334d458a6fbcf6ea749957.jpg,Germany,DE,52.265965,7.500516
dd9f900d99954ea1836400e0ea53bdd8.jpg,Norway,NO,63.023488,8.596998
732ce7c6978447fa9766f600691a4fd2.jpg,Germany,DE,52.30227,10.257636
6b878ee4a04c4d8293be246f956cddb7.jpg,Poland,PL,53.489522,14.243927
3598520c6d8f49bf8172785e0fd57e23.jpg,Germany,DE,51.551537,8.737811
79fba7c9c88c41859e57cc65b306d111.jpg,Spain,ES,28.107236,-14.387761
c200b4ba9aad44a6abee49ea7058769b.jpg,United_Kingdom,GB,57.305901,-6.220845
e43b4714e4344ee7bdb74cdd0d3fff4d.jpg,Sweden,SE,60.343566,16.891008
e17aaad0d1bb41259ee8d0d6ddacec5b.jpg,Finland,FI,64.324033,28.137822
8cb7147624eb4a5fa2e0503cde6db741.jpg,Belarus,BY,54.747235,25.901959
6308976eec534334b97fd55e5d3d818d.jpg,United_Kingdom,GB,51.748962,-0.99817
5f1f382c2c5a43fd975929f7b729cead.jpg,Norway,NO,61.513316,9.973832
072574beafb3476ca6705a9cf3f2cc7f.jpg,Finland,FI,62.145001,28.526011
8aba23594d7641a0bd28ffe5e2646539.jpg,Italy,IT,42.592251,12.303031
cf39b8ddc4614b599d31dae58b3a4eab.jpg,Spain,ES,39.469883,3.144428
f603c6e0b3644972b1cb7324c467e238.jpg,Finland,FI,66.999972,25.217886
d96066ccdab94cffb263a6fb5662f450.jpg,France,FR,45.037651,-0.739115
bdbfa0432bdf4366842b6ef21f434720.jpg,Spain,ES,41.88132,-1.756906
faeec5868deb4426bdea507933fd805c.jpg,Poland,PL,53.32512,22.456766
1cf6521376c944bb8a70b99f463b0f12.jpg,Finland,FI,67.629286,24.270961
1e12ae57e3e04008a2afd408b4d28ef6.jpg,Spain,ES,41.188478,-4.449763
e9a8a530831843e08758b8b72ba84e83.jpg,Spain,ES,39.986563,4.004188
ae3f285d33c141f091ebd9e7c7676a9b.jpg,France,FR,48.90494,7.70726
56266918870f4dcc96dd42448a7f2856.jpg,Poland,PL,53.394029,22.5828
5e178412320347879435494d64d9fc2b.jpg,Iceland,IS,65.780336,-18.235269
f952a0a69ec9445db5921fe2ae84c252.jpg,Poland,PL,53.109285,20.695099
97237497b3a84fc3854c2e08415e4190.jpg,Spain,ES,42.421361,0.013808
6fd4196f5e314c20940f12f92e454329.jpg,Italy,IT,36.91579,14.413401
69508d0a34d54f53979784abe09ca18f.jpg,Sweden,SE,67.051946,20.112081
27bc613702ac46f79fca1b54dac9294e.jpg,Spain,ES,37.622885,-0.782986
0e51f7adc09f4118a7f328ecd0f4dd0e.jpg,Italy,IT,40.977626,14.846478
680af7e03b734a0db2d4b7f5706d7007.jpg,Turkey,TR,40.587531,30.325543
b97db2133d3d42f78d6f74f3a5274cc2.jpg,Sweden,SE,61.658569,13.177434
cf001b82590743a8b632ef5279038992.jpg,Belarus,BY,52.175239,27.881594
9e8083f93e34424b8937833d3cd48cf3.jpg,Sweden,SE,66.027988,21.0946
185540e7952a498899df92253c54c07b.jpg,Sweden,SE,57.893674,15.79472
b291ad5c1ccd47f0893f398fe16e0930.jpg,Poland,PL,54.757664,17.655163
b43785dbbb594c70be4507107aeab151.jpg,Spain,ES,39.396212,2.969453
68f9e19a7e7b4f1d90815ec7266b38c3.jpg,Iceland,IS,64.747057,-23.816201
f6cff2354ecf42e793d3fe3b3390575a.jpg,Germany,DE,49.883692,6.618844
2e053b1119364817803a410fedad8577.jpg,Finland,FI,64.83527,27.790714
e82ea2b937f740ba9a2c9a174705a9aa.jpg,Germany,DE,49.853634,8.577605
50cb3a8c2f2348fcbf5e2873a087c9d3.jpg,United_Kingdom,GB,56.126394,-5.130044
69fc8d6663fd474bb9ea6f518a1f3d62.jpg,Turkey,TR,37.753412,27.272156
3ba41cf360b1450b9a27d6d5c4a09c99.jpg,Sweden,SE,58.265134,13.471541
5eef8acc6273406d9f1f7eebd5b22230.jpg,Norway,NO,69.633589,17.995253
cfb4e82153d841aabe4285f27799213c.jpg,Turkey,TR,39.160735,31.809945
48e7cec559e84b6399a60f72e00b995e.jpg,Italy,IT,42.57131,14.099177
67fc95c07ef240f4b73c02bc511b355c.jpg,Spain,ES,38.412792,-0.633893
bb0805cf525c4d58800556573c26b911.jpg,Norway,NO,70.316104,24.220235
bc2b5821c3a2433ab7b7cbf10efee1e9.jpg,Spain,ES,39.612311,2.646076
c1ca5b45adfb467cbd8f9731b698f0a2.jpg,Poland,PL,51.397263,21.517702
15ae0f1a290d4d7295ff57c5f8f20660.jpg,Belarus,BY,52.219565,28.526037
c442f527b19247fea841a6fdedf7a93a.jpg,Turkey,TR,38.202983,41.098718
8e8e380310c24794994adbfb301a7dd0.jpg,Spain,ES,41.084325,0.625073
52111cd279914947bee675c78501b5bb.jpg,Italy,IT,41.930916,15.075948
65743ea4e2584b2bba13e6e570d63268.jpg,United_Kingdom,GB,57.477558,-4.047267
d9e554220cef4d4fa79a33cff2bbc3a1.jpg,Belarus,BY,51.697883,30.346838
e13ccba33ce243f98cf2869ab0856e38.jpg,Italy,IT,43.998848,8.051325
6433b2e0d66747d79a97438bce3edfd3.jpg,Spain,ES,40.765362,0.561859
23d144c7af5d4ef28c8283bec7d6dc29.jpg,Sweden,SE,65.932911,21.820551
fd9531545b36418097708c4ddb93edfd.jpg,Norway,NO,70.04132,18.818739
b3aa3821a15e46709103f2275f09d028.jpg,Sweden,SE,65.356283,19.485203
343d287fcc2a44c395fe06816cb27e07.jpg,United_Kingdom,GB,56.859958,-4.707092
7333223877424f71a5bf5d0f2367d95f.jpg,France,FR,43.513348,-1.090258
0fa44b8eaece47ffa111d81b15f4109f.jpg,Germany,DE,51.718028,7.936039
0411b94983444843a98e5b84bb3a57d4.jpg,Poland,PL,51.478109,15.268282
018a7fe033084603bd87c0a255fcd5a4.jpg,United_Kingdom,GB,57.5645,-4.440971
7b1d2f33c98a41f19485719165678dfe.jpg,Turkey,TR,36.915397,31.133254
a17c60cbf4cd4cda831d00678eb5e583.jpg,France,FR,45.366231,-1.052541
65e22f9b309b4eb6ba4b780fb5c00f24.jpg,Turkey,TR,39.889285,33.672381
e114b6f98ea54d94aebbb68543340c91.jpg,Spain,ES,36.713784,-4.274085
35bd8a669e244c4796b22d2e467c5363.jpg,Norway,NO,66.314795,14.043827
38dc96fd9d7a4dc98fe106668df1ab95.jpg,Spain,ES,36.469184,-5.861424
36039dba168e49efba1967f328c17411.jpg,Germany,DE,52.535197,12.757741
fcf98468ba7c4b589007007a36353306.jpg,France,FR,44.120789,-1.298729
bc526d0ac5e84e4094f771b9acedb07d.jpg,United_Kingdom,GB,54.456937,-3.557871
5ff3efdc318746749a095d3ef1c304b6.jpg,Belarus,BY,54.525636,30.160792
23541eb6cba6443e80d96530c23cdb4f.jpg,United_Kingdom,GB,55.778002,-3.531607
2136ec460b8f4de59abfc082d775e1ad.jpg,Iceland,IS,64.122379,-16.073219
35aac1a9a3294a27b9e5fa915cfada60.jpg,Germany,DE,52.475422,13.828399
c251123b36c248688120cf4d9a16d570.jpg,France,FR,48.577364,-4.510391
6a3a0732f3034a13b3a9a43e65e47a53.jpg,Finland,FI,64.827373,27.802288
32ae689a4c90437b897cc36475034f46.jpg,Iceland,IS,64.620365,-22.051724
56fd4d4be13e489b98f6169fced3821b.jpg,Finland,FI,64.16725,28.545896
e3afab998ec34824b8ab258c3164ee15.jpg,United_Kingdom,GB,54.938986,-3.998698
e5998b4ffadb4191b67638472ffd5236.jpg,Sweden,SE,67.041202,19.79593
152dc4ab352f4843a3150001026ef525.jpg,United_Kingdom,GB,52.413651,0.723316
f5562fa3f2ac4fe5b580f8a3a9815c6f.jpg,Spain,ES,37.950606,-3.533241
14e5cab3aad84a89b802472c25af3b93.jpg,Finland,FI,65.515081,26.775105
c2cb63d76de840878a6240e571e00017.jpg,United_Kingdom,GB,50.409465,-4.552814
006d6770631844dfb8430961c13f069d.jpg,Finland,FI,63.630349,25.785498
2536e421be06418dab7e4fc6d33dffc0.jpg,Italy,IT,46.029136,13.147041
f2ae07e74fdf4975897af3b48bd1f7a3.jpg,Italy,IT,40.33384,16.799942
c032b28a199c45909010d7cccfcc09f8.jpg,France,FR,49.169056,-1.516176
13998e5bb65e484d9ddee1db0b8acca6.jpg,Norway,NO,61.299884,10.250967
35b150e312e9463e8280da6e96bb0890.jpg,Finland,FI,60.979188,23.63445
0fdfea930cfb4a079c530c39e6d79b81.jpg,United_Kingdom,GB,55.528783,-3.77206
3e99e16efaec4bcba827b595c07434a7.jpg,United_Kingdom,GB,56.934891,-4.922738
f191ad0259e6438db8bd4e38aff9c67e.jpg,Belarus,BY,53.672121,26.905508
3efcb300ba874863807058d2821fc56c.jpg,United_Kingdom,GB,58.504177,-4.509209
6602f55d2452410384da69ffe2da157c.jpg,Poland,PL,53.94893,22.440389
6715e31e54074c859a64cc7c9dcf6353.jpg,Iceland,IS,65.620466,-19.363188
f4be259322c04f5880d1ec65c12bc5bc.jpg,Turkey,TR,40.230732,36.53245
732164230f1440e19bf10b883c5d3e25.jpg,Finland,FI,65.415062,25.385858
4bc27ea830404373977e26112856ef38.jpg,France,FR,43.666893,-1.392568
10bfedfa5087421d929a6fc21528821c.jpg,Norway,NO,64.403577,14.346337
a3dcf83ace23493097136257dd07aead.jpg,Turkey,TR,40.750908,36.348152
932c36c4532740c89e8ef9db918fd4ff.jpg,Spain,ES,37.420785,-5.912494
9df1c3de302d4aa19bb86527d565a2ce.jpg,Italy,IT,44.510793,8.30105
120682ff1427405d874693dd89e3375f.jpg,Poland,PL,51.386758,21.629585
12e3964343dc4d8b990bc018608051c2.jpg,France,FR,46.388097,3.885522
6138bd75c01a4ccaa62b1207f65ade43.jpg,Poland,PL,51.310961,15.575394
e9baff56708f45f0b5c5c4a941a7ef16.jpg,Sweden,SE,60.185555,17.895909
bf2a33be4ca9496ba721437c94d6a5bf.jpg,Finland,FI,64.149102,28.25491
8a4a8a19ddf647beb2b94d632be8a2ce.jpg,Spain,ES,41.658411,-3.485947
710ff5b811054213a9ed5cd960c24e36.jpg,Poland,PL,50.686864,20.293262
ae06448e2401459792af9f59ae4bb2df.jpg,Finland,FI,65.392206,27.197451
d8daf6fee1e84f6c98ffe778aa3aa12a.jpg,Iceland,IS,63.633781,-18.432228
f996d74ed68a4ee0873c49c46fe53342.jpg,Finland,FI,62.620257,29.490619
e7acb65a2c6b4124afb49b333316efa3.jpg,Germany,DE,53.481228,12.38138
ded8c2fc335c4d45888542e0b18a23a0.jpg,Sweden,SE,64.111877,19.328535
486cf662aeea4a679040ff0e467e5c6b.jpg,France,FR,48.387623,-4.761936
a7132e50c04a42d193bd3972bb06ab85.jpg,United_Kingdom,GB,51.430748,-0.556247
32d080b4d96e4880912f76d509a59783.jpg,France,FR,48.33665,-4.753852
8866d39d52324b44bdb9ac5ea9acb0c5.jpg,France,FR,44.639475,-1.116209
f4e0a0c92e314c898ad5fd2311452596.jpg,Turkey,TR,41.092541,36.098883
a066f035137b4cc4adc798e4266c46d4.jpg,Turkey,TR,38.005073,27.428243
f501d96469e247499f6e2b922bbd4eaa.jpg,United_Kingdom,GB,58.565857,-4.740571
9a4f40fb9a174f5eba37b2fd6756eed5.jpg,Poland,PL,53.41419,15.383925
97e0eb1ab62541d6aec1141b0cd77723.jpg,Norway,NO,62.54223,6.125243
3100179f3a2e4faf841e5b109a8dc21d.jpg,Sweden,SE,61.642555,14.803993
8a5fc50a709549daa2f2f62e075fa798.jpg,Italy,IT,39.319968,16.052267
187ab7214d5840c480aee3baf465c8a4.jpg,United_Kingdom,GB,53.396976,-0.823687
72bc43668c2e44b998cd67a993942740.jpg,Norway,NO,61.400907,8.808536
719f15340532489bbb305c7cc3d2e25f.jpg,France,FR,42.552534,9.460755
0394061466c844b88b9a45bad423f525.jpg,Italy,IT,43.579006,13.517528
4e84ada1e5f548998c9fd37cd4ed42f7.jpg,Germany,DE,48.754269,12.987729
a821b52ad7cf45039c1f18941875f2b2.jpg,Finland,FI,60.751928,23.429168
63d5c2a6ef434bc381b84dc6c23b0913.jpg,Italy,IT,45.165376,10.174545
e1c406bb8aad4b9bbba1451772d0835c.jpg,Finland,FI,62.326128,26.948462
