filename,country,iso,lat,lng
1fcb4a43864244259b7d8f4a00f1e475.jpg,Turkey,TR,40.11229,38.304629
742f45b0211c44ffb19ad84931ea519c.jpg,France,FR,48.094103,-1.994316
152a13ef249d4efa95c51ed93f026284.jpg,Turkey,TR,41.324741,27.961821
81ce4a88bff14fef8420bca42019b12b.jpg,France,FR,47.585855,-2.971004
6fbcfe523e1349759e6060d632d52e54.jpg,United_Kingdom,GB,55.698094,-4.305315
1b1ed3b270c440f78ec086bc0e47fc18.jpg,Germany,DE,50.49465,12.382914
9c27b34830fb419fafb6045c2760905d.jpg,Iceland,IS,66.565602,-18.019812
f293520df78b447f9a257758085f6c7f.jpg,France,FR,45.693571,2.10451
0b85e0ac01e54275ae9a23ea5b3bafd0.jpg,Turkey,TR,37.602148,34.742611
0d9fe9dddb434f9c80de31877b94a9b2.jpg,Italy,IT,43.80519,10.722652
30c106b2bc774bddb44de055a5f62e4b.jpg,Poland,PL,53.518461,18.9922
331ced815a344454893a898c88de0d24.jpg,Belarus,BY,53.088784,29.240259
08a1b11bac72440fb9b90fe46bae9eaa.jpg,Italy,IT,45.820641,9.265958
f2143fba6b1e41cebc8878d691f6c980.jpg,Italy,IT,40.954166,8.872973
c8e2d3727997453181a10e319536ccc3.jpg,Spain,ES,39.661345,-2.371593
951874f379e54813a5f837d02e584c3c.jpg,Spain,ES,36.709956,-2.804122
844e9170c833486b8996728338e491de.jpg,Iceland,IS,65.676264,-16.782004
7bb617f7830a4c31a16171939156a9f9.jpg,Iceland,IS,66.106256,-18.819939
59b7d847368f40a3900d191183199310.jpg,France,FR,45.519761,2.603041
c9d6034ea34a4156babe69e2264d6021.jpg,Belarus,BY,55.161528,27.130061
be1a0ce4f5e24652983b03b21168aae7.jpg,Spain,ES,38.143325,-0.934572
e734af15ea2b4d289c33e9cb535ce1a7.jpg,Spain,ES,39.999973,3.850715
4d3873971091447a8fca1690e98a0b72.jpg,Sweden,SE,65.857314,23.60278
a684ba94b74b4ce3a27eff895e6d77d4.jpg,Iceland,IS,65.610774,-23.209587
34451a545ae6436094522677baeb1dd4.jpg,Spain,ES,28.074514,-14.424764
bfbbac4dd78145b9a64841597b75b6c4.jpg,Norway,NO,70.8914,25.678986
cb4c6f59930b40aaba748e83a0ce5a17.jpg,Germany,DE,51.46145,11.024036
abd96472513144c29bfde49d1c631949.jpg,Poland,PL,51.024972,16.210393
135730551c0c485da116ba71c8ef0058.jpg,Belarus,BY,54.128382,27.348824
3061d64c3bf84593bb385ad3ce16ef31.jpg,Italy,IT,44.577141,8.787369
f73b704e187845ecb5a1d3bc921dcce9.jpg,Norway,NO,59.71341,7.576165
ced1809b14374d7a91bbefc468631a52.jpg,Sweden,SE,63.21224,15.586439
5f6f35f6152748bbbaf438d05e18f0e8.jpg,Poland,PL,50.562511,18.547283
12300aa85851487ab61580acf2aff771.jpg,France,FR,44.483317,-1.075284
558cbecbcc414c8e93b4934749c76755.jpg,Iceland,IS,63.864834,-21.880357
09ab623506714b35b0e245b9e463e7ce.jpg,Turkey,TR,38.9507,27.836685
31802f84c62643178be84c035ca48d50.jpg,Finland,FI,68.097726,25.459562
074e0107c6134324996ba19db1f381fe.jpg,United_Kingdom,GB,52.916378,-1.120093
b7c3b72928c549fb8a54cb02bd8c211f.jpg,Turkey,TR,40.627886,30.331917
8b6e8efb7aa647d49896904e62f42637.jpg,France,FR,47.197124,3.979852
08709ac553b54d3a8803377418608716.jpg,Norway,NO,61.630944,5.333329
35f0fd4b5f5f4ecb935614b8ad440abe.jpg,Turkey,TR,40.124544,43.629412
92febcc0bfa042e087398059167e0a15.jpg,Sweden,SE,55.772907,13.635375
89ded064137a469a8ea76b8874e65a0e.jpg,Poland,PL,51.768065,17.709702
e6408bfe9d154277ab314687e8cf6737.jpg,Turkey,TR,37.333767,40.772906
e5758cb903d547cb85e835156a684d2e.jpg,Spain,ES,42.490784,-8.651602
d4214a21a4da40a99f7c82bfce835ba1.jpg,Belarus,BY,52.278918,31.085183
ff731080dffc426cae8af2c3a8835dce.jpg,Sweden,SE,60.030158,17.533171
b332c24038a0496c9646ef51b4181e5f.jpg,Turkey,TR,40.287944,30.024419
ce526ae1f9694498b74677760fd87aac.jpg,France,FR,48.36631,7.41699
5a7728c4257c4c29858bf518bd234046.jpg,Germany,DE,51.228503,12.750939
546fd8bdaedc4a1e8d3fff1768e25c90.jpg,United_Kingdom,GB,52.559354,-1.871884
69c1fbe3ae0c4b3792f28416620bead2.jpg,Finland,FI,64.532596,29.005045
1cf2b784cbbb4f2aa7128289579c4b82.jpg,Belarus,BY,53.48928,31.125004
d89b28fc02064353bc8483ebb7d870fa.jpg,Finland,FI,61.977189,23.64588
9537564c87a94e0d9ac1b81652958b11.jpg,Germany,DE,51.174762,7.779689
0624ee02a5c14611b46408895b981c43.jpg,Italy,IT,42.698332,13.117884
853fd1ddac47451e802c18da126365ec.jpg,Finland,FI,62.448502,29.96097
6487e5a1a4ef4e0384e1e36ddfd3f48a.jpg,Italy,IT,40.568418,16.578157
2d361c40fc1c44399b8e0cd1701b6123.jpg,United_Kingdom,GB,51.1637,0.346506
3041706ed43c482b898233a0f7cb4c6a.jpg,France,FR,45.761142,-1.228955
63cc8da725324eafbb26cc71b9c89c2e.jpg,Germany,DE,51.500083,14.338792
def9af6042df4451a64917b4a729b605.jpg,Sweden,SE,65.292876,16.280486
cd5904f7f4c043c4b6b2aa715cfdcaf9.jpg,Norway,NO,63.078534,7.657664
0d8e91e4e4104719817cf042fdb8568e.jpg,Poland,PL,51.429984,22.494215
bf66ec1f182a4d3aad9dc4b8bad2eeb9.jpg,Norway,NO,61.899288,12.864203
93c3791f203a4350b602793f2f97c11d.jpg,Turkey,TR,38.591998,27.956172
5c458acdb12d433b96a83f771b9c6661.jpg,Spain,ES,39.524434,-0.531218
105cc978b7c94ad1b2dba66d7d4683c9.jpg,Spain,ES,41.732599,1.24984
cbcc680651ff4389a55e371fe00d14c9.jpg,Germany,DE,53.78465,9.052645
af5d1701d83848119c9c3f5f90485dca.jpg,Iceland,IS,65.611615,-20.306864
4364ea014ad94f9f9cd404aece05bea1.jpg,Finland,FI,64.565848,29.636543
4a4d8b4d10734f01a3631cfbc7a4a366.jpg,Iceland,IS,64.717943,-14.048498
d6bbef88aca648ad89250a285b92c596.jpg,Finland,FI,63.403622,25.644867
2ee15790f73b4fa4bbe00294b8a3d34e.jpg,Spain,ES,28.535116,-16.198652
84409e639ab8446a83dd5284b2ddb8f1.jpg,Norway,NO,68.389003,16.869732
75815aafb9464751a92302c5d97c377b.jpg,United_Kingdom,GB,50.455996,-4.708685
299c605f1ad8406db4b22d98d95dd76a.jpg,Germany,DE,54.77219,9.241862
3886ed956e0243d0a2676b6bf3f8bad8.jpg,Finland,FI,68.00127,24.086555
306ac2671397411f96f30008533975dd.jpg,Sweden,SE,63.810096,14.38629
0bbd0d872e6d47fd948ca115b34555e8.jpg,Spain,ES,38.675353,-0.043177
6efdc09c9383483f9622deaf10d5279d.jpg,Spain,ES,43.245141,-8.196915
1eb9af25a9364bf9b159eab0859c1f18.jpg,Germany,DE,51.944987,13.227064
66cebe5c8dda4bdab8a1602a91af5aed.jpg,United_Kingdom,GB,53.83272,-0.628121
b72078f0b89e40eda1172f5b956c9a33.jpg,Germany,DE,49.342207,6.840242
26753a3f90cb4b3987d2fd8576064f99.jpg,Sweden,SE,65.66057,19.843686
cf25d06613e14e369a42df6174e252ee.jpg,Iceland,IS,65.550102,-19.341684
0d25af92f931454cb7d3628bfd03e76d.jpg,Finland,FI,67.536336,27.925598
b5efed686b9e4c4781141337e49259a3.jpg,Germany,DE,50.48496,8.944076
e43bbf17a7b24c3189b3296b4ba89500.jpg,Iceland,IS,63.87892,-21.209955
4b7c752148134669b42dd1c7456166fc.jpg,France,FR,45.74292,-0.853386
a425e5d83caa4096b9010275cb352033.jpg,Belarus,BY,55.234503,30.347759
ecb473356d34404d91bb504e300714af.jpg,Belarus,BY,54.515672,26.915273
c967869654c846d2b98dbc87dc82c503.jpg,Belarus,BY,51.674486,30.364488
617448d2ab414ed69250fc33c33d488d.jpg,Finland,FI,67.527933,24.361737
f2a6b21dc6f149de85c570efefb27c36.jpg,Norway,NO,70.364022,24.37345
b3ba11f561164d42bcfa0efe2a62f076.jpg,France,FR,49.1336,2.53424
dbb20abbb9cf41e1b6ea924bfeb2a7a8.jpg,Turkey,TR,40.730784,36.396438
7691e62a7c8043659057a5db3aa8df85.jpg,Finland,FI,66.992849,25.256661
9d6f379ccec84149b3a2b58e5ff5503c.jpg,Italy,IT,41.061279,16.882803
57ec998674b1430d8ff25bce6f13b99f.jpg,Sweden,SE,59.875058,17.397116
a4715860f7334782a7e2d894d561818d.jpg,Iceland,IS,63.517242,-18.480205
a2a687703be049c5b35b30c52909f098.jpg,France,FR,44.500189,-1.053215
a991c3777ec640d9b96a5a980bb86a08.jpg,United_Kingdom,GB,51.821019,-2.964576
e5564907a969409f8c45b6c2b6356224.jpg,Spain,ES,40.768182,0.555726
f17e5394aea1477280b0bb459c86cac0.jpg,Sweden,SE,63.771995,20.226488
c66281d495d346a1a8bcab87714c0d78.jpg,Turkey,TR,36.998985,28.562815
26b1365ee11d4e44b0aa0985d0f2d544.jpg,Poland,PL,54.028042,17.784184
5ad7870bb0214b4b81e6a795e638103e.jpg,Spain,ES,41.567747,-0.628485
92a460baba864b1db81c44cd7c7ffa9a.jpg,Italy,IT,39.201136,16.062318
edddf2385052488f8b19b24dfbffd104.jpg,Poland,PL,49.970286,20.305502
556849f6d4504d6e892b41048224ff38.jpg,Norway,NO,68.471011,15.180348
61861f8fc82d4354bbe1252021084c80.jpg,Finland,FI,64.696769,25.580538
d3e73a59527a44b9b146b9287a9c007d.jpg,Poland,PL,53.392691,22.582994
cde6c97555744a6fba71bc0f1ae7c84d.jpg,Germany,DE,52.460993,11.092875
024f8bbb735344c2a20ba35ebbd04a04.jpg,Iceland,IS,65.364323,-14.850339
72b6a452560c4ee19f21ef6d709051c5.jpg,Italy,IT,38.650059,15.846778
b5b402e86fa54a34ab8b83d8e8599bcc.jpg,Sweden,SE,56.331336,16.52501
96b369fb65554bc9a7f219cdc59dc13b.jpg,Spain,ES,39.026074,-3.925277
343a2dbeaf5f4c25bc12ac8a2d42f089.jpg,Sweden,SE,55.561861,14.259054
70dae8c6d80a45d69b93b7dbb18210db.jpg,Finland,FI,64.821072,29.339583
1339a8666de945ffb1ee8871fef9f52d.jpg,Belarus,BY,52.476774,25.571403
6bcccbf18dec4b74a0b5284ee815b90b.jpg,Germany,DE,49.341774,12.02073
52abc630d71246d49162b184f35f1d1e.jpg,Finland,FI,60.593473,27.977427
91e7766d434d4fb68218c0abb1a1b038.jpg,France,FR,44.474473,-1.235359
104d235ddae2412d95ee2dd359f14e31.jpg,Finland,FI,62.632474,29.403171
b917effafb104380bde4033b9f6b82ec.jpg,Iceland,IS,65.623158,-19.370811
1d6d2431f50b40efb1f4a7de55b1a5b5.jpg,Spain,ES,43.028325,-8.427142
0aeefa2e3da14ecc91c0476bf92eb341.jpg,Belarus,BY,51.694168,29.13805
ad15498460914b97ac0fadce69726520.jpg,Iceland,IS,65.550515,-23.952548
17bb39514c7848aaa415d8a3b5170f69.jpg,France,FR,47.228351,2.482549
8e2a2fb6bb0946f8b04d2fa9bf172220.jpg,Turkey,TR,37.715281,30.255341
31967290288b4558b5f6f144662e4f53.jpg,Belarus,BY,52.212593,31.531959
a66cca5ccbcf44c08e946b7eb5d30d64.jpg,United_Kingdom,GB,52.80594,-3.537168
f7b3ff5bcf0b42868b35457fb8d51730.jpg,Italy,IT,40.860294,9.335879
18e0800882064bc698f11858293cf119.jpg,Turkey,TR,40.746184,30.367363
dc2045fc0f784206b5f70997d7e04438.jpg,Turkey,TR,36.373725,33.941007
3f3f352fb4714748a17179ba4745ab0b.jpg,Turkey,TR,40.504622,29.393939
a87dfdcdd8164365b216c57640ea0d4e.jpg,Sweden,SE,63.616549,15.043235
526daa1501e64ea6b41a4a965c4f1eca.jpg,Italy,IT,40.635503,14.836598
931565d20b4a4adf90eeb1f2821fb271.jpg,Sweden,SE,55.897707,14.195552
328cfdf1428740b193194cedfdd2e8cc.jpg,Norway,NO,63.461498,11.184321
fdf29224984b4952b26c6189ea37b078.jpg,Germany,DE,53.325766,8.063658
5978a17c54a740cd8c89b98c71deecc0.jpg,Norway,NO,69.298812,15.998679
9ea7421bc17a4baa80455fbddf42074c.jpg,United_Kingdom,GB,50.395038,-4.626846
95cf857971354ed495ce47c1aeb24ce7.jpg,Norway,NO,63.023762,8.595796
ef9cde37c09c45849a3f6ad0923b8a35.jpg,Germany,DE,51.595042,12.996861
2df5629baa76401bbbaa0df0c630304a.jpg,Spain,ES,42.04,-8.839769
71f6aa266fce40219033c5fb15186272.jpg,France,FR,44.807269,3.680699
fc92b6ba23664a30b83b5e72a1f70e54.jpg,Turkey,TR,41.231874,31.975106
f8a1ce3901164b2b97512b34d5cdfcbf.jpg,Finland,FI,63.768026,29.19247
315b954dc715466389f4ad5b890cf74b.jpg,United_Kingdom,GB,59.092966,-3.320566
4e68b1930ff04aa98ad4adc304383900.jpg,Norway,NO,68.538905,17.215161
18cd40760fff4e40852d78a2c567f2c0.jpg,Spain,ES,41.068452,-1.028365
32044b0f25f140eea8b825e6232283c7.jpg,Belarus,BY,52.544515,25.668468
0a4dd34fcc424c2ca252403a6bd1c5a9.jpg,Norway,NO,59.654376,6.447989
7659e671ff3544a99e798e734dc7510a.jpg,Belarus,BY,51.956651,25.564037
1a066a1e75b845faa4da86c89327b1de.jpg,France,FR,43.137602,-0.085371
52f45cdc851c469c8d4e774532e0d67f.jpg,Spain,ES,41.935253,-6.724018
79ad47a32dd84107b5335c5d243d5ba7.jpg,Poland,PL,50.530526,23.535872
2c4f622b4eb0425e95b21a5e3094b7e6.jpg,Poland,PL,51.274621,22.959957
671c5e8bf35b425dafa451f589ba1b1a.jpg,Turkey,TR,40.361351,39.887415
db05b2c24f8f4ce79940acfe802487b1.jpg,Poland,PL,51.123472,23.344456
c412664c36d647809d33bb2f9362650d.jpg,Germany,DE,53.462868,11.628761
80937f683ce6477397ce022c72ac0367.jpg,Turkey,TR,37.202773,40.203163
cc5f73e0196846c0b747ebd48f66d0c1.jpg,Sweden,SE,61.723387,17.301878
b53d43188c474f339d5f1bd8cf33a19e.jpg,Iceland,IS,63.434626,-19.024249
065af1d897f24e32892db300c218d95a.jpg,Norway,NO,68.502395,16.894419
86e87d8bb9914d788237d0dd3b16f82a.jpg,Sweden,SE,58.780373,17.333735
315f9cbcf9b84128bc228c90fce1f535.jpg,Spain,ES,41.363281,0.913832
edd2d1634aea40b59b1a39a30e8152a6.jpg,Italy,IT,36.786647,14.535252
c1035b5220e44248848dc360314b47ac.jpg,Finland,FI,62.210531,27.933213
641350edaacf49a9abd810693a48bb23.jpg,Sweden,SE,57.692491,18.53034
973f832eb6e742aaba85e33bd20a44e9.jpg,Italy,IT,45.631374,8.237244
152f98635c17459299e86e723a6bc296.jpg,Germany,DE,49.252937,10.251827
387cd485135546c8abfeb1503749cae0.jpg,Turkey,TR,39.958133,41.299912
5ea10cb149984bf9b1d4f71a4567a5f2.jpg,Poland,PL,52.513536,21.678572
37de9fca7ba240c0aeb95c95f24cd666.jpg,Finland,FI,64.366725,29.060829
89a3986f147b45f0a56fb93a53ffa39a.jpg,France,FR,48.302319,4.334165
b6f8b2082697461a99e86194508496bd.jpg,Italy,IT,40.70569,9.695099
6fecb935dbde41dd8bdbaedf5440896e.jpg,Belarus,BY,52.803155,29.4057
1e879f168a8e4dd8a177914a096e5243.jpg,Belarus,BY,52.681635,25.370844
f423cf6b2d1c4b4c9b17e65c90ade089.jpg,Turkey,TR,37.841007,27.246711
2787f4c1bc8544598ce18ce10a5e5a3c.jpg,Finland,FI,63.220144,30.400445
4d3b179683904637a42905623baa69e3.jpg,Sweden,SE,65.629548,18.930903
1277bc78aa8f41a9b340aa4804428766.jpg,Norway,NO,63.079286,7.7694
b871d007bd3f49dc9fbfbcd97184d351.jpg,Belarus,BY,52.493733,26.31525
8a263e6347304f50af9f77999579b490.jpg,Spain,ES,42.758555,-8.426856
aaed740939b44cdb919de37822b992a9.jpg,Finland,FI,66.876188,25.429366
f38d7cab1d68411e8fde4bb60f89b524.jpg,Iceland,IS,65.612224,-24.179059
6dd5fccd0f584b619a11c65569124cbc.jpg,Germany,DE,50.73684,7.198546
53f8ec31ab2f41d2b2a7d782dd8699ae.jpg,Iceland,IS,65.352373,-14.956168
3e74b9b19fa24985bb3ff6db2caf68d2.jpg,United_Kingdom,GB,55.947528,-4.578062
635af73df9bf49e480927096a2af9fc6.jpg,Iceland,IS,65.03781,-22.754768
34ea7c7277944fc6b30e92beb6fe2bbe.jpg,Norway,NO,61.957627,13.011371
a92023e9142b48439084aee63b4af8d7.jpg,Iceland,IS,65.999136,-22.940159
ef57497d73ef421387fcaf3a0abc1d00.jpg,France,FR,44.530403,-1.014092
8cb9a02126f84d2ea0012338f02e2868.jpg,Iceland,IS,65.854988,-23.318098
736abc6bb09c4aecb72d47cbbb35a6ee.jpg,Italy,IT,40.530801,18.04382
d0eaf71683124d248a6952fa15cf3dbf.jpg,Belarus,BY,54.632202,27.931331
9bf2b3f7bec54a99a7d95e3b63b0d2f5.jpg,Italy,IT,45.298793,7.866709
9bceb79664bb47ba9b690edffaf5e38b.jpg,Belarus,BY,53.724558,32.05704
064a70547b1f43a6ad878ad8f3c68959.jpg,Spain,ES,37.717789,-1.579756
e5f9ea4d3d354898aba18b64bdcbdc4b.jpg,United_Kingdom,GB,57.558092,-2.925633
5efe7f8968a44576a1cc3c47e0a3ac8d.jpg,Germany,DE,49.980618,10.426633
8315a6f562f04047846fd83dce0acba4.jpg,Sweden,SE,65.304519,16.719152
29b8a60c40784e4a95be5ba494592c63.jpg,France,FR,44.272177,-1.183754
3570526b673f4e62aa88359f4233c67d.jpg,Norway,NO,61.388137,8.810814
4764a85f2ddf46ad80773cf7407bbc57.jpg,Sweden,SE,64.857285,18.840825
ff5efda18d0748ba96e90c0eb9ef670d.jpg,Finland,FI,64.153153,29.928197
07fdc0a3ad394e6e92290c39c9278332.jpg,France,FR,43.697254,6.851151
d19dc8e5990f4a0d9829f4be2c4152a6.jpg,Turkey,TR,40.746809,36.354833
e68089a29bc84c34a94825c25b9aa18f.jpg,France,FR,43.701882,5.582655
9e5f3c45a8a148458c60cc43aa210743.jpg,France,FR,49.141765,0.213753
48ba6796f3304a58afb1149c5057d518.jpg,Norway,NO,60.609784,5.442075
5e0379f771634321b54364abbc6c10af.jpg,France,FR,44.424481,2.131212
efedf0f6e8a342e7a841461d75f40b8f.jpg,Norway,NO,68.38382,14.590561
d6ff0ef8f1a049a5a4b91f8891765a3e.jpg,Spain,ES,43.08801,-9.219305
5445cc904c384f1ba676999ce1cd4bee.jpg,United_Kingdom,GB,57.55167,-7.26139
88575b0a42894737b0631dcc97403569.jpg,Sweden,SE,66.656791,21.243374
e4f47e20f37b4d059ee78be2408143fd.jpg,Norway,NO,62.507846,6.106246
78f584f6c31b4f5aa78b01eca3ae58e7.jpg,Belarus,BY,55.316771,30.306301
0c4b6afd3ed14a63aa59e023abe71c57.jpg,Sweden,SE,61.13283,13.921314
90f174ff3ab94da89c8451ff048e70a9.jpg,Iceland,IS,66.084803,-15.145187
cf88cc90008141a28fdea5d0dad9244f.jpg,France,FR,49.320661,1.411134
dced844275194c88b09d338d5dcc4e1c.jpg,Norway,NO,66.689591,15.426246
573650fb70f744d3b3917f00bf6474e4.jpg,United_Kingdom,GB,50.410299,-4.551573
e64abca0f9574b929005b62cc314d838.jpg,Italy,IT,46.540396,10.432829
7edc350776184f9cacf382263c5a38b2.jpg,United_Kingdom,GB,50.539184,-4.70958
ce3abbae1d6642029a1af83e7368bd82.jpg,Iceland,IS,64.807618,-23.009311
33c27840fe8e46ff9e7dad8350c12b78.jpg,Spain,ES,28.127267,-15.470364
b96f8daf530243dc875b3af5813e4793.jpg,France,FR,42.172352,9.528403
4087cea3264b413584c1ac36679d2cfb.jpg,United_Kingdom,GB,58.529518,-4.316293
85610ffaf87b41f59cb300b64a697f00.jpg,United_Kingdom,GB,50.170414,-5.328276
bfdc774e327144458d1fcf904c4791cd.jpg,United_Kingdom,GB,50.285353,-4.945512
ef061a61150d4ac9bdc15a4ff0f72dc2.jpg,Germany,DE,52.199142,9.139321
750518da4371449e9a6a98ccfeba6d4a.jpg,Iceland,IS,64.522963,-21.556729
292e9f349f5b4e458330dda66485ea27.jpg,Iceland,IS,65.31446,-21.744239
2cb3ddcf296e4ad8a38b78e3ffa0b634.jpg,Spain,ES,38.762131,-3.36504
333288e997044d109e48281d33f26a80.jpg,Turkey,TR,40.927092,40.542772
491d694386384277a0f8b65b7405405a.jpg,Norway,NO,59.719045,7.581703
589f027bbc5e42fb8759a55d80167fa4.jpg,Poland,PL,52.21186,17.238567
bcdc5580f1614b94b4de0fcbafc4fbdb.jpg,Finland,FI,64.599409,29.686101
bad76e6b4cfc4e4487da87e2c71d6015.jpg,Sweden,SE,62.921735,14.845804
42d6a1be87564913a35402c85bb67265.jpg,Spain,ES,39.971872,-0.58087
bfc37dedee8444859a55620884307adf.jpg,Belarus,BY,55.769048,28.604265
8575c8b667464578a22c77e2db25ab13.jpg,Spain,ES,28.774627,-17.962095
03ab636551bb45d4b2f5f4cd4500bafd.jpg,Belarus,BY,52.493844,23.717723
4bb1417857d24acb8118bb72c4e5d4e5.jpg,Belarus,BY,52.927488,30.068844
59fdc5f34a554c549a7b5fb7f83a32b8.jpg,France,FR,47.908792,3.510844
ac584830efa44ccaaa8e937f77b3fe26.jpg,Poland,PL,51.590299,21.329363
fef0b35c8efd48a99a5b82febdeaad5f.jpg,Finland,FI,61.109459,21.510456
9891430b2ade4e77914dddfcceb50322.jpg,Italy,IT,39.37917,8.589009
dffa5ca3da91406aae428c27477e70ae.jpg,Iceland,IS,66.059815,-19.326035
115f30c50e2b435e83b173910724ee17.jpg,Belarus,BY,55.774583,28.604109
28554f757259421b96b0844f188a9af7.jpg,Turkey,TR,37.952784,41.808914
0375aab048564dd8bfed5cab97c0778d.jpg,Finland,FI,64.25866,29.170698
f210a2ad9ab44d2caca0a10d16d0ad69.jpg,Poland,PL,53.485627,16.796975
d39f92ad9cc4423ab5a0d5f08e9b8917.jpg,Iceland,IS,65.769069,-23.927239
8b8c62c3e23b44d396c6d86026216f4d.jpg,Poland,PL,49.966726,22.051367
27fffcad2e634435a748cf263305001a.jpg,Poland,PL,50.027773,19.307024
b54a8ab627b74330bf7e8a8e3ad114cb.jpg,Iceland,IS,66.013048,-16.417667
e756ac4e0e5b4c909eca8741afa2283f.jpg,Turkey,TR,37.778842,30.522679
0fe2bed47ad347d7a6e4f12231d23616.jpg,Belarus,BY,55.364061,29.16154
83d1b8e41f0f46ddada8a873d6246ed7.jpg,Iceland,IS,65.645028,-20.294616
51c6bcc43c114f5bb7b09270e196a23b.jpg,France,FR,44.69824,3.023086
0bb6fe7689af4d16951fcb007716d19e.jpg,Poland,PL,54.632306,17.50353
e34d47daed9c4c29a916b90daf64f690.jpg,Belarus,BY,52.281076,30.30096
fe79f2675ba348efbb3680524dc34316.jpg,Italy,IT,40.589654,16.250055
f84986dcdbb44e079ec8059c60b2659a.jpg,Poland,PL,54.453439,17.239374
957cf2d8544d4ec883b9a2763e8fb69e.jpg,Turkey,TR,36.323521,32.437335
00eb2764b1304e9e961a630fe3ecb1b7.jpg,Sweden,SE,65.449526,19.401993
047473be4af246d6b0657e021857c584.jpg,Italy,IT,44.559117,7.160927
707be99dd934485dbd048304dc72c008.jpg,Spain,ES,37.635803,-0.792813
e30d0adba1ca457b990b3ec9cee35622.jpg,United_Kingdom,GB,51.409564,-1.625107
7427cdb122f248daa4516a9781c28dbe.jpg,Belarus,BY,53.652873,23.979197
b7b11990351d46278aa38e6f70a30c2f.jpg,Sweden,SE,58.34958,12.005409
abfca459a4b5427baa13e51cdd85d7ee.jpg,Finland,FI,65.741418,29.173334
e027865274444246bc59a8240dbd689d.jpg,United_Kingdom,GB,52.927314,-3.613637
e5f23f3ef9e14f1e8555e99dd9fe86de.jpg,Germany,DE,51.279546,11.688601
59f2ef1d91be436e9e021b9560d835cb.jpg,France,FR,49.705064,1.963422
7a3b02c734bf41f4b0e92ae039639592.jpg,Norway,NO,62.486727,6.57758
9a353bfec89046a4b6addad2e126e13a.jpg,Poland,PL,53.561039,21.217042
2f1e1ade5653491090b7ac16d421c0bd.jpg,Sweden,SE,61.978986,14.209266
7ae0782a33504071b4fb57e6839440c5.jpg,Poland,PL,50.913585,23.17104
435964c0279a43378b9a1eb2954951ee.jpg,Poland,PL,49.671829,21.483944
8d75a469716b42b292f9e2ef408e6644.jpg,Poland,PL,50.631738,20.773438
f496baf4309f4f4d96accbd82c17bfe3.jpg,France,FR,49.657042,-1.258728
d219dd4c3ac64dd78022433cb170d6b2.jpg,Belarus,BY,55.767992,27.963082
5294c15deb814ce7abbbb8fa207a527d.jpg,Finland,FI,68.384737,27.409228
efcddc47084b4e288f4268c27817bd6e.jpg,Belarus,BY,55.088826,30.61525
0bd8b6573d884d9baaf2f660f750316c.jpg,Sweden,SE,64.632263,21.031961
f788b23ab61d4a6ba196897077b13080.jpg,Turkey,TR,40.970559,38.751946
1988169150dd4ad5bc236057d28457a4.jpg,Finland,FI,64.425479,28.445756
9903d6ebe27e4bd6a0c45ca530851dbf.jpg,United_Kingdom,GB,51.069915,-0.61249
f1c6cf2deaed48089d05eb7a208c2590.jpg,Belarus,BY,55.317235,30.322307
a7c0d55760cc48499994f542ce3fb4ba.jpg,Iceland,IS,65.88985,-22.429647
495fc4b0b54a4bf3b38412f7b66059b5.jpg,Turkey,TR,38.93689,35.59719
3a44efcab3ad4bfb8971fcdb8ed07f12.jpg,Turkey,TR,40.471631,43.327216
40bac880c69142fb82430e785d24f73e.jpg,United_Kingdom,GB,56.589019,-6.165753
20d20a35e4fc4637b3f96b7dc8ea7db6.jpg,France,FR,43.329161,2.372819
e04541d63e5b44c0a136f4c5b77e1ab3.jpg,Belarus,BY,55.615416,28.28619
066f81fc754e49b0b397b31d1473f5cd.jpg,Finland,FI,60.675659,23.096436
c54025923cc9491cbe5d142375f5bc53.jpg,Iceland,IS,66.087491,-15.163192
6c1cc3a6edb147b48dae5c96307d3258.jpg,Germany,DE,54.423636,11.172715
91bf54cfd85d4b6cb42367475b678c39.jpg,Iceland,IS,63.639137,-20.047058
3bb8647619084fbaa27d1f8f82484fa8.jpg,France,FR,47.677672,2.149171
a0d4159aa7774a799265280467c1670e.jpg,Turkey,TR,36.204634,36.197183
781421ec4fcc4ca3b7840540adaad011.jpg,Italy,IT,40.892369,16.132297
13b4ad53b8664e65a11d8800753a2a43.jpg,Iceland,IS,66.061764,-19.029455
726b56b62ea1465d818b94d556bf330c.jpg,Turkey,TR,39.550605,44.056219
ea4b73c9afb54c6fb23ca17eb99b912b.jpg,Poland,PL,53.650505,21.515647
39f9314a58fd42e09d20a4642ece1a83.jpg,Belarus,BY,52.37157,25.591842
93562d5dca934a69815728e1c34b3425.jpg,United_Kingdom,GB,56.196136,-5.506862
908583be03104bb78fe0b4faf873c024.jpg,Iceland,IS,65.831871,-17.290068
73b11b791ec44506ba7ab3616912b7ba.jpg,Germany,DE,51.466067,10.842864
bbac1159056a49c8913cf79d9e46956a.jpg,Poland,PL,54.645518,17.683472
0af6e0b5482745168dc2fa8f5725edbc.jpg,Finland,FI,67.077335,26.562892
857a30a4dbc14250ae217fb2a2e70421.jpg,Poland,PL,51.480548,22.084133
c80773069d634a0ea5303b846b9935df.jpg,Spain,ES,37.604184,-5.757007
68ffe9a37e24489d8b81ceba6abd93dd.jpg,Italy,IT,40.490055,17.760289
0c815748d394427b845098d47155a62c.jpg,United_Kingdom,GB,54.180218,-6.232443
00bfe0e7da0047bfb7c78f14ac33dae8.jpg,Poland,PL,51.794583,19.422899
46c598a8291047239e23eff4234993de.jpg,Norway,NO,60.481978,6.991595
ff22134760d64075b0df8e1dfdc42841.jpg,Norway,NO,62.468812,6.292679
21bc237aecfc41029e8fe3228ecbd6ea.jpg,Belarus,BY,55.145295,28.758273
4ea2e3482fc3410b89c26a267c74cca4.jpg,Norway,NO,62.559321,6.127328
9a72dace5cf042968160d2d04ea35cd7.jpg,Germany,DE,51.606446,14.078887
9accef3801ba424c81d6c69b6cb4b794.jpg,Iceland,IS,64.328927,-14.935126
5a7a5c3289e449fbaaa2faeded108cbe.jpg,Sweden,SE,60.80391,16.930826
ac9989a7d58b4680bd60c224019550ae.jpg,Belarus,BY,52.541932,25.673427
221772e0153541aca76aaebcf875a2d8.jpg,Norway,NO,59.990617,9.923499
2a65b65e3df447d283bc2640162084a3.jpg,Italy,IT,44.607325,8.064191
85aaf22e818e4cec9e4a47b07593c22f.jpg,Iceland,IS,64.532691,-21.609992
6730a93f49b94b1e8363fc553e4f0ef3.jpg,Belarus,BY,53.85187,30.314262
4f791214bd874922a531fb92b50b79da.jpg,Finland,FI,64.519959,24.366139
a09f00c9933b444cabf0f490f4870295.jpg,Norway,NO,60.405895,9.496107
f4a24b23c2d84c9cbe58590a337f11a1.jpg,Spain,ES,38.37946,-7.216579
dd0d3a916da44c228ccb018026934ec1.jpg,Poland,PL,51.241954,16.275818
b0af8395aacf43d1a171418d2ee3af5e.jpg,Belarus,BY,52.597127,25.57838
3ebcffea616d4d5a800ef27ae859eb58.jpg,Iceland,IS,65.936667,-19.409649
50e18740617f4612962afc961cadefb7.jpg,France,FR,44.639717,1.538495
64d8de0d778b4997ae7a03a9f78326d3.jpg,Poland,PL,51.444503,23.271385
bdb886fab9bd4904a14ea5ae830f830a.jpg,France,FR,47.413781,0.438106
22a3f50f9bf44d59be040080135ea1f6.jpg,Italy,IT,46.667301,11.204218
8ac279ac3e6d4bac89f6cc016b200292.jpg,Sweden,SE,62.701181,12.687726
5fc943b9bba14575a6a26432f6f43b16.jpg,Sweden,SE,57.835296,18.593167
c10b6149bbaf4a8898acb127226b9408.jpg,Norway,NO,60.876629,7.146425
3d299037fa3b491c9520af4faf33f5c7.jpg,France,FR,45.22711,-0.57373
c93fd583252a40028b87d403a5a8fb64.jpg,Finland,FI,62.262973,24.653811
16a1d346e3df408ebdaf259e5274b398.jpg,Spain,ES,39.358193,3.226798
eeb97c6ff8d641aa95b1fbcb95b6fecc.jpg,Germany,DE,53.510688,11.173436
7a5b74ecf1514c37a744c9660c6c555c.jpg,Germany,DE,53.07669,11.270557
feced543964546e3a63b370c8c24406a.jpg,Finland,FI,68.015487,25.193544
9e4251d0aa404fa99a4aa28084b7bf78.jpg,Iceland,IS,64.17888,-15.852489
af7c297684c84822acc16495668ecab6.jpg,Finland,FI,64.175424,27.79155
b1d57a92e52a4e828fd0fa1ba5bbf2f8.jpg,France,FR,43.127024,3.123935
e59cb70963c04a1c988204248ba50a88.jpg,Finland,FI,61.468915,25.147718
51511edd786648eab9956842c2a7fbdf.jpg,Norway,NO,69.625239,18.973685
a2c61108b94c49ea84dd7fb53f5c12dd.jpg,Belarus,BY,55.814003,28.602072
e5ca7d0bc0cb4130a5d46fab6b025cd3.jpg,Turkey,TR,40.062761,40.428643
211b982fd1f04d2a93d0082cd973fa52.jpg,Spain,ES,41.910771,2.852126
f4cbe4b268bd4bc8ab643d07e262f580.jpg,Spain,ES,42.785904,-4.843574
0e50346ad8f64852b50b411c4d9a6551.jpg,Belarus,BY,55.287074,29.63281
c34b23cd84774d308544df2e3cd4766d.jpg,Sweden,SE,64.873856,21.084929
e747315375054d8fa52d7febc962cb5d.jpg,Iceland,IS,65.938823,-17.309862
07460d18bec644e4a047df062012a378.jpg,United_Kingdom,GB,54.918787,-6.319737
9b16b888104440cbaad6eec6f5903ec2.jpg,Sweden,SE,65.247336,16.878074
ee9c2606f3ba4192bc9b2419c5aed179.jpg,France,FR,48.85775,-0.876955
a8e48b2b9c5b4141ac4d412cf52d354a.jpg,Spain,ES,28.785603,-17.767267
9bfb2f9c54f84411ada8dc107c124eb5.jpg,Spain,ES,28.080808,-14.479183
afe7515323034c38b589c7ffa4014085.jpg,Turkey,TR,41.310642,42.834028
da463d4899e4408c9296f2021f01a7ae.jpg,Germany,DE,52.322202,14.20353
7230791434d741099d52789bb1e00aad.jpg,Iceland,IS,65.943556,-16.568617
7687d57cd4744ee7a26813d78ebb0f04.jpg,Norway,NO,60.734686,12.668758
d2e51041280b41f8b2136db29f8f7612.jpg,Finland,FI,63.201793,22.814086
41117ac72f2d487996a27a5d6425b14a.jpg,Spain,ES,39.440593,-0.39641
a8f86f3fd0ad4cebb42519ee3b8a25d4.jpg,Belarus,BY,53.582155,23.925059
c171da96bb204e5190505c28a014975f.jpg,Sweden,SE,62.617578,15.661317
e135c7558053459e8225f8e2fa14dacf.jpg,Sweden,SE,66.129033,22.8659
539e575bd42f404b971e38377ac10f78.jpg,Italy,IT,37.045877,14.385193
616b530319b849a4b457eb83ea93ea10.jpg,Iceland,IS,63.429756,-18.882641
cfc552076f0c449798c317fe5c58651d.jpg,France,FR,45.14525,0.056276
1aaa07ee406a42b2a6ad6c518bb25d1d.jpg,Belarus,BY,53.142493,25.946456
7dff35d92e0e445584af6653f19ab6da.jpg,Turkey,TR,36.341596,33.402544
b514ade78944409e82a96ac90bb4b2ef.jpg,Norway,NO,64.380178,14.577786
425a9b210a3c40659a4d45a5c28c6929.jpg,Turkey,TR,37.506818,41.44583
b5bb8afbe6034f1d98eba8a62bb62cc6.jpg,Italy,IT,42.236429,14.475685
5461fc1e08df45aa9cd43a3f4bc31241.jpg,Finland,FI,64.322494,29.829592
614448c661dd4d169ae7206c372eb721.jpg,Poland,PL,53.46728,16.200415
a2a974b4ebf54106a1363a4dd5c61615.jpg,Germany,DE,53.139368,10.566135
dfc4fd9e5a344e1c8561b499225b877e.jpg,Finland,FI,68.826955,26.675306
4b11fc3e19994444af4e929dfc44cdfa.jpg,Finland,FI,63.330447,29.994058
ebb4e40d0038499faaf282a3c1361837.jpg,Spain,ES,43.646794,-7.602612
27f81a724d4e44868cfb2f8738cc71b8.jpg,Belarus,BY,55.905667,28.631758
f8c5ebbbb813431aa13a4ded427066a9.jpg,Norway,NO,63.189188,8.811897
f60581b8c1a5481a8a1cde5923745bcb.jpg,Poland,PL,52.835021,15.060811
0006762b474e4b4d9be9a61ed0247fd9.jpg,Italy,IT,40.890871,14.348968
bb774c978d8242a0b02c6f5625784a31.jpg,Norway,NO,67.264763,15.291307
b20456dc51664fe0b4be901e05a13bb3.jpg,Turkey,TR,40.615791,43.17016
d27ea12d26aa42a4b13903aa4d653202.jpg,Finland,FI,63.176112,25.735485
76e8593d7c1d479ab8a3ac7e588d43e0.jpg,Poland,PL,53.335505,22.458968
2d3b74df61eb4c5f8e54d33d37a806e1.jpg,Italy,IT,38.625583,16.330254
4edc9f30ca4c4362b34880931b480d1c.jpg,Germany,DE,51.793185,10.603517
167dc89624984ba8aa0c94d2143cdf85.jpg,Finland,FI,63.065591,29.85433
fb049a6ff2ca46f3a7e6f41e6cf60f4e.jpg,Sweden,SE,67.838997,20.477939
84eb226a16084a28bdc7e341d1261c5c.jpg,Sweden,SE,64.55731,20.881952
624a3c9419da4aeabd9f84cddcacb12d.jpg,United_Kingdom,GB,52.334976,-0.112842
eb1f5c25079b4c03afefa4624b780112.jpg,United_Kingdom,GB,54.709994,-7.596016
faa09292333b405ebcaf88be924ad0b2.jpg,Sweden,SE,63.716977,16.189461
49f22f4da50341f78cfe428608941cf4.jpg,Finland,FI,62.665652,22.447857
dc5bb19a64a74b5aba257d5f4926b4f4.jpg,Turkey,TR,39.549945,43.933988
6907cda532e84ad09ed0abe9162ebbf3.jpg,Iceland,IS,66.008824,-22.933042
3b80a8eccaa54266bf45ed96aa240b43.jpg,Poland,PL,51.518615,22.055374
2fbaaf8ea3524184b7eb9f064c49ae93.jpg,Poland,PL,53.367162,20.778366
bafeb197c67142539c304ec449859337.jpg,Belarus,BY,54.121223,26.590901
1fd9cb4ba92c4ecfbf007bd3a6c68a93.jpg,Belarus,BY,55.267098,29.738412
cdf95745ff074fd08c700bfc6ed8aff5.jpg,Spain,ES,37.084424,-4.375483
af832f16e3c94d67a193a5927e6fb9ab.jpg,Germany,DE,47.697562,8.288714
319cbb83264746a68e6b2cd8b96ed727.jpg,Germany,DE,52.186165,9.27995
75659c9dc5c844a799a78d98af109767.jpg,United_Kingdom,GB,51.586342,-0.727957
d63d01473c084f26ad552e82aa9a8090.jpg,Finland,FI,60.646219,23.011552
25e476bf28674c90a83ee5b6eec7211f.jpg,Norway,NO,70.486196,25.055682
2bc59026debf408aad8e0b6a4978d076.jpg,Spain,ES,40.092081,-3.855985
809785b9b83b43da8407911d773d1e1e.jpg,Iceland,IS,66.072837,-19.250017
a5d27a902fd844029b966661c859b861.jpg,Sweden,SE,61.220499,15.415525
42e50d8455ed46deaded016e2c08a221.jpg,France,FR,46.434166,3.083105
d46ec6f413054acfaec79a4351991ca7.jpg,Belarus,BY,53.631027,31.548626
bc876a8de7a6492f9340a97c24f37412.jpg,France,FR,47.774509,-1.35045
e0b5cb0b545b4eaf86fb642b52bd2ac1.jpg,Spain,ES,43.651568,-7.600131
f45885760fe5437ba72390e6e23c619e.jpg,Italy,IT,42.08364,12.633498
ffd50e847a4a4b80b3ddf237088eb9d8.jpg,Iceland,IS,65.207832,-21.387564
3e7270f6ebef4ac7b6e12cf7a68aff81.jpg,France,FR,43.144633,3.050857
1256c952cad9404a8a15f99a2f3804bf.jpg,Spain,ES,29.098322,-13.555655
d2ec969dadbf4c3b9a4380602a91e600.jpg,Poland,PL,50.488328,19.321573
f3a2cb5fdb394b7f97b84174bf1fe503.jpg,Italy,IT,42.984286,12.415629
566bfd3769b44842be7b66cb3a546f24.jpg,Sweden,SE,65.600354,18.594167
16080eb7f3a14ed09010f194601d14d8.jpg,Italy,IT,37.82692,15.133666
fbcb2fa2c19745298278dfdac8a0d079.jpg,Turkey,TR,37.420548,40.978068
1afa992055da4d2c89bfb846773d2d40.jpg,Sweden,SE,66.676505,20.164274
37ae4f83a607487ea69d10c153b011fc.jpg,Iceland,IS,63.555494,-18.4453
485aea047db142a5957bb1a1721ba75f.jpg,Turkey,TR,36.437394,32.209415
c3d981757e0449c99be1a275d39ecc0a.jpg,Iceland,IS,63.887849,-21.287854
14b2adee5e47469daad9b49b0663a038.jpg,Italy,IT,41.718049,12.82136
4deb8e697cfa4125a7657ba236040cd1.jpg,Spain,ES,38.791971,-7.048533
8ac610cfe7dc4392bb069ba8ccb5ccef.jpg,Belarus,BY,51.853463,24.217093
736152bf5b994f5886d9cebc2d5e425f.jpg,Sweden,SE,56.933192,18.141771
23bad7a071f04249b73af878dca6f5ea.jpg,Italy,IT,40.490196,17.760354
0c785fb004774c7086529ac5f0af7d82.jpg,Iceland,IS,65.774139,-22.207743
5d217203b5924ac1ba7adaaa7bbc297b.jpg,Norway,NO,61.911094,7.043133
6350974f2c6642d9a67f4dce3d0028d2.jpg,Sweden,SE,66.308424,22.478271
fe02835a37314e60b1e9817bd778c532.jpg,Finland,FI,66.15668,26.256173
79192ecdc21a4fee8d413a01aa33eabb.jpg,Poland,PL,51.548366,20.067223
8187d6580d484353b9db32df82046aea.jpg,Finland,FI,60.571336,23.774094
f05e805fbacb4bd4a74808989b67f328.jpg,United_Kingdom,GB,58.522621,-4.797917
490f926eb9eb40dcad8b8f216edb9ef0.jpg,United_Kingdom,GB,50.130185,-5.423151
ed0b1ea0b85846718edfeab7afb16166.jpg,France,FR,46.859451,-1.206017
715b239e3ac444dc8dc45bc2d47bc19d.jpg,United_Kingdom,GB,54.225399,-0.771264
f5957cdea38246208a1880a91063beb2.jpg,Norway,NO,59.401576,5.334451
7f5f3a25e81e4091ab39b523789d556c.jpg,France,FR,45.184278,2.600101
9d6f56c57bed45c2a668fe8a3b25a5b5.jpg,Turkey,TR,38.424074,42.125946
94ee0370cce54b8e94b092a7df9a14ca.jpg,Italy,IT,44.469665,8.026556
8c47ca9bfe4243978fb2ff50aff7a01d.jpg,Germany,DE,52.658756,8.443347
36d31a08f10242a5b8a2bd3ab1708a65.jpg,Belarus,BY,54.511927,30.501918
a9b18d9de1ff44769893f7b88d207ab1.jpg,Germany,DE,53.673713,9.05853
95dd69bb6a464c91b53f40de7f081743.jpg,Italy,IT,40.590029,17.465996
7740d39ea17240d7ba90d6f8a9abcccb.jpg,Poland,PL,51.058772,21.282071
03728522083445e0a76b24b97201ad59.jpg,United_Kingdom,GB,55.128033,-4.993662
7b0ca52b7c6d4e96ae04b1085ce2a938.jpg,Turkey,TR,38.317439,29.825674
d82428f2c22142ba8333c85b97805fd9.jpg,Finland,FI,65.670957,29.100408
9ed3ad6be0634d32b3bcabd483593be4.jpg,Turkey,TR,40.937952,38.202782
a7da4036e230480885f925325360d036.jpg,Poland,PL,52.603242,21.496226
3e6212855f374f15ba1149ef6a0095b1.jpg,Italy,IT,41.857191,12.376878
e7c604b8a8fd41cd802c819fc2e328dd.jpg,Belarus,BY,54.236407,25.992668
eb402cb3c2c34acdafae4e7cf2c89675.jpg,Italy,IT,43.917429,7.648722
483f13ef218c4b35aee069d916a485b7.jpg,Sweden,SE,57.315579,12.422665
4d4ed179f1b347d2a110a80b9c31ced2.jpg,Sweden,SE,60.039134,18.696953
82ccd280427745298c93fff2705e676d.jpg,Norway,NO,68.562618,17.57135
bfab171586b849679becdfb56d75b4ee.jpg,Finland,FI,63.339899,25.606026
b8c8c49972ae4beba6cc0419a56ebb52.jpg,United_Kingdom,GB,55.369446,-2.513646
f3db6bc43f6e4cdabb884018bfb32ed7.jpg,Poland,PL,51.556028,23.426825
797921d98f9b4c9a949f359a33ec884e.jpg,United_Kingdom,GB,55.748647,-5.050611
752df4cb14ca40f68fefd4b01c7122bc.jpg,Finland,FI,64.746486,29.483094
45c1955e2643424a8cc54c4cd646798f.jpg,Finland,FI,62.920974,21.183411
544d4e7dc90f4ff0891002a80d0830db.jpg,Spain,ES,38.734116,-4.090279
2487ffa29d014ca18d11f7069eb8e5a3.jpg,Poland,PL,53.39409,23.471246
c5d66a467f7b41e29670dc0cbada33b0.jpg,France,FR,46.853475,4.639222
3741782bb9304a68901ae139ea322dbe.jpg,France,FR,47.578246,6.126839
f40c9f3c52d04d91b47e7ea1afbf9708.jpg,Belarus,BY,53.721031,32.014413
cd8e588c2e28412381adc113f16fd177.jpg,United_Kingdom,GB,55.59005,-3.608228
8420d0068fd84fe1b8f0f66e68b5c0ef.jpg,France,FR,50.045754,3.229318
4a729dfb5a71430a9c8c497c3c693235.jpg,Sweden,SE,65.314309,15.858111
8ceae64d391148c3b0f5302efd85a99f.jpg,United_Kingdom,GB,56.102788,-5.476811
39e409b30d74474fbc8de27c5b95aa4f.jpg,United_Kingdom,GB,51.929847,-3.917791
ba0a413bca504d989a520d266e60a5f2.jpg,Turkey,TR,37.986476,30.285999
b73fd2ba60e9457292363a085cfb27ed.jpg,Finland,FI,61.280884,24.701186
fc0328af3c534f599c721073c1fce5e9.jpg,Finland,FI,64.062716,29.462577
e6d4415edeea43bfa5a1404382950d82.jpg,Sweden,SE,57.500771,18.563602
8c2165e6fd884965b28baae76df74cb6.jpg,Poland,PL,52.987858,17.37358
27b82bf79f354f168299c7fa13e9b5f0.jpg,Spain,ES,42.728825,-0.525206
4848ef2bc74246adb2388e758b0c14cf.jpg,United_Kingdom,GB,57.825691,-7.042662
c29e36fe0e784442aed70128ee0dc97d.jpg,Belarus,BY,54.584442,25.889414
0884c9352cf741baaf23a09af7abc74e.jpg,Norway,NO,68.076808,13.195852
e847f342708e483fab805a02b4bba923.jpg,Norway,NO,58.427187,6.014318
77c17dc70e76452e98b7a00d4a077e87.jpg,Turkey,TR,38.19485,41.100899
4b015a45c1134acca0346a0128878215.jpg,Belarus,BY,53.058261,29.458239
36c0fc647bed458eb2b1b0d165e8b440.jpg,Belarus,BY,55.453307,28.6804
fd39b35e73eb4df0819b42127d1d08b1.jpg,France,FR,49.54541,1.512449
f01d670f10d24d65b7bfdcd5711de60f.jpg,Finland,FI,63.081532,22.155151
b33032bcc6914de2965161c3062e7f44.jpg,Finland,FI,60.311602,24.64385
87114556f920458e9e17041b290ecd94.jpg,Spain,ES,39.488821,2.809053
b6f22381fdb7433aaf8b7f0c0e4b1caf.jpg,Norway,NO,59.475373,6.293143
49f514a662024414bb91f1a51b273443.jpg,United_Kingdom,GB,50.200644,-5.339589
f7efa2cf5bc14535bc15b5861223ffa2.jpg,France,FR,44.06645,7.589423
0abaceb0173a4b7c9e4464eb03550517.jpg,Spain,ES,29.102668,-13.555302
d0f59da6ad9c41b6a33bbfc6e5e05ebc.jpg,Sweden,SE,59.146639,17.574425
dd982601a1784f22ac10e3be828f398d.jpg,Turkey,TR,40.305208,31.356899
56982f9d1fd74efaa091615e3d899cdf.jpg,Belarus,BY,55.459073,29.127048
ab38177370de4e82b62ab432b997c3aa.jpg,United_Kingdom,GB,55.648971,-2.787743
fe5692d94a2b4a1788dae2a41f80aedc.jpg,Germany,DE,47.968789,11.407
399b1a65216c4836a5fdde577255ba4b.jpg,United_Kingdom,GB,57.764542,-5.131661
8e135ce37c10481e894535e725bbfdfb.jpg,Italy,IT,40.81095,16.946248
6fc87b751570426ab43da4b33e1487ca.jpg,Turkey,TR,36.567351,36.397881
0ba5031a0621437f9f35df96b2f63764.jpg,France,FR,50.377558,2.089803
b69d494d63a349a7b535e66cba2efe32.jpg,Iceland,IS,64.118252,-16.080174
037031643b474867a73ac8b7ffe9a2b3.jpg,Spain,ES,37.824225,-0.8189
53836748482e42be987f37e1f31ab5d4.jpg,Italy,IT,38.995319,9.003959
b158368942274803a27bd3a726bdcfb2.jpg,Belarus,BY,55.296359,29.610909
dba9836d73dd4a5fad4f0d4095f39dd0.jpg,Poland,PL,54.66179,18.408865
4c72a4aaba754925a3db77d024fb464b.jpg,Belarus,BY,52.064618,27.75813
5f13b75d13944cd7b0cea097b891c3d5.jpg,Italy,IT,41.783997,12.854971
6588874218d1446fa3829c93d029a2cb.jpg,Belarus,BY,55.51477,28.894869
ef7af9833b4344e7842ee968081600b4.jpg,Sweden,SE,57.069847,12.509087
df1aafb868d14b1fb90cd9cb08992e1e.jpg,Italy,IT,40.935885,17.17344
b8b86f2dcb7b42f39be257a2059bc90e.jpg,Belarus,BY,51.649419,29.109509
8d4576c577e948478f68b6489d3c2ecf.jpg,Iceland,IS,63.429258,-18.768639
f039f124b7cb4eb6bcc29cab4a6ee214.jpg,Iceland,IS,63.986265,-18.909235
5da2003faeb646a6a718ca7f4f7d4d2f.jpg,Belarus,BY,52.986032,29.816624
3807cf18fd024addb280ac57c401d9f9.jpg,Spain,ES,36.745051,-4.236473
441e2dc1ab82457ea3574951a2908896.jpg,Belarus,BY,54.542672,30.719123
6995f4f45cd8402ca87ad04012c831b4.jpg,Spain,ES,39.561677,3.240939
389b5f7196034a9ca94ad19de43d6e34.jpg,Italy,IT,43.86446,10.850804
b9a3d623292d4e139dd8df813ba883c8.jpg,Finland,FI,64.575716,29.699802
e1fdbf3480314ead86bc7f0292158b24.jpg,Iceland,IS,63.684705,-20.175899
9ae0a7adcbe04286b06051e5a402ad25.jpg,Poland,PL,51.706544,17.966264
339a244550cf4b70ab4ab7c69fd31550.jpg,Italy,IT,37.255172,14.497794
90d0e2fa28764e62bddf2506a697659b.jpg,France,FR,47.785803,5.592106
042ebf6ccf084d6eb0d8dc69c49cd455.jpg,Spain,ES,40.05615,-3.071862
aa1b804ad18349c8b4933f4aeedaef8c.jpg,Germany,DE,50.665983,7.971018
ef19913cd5254d3ab94aa1a7c0f66c6a.jpg,Germany,DE,50.488534,12.973709
7ed5e3b7c3a44862bc29fadb9ba55a5f.jpg,France,FR,43.256793,6.521564
fe4e7b98eb6a44d8b28f07912dff0d5f.jpg,Poland,PL,53.158329,19.180374
c5945afb8f214f55b39848350c77f58a.jpg,Italy,IT,36.921314,14.439324
d0a729d3b9f6470aa6360478ad522fed.jpg,Finland,FI,66.824326,25.423547
78350dd80a004ab5a5d36d4ae97c8fdb.jpg,Finland,FI,64.054233,29.144659
8cfec5a53478492091eea2d69a611b78.jpg,Spain,ES,42.147474,-1.545109
f4437b6c06d545fe877f4ee4cbb639ee.jpg,France,FR,49.28419,0.087559
40139f4eeefc45a48e2178a9ccdc5196.jpg,United_Kingdom,GB,57.533021,-5.153866
a3195b185fef4896b7bf8798142079e1.jpg,Germany,DE,52.782624,11.104961
2c3e8b2ff2e4488a968705d9a15f40b3.jpg,Finland,FI,65.928897,24.619141
09ff25b9255a40f3ada0ee0bd20285b9.jpg,Norway,NO,69.603067,18.302801
4ce4e1c4979043f780de0e169f8b9b95.jpg,Norway,NO,58.143277,7.863374
e2efc11997c1479f8304711be6567b19.jpg,Belarus,BY,52.164541,26.090011
a0397c4d749c42e6b3500b7c517d5f7a.jpg,United_Kingdom,GB,58.555351,-4.706344
a079dc4e7ec94f0eab97665652973c60.jpg,Iceland,IS,64.82253,-22.488772
3433c17279444ac1acc78d914d72a914.jpg,Italy,IT,40.585924,16.275432
33c0d80d80f34104ad61c79ab58107f4.jpg,Italy,IT,37.990032,13.869172
029301fc439f441b8ae3069a8cde8bd8.jpg,United_Kingdom,GB,52.122193,1.350357
0e319abe0b1c4d16aa00b8c75c8d32aa.jpg,Sweden,SE,65.31097,16.196515
0d60ea30a976484dbf73afc0b5fd57d5.jpg,Iceland,IS,66.091412,-16.831575
4e75769a7cc44e50a856228996bc86a9.jpg,Turkey,TR,39.292443,29.972252
c39c6b49e84241f9aae01222eaeb7075.jpg,Sweden,SE,64.165574,19.680119
3af40ae51ba54adf8ef4531cdaf57128.jpg,Sweden,SE,64.345682,15.702938
9bf9bbf4442144818ee52219f423de2a.jpg,Finland,FI,67.614927,25.402213
8f39b2fcba0e47baa90c3c89325046e8.jpg,Germany,DE,48.432969,9.711427
75cd55378415406d89f6d4dd9bf8ada3.jpg,United_Kingdom,GB,56.082722,-4.82377
c0a16747daee43b6b084d601e425d463.jpg,Italy,IT,41.176966,9.27941
e8ac3d5c3c1a4571acad9b3af81650cc.jpg,Germany,DE,48.364855,9.09555
21dbe9982ba54bad8603ae669580c1ae.jpg,Iceland,IS,65.451073,-20.564271
bdeafc4686374642b577babe00f947e8.jpg,Norway,NO,59.148515,6.204145
3faafd47db8f40b5a6b32797495c9e11.jpg,France,FR,48.414704,-4.791487
bc9d9ace296c43a0a50bcdbd69b50597.jpg,Italy,IT,40.60985,8.377353
5308da84d0e049d9a67d15aadb708e22.jpg,Poland,PL,51.034292,22.532073
c00d5fe1617f45519b14e2ac8bf1235f.jpg,Germany,DE,51.839736,13.036492
7de5a046c20247b8ad627060f704f8a8.jpg,Iceland,IS,65.491433,-23.213946
8ada2addcd1e4224a49c6ad4187170f6.jpg,Turkey,TR,36.808265,34.5114
0b8b6dea98fd418e93213fa47d9daed1.jpg,Germany,DE,53.038133,10.694608
e6ef37cb593c48f79fa99cb2a03d553f.jpg,Sweden,SE,59.833939,17.526269
6b1d17e9044243bf9635f4f6f3ae227a.jpg,Germany,DE,53.819851,9.438115
b04daf5fa6574e0a9860dceede9bae8d.jpg,Belarus,BY,54.814024,30.407963
0c67ae13e314430aa3fba65cd6a9834f.jpg,Sweden,SE,65.6474,19.698702
4908568c950a4f1fa251bed9ac95b121.jpg,Germany,DE,50.16294,8.021961
5ba3a8802bee451bab31d0d8b3c5b752.jpg,Germany,DE,53.548036,12.712733
768558dac2c542958d615c85b58551df.jpg,Poland,PL,53.36517,22.439988
a794178f07e64b32b54fa00ea65ee940.jpg,France,FR,43.236962,5.504842
18a889c525ac4c9a80c21f3712437eab.jpg,France,FR,44.51101,-1.235219
693f6843b1ab478db46bed7f3986bd87.jpg,Sweden,SE,57.31721,18.259045
bfa30a99f01644dbbd2323bbef3a4249.jpg,Turkey,TR,40.229892,38.048801
7f70059c1e0348bf9351562f6cd3159c.jpg,Finland,FI,62.931814,28.041395
015504577c6c49f189e7c3a7a7a87385.jpg,Sweden,SE,57.529168,18.467257
e89644a369db4bab89e3cac1a61559ec.jpg,Poland,PL,50.410904,18.917081
6c179649773f4fadb3db1513cbd6ddc1.jpg,Norway,NO,58.217519,6.962505
5eaa903ebbe743eea0711255359e71ef.jpg,Finland,FI,64.162756,27.824154
67f6724d474c4806badc7e3e22372495.jpg,Sweden,SE,62.007692,17.015771
ca69045763b94215beca40409a6597c3.jpg,Italy,IT,40.66969,8.703511
635770ffb73c4e369a11221eb39012d5.jpg,France,FR,46.849925,5.914687
579ffc1dceef4275b41d503634eb6a4d.jpg,Germany,DE,53.18562,11.459855
304b5f281e1a44b2a2328e23de1a0c9b.jpg,Sweden,SE,57.488121,18.514754
3b52a150216b41f5b36ad2b68b67831d.jpg,Spain,ES,43.727791,-7.72416
dac2876e989c43a088b06b6f0f2aed77.jpg,France,FR,43.821977,6.897407
78655ebce85640adac3c82594aa5ef86.jpg,Poland,PL,53.271296,15.959102
4dbaa20be5ff40dbb57f1fac125951d7.jpg,Finland,FI,64.309639,29.119438
c96edace01d34cae9e4b27bbd210172e.jpg,United_Kingdom,GB,50.321913,-4.829861
97936f3ec24f40d09434544b941e9c31.jpg,France,FR,46.622256,2.556343
4f526e80e75d467ab6f2a6cbb0fd198d.jpg,Iceland,IS,65.633444,-14.992217
2ed31edf91bf49d0b14e5cd75af7420a.jpg,Belarus,BY,53.5122,27.475016
9c2af8941e4b4c83aa3e2d80394a8848.jpg,Germany,DE,50.070451,7.429349
c946d14fc9d74419bdf7ec0c8ab822d2.jpg,Italy,IT,45.520621,9.687131
5a641d0c19cd49baa0870e1c97a118d2.jpg,France,FR,48.373221,2.199084
6ed69c13bd104b1bb5139a685bebb5cb.jpg,Poland,PL,50.342451,18.939051
0ddb7d95af37437f946a9d7f90896653.jpg,Italy,IT,44.534928,11.121658
b58361495a87498fa49958d5c2062cee.jpg,United_Kingdom,GB,50.066051,-5.67393
b53a8e99b4324f559a7885b2fdc7ff13.jpg,Turkey,TR,37.597876,34.744383
ab077f07150a4274a4a028c1fa746b61.jpg,Germany,DE,50.05904,9.307823
39538872ffe544a9877989b724f7e54a.jpg,Sweden,SE,67.730799,20.684616
5953dbacbe964a189080f04962c3bb41.jpg,Iceland,IS,63.845141,-22.435238
f38cb9637c584113bfd244c13788b241.jpg,United_Kingdom,GB,51.892388,-4.970288
80eafa01decd4e14be48d09280c27fb2.jpg,Sweden,SE,67.756624,20.07438
e26ccae926f642e087fe876b0f117d39.jpg,Iceland,IS,63.664465,-20.111067
2caf0da1276d428599ac2ea4740adf8a.jpg,Belarus,BY,53.906388,25.910875
3f54cffc3bb2454aa03909140cbd03c2.jpg,Germany,DE,51.258564,9.945034
6468175752424e50b95a9822d80057af.jpg,Spain,ES,39.319087,-0.408522
59e454eeb9b643bbadcf2c738e4985f6.jpg,Poland,PL,50.124413,22.104306
2e18602c41e74621bad011cae462f8c2.jpg,Sweden,SE,64.400648,15.64695
50fbfc4f2cb5468f843b91af756b1fdc.jpg,Germany,DE,50.613346,10.327426
cb1510eef2a542e09e26b80bd7974f1a.jpg,Poland,PL,50.644666,22.685262
d4e24d25e0e74695b990576de40182a2.jpg,France,FR,48.28813,7.62586
9b2b33e4417e440983335c0a5b52bfc4.jpg,Germany,DE,54.485177,13.506734
33635b82b5474d6ab01eadfaef56c573.jpg,United_Kingdom,GB,54.263262,-0.392985
80c0cea0c34144a99d8423cb23c2498c.jpg,United_Kingdom,GB,50.141467,-5.395962
1f11b54f133c43e9be18831b0214150e.jpg,Norway,NO,69.549169,19.022912
f755b22c125345a3904effc2e12a4b45.jpg,Norway,NO,65.082534,14.630677
dd5755d9cfb34bea93c343eb38ebc251.jpg,Norway,NO,62.200381,12.948824
d80fc6b407b14167a65c61c643c66c12.jpg,Italy,IT,37.877041,14.969214
65845d84ea1a4d36b7f04b5d6c29a02a.jpg,Poland,PL,53.519438,20.579973
afad62f8dfa04607929757626a606e66.jpg,Turkey,TR,40.395684,26.839398
9e89b01b908c470180760e3a142b4522.jpg,Turkey,TR,39.701748,32.816398
148c5d2f4c9d49cba595f78cbbd3beb3.jpg,Sweden,SE,60.526679,16.484767
221401552b064ce5983c3d0c1a6e8f28.jpg,Norway,NO,70.458411,24.745673
0f2cfecd53dd41049024cfeb0c2236ef.jpg,Germany,DE,51.136112,11.456007
f0080df6fc404badb6c6c127c6603214.jpg,Turkey,TR,36.970139,28.703006
40cd59db01a34983813b0548418d6ce7.jpg,United_Kingdom,GB,54.261687,-7.779656
fa794147576b4d719bdc338e49b40a6c.jpg,Italy,IT,38.023083,13.361467
030f2ae46f984a799859b11139a9e2ed.jpg,Poland,PL,51.494168,23.545667
d056854e6e9a418591a487fe08118d2a.jpg,Norway,NO,58.33415,6.248148
36e537452b7f46d28201be252d53ba9b.jpg,Italy,IT,44.722391,12.15424
f42c28eecb1b44089d84abc483444f66.jpg,Poland,PL,49.724352,22.049223
5bfeaaea8ccb4d51ae263f7d6c6d2f8a.jpg,Poland,PL,50.400502,17.688158
2b6642765d8a4535a95fee964e1d7e02.jpg,Sweden,SE,61.252572,15.448635
83b970a47b3045e4b399ad04f3989087.jpg,Norway,NO,70.083242,22.008806
9feb85a0fd58464a9c6221c8d91fb226.jpg,United_Kingdom,GB,54.359416,-3.294828
45b86a6a8887478c8d2e0823eab45d77.jpg,Belarus,BY,54.508769,30.127898
92d6511432274428ad9c8be3ffb74a5e.jpg,Iceland,IS,65.079903,-21.096759
2b4580997d6e416ab796bb89697a73d9.jpg,Iceland,IS,63.970189,-18.739441
7983d23bbae64014abd2bb53c0a4b427.jpg,United_Kingdom,GB,50.544678,-4.828781
373cd9fea1434fd78b23676e3e2b7666.jpg,Sweden,SE,67.915536,20.094808
afd66ab99eb44d2e8ad1547b14c70d81.jpg,Belarus,BY,52.048745,29.441186
693e208339c94a9eb68bd3240ce9cceb.jpg,Germany,DE,47.966215,12.422676
5cb06e44ee964331853675b314ca40e6.jpg,Turkey,TR,41.090784,36.086901
2c66bea534de4e5d812ca2bc0d89e4bc.jpg,Finland,FI,60.276655,23.378266
c8e6820dfd334584a227f3f46fe0be10.jpg,Turkey,TR,41.008878,40.352816
bd32d254fdbf4be391d9945910a2f7be.jpg,Spain,ES,42.092848,-1.650321
45d460e8cdc34810b57d00c03d497111.jpg,Germany,DE,52.781625,9.553131
6a31d25c25a1486480239c12de88ba58.jpg,Italy,IT,42.482636,12.400208
5d99145a0eb24488a6e0b59b0cf350f2.jpg,Poland,PL,51.90814,20.097567
8a4c1e67b7d14ec9bc534d21fd0a424d.jpg,Turkey,TR,36.457739,33.962671
db3e92b434f04a4ea08ce1e11d7c684c.jpg,France,FR,48.625259,7.725444
f4225ea755694ddf82d089f8a1b2bca0.jpg,Turkey,TR,40.674106,36.375058
d531c0f33de94a0f9eae1f713b983e2e.jpg,Belarus,BY,55.617705,28.271003
cd51de3230b24aa29bffc8da66bf73fd.jpg,Finland,FI,61.832782,24.481911
9f049e3ce44d41d7b60556560b2e68a7.jpg,Italy,IT,42.783905,11.144538
f3e9b974a49f4e7bb36efaed5497b275.jpg,Sweden,SE,64.081215,15.358437
9da9b201b2e0400d8c6c39340d500b62.jpg,Sweden,SE,60.0019,17.515881
d663dfe8e03546d780349293d5ca24d1.jpg,Italy,IT,36.789105,14.515586
8521c34b8ef743eab81102813d725846.jpg,Norway,NO,69.250589,17.954936
563c17f08908445da1a48b882a99b825.jpg,Turkey,TR,36.858162,34.471225
43815479692449feb153440b62762baa.jpg,United_Kingdom,GB,58.540129,-4.11342
95e96fb594784b3492746a6a1267aa6c.jpg,Turkey,TR,41.56696,27.776496
f39faa2ddce047e0a3d112d58d2606fd.jpg,Belarus,BY,55.517583,28.874466
0dc353c70e3742c09b6da2d096ce32f2.jpg,Germany,DE,49.179594,9.776909
f3499f1d2616466b9310d36b3dc0407a.jpg,Italy,IT,40.997245,14.835634
35ace075fa2146b69ed4086d93991f13.jpg,Norway,NO,60.346999,6.184473
13d220ec7c2245969c547a84e7117c99.jpg,Sweden,SE,56.946506,18.154203
7d2bb32bfa7b465f97cfc77b0daf9c4b.jpg,Iceland,IS,66.067794,-18.531692
72ce6f0827ab4e93987115f5ac124e14.jpg,Belarus,BY,53.900822,25.93554
1958bb86eeb241198febc8a4b825e47d.jpg,France,FR,44.485385,5.385263
b2822f3c42ea46d89260ea1ce714c163.jpg,Belarus,BY,55.889598,28.534682
29eac251fa1b41e4a3fe6028102188ef.jpg,Iceland,IS,65.903829,-22.8567
94db9e490c2c4d7f93016a3334199308.jpg,Sweden,SE,67.113761,20.629835
1f545e33ad4e4c15bc2db1fdae38a9e1.jpg,France,FR,48.031,1.301797
bf6a03631dec4b65afc0041277f6fbf8.jpg,Belarus,BY,51.856763,24.21061
80cba919707d409aa98a8df05b87d947.jpg,Norway,NO,70.978501,25.775464
0a8fc2744333480ba277d7172bd16f03.jpg,Turkey,TR,38.416976,43.233638
a0a0e314b74e48fdbf75fb843a02170e.jpg,France,FR,43.991427,7.546897
71e93f4ce0d24c68805c5b1436e4e4e9.jpg,Sweden,SE,55.540224,13.765482
6d34ad30b3d44092b75ccfe227d58124.jpg,Sweden,SE,65.66192,15.445209
57872818da6344aeb3c685031a19c995.jpg,Poland,PL,53.457381,19.72589
b4890763412a40979f9f075cd63de8e8.jpg,United_Kingdom,GB,50.381196,-4.934506
5885a7948a9842ebafad91f236792a9e.jpg,United_Kingdom,GB,50.298969,-4.964571
52c5bdbb209544ef9d4fbab2e9d4513d.jpg,United_Kingdom,GB,50.439338,-4.932637
5a5947b5db0644428811ac6251e18c71.jpg,Norway,NO,59.914491,5.295024
0118eaaf3af34a029ac85c82b7e13c61.jpg,Spain,ES,28.952993,-13.669843
1ee802b93da6455e87f25816e84387fc.jpg,Italy,IT,46.670729,11.20936
5f5ad8bf6ce6413c8e0d1309c3a188fc.jpg,Finland,FI,63.461218,22.587565
139e4b04819e49f99e7e431fd0dbd9c1.jpg,Sweden,SE,58.548832,16.722419
a8d35b4c2ee54f849718d80b2d736ce0.jpg,Turkey,TR,38.021646,41.777571
477d34023ae445af9c519da29409b62b.jpg,Iceland,IS,65.98815,-16.408818
230593e277ba46038f1925d41d6a73db.jpg,Iceland,IS,65.159596,-21.093491
80029498d3284c969ab27cc171b0afcf.jpg,Turkey,TR,41.144326,29.168462
2992a80f10a141d9a803e08e33c5d5e7.jpg,Sweden,SE,61.889958,14.166184
4b23f7ec28cd47eaa896afb5cc39ff93.jpg,Turkey,TR,36.277184,33.474835
a9eb905e6de443bcbb9edb3022dfafba.jpg,France,FR,45.454263,2.071068
86156d46ece941a4aed4a5d03c52661d.jpg,Turkey,TR,37.868841,32.534171
a3190f50c5a04b079ebd02a45cc7b4c7.jpg,Italy,IT,40.46751,18.178468
f2b17dfb7c9940efbcfa903632a751c2.jpg,Iceland,IS,64.982884,-21.592246
a21ee477b15a40b49e6d9cbf716b182e.jpg,United_Kingdom,GB,50.199853,-5.340589
656c2600fd3949e497d0d46f026459ee.jpg,Belarus,BY,53.420691,27.122306
f97a2b77f558420fb0039eb376b440fb.jpg,Poland,PL,50.504938,16.459517
787b5332e3634e559382837934639dd2.jpg,Iceland,IS,64.879559,-13.803707
ea055f0bf72b41bc9263a7a0781937b2.jpg,Spain,ES,41.442299,1.558577
8f5ef684c2dc48e7aa764ce462e836f0.jpg,Spain,ES,40.684517,-4.620094
df530303e7cf4b1983c889c11de01eaf.jpg,France,FR,48.01381,4.36943
e0f1e54416fc43c0a12326d338c145c5.jpg,Belarus,BY,52.729419,30.322465
66ce0c0641ed4d75b839e573381b39a6.jpg,Finland,FI,61.058832,24.083158
3ddefc3819f240ce90d5a12f9c783cd8.jpg,Germany,DE,50.578327,10.936993
5f505492cffd442a9284a80a87b08ba1.jpg,Iceland,IS,66.282507,-16.408364
82e5f750cb474d52ad1f6fa12f9d9d44.jpg,Italy,IT,40.967831,9.071465
0b692c60a9144d7b83043a2f5fa5013a.jpg,Sweden,SE,62.185213,14.176863
f14d7e78b6bf4c38986fe5e4677adc26.jpg,France,FR,48.238161,-3.375142
9d70865a071b4bbab988d5345f98f1ae.jpg,France,FR,46.234088,-1.018614
f724a277602945c1a90ebbd558596521.jpg,Sweden,SE,65.567704,19.274034
fd6ba2c2bcb84ce7946db0585077ff41.jpg,Germany,DE,54.052473,9.983646
c37b5ea64af04b4ebd6838cce9d52c87.jpg,Belarus,BY,54.335391,28.57044
b9275c7e5fe549da8ebe794cd50748db.jpg,Norway,NO,60.65516,8.036733
94bfcbcef22040469bcfc73ed27213c7.jpg,Germany,DE,51.077885,13.833644
7c83cd17ba554f368768cb8b6438498d.jpg,Italy,IT,45.023547,8.151123
787a2f1cddb7494eabafefee6999ffa4.jpg,France,FR,44.942239,6.568655
8f2945bf29c64450a6d11b58578f9796.jpg,Belarus,BY,53.232172,30.586757
c8ac5915943e4f718c21d7f587c5cab7.jpg,United_Kingdom,GB,53.658867,-0.701792
a4047134b28c44128f9266e1d0f1e8fd.jpg,Norway,NO,66.317583,13.301638
481ac66838a4403d968b2218ca4a0d52.jpg,Italy,IT,38.650818,8.262431
7197764d61494cf5bf5074f497983dac.jpg,Sweden,SE,56.354125,15.577375
9b3f8cc0abf54a41a44823c87b525c89.jpg,Finland,FI,63.67815,26.21818
e6e80965db0f479bb6d95cec6f93c3ac.jpg,Finland,FI,63.147365,28.049237
980bed1107ae48a7ac1c92c1f80e3eaa.jpg,Norway,NO,62.480583,6.455667
88ab955fb447459fbbd1c440734d2673.jpg,Norway,NO,68.795455,16.537051
318492400fd74ec5ba2883b37627574f.jpg,Belarus,BY,52.304898,23.661191
f3f6808a68c84a6aa72dbdc71d9a0346.jpg,Italy,IT,41.509246,12.58194
de903128f3dd4a528151c80f326518cd.jpg,Spain,ES,40.601257,-4.899767
f03650e96ff047e9b7beee06698c22bf.jpg,Norway,NO,61.761546,8.405501
b9555b3ebcbd4ef98eb64a2d70ebfbea.jpg,France,FR,43.994231,1.124698
e8d9732ee0094c1284d572ba831620bc.jpg,France,FR,46.610421,-1.635159
83a19507d52d492bbe84a7a3c55ec0a7.jpg,France,FR,44.419577,2.317002
254f93ba7645404cba8b06bcf2504c0b.jpg,France,FR,45.775945,3.739319
7b63733bd57b47718fe973d9efb6a8b2.jpg,Italy,IT,41.365247,14.024905
cde2718349834dff97ff11b8ead27530.jpg,Finland,FI,60.498959,25.051039
76aa5e27a8864946964626022f5043d0.jpg,United_Kingdom,GB,50.979912,-0.741373
9df38e759f96457b869c1b98abc93681.jpg,Turkey,TR,37.138386,44.34417
3620856061974e039f3ef74f481b28f5.jpg,Norway,NO,61.850242,6.372447
3d5c235691ac479cac16eb4ea55775b4.jpg,Finland,FI,64.284155,29.155867
4743821144e94881916c3adb7e20a896.jpg,Sweden,SE,62.22591,17.138163
2b18e1fb35584200ba150622ff4b0c82.jpg,Germany,DE,53.3207,8.485345
bbcb97f37d0d4eff867c9286f4eaef9a.jpg,France,FR,49.71891,3.275745
b89418002fb74f9fb147d095dd64405c.jpg,Poland,PL,52.964016,20.474304
47dc8bd53d89453786225813105ab21f.jpg,Finland,FI,64.005952,27.423579
c1ef3abb541a48a08bcb2c219fa32bc6.jpg,Italy,IT,36.75188,14.97577
0cd592f90b2347c7881e892b18d071d0.jpg,France,FR,43.699774,4.537026
c38866c3e0104f9e98cee2cc139027b6.jpg,Sweden,SE,59.938709,13.55337
35312193cef54d7fa2da10db15e0087c.jpg,Germany,DE,51.755362,12.984194
c5c601ec6e0d4b9c8eae286e1e2781d1.jpg,Italy,IT,41.66043,13.605596
37378834d7c345dd97578155494b497d.jpg,Finland,FI,65.679861,29.114293
683d94a1636c4414b5eb4123272ca3b0.jpg,Germany,DE,52.644584,14.53638
c7d5acbe5dcb4675b00e22e13152a4f5.jpg,Norway,NO,61.937187,13.011541
9ac0e49b634a43b2b78b1905221b810d.jpg,Iceland,IS,63.567348,-19.855503
9a028ec57b9048448e22053b6c39d82a.jpg,Germany,DE,47.994893,8.023358
5bc7c96b51504b0590f97b10341627e8.jpg,Finland,FI,62.464361,22.067496
9d2f44362e82432b948a493535b9a052.jpg,Poland,PL,50.674478,18.649124
11aa3b2a509947caa880fff46684a978.jpg,Norway,NO,64.743823,12.846214
606e95933517401c9c338c09ee837e54.jpg,Poland,PL,53.564135,17.297759
eb8a9ca047e848368ee52ed5293dbc97.jpg,United_Kingdom,GB,53.251856,-1.44785
adb0f00850fb4b438fcb3c7a32b51bb6.jpg,United_Kingdom,GB,57.163975,-3.687504
b361d4aecb45439e8cdbf696671b0aa3.jpg,Belarus,BY,56.027971,28.372816
3791c47919254c5bb2d6c1643d9c971b.jpg,Iceland,IS,65.797196,-19.938254
724749ee982043aaa843649235a5787a.jpg,Finland,FI,63.057436,29.80908
14ba830dacfb42ec8e0ecce239a733d8.jpg,Spain,ES,39.519581,3.287335
57c809d6ee374e20a7a58e272b1abdea.jpg,Iceland,IS,65.614,-24.212991
33cfd6f159004228a87b584177f9cb42.jpg,Belarus,BY,52.0407,30.50996
0b4fb2c121ac479497f640a063c833c4.jpg,Iceland,IS,64.256819,-21.368206
b8cf29109d67483e9abd006a7ef9cf0a.jpg,Norway,NO,58.622266,8.896024
0c36c831b9ca4974ad2643595f7b22cf.jpg,United_Kingdom,GB,56.269644,-3.318502
b0fed7a35109409496a9a9c1c319edda.jpg,United_Kingdom,GB,50.508885,-4.697502
6f548395023a4d739f22a8d7345c1c7f.jpg,Norway,NO,69.262466,15.961257
2099b1b8b4a347f8a2a2819efb6ec21e.jpg,Poland,PL,52.786791,15.17262
21b452e2024f4cf09e454060ee314584.jpg,Belarus,BY,52.373761,25.950151
ee5aa3db5107471eabab3a2894c8579d.jpg,Norway,NO,67.155284,15.467767
86bf06b603c54715b231d59e47211ebe.jpg,Turkey,TR,39.539955,43.988424
4ad45eb66e8a4ed0883ff94cb7175f92.jpg,Poland,PL,54.244746,16.563825
9879a20755254e02adafdd11f0e4edb5.jpg,France,FR,45.744849,3.793346
e2aa08cced0248d5b00f9c2c09348995.jpg,Norway,NO,59.755303,10.569453
0755e2a791a94fe2bf81f17ef7b729bd.jpg,Finland,FI,65.909199,24.101246
80c9fb171476408c975aaefb292d5724.jpg,Sweden,SE,55.531331,13.349853
6e26f65f778e40238d33dccf090768c5.jpg,Germany,DE,48.816088,8.429603
172e2bed96044727aafdb9cebdecebfa.jpg,Sweden,SE,59.58412,13.16943
987993dc824c408d9d8b25ad86a57f96.jpg,Italy,IT,36.843245,14.457916
081fad65b6184a74b9525d282327919e.jpg,Poland,PL,53.463153,16.367078
1c718d69698947009b28a10b9b2b0d18.jpg,Spain,ES,43.662866,-7.602585
3da036bf1da54487a50b25edd0a33b8a.jpg,France,FR,47.119156,5.371658
0dafe2d6fc90479da26447798f64693f.jpg,Iceland,IS,65.926596,-22.438013
7ad0c69479bf40ab8f8255598f98e6ac.jpg,Italy,IT,37.625233,15.159198
6820d0b38f434d939259406a51c5dd69.jpg,France,FR,46.267917,4.072018
af50a69b0c8e44aea8904f21e197142a.jpg,United_Kingdom,GB,55.0471,-7.397414
be2cdeb1cb814fddaf5c2d8f876f8e12.jpg,Iceland,IS,66.170838,-23.417174
8693964882e24829a766415a02ba6982.jpg,Sweden,SE,67.969163,19.963645
9c83c35295624cc59231d639ba1ffd8c.jpg,Italy,IT,36.833029,14.727737
49e4d407e70143f8a649a5dd998d04f1.jpg,Italy,IT,41.000731,8.901784
b8cbbc485a2e443bb6ea89dd5c8c3a18.jpg,Poland,PL,52.381076,21.122096
ad2e178db8b6450ab8f9d433b8142485.jpg,Sweden,SE,62.317838,13.772551
708e243f35df46cd9491edd630aad5ed.jpg,Belarus,BY,54.72232,26.048922
fc9d2daf9b114c69af8e87f6ba5531c4.jpg,Sweden,SE,64.337785,20.51857
cd2fd4010abb45e89e30cd53fdfaf604.jpg,France,FR,48.062061,-1.977106
4220e4d08941478593470087efdc58cb.jpg,Finland,FI,67.628428,24.204299
711e3fa5e7b74203a1e94a43554b7b44.jpg,Finland,FI,64.787787,25.542515
2930ec2a75354f7a98d4438acdc0f61a.jpg,Italy,IT,45.8722,11.651129
4a13a5cc41cc431988f6613d2c231afc.jpg,Finland,FI,64.80352,25.510789
d96730e05b68483781ed927b97e7bfd9.jpg,Sweden,SE,67.867592,19.315389
bd6c5e7c4dc64494b70a97b866722377.jpg,Belarus,BY,53.248953,27.152179
855851cd6fd34993902ebaf3b4d857e5.jpg,United_Kingdom,GB,54.551251,-3.211184
1f6cc3115e804c5eb2e0735d212eb61e.jpg,Italy,IT,37.956651,14.954485
ed41611072e449eba73a287a0b749391.jpg,Norway,NO,61.117543,9.096984
534e3b762fbc4e119b81899799f74650.jpg,Turkey,TR,37.28934,40.712616
5daeb15ca40d413c93a95779ee1ed5ab.jpg,Spain,ES,39.038644,-1.907489
f8d654b8e61b424dbface51d17b20664.jpg,Germany,DE,47.852998,12.516586
6c1bbf81792e40029335c191a83ecbb8.jpg,Iceland,IS,63.690435,-18.337182
6cc61380f5bd40bfb2c0c309c33ee3cc.jpg,United_Kingdom,GB,54.832253,-2.432403
f0105006df5a4a6698a0fdb836afeb07.jpg,Belarus,BY,55.226249,29.985494
45bda4d8e36d4507b86e11da4ab82a3b.jpg,Spain,ES,39.513313,2.76595
6e3368fd21e34f2fb5a35f9ffcc4571a.jpg,Poland,PL,53.74462,22.747075
21c17419bcd5433c932d1c94331134c7.jpg,United_Kingdom,GB,52.09825,-0.927417
5f6f4d17cab5435c9abcc2951f7f73e6.jpg,Germany,DE,52.151155,11.429363
d4540ccc1e034355bc6737659af0014e.jpg,Finland,FI,62.314165,29.831165
b1b5c1f627564851bf6e7eecd8c50718.jpg,Italy,IT,44.911918,11.857416
c3b3f364a2594a02b99014745660189e.jpg,United_Kingdom,GB,56.569212,-3.311706
119f5dfa9d3747d78770ec3a85390698.jpg,United_Kingdom,GB,54.253752,-0.419759
8d97fde285c145809c7c25dc470ad731.jpg,Belarus,BY,52.499828,24.811231
3a4d7bcb6e2f421ba1a66eee7ebd0dbd.jpg,France,FR,47.862651,-2.524701
02fcc433a3684106b68a8457cb7ea6a1.jpg,Italy,IT,44.516523,8.9887
2be70845ead040fd9ae79d4d63e67515.jpg,Finland,FI,64.153272,28.256495
45de143fdd5743da8ea79f8627c04153.jpg,Sweden,SE,65.462118,16.822604
ba2e76321bd84a8e88f7ef225382afc2.jpg,Iceland,IS,65.109178,-14.329833
2d7c34adf47c4b3a80da041900a79097.jpg,Poland,PL,52.045783,20.412294
e2f375a2d5dd4b6b84e37837ff9c95ba.jpg,Germany,DE,47.950359,12.891957
4ab119e3ca5d4f49a670def065888d81.jpg,Sweden,SE,59.461055,17.007971
a544f4ab48fa4a31ae39041d6fe49936.jpg,Turkey,TR,38.82007,34.043699
011cd0131f1b4a7db7a62155c7279d37.jpg,France,FR,47.289175,1.796063
b68cfe8398f74597955343a163c6dfc6.jpg,Germany,DE,49.916962,8.757513
a5dfc52be00b44209865d6b38d817563.jpg,Norway,NO,58.039906,7.610576
83c4c72c7e084095b018cbdccb03df09.jpg,Germany,DE,53.131801,7.807611
6d9f0c6d73b240febe3680f216c18b86.jpg,Turkey,TR,41.290533,36.218134
03cc694911264258ba907f8b818e606d.jpg,Poland,PL,51.480985,21.469338
3bf0fa4b9b2145469b2ae44a318a8892.jpg,Germany,DE,52.491966,14.119879
da9150f8e12f498dbbb0446cc901d562.jpg,Iceland,IS,63.507824,-18.860086
d91f29b51d894f79a5656e4b734d4413.jpg,United_Kingdom,GB,55.723452,-2.679299
edf94d0f20c14347b2524b1c8d5c3ddc.jpg,United_Kingdom,GB,53.900356,-1.488443
749c6a7670104332a5636ed4b59d9298.jpg,France,FR,43.85156,5.032602
df5cbeff950d4eb8b069a1bd0160cca7.jpg,Italy,IT,43.239056,13.525492
0bbdfe3584c24a4692f7784ab59d9d6e.jpg,Norway,NO,60.276865,6.375572
d33bb71a35194864a6b0e74364637b4e.jpg,Sweden,SE,60.496411,16.107689
c51a2d62ce654955a50b11f17098feed.jpg,Germany,DE,51.536783,13.971422
ab71d6fd23b74eddb3b4bd9043cb3b97.jpg,Finland,FI,63.146978,28.048931
5c2466d4f9734188beddd8b11305d53e.jpg,France,FR,45.584076,2.414842
5d99f58344f04bd6bbe15992a05aefb3.jpg,Italy,IT,44.064179,10.441614
f0023aa9a3f34a98af05b676dd71ef2d.jpg,Turkey,TR,41.31439,27.680343
4fe37557a9c843ff857ca1852571d457.jpg,Italy,IT,41.071664,9.210277
3975add91b1c409297b24fd3406a87e0.jpg,Sweden,SE,58.861992,17.82772
2de254252857416280df341269690540.jpg,Spain,ES,43.337925,-4.992945
be67600d19f04a5095d852597f66cfb2.jpg,Italy,IT,37.718488,14.038213
1143ddc7ebad4839a50caaac1f40cb26.jpg,Iceland,IS,66.128325,-18.895811
61e679e78d8e4766b7a37d5a5ddef115.jpg,Poland,PL,52.447733,21.646522
bf5db98f96c14f7b9d11ab4e41e6ec0e.jpg,Finland,FI,62.281361,25.726093
6b221411b3d64704ad92995abd060b18.jpg,Finland,FI,60.524505,24.57356
710857f95b7f4681922a3170acf3e435.jpg,Spain,ES,42.15147,3.026452
422a9ac681404be7a603fb35517b4d03.jpg,Finland,FI,61.099448,23.252536
03afa1a25f3740b28637e64ffd368af2.jpg,Germany,DE,53.454319,8.344698
3575ebc3c7c2463da8fd9e5b472da6f3.jpg,Spain,ES,39.703891,3.087014
9deb681cccc84464bd5e0e74d276a2c7.jpg,Spain,ES,39.476626,3.248868
c9c3ab7436a446ea82e2669937859bef.jpg,Italy,IT,38.037955,12.709249
22d7848683f74f70a837f81838a28a95.jpg,Norway,NO,71.00961,25.894459
f173dfaef80f434f9a28df9a55041d50.jpg,Finland,FI,61.180659,23.002175
18bbc04577124333b21fd7f446f7463d.jpg,United_Kingdom,GB,56.798628,-5.803022
d1360cf6dcf34d3b90d3c3228704aaf0.jpg,Italy,IT,40.951472,8.871
48798a569c744d9194200147fd85e2e6.jpg,Norway,NO,69.205414,23.619852
f4bc5341fa2849ffabdae5982aa4e7bb.jpg,Belarus,BY,51.928438,29.576374
5b0d51b0ce874772b10305c5f5808841.jpg,France,FR,46.172395,5.288663
c7a00cf6acf543b9b0949e89758efbc4.jpg,Iceland,IS,63.943358,-18.652809
f34b99722eb647e995004541fd2c2680.jpg,Poland,PL,54.135739,18.721373
4224de4f082e494a9774871b005b5011.jpg,Finland,FI,64.407709,25.827226
c7a2bd358a91459d97d00e15b0a4cb87.jpg,Sweden,SE,61.835335,15.841833
e15f65a19c7248feba25d39f5766a341.jpg,Norway,NO,66.329463,14.102175
8b21ae914b4640b6b46e22481e74831e.jpg,Iceland,IS,65.866301,-23.325932
0faeff6bd8904c02a80e663bfc58843a.jpg,Spain,ES,36.724255,-2.871589
b6d72e9d96b14f269b02501068de09c7.jpg,Germany,DE,54.796921,8.976985
225d78abba584b55829df7fc451dcc20.jpg,Norway,NO,60.423563,9.471005
2238967145884c64b6dc60966f551776.jpg,France,FR,43.951631,5.046759
280b9ea032b54cf08da7917408559586.jpg,Sweden,SE,58.292968,15.629973
9f04bb14127b4383b923740298d4b876.jpg,Italy,IT,41.028628,8.949332
75a57046081b40b4aee2678add90394e.jpg,Belarus,BY,52.606424,29.374216
e6cfbf4ba8864391b385e9d66ab96d36.jpg,Norway,NO,67.346378,14.54295
f6b263cb722e47998e76bd8613e9597e.jpg,France,FR,47.279471,3.86013
c472375c6ac04401ac624db019590693.jpg,Spain,ES,37.69595,-1.696125
d91407e392be421ababfcfcb3c95af40.jpg,Poland,PL,53.091977,14.944766
71b1a738f4f24d97b13477aebf125770.jpg,Poland,PL,51.471647,23.539138
3153bafdbce24cb4ab57db96dba053dc.jpg,United_Kingdom,GB,58.464777,-4.903575
8baf8260c36a417d913eecadb7e16d41.jpg,Norway,NO,68.439475,22.47126
b8bf150ed1ce4de59993c15469fffc4c.jpg,Italy,IT,44.369709,8.031063
b48ff83b062a4d78ad85a89616463aa2.jpg,Norway,NO,69.612478,18.938375
c079604f99834938aad6ac78f2d63d05.jpg,Sweden,SE,64.378319,21.381875
8d34a5885af9466e88794caeb869eb8f.jpg,Turkey,TR,37.78384,39.490982
25876dea885c4e16a0db3769d196754d.jpg,France,FR,42.250137,9.057913
2066c735483b43ef9dd0db775907effa.jpg,Turkey,TR,38.855913,29.278934
014788dda4ab4cd0974ac28a0bd448a5.jpg,Norway,NO,66.469251,14.856078
7be413bab395454daf663a61614b49d5.jpg,Italy,IT,40.817584,16.937368
2a959302707942aeac0867783cec0f8c.jpg,Italy,IT,40.767958,9.161889
edbd49d1674f400791e6d1e01ee4bb39.jpg,Norway,NO,59.686158,7.551419
4f9ea5f3fb644ea5893db789704e30a7.jpg,United_Kingdom,GB,51.110941,-1.673939
01f43d18fb644adebebfc2358b031672.jpg,Norway,NO,62.957201,11.011846
64fa2717d434444ea6ab1828d7d19c18.jpg,Italy,IT,44.170837,10.264871
a5d1583f784848efa048d825b34ebc5d.jpg,Belarus,BY,51.636377,29.080056
1d99902ee846469ab7374cf5767cf82b.jpg,Iceland,IS,64.833042,-23.949241
1fb03553d15549d98122a2a3b8172cb6.jpg,Belarus,BY,54.725033,30.433098
0d7e49be675d4b64bdf182bff7caa096.jpg,Finland,FI,60.984228,22.089863
78732f84a3c044d186db05bdbf1df65f.jpg,Turkey,TR,36.252412,29.956167
0303bda7f053467fbb6260ca8c762788.jpg,Sweden,SE,60.692346,13.707227
aa27af38ec804d4baf605854252eeb5c.jpg,Italy,IT,42.40682,12.108696
84f643a5d70d4dae8e68f6989eb509d3.jpg,United_Kingdom,GB,57.782351,-5.037308
bc4a30fbd5bd4d7fa01ce5bdfd607d5d.jpg,Finland,FI,68.678581,23.325838
ee4ca594ff3247418a1151c4b544c27e.jpg,Italy,IT,43.337201,13.346779
85be254c6cfa4622a932f712280681ea.jpg,Spain,ES,42.024263,2.986053
b7b0f85f6f7045f68082dae2e349b2d2.jpg,France,FR,43.644337,-0.894385
c26c261c4c39455eb384720744acca68.jpg,France,FR,49.198823,-0.29326
378c7a955f574de0ad6caed24296b300.jpg,Iceland,IS,63.483745,-20.176067
54fef4db8b994a7fb8721c6b864d8443.jpg,Belarus,BY,53.227654,27.261457
fe2712590da643fdbfd1054f70fcf062.jpg,Spain,ES,28.061374,-15.503301
7b7cb0f84c884b0f9caa87e9d60216ae.jpg,Poland,PL,51.195742,16.018528
8136c972473646539e6850e21f6809a7.jpg,Finland,FI,65.724833,25.203418
09c2b2161fb1443d9e1e37d46066dd9d.jpg,Iceland,IS,64.369062,-15.312567
6808985b1e4e4e46bbabcb97aa6c7338.jpg,Poland,PL,53.795289,16.441727
a777e7de45464338b42dbb2be945c0ca.jpg,Finland,FI,68.018824,26.945526
673f0453a36942a0963d19671d2636e6.jpg,Germany,DE,53.595957,8.318884
692c581e2fde446199eb070aa14fc9ee.jpg,Italy,IT,45.328528,11.002406
0726b3e6993142cf919907ab58259ad0.jpg,Poland,PL,54.339018,17.856196
70a9ff862b384b129bb9e28a7f475e67.jpg,Italy,IT,40.790392,16.419336
c4c8aa15d5d046a69f83d6219ad445bd.jpg,Norway,NO,59.422464,10.706679
cfe9b91aafae4b079839f7c64239003d.jpg,Turkey,TR,41.642205,26.7513
3ff426ab94f44c059c54f1b6a09cbb19.jpg,United_Kingdom,GB,52.433795,-3.776592
edada394fa914141af23a5c422867a71.jpg,Poland,PL,51.312087,20.988604
216c8f89888b4361853ee7ba0b0a6e65.jpg,Turkey,TR,40.013586,32.697056
ac8d00b6095743ed8f77c9e86e7c11d8.jpg,United_Kingdom,GB,56.312798,-4.72806
c45363b7ca5a43698ff35d0cbbe37ed3.jpg,Norway,NO,63.584225,8.96191
ad828baffd5e4c5d9a851d297aae162c.jpg,Germany,DE,49.38639,7.842707
486ae374e5bc4d8ba33c23b44b9eedeb.jpg,United_Kingdom,GB,55.81367,-3.298209
087ee8c640d24165851560f286210a84.jpg,Turkey,TR,36.882899,30.626014
1595f21237584862bc31f1648adacf59.jpg,Iceland,IS,64.979012,-22.845335
462882aeafa14de59e4fc589bc1d9499.jpg,Turkey,TR,38.694272,35.611705
c6fe5f627bb447f19cce19c1a7c695f2.jpg,Poland,PL,53.625239,20.765498
da28a228901f429eba19fe989a8b4141.jpg,Norway,NO,61.878139,12.660124
cfdf0979a9954e4a934d235ef0597669.jpg,Sweden,SE,64.077023,20.775767
65706a7f1e8a455382647dded0ed5cbb.jpg,Belarus,BY,52.971379,30.606732
ba43b7debb9d407eafd10641d6c65b2b.jpg,Turkey,TR,38.261159,30.186317
ec96421be7b2438c8cb93ac6b8c6bd96.jpg,Germany,DE,48.028075,9.090447
d746f5a5bb5046229480ba199a65adc3.jpg,Norway,NO,59.27329,6.206296
d0e6951ffe5e41c78fe639f33d4aab2b.jpg,France,FR,43.032723,1.553615
c13fc4e503934f6eb20386c89c9b338e.jpg,Belarus,BY,53.131743,26.941672
3c21f673a4974ad09e0c05ab954222cc.jpg,Turkey,TR,41.41228,31.905386
7422582bcc8444669a52a994a9b7a1eb.jpg,Spain,ES,38.525041,-1.675094
96c40306d67b4a7085d57447bd147e36.jpg,United_Kingdom,GB,52.390261,-0.602995
061280e864e34f96ac22414f154ac568.jpg,Germany,DE,53.671187,7.473126
f9e7244b76bc441b8e4fd8e7141112eb.jpg,Germany,DE,52.045903,10.649921
4b7a75a8e9f84694af2356394d999f34.jpg,Norway,NO,68.855995,17.975436
71423957f8d249908446426ff71b70b9.jpg,Italy,IT,45.192107,10.968573
17a9d20af793460381af4bc442a47c4d.jpg,Germany,DE,50.354742,11.552608
7955da85f5a841fbad4fc3e0ddc92167.jpg,Spain,ES,39.332135,3.106505
4bee275cd2cc4d02a966a0c6c3678c9d.jpg,Belarus,BY,54.959434,26.626166
5f736dafc3ee41b8a33cca2b504ec758.jpg,Poland,PL,54.111781,18.691341
bf000457d5714ab891d48e6d8dbce186.jpg,Finland,FI,62.570099,22.745907
e65ca9f0c9f946239fa257bc20a1df6b.jpg,Italy,IT,40.593841,17.773062
afa4e298c2844d2b88943fde2c0f0bc2.jpg,Turkey,TR,39.554571,40.04455
996060e4403d4681b0e9785c4a16a4e1.jpg,France,FR,42.962556,9.403071
ebd1ac4a0e5943f495da580e81bc0107.jpg,United_Kingdom,GB,54.536591,-7.22963
6730f725dfd749ffaf2eaa51b9407ed2.jpg,Norway,NO,58.800378,5.600375
14a268a014574ee3b563d0e173addde7.jpg,Sweden,SE,57.37232,13.478941
b590fbe22b164a9f97f66e5c8b3f4aca.jpg,United_Kingdom,GB,50.612053,-1.35517
c0eaf207b1db45e7bc548b4f95888813.jpg,Iceland,IS,65.807319,-17.563097
feee493a910b4bb1a8bae25dc196ff50.jpg,France,FR,43.464629,3.40176
e4b800d03ced46edad54faaebf14e2bd.jpg,Iceland,IS,65.654378,-17.855839
55bfb5f4a7c0465abc4b3b3349b4bb15.jpg,Spain,ES,40.807184,0.163785
f08110ca890b4366871db243b0ce51b6.jpg,Sweden,SE,59.761521,15.895004
b1c3ff3641f147baaba4e1bb15f22ccc.jpg,Sweden,SE,63.517014,14.850669
6b5a937fbd4c493da8cb5e40a6362135.jpg,Turkey,TR,38.392576,30.222073
1fd7bd2201a64100aaacb78e51647b86.jpg,Turkey,TR,41.53471,27.833521
56d796c48e2949e6bf758b5eacce38bc.jpg,United_Kingdom,GB,50.712162,-2.485409
b103279b57694b46b43d3e49e48bf78c.jpg,France,FR,43.905822,0.334496
670d58acd23f491e85ec572a1b491502.jpg,Sweden,SE,67.098068,20.4468
9ed0d050e3234b9e89d5cff42dd0965d.jpg,Sweden,SE,61.431867,16.06693
33fc26d6804742aa80a577bbb9d02e3f.jpg,France,FR,43.364337,3.178118
83451e4711b84135979873c84820edbe.jpg,Norway,NO,69.436642,19.251199
d7ab26e0944a456b99eee500257bc5c9.jpg,United_Kingdom,GB,50.121797,-5.44297
1741d9a65d9442d890f35d0cd20ca2b2.jpg,France,FR,42.02809,9.414713
f84dc98ad944488ba6411ecb06d4bad8.jpg,Sweden,SE,63.717556,17.745612
703a70cf15cc4d21a132cad29634e5d5.jpg,Turkey,TR,40.084209,40.424403
06fb0672fb3e4609bafa12da5236b2a0.jpg,Belarus,BY,52.223114,28.797792
13afc2f382414855947204a0761dc171.jpg,Germany,DE,50.457342,6.793115
e2af99ce162f4892a9f798f785eb288a.jpg,Spain,ES,27.862246,-15.502188
5c2df5956f234b678df7cb51ffd39cd7.jpg,France,FR,43.237116,5.502842
be28d391b4964387afd1e0f4a03b93c1.jpg,Germany,DE,51.139035,9.723032
42c908f2017f4e338eab2ecfc0323fd5.jpg,Italy,IT,45.746048,12.202128
40ac0cfc732e49e1be5cb2c6a280ca9f.jpg,Turkey,TR,38.786947,36.467689
c9f9da4a1cfc4b25ad2df11744ee6907.jpg,Poland,PL,54.776636,18.405332
6373ac7b42ef423d97de5027bfeb016d.jpg,Germany,DE,51.764687,9.501507
2e5301c1af7d40289762da4399e90ad5.jpg,Finland,FI,62.542066,24.046607
e85b19a15394446488ba4a5537a62f53.jpg,Belarus,BY,52.49801,25.843634
e8411b633a9241308747bdeaa83a30a6.jpg,Belarus,BY,53.473673,26.419556
157cc474f32f4cd997f650ac192b1220.jpg,Germany,DE,52.050287,14.254184
1bc1d50e7554495492245e048dae9e42.jpg,Spain,ES,39.931881,3.827084
4f5f5f745e904b648e7115b1a60b9e2e.jpg,Italy,IT,36.765977,14.669636
8c079530afdf40649b366de2b7deb2c4.jpg,Spain,ES,39.688449,-7.629331
b1332408fd5348ec9b9eb0fe4959d7e3.jpg,France,FR,46.508821,5.310979
887398f6a3af485b9475271c55ccf063.jpg,Norway,NO,62.94322,7.20125
effde20543d54c85ab59a3b900363d82.jpg,United_Kingdom,GB,50.663986,-3.769693
9d53713867194cd1bc4868a7b92f3fad.jpg,Turkey,TR,37.692463,30.350293
93ff5bc05d01431aa2dc7d93bb48fa64.jpg,Turkey,TR,38.221927,27.253593
665e9c2a13df42bda0550b2c8689aa92.jpg,Norway,NO,60.439508,7.789686
994cd0c389f24bee9dfc27ccfc920938.jpg,United_Kingdom,GB,51.404269,-1.710589
1780e5efac2441899959a8fc3c75c31e.jpg,Italy,IT,44.505133,7.616886
ad06d6c69ae04b7e80989423788319ce.jpg,Belarus,BY,52.612886,30.85318
5c44222d0cba4b78b518228817c0b11d.jpg,Spain,ES,41.612038,2.26656
b2e573a5200f414eaa6761c549c7369d.jpg,France,FR,49.32617,3.671397
1b95e43fc59b416681b17098ebd13a15.jpg,United_Kingdom,GB,57.822505,-5.06339
db19a75093804d988cbe05bc655a23d0.jpg,Finland,FI,68.004887,24.086051
4683115ae8ac435481b69293468c312f.jpg,Poland,PL,53.961425,17.107625
8d2357072ff94d5c8c699e5af11c9a0f.jpg,Turkey,TR,40.964481,40.534978
4268ad8cd7304480ad13fc67778936d1.jpg,Spain,ES,42.767198,-5.071515
3b4daa37c6be4e809c5d15cd2a6e7650.jpg,United_Kingdom,GB,50.072577,-5.240064
3ac69f45fb5841389dcf6f99277c8f50.jpg,Italy,IT,36.913522,14.442323
bc005d841a2f472288f41ee0712f1542.jpg,Finland,FI,60.872786,26.289743
661295af49414a15a69c6666c7b6f122.jpg,Norway,NO,60.737006,10.2382
fb91311b4bf14385a5a4266985cb9c38.jpg,United_Kingdom,GB,54.611694,-2.065502
411fcd21ccc2462eb73855394a531f88.jpg,Sweden,SE,60.177804,16.285333
5713b3d707d6442daceaaeeb0042c767.jpg,Norway,NO,64.028629,10.080843
31fb16d950bb420587c52c3e4bdffa28.jpg,Poland,PL,49.98295,21.479
61707b0e8ade49b0924b31fd165284c4.jpg,Finland,FI,67.948201,24.032038
cad11f64063b4c379e16407f8772d0fc.jpg,Spain,ES,39.440571,3.235009
b4992c58b51a4f51ad905e24290c852c.jpg,Turkey,TR,40.642396,29.398549
18cba29eac1b4051955dd5d68fee5e04.jpg,Italy,IT,36.795998,14.509037
298ba9fb0efe4d74903569f985742d14.jpg,France,FR,47.633338,-2.989563
88d49067ff914c3ab7170250d1c56901.jpg,Sweden,SE,62.065021,17.136773
7ec6b02c37fc46338cb0775eadaad9e4.jpg,Turkey,TR,40.999268,31.992333
94cfd4f95e314e6a808810d72d9ef7ea.jpg,Sweden,SE,65.340937,16.04993
e16c41962fb84a7b9c5b296ef420ac4d.jpg,Italy,IT,40.896219,14.307214
ab63b0a8089a40fd80851e23f2864318.jpg,Germany,DE,54.64195,13.380937
3e6dfd78c4f4458289d4007e806d7fe7.jpg,Germany,DE,54.460789,9.148157
db2d19c61e0e4ecba628fea3ce91b540.jpg,Sweden,SE,58.319156,12.790328
7ccdcfd5a1cc468aa1aef28331f4d598.jpg,United_Kingdom,GB,51.565305,-0.556271
09566f71a066472c8a1489874641403f.jpg,Turkey,TR,41.469507,36.106126
d88b6a93257540a9805203f10ee4118a.jpg,United_Kingdom,GB,53.205314,0.166748
8fac984f86f543aab683617f425922f4.jpg,Turkey,TR,37.124435,30.541094
004d6a54456c4568accb522ab7ef6736.jpg,Belarus,BY,53.483668,26.399052
b9d313b2bd41404480ac8bb26f5340db.jpg,Italy,IT,40.038959,15.307518
f5669dbb758f486ba193a9e756647928.jpg,Norway,NO,60.779146,5.873446
035d42abc82b4f12bc8d57d1398e18b6.jpg,Finland,FI,62.904425,30.219035
7e92035959ad4190aed55d86a8023215.jpg,United_Kingdom,GB,51.655962,-4.813006
84f731e43397487f859e3bacab936eee.jpg,Finland,FI,61.115098,23.199209
2d7a599d964e4864a425a43387d3e4c1.jpg,Finland,FI,60.242717,22.947205
6a8981dc9a8641c5b9bf70cacb03b945.jpg,France,FR,47.776098,1.75054
70c54efcb54740ee87a666b84d60996a.jpg,Norway,NO,59.613382,7.420514
142018cfdfe44f88ac20afb75453c8d7.jpg,Sweden,SE,61.509374,14.849688
bf357d821df64cd3abd2b48cff9f8a8d.jpg,Iceland,IS,63.852498,-22.26444
aa5eb2ff4f014b6682928e6f14ba09ba.jpg,Italy,IT,44.456561,8.044564
e2e9eeb0a5944736ae614067782d0900.jpg,Norway,NO,65.035963,13.276254
f4fb95dd26634526b548056ca8efc8a7.jpg,Finland,FI,61.106178,22.877677
3f259c4276f445e0b046d72774245e97.jpg,Spain,ES,42.455701,-6.13377
8eee503a148140518feb4f51607935ea.jpg,Germany,DE,52.100892,9.91935
e81def59526f491bb8d2398fa0cb3207.jpg,Italy,IT,45.117925,11.669355
7ac37e4e85854c52b8716764a2cc8ed8.jpg,Italy,IT,39.292201,9.589428
214af0c883ef4058b7e280a7cf783f07.jpg,Sweden,SE,60.978921,16.415239
5ff6ce99335c40b5bcf59703c4685f4e.jpg,France,FR,45.946213,0.439878
e299d405424843cfbffc85c3555fac3c.jpg,Belarus,BY,51.702531,30.34821
018417aee54c42c292dc8dc2f9cfa9a1.jpg,United_Kingdom,GB,56.021766,-2.841525
ca12e7b99e4c4092a02dc7b5552e409d.jpg,United_Kingdom,GB,53.126262,0.29747
48283a5942ff4050a185118676a813fb.jpg,Germany,DE,51.224737,11.970631
c72792bb35f64be09e8d650f266c47c9.jpg,Iceland,IS,65.764133,-23.918904
49bb9f5239b24b868dcc593f63903e96.jpg,Germany,DE,54.244428,10.590835
4eb527c27a8c4154ba5f5859622f851b.jpg,Iceland,IS,65.911059,-19.396349
74b030748835443db95f8617cc88ac21.jpg,France,FR,45.883507,5.989569
85a6422d6bc545918a7007b70bbb4381.jpg,Finland,FI,66.726201,25.454301
f9435f572cdd40a796871b231c8666e3.jpg,Germany,DE,50.000302,9.334376
a9024ddb6b6d474fa70cd95b1c04f7f2.jpg,Italy,IT,42.558856,12.517622
8035a64ca06a4c458ed971a1b3bba08c.jpg,Iceland,IS,65.205097,-14.487893
4fa01748c7874a36839c32b15123ab01.jpg,Turkey,TR,36.705251,33.112627
bcb8834a12cf4b6ea94b0af5051eb028.jpg,Iceland,IS,65.679495,-19.603157
c053840bb8e14e72a673f361df506ef5.jpg,Norway,NO,70.296526,24.174526
6a728da95ee24ebda4101c6eeac2e081.jpg,Belarus,BY,54.166565,26.461252
caa9f2d9d5854de69b689dd551b2c99d.jpg,Germany,DE,48.988377,10.88424
09dcc5208c664cc7bebc6d421b39e389.jpg,Finland,FI,62.91159,28.765358
ad19416ac088481fbd837467ade364c5.jpg,Belarus,BY,52.156136,26.091831
d83672c7d05f42f9a3e6f0b57166d53d.jpg,Germany,DE,52.168606,10.472802
5c5dc165d1134b28bf0b4b8d0bbbeb61.jpg,Italy,IT,40.830539,14.563944
dde23ac5b49f4a9fa251ca111998464b.jpg,Finland,FI,61.457804,24.746751
e75be9808672455c92c9aea75c5046cf.jpg,Spain,ES,37.30302,-5.924733
39f684ca02f54c88a5fdb26c65a741e5.jpg,Turkey,TR,40.929043,35.15657
14991449bd8241359d6a4a52b1cdbae3.jpg,Germany,DE,51.622136,14.08093
189f5f617f4a487cb2f97bedb7646bd9.jpg,Norway,NO,59.547849,5.695662
5ca9a803184240b680a5b43037c0ee7b.jpg,Poland,PL,50.68331,21.141001
037db81e9d9c4c3dba8d632c8d5f23b1.jpg,Sweden,SE,56.975206,18.314161
1494b44b14a649f3a355d43c4212f8f8.jpg,Spain,ES,28.779701,-17.963034
c0283bb437ed4dbbb4811bcd9c41ddd6.jpg,Turkey,TR,38.304725,43.145444
6781b5e433174bd88c5b4b046bbb97ce.jpg,Sweden,SE,60.061428,15.891086
9400f27675c2479fa8019cf7642f2f9a.jpg,Poland,PL,53.338786,22.460341
5b63035daad54543a90ce1e6a92e57da.jpg,Iceland,IS,65.944783,-19.412038
8f6f4acd6bd04aad9d5f878c3dca7e32.jpg,Norway,NO,61.65758,8.163929
d11e92233d7c4507b333099a17953787.jpg,Turkey,TR,37.787755,27.275905
61a525f522524e04ad5d08b462192897.jpg,Belarus,BY,54.472637,26.397905
2e8f018a780e4fe89c2fb815ee561788.jpg,Italy,IT,40.997164,9.222957
a6b22673bcef42f88707eeacfcdb1cd4.jpg,Belarus,BY,54.477797,28.654856
eebdfe5201824fc8a8a45f740ee0dffe.jpg,Poland,PL,50.242799,18.643505
9c52975ec4ac413b80dfed54b0a205a8.jpg,Poland,PL,54.184116,20.105549
10f4906b590b446c8cd549172522b0c5.jpg,Finland,FI,61.036514,22.07533
6082e74c430b48d6b9ea43cf8f41aa72.jpg,Poland,PL,52.061518,22.292929
ce97289e9f384ef1bfcf01479f74d7bc.jpg,Sweden,SE,57.651015,18.38467
af9927dba39f40a0b3b55fae13098aa5.jpg,United_Kingdom,GB,50.313732,-4.850217
f163cae856c4491fbad63b02d8f15e04.jpg,Norway,NO,67.102547,15.469368
93a07c84c24141eaabbb37bb983c67eb.jpg,Italy,IT,43.523707,10.616427
7a6139449ea548f5ab8dc63b2a5e0b21.jpg,Norway,NO,69.234026,19.332439
798ec7b26c7b432e9fdc7f850ea1ccea.jpg,Iceland,IS,64.419587,-14.595558
543f041a613f472f9604adca358921fb.jpg,Germany,DE,47.908264,11.335501
efcdfefffe1c4c91a9c6407ed5932983.jpg,Spain,ES,41.949002,3.105779
3f95fce35e28442ca8da860c79af760c.jpg,Norway,NO,58.075173,7.762058
bb2530e09a43491283c10724b636c0a2.jpg,France,FR,48.291781,-1.238757
afe9a62078b34b02a3214d8dff3ce366.jpg,Norway,NO,66.346094,13.480634
6282439863424aa7a6592c53d406cf3c.jpg,Finland,FI,63.107755,23.011817
974c25f080d049bb8793ac4082b67181.jpg,Italy,IT,41.109578,16.500248
f843fff299d34fd78da4745d434ba8c1.jpg,Italy,IT,44.864482,7.303171
36fb64c70951410994ef8af02cd0c906.jpg,France,FR,46.45796,-0.873574
16ff9a7df063410a86b6bbcc735da683.jpg,Finland,FI,67.328666,24.907612
18cbfc8a99104a39b665d14e240b421c.jpg,Finland,FI,68.322471,23.02829
54b176fa57b54d2fa06227bc26e3fd84.jpg,Belarus,BY,52.467516,29.278039
90ddc53715fc46ba80dde03c0d96593e.jpg,Belarus,BY,54.085518,26.669591
5392e83aa7bb42d08712b4b21c527943.jpg,Norway,NO,58.284545,6.554208
07b86ab8f80b483fbb11a70291b170fd.jpg,Belarus,BY,51.70836,30.351906
f5b39c2d2b23463cac44de386d4bef07.jpg,France,FR,41.787916,9.397172
e0ada5689b014051b212cdc4e50245fb.jpg,Germany,DE,48.137368,9.128601
d1b7b835f25a43b6913df09a0f03e708.jpg,Norway,NO,69.606797,18.93557
04e3f7d876e24d5aad780ab92cd1426c.jpg,Poland,PL,50.652778,17.136212
1027d9cd902c4a78b8ca6ba7a3b321e6.jpg,Belarus,BY,52.603505,25.570415
a5e24fcdcb9543bbadf92918c84234e9.jpg,Germany,DE,53.516205,10.527297
f64015b4043f4c75ae7b710d4561ea9c.jpg,Finland,FI,66.157612,28.566838
cadc567de38b4d989d51a22916e5e183.jpg,Belarus,BY,54.736175,25.831063
468ed84a2a304845b6d8ebb1eab63169.jpg,Germany,DE,50.492264,10.208583
e8baff9c8e894ff68aae7ff589acf1e9.jpg,Germany,DE,48.300984,8.871537
8c12e2a32c194381b1e3e6fd8f8b0ecc.jpg,Belarus,BY,51.934283,29.55821
ce1b466d152a4e4893b6c68d96587b18.jpg,Poland,PL,54.464849,17.203659
0bff774e058c48bfb4845a3a70c2675f.jpg,Finland,FI,61.88773,28.741298
6a720ba4694841df96401b4d40bc3956.jpg,Italy,IT,40.395052,9.477628
df77a783a7e44ebe88220e7282e4020f.jpg,France,FR,44.446846,2.699506
22fb4a10195145b79be63dffc8113f21.jpg,Belarus,BY,55.605946,28.465349
e15f8dd744c84d28be1ba66e4fe0dac6.jpg,Germany,DE,47.98923,12.846518
a205f7bab07745a9a852452641e02440.jpg,Germany,DE,52.788186,13.736857
c884c1f15ec841a8bb4041d71de23c86.jpg,Sweden,SE,60.557113,16.034246
d8f42205c90346c39fbc01e099de6446.jpg,Spain,ES,40.824865,-4.65736
d1960923fbf146edac5952af01764d2b.jpg,United_Kingdom,GB,56.315696,-5.565526
df991f1d0b894d59b87b5a4dd8f5854b.jpg,Italy,IT,46.007368,11.267012
489b6bfd610c4ceda0b2203c21ada439.jpg,Poland,PL,49.595965,20.583141
d00e57b5c3d44f3baf5d64d84aec55e9.jpg,Poland,PL,54.50764,18.317357
227a0cf02b5d488ea1720948735d8017.jpg,Germany,DE,51.04486,13.864086
12de4d401d184064b119ffba3252144a.jpg,United_Kingdom,GB,50.922559,-0.268975
371c7ac3f3b74716874ac8d02542197b.jpg,Sweden,SE,67.314882,18.955934
e284bd07849d49ebb654a49470aad71a.jpg,Norway,NO,58.33454,6.250226
edbf1d76d1764b75817ed333e2449271.jpg,Italy,IT,45.74436,12.218655
f56d919e9b44484795aa6bb5500b7fcb.jpg,United_Kingdom,GB,50.429733,-4.569651
89a235f82e704d068f7dfbe39039073d.jpg,Belarus,BY,52.48026,25.174993
b30fb82c8df543858d772154ea027212.jpg,Finland,FI,67.98955,25.180279
c7ddf4ae47be4a038f11aca2c55fa417.jpg,Belarus,BY,54.75235,25.93075
47c37afe42d44b3497b68d7ad36ea12d.jpg,United_Kingdom,GB,57.439806,-6.753871
8d390fad3491444ab6b4e114cb54bc21.jpg,Iceland,IS,65.235943,-14.453744
650bf0b7ec27484ebceeeefbb9dcac0e.jpg,Poland,PL,52.715865,21.362382
a678a75f66b844a986b1885f746890f8.jpg,United_Kingdom,GB,50.135649,-5.307914
52206436258e4e2abe2da284979d8989.jpg,Belarus,BY,54.08566,28.687496
fb840b707075481684c871ed78835c05.jpg,United_Kingdom,GB,55.101628,-2.978618
a3b7e23965fd4871bc64247cba87981a.jpg,Finland,FI,66.040597,29.130346
4472b3143bed40a2a1eefff884ae8fee.jpg,Norway,NO,58.416207,6.021846
4983ba3dbd0244fd96818e708363417a.jpg,Iceland,IS,65.459218,-19.241216
073847a1421848b38ab6435c807419e6.jpg,France,FR,48.062369,-2.0388
c5d4477754474d44887758d2ae17495e.jpg,Spain,ES,28.986756,-13.741806
e3a7c4bb86ba42aba499b4f8b455c12a.jpg,Belarus,BY,52.179945,29.901519
5054b1d5222a4f9fa5d0d98ddf5898de.jpg,Germany,DE,48.952603,13.165583
daf61373ac8943fbbbfaa389a4e4bd34.jpg,Germany,DE,50.173689,6.629151
353e35f668b648859c4faad165397a97.jpg,Norway,NO,61.847824,6.37821
a2fa0aeeeddb4af6bb139f37f463a1f6.jpg,Italy,IT,44.43695,12.004107
d21aa47661f445ffb15085ee2793966d.jpg,Norway,NO,58.33808,6.255782
fa1be73c250443dbac66218b988de3e3.jpg,Italy,IT,39.327102,16.047915
0bb6879ed1e8445aadb48439835cf700.jpg,Iceland,IS,64.773841,-23.884151
c1ce4e9a080d48ed8317b08151e5cf3b.jpg,Finland,FI,67.326915,24.907221
18259e2d52c640a5af5bd03847d31d70.jpg,France,FR,47.135262,-1.581232
f3d4254fc5d843c58f388ff7364cb213.jpg,Spain,ES,37.335646,-5.949848
d6c754020ea147ab9d475485bbf13407.jpg,Germany,DE,51.870433,13.08876
4851780ec4fa462297493ce8d7f60e69.jpg,Poland,PL,53.767322,19.94884
1e546cd54a884802940d272705e35dae.jpg,Turkey,TR,38.781083,35.457113
cb4721d71f01438cb5874859ae7a71d6.jpg,Sweden,SE,59.445304,16.488899
72a78b50bbf841909fa2d1a1cbde169e.jpg,Iceland,IS,66.025335,-14.808961
def7248f4b584f39abe8ce74ae903cd1.jpg,United_Kingdom,GB,58.540955,-4.78118
a500be2f72214120b09f478b0b64cd74.jpg,France,FR,49.211842,2.369643
55bd0e91d13445ce86e18605dc4aba15.jpg,Italy,IT,41.737153,13.432405
1a7c03a3ef5a42759df6f16701de4d4b.jpg,Italy,IT,40.749722,17.639666
5e99f6a9269e4750bcc876acc8f8e98a.jpg,Italy,IT,40.045812,18.473252
841185386f764350a5168743ed15e524.jpg,Norway,NO,68.557179,17.222902
5cb9f10f32ad4aebad4a46a6e11b2547.jpg,Turkey,TR,39.985511,29.963758
752b6e4f11d74e8b9b0fa9586cbdfc69.jpg,Italy,IT,38.095673,13.193202
2302c40ddb074bfcbde379e0ce86f409.jpg,Turkey,TR,41.19107,29.036466
2c4c18d460b54a06b83f8f9feb06349b.jpg,Spain,ES,39.321286,-0.410527
5da83ddc06964a69ac4ebe21cd0502c7.jpg,France,FR,47.123191,0.978057
e49393e12ae24c9f93a07330e2b77587.jpg,Spain,ES,38.317745,-0.514607
65396927ac5e4f44bb83ba9f890594d6.jpg,United_Kingdom,GB,57.173271,-6.063268
a72f41169ebc4203bfeb355a8751d62b.jpg,Poland,PL,51.198162,18.589177
b89f9ff2638545efb261ca99fe87f18d.jpg,Turkey,TR,38.203997,41.098747
b170052682b442fab9b75ff7249cfe9b.jpg,Norway,NO,63.992046,10.182165
0d6579bbc319415283ac8fc53c94edfc.jpg,Italy,IT,38.010212,13.926412
121f90ce52734780904d2b871e33c6ce.jpg,Turkey,TR,36.716015,30.56104
c8853efe39d94386a006c8273d3e2258.jpg,Norway,NO,70.673592,23.651493
823b1453a4064492b4ae08ede88214ee.jpg,Finland,FI,66.904612,25.39556
b2969916caa743c68755ab4d9b2858bd.jpg,France,FR,45.477815,-1.146608
2bded6eaca7e41b18acbd9ab5cac8e35.jpg,Spain,ES,43.662095,-7.602835
ce3daa3d88504f98880aa9fb6592a341.jpg,United_Kingdom,GB,56.671428,-3.405326
5a6e4435101f458bafb15ae4c473059b.jpg,Germany,DE,49.241265,9.972794
447b4781bdbb4d9d96918b2cb15d4403.jpg,Iceland,IS,64.464907,-21.524962
b7d6fd5bf9904999b604d82533d3dbf8.jpg,Finland,FI,65.00938,28.858275
7f9b4eac0ff34da78c1e8fcfa0864592.jpg,United_Kingdom,GB,51.036543,-0.27444
5066bd3bded7460bad77f1af6817610f.jpg,France,FR,49.216169,-0.383786
7387150e0564466095d43d194c1cdf5a.jpg,Norway,NO,62.462811,6.31569
20769741711f4702ad1ce8ca997b6235.jpg,Spain,ES,28.067931,-14.415897
f3ba63a23fa74eee83a624b0337b9d75.jpg,Norway,NO,64.43191,14.315848
37a79e0a0f044c52bc71581ebf665c1a.jpg,Turkey,TR,37.403926,34.868201
462ce21edae5486b9a5c317a250fa75e.jpg,Belarus,BY,52.941395,30.629448
c0d045a584f541bfab2f023b06bf15c6.jpg,Turkey,TR,41.348261,32.023204
882e31cca3e0417baa36718550539b91.jpg,Germany,DE,54.531682,9.825026
caf10407881a48f5ab7208b60a829ff1.jpg,Iceland,IS,65.893739,-14.826618
767bc055b1f14e1ea420b84d61742424.jpg,Poland,PL,49.763993,21.386187
06eb91b0ea4d428d885aa3c1d4a89ad5.jpg,Norway,NO,58.215533,7.927071
d5a8eef77dc340ce932976d99c5929e4.jpg,Poland,PL,50.786399,16.053235
b063fbea38f04cc48ca585edf7f93424.jpg,Sweden,SE,59.757224,15.894199
dbe49f21f6c644c1a9e10ddc779c3170.jpg,United_Kingdom,GB,57.488961,-5.28596
9518f6eb862c4e4484bbac965a40bd3c.jpg,Germany,DE,50.660286,11.531397
4f14825c3b104c0ca7398c66f8eef927.jpg,United_Kingdom,GB,51.897599,-4.970636
cce1b1e6ecdf4406a1405c27c02cf90f.jpg,Poland,PL,51.474873,21.499704
a13e606acdeb497ca6fbf345eac0888b.jpg,Belarus,BY,52.536277,25.684381
e91911b968804109920c9cccc601857e.jpg,Finland,FI,64.823244,27.944886
a1c1088145074f6aa6af1c89a0f74f3e.jpg,France,FR,43.185393,6.472581
e2e1bc2aae1b463b89a560a3198e9f41.jpg,Iceland,IS,65.640458,-20.780221
bdd85b3d0f7d4bf8989a8d515cca7915.jpg,Spain,ES,29.001911,-13.549113
c639423573b34796b49d4accbbcee6f8.jpg,Italy,IT,43.198992,13.641246
4e9159f100fd4b03827caa24de02e310.jpg,Italy,IT,38.046737,13.141233
78f09b52389b4334bef78d76df0b1429.jpg,Poland,PL,51.657181,14.814421
e7cb27ba1c5e4cd58f5c8dfd385d9c84.jpg,Germany,DE,50.516203,7.934416
e8ba7053627a4cf18b0918e8310e743b.jpg,Poland,PL,54.515728,16.534236
71c708752b3944169d5c7e765a52534b.jpg,Spain,ES,42.921475,-5.292561
5aa5a27d848e4c2382dc5c9c17cadaa8.jpg,Norway,NO,69.61203,18.93814
d3471e731ad94298954d8e6fc5ac515b.jpg,Sweden,SE,59.345193,16.025236
413780a22f164cdc90e1fbba35cedcba.jpg,Turkey,TR,39.352844,30.038543
1d8787b368d04ec6a4c03967cc468ea1.jpg,Turkey,TR,41.525445,32.047978
e179b59ba353407d8bd55939b3363199.jpg,Italy,IT,36.785061,14.535972
8e36bdef61ac4c5997fe08efd926b6d3.jpg,Germany,DE,52.555389,11.809157
254a9398941d4137bf73225360721380.jpg,Poland,PL,51.591271,21.981203
8d75a1dc007d4d4fb8e6d7c4240a223f.jpg,Spain,ES,28.053565,-16.596215
d9fc18c633de46b0b89c90abdc5420c6.jpg,Poland,PL,53.373192,20.919251
c78cbc2740264d198b130f2b5f0713c0.jpg,Germany,DE,48.3829,9.127957
f811738bb54a411284b46c30de6cc067.jpg,France,FR,50.043414,1.392481
8c1ae140b2754c5e96639d3c51f70681.jpg,Spain,ES,42.437567,-3.07748
68caed8442c84d26b3e6937ebb7d6701.jpg,Poland,PL,53.47703,16.187632
f6e16164e5bb4dc4970fb81b01c2ce8e.jpg,Germany,DE,48.418309,13.131406
9e33cdc1bff14ef0a124bc61692b3820.jpg,Germany,DE,48.074023,11.163125
c1c2b84f4161459f94a674f89fbbc7f8.jpg,Sweden,SE,56.90828,15.525342
ed1d7419b83a45a8ab60ca2c40fce4c6.jpg,Italy,IT,45.184477,11.00811
eaa5fde5079b4b6d804e2cd35286ac9f.jpg,Belarus,BY,55.125597,29.793207
4a83b2da5bfc4acda678fd108d055550.jpg,Poland,PL,49.636277,21.137074
ce7041b3282948e482f02130789f608f.jpg,Poland,PL,53.307398,15.500943
9b420c52f2654a61b2dced21e04d08a6.jpg,Belarus,BY,53.596944,30.343356
bb5633b25a3648549562bba3b9f48ff3.jpg,Turkey,TR,38.598072,33.929874
6f97e7e2ac6045d6b0e95c018acfdcf4.jpg,Poland,PL,51.72534,21.06443
20fdc2a5d8584b39a61ed4b2da75c5d8.jpg,Finland,FI,61.67184,25.017674
197d231507f9448f89c1469d0422e133.jpg,Finland,FI,62.586774,27.051338
cde9b8b497f1445da315caf1c8fb2f26.jpg,Sweden,SE,63.314465,18.988083
2d97e3aab571403590f78abc48b9faff.jpg,Norway,NO,61.921863,6.817851
33dd5e389b4340888c01b134b79b6d75.jpg,Belarus,BY,52.348957,27.455395
b740f2d4d0694ae2a466ba99934ca6f4.jpg,Italy,IT,45.325146,11.543744
1219c9a3abc64558b989cb65965f5f9b.jpg,Spain,ES,28.88029,-13.832304
08ca9b4a276146c79b3c92995b167417.jpg,United_Kingdom,GB,56.899957,-4.633711
33a19a5c799049ac8742026c23193dc7.jpg,Poland,PL,50.9688,18.746015
48dd3c6be81e4b14b0bde9d205cbd9c9.jpg,Turkey,TR,39.175179,27.850352
530f320e19a5466d84bc4ee6ed0c6355.jpg,Poland,PL,53.438824,19.221802
377acd998ea647688ce9ac0d01f37299.jpg,Poland,PL,53.426352,22.590535
15856a48e54d41a69c9c5b7d2a31f203.jpg,Spain,ES,28.063086,-15.64629
f8f87b4286304ac8be4c01a3dd268175.jpg,Spain,ES,28.77719,-17.909895
08d47fde0d3e454aa5e12ce085660924.jpg,Turkey,TR,41.485609,31.834918
c993fdbedaa74497a32d7c73f29d3d45.jpg,Sweden,SE,64.015091,15.303264
ca9b1c4149634e6d9dce882cd1c709a8.jpg,Spain,ES,42.128849,-0.061443
e0432326af3448fb8a24e40e1251b25c.jpg,Germany,DE,53.091262,11.291951
35a764621a9248b99088b267fb610ccc.jpg,Italy,IT,40.416985,17.580768
2ee13430b8c0414cb19161da6b2185df.jpg,United_Kingdom,GB,51.147009,-3.114792
fd574e3ad53f4d899d2a63fc60174c3f.jpg,Turkey,TR,37.202984,39.221144
c60c76a08ef44fd893557b1401aed735.jpg,Iceland,IS,65.649881,-19.552607
9aa3f49d3c734246920eb4e91798d21c.jpg,Iceland,IS,65.841204,-18.252043
91ec8ec9d98140f59733023fb57112b8.jpg,Belarus,BY,52.361655,23.64767
378a25819ac947d59e9632c6bf14c645.jpg,Turkey,TR,38.469104,42.471028
06a25a04965043cf854a122b822011b6.jpg,Spain,ES,28.396482,-13.870392
3cc945596f704b62aa781dca0ce4a9e4.jpg,Belarus,BY,52.965765,29.875026
d6a6d742c83c4740a16c1a9c54fd0e0d.jpg,France,FR,41.707778,9.383497
1048e80d4bf0407298a38d3239c8957b.jpg,Italy,IT,41.166497,16.732165
752d2019ebd043b4890a03f0d76b268b.jpg,Finland,FI,63.613282,27.684746
6b276f72335d46129c03c789e448faca.jpg,Poland,PL,54.790194,18.408566
ed674b31956241bda5fb5b4e6af3f788.jpg,Turkey,TR,36.336381,33.404975
4668f926dfda4900b300131b6843cd93.jpg,Finland,FI,64.802552,25.512973
5df8dbd8beab44ce977734524c091c4c.jpg,Iceland,IS,66.061912,-19.144186
2353c3450fba4350bb05e513b96c1085.jpg,Norway,NO,68.400193,16.806699
0e6073b9ceab4615af9003bb7bfc24a8.jpg,Iceland,IS,64.470019,-21.518989
bf4149c6d2e84ebeaf3910a6c8f6bc6d.jpg,Turkey,TR,40.969784,40.308182
4ed8eed6b41a4620af02748dcd04b588.jpg,United_Kingdom,GB,51.387184,0.773248
7254a226930e43a5907854b56c57f529.jpg,Germany,DE,48.705149,10.244091
62eb049e3ec348ecac62c050ce457ebd.jpg,Italy,IT,40.637793,8.811133
998c2b5c1a684dfdae333e6074722b05.jpg,Italy,IT,40.286051,9.150943
8cd6baf3a49741c39b8b093bb5e010c0.jpg,Belarus,BY,53.786645,27.717729
f890f4571d064f029d171e16c0b9fc08.jpg,France,FR,41.593333,9.315243
f5f1f89b04da43c49016541209ddbc80.jpg,Poland,PL,52.602289,21.496234
1dca445912be4973857450372e642309.jpg,United_Kingdom,GB,54.87708,-4.521793
a4161c01e6844fc9b1a9b43416531dd0.jpg,Iceland,IS,66.08254,-18.611872
09a1b6fd80274a3898648e5384f56075.jpg,Germany,DE,51.788599,12.82498
659e862bfe5d4643b4847810309cd934.jpg,Belarus,BY,53.353437,29.594617
a74d086a90394d1aa66e7bc489e16044.jpg,France,FR,47.794571,-3.808289
81dd848c14a641d4a7fb7384496c2644.jpg,France,FR,48.039563,-1.784924
a3c7e82756c24566962dfe9afb4a5a88.jpg,Turkey,TR,40.961745,40.533511
51719672d48649db9799b6b7b0a1beae.jpg,Turkey,TR,38.72754,33.746035
e8013523007d4aa08edddb8d303ce094.jpg,Sweden,SE,64.063458,20.803907
9c49f6359ec54d1ba263acf11d474a3f.jpg,Belarus,BY,55.959831,28.646283
9110d35d56614779a2516d062d8dca6d.jpg,Italy,IT,37.913331,12.508558
5a05dfcbd2e340f5a7a33274f081624f.jpg,Germany,DE,50.873691,10.969218
9e23949f09fd4065acccbb488b324fd3.jpg,Poland,PL,51.164924,18.605441
25e905f1722b47d493bf9950c2b145a4.jpg,Iceland,IS,63.970793,-16.420855
1f387df6029d4767aaa307150f83cec5.jpg,Italy,IT,36.851197,14.637094
4f8a76c8703449f882a70fc4147db0ed.jpg,Italy,IT,41.718807,14.698933
d33ac2cbe8334b6e9042f22dd2794f25.jpg,Iceland,IS,65.645611,-23.68849
727e7972c442477193d8d872575f9f08.jpg,Belarus,BY,54.238541,25.994534
668595cd77254aca95803cf256cf5ba8.jpg,France,FR,43.774598,4.891925
04372647afb8401b96814eccf9c92dcd.jpg,Belarus,BY,55.054708,26.893652
19e147bcb8744845949c2a33f90162b0.jpg,Germany,DE,51.156396,7.029348
67da2b4be0f04fca8ce14c88e161ad71.jpg,Poland,PL,53.87098,15.568784
9da324fd3b554685bf4b56a59e833457.jpg,Italy,IT,43.438383,13.243565
e5f116567851462cbbcdcc41b3ccbb6a.jpg,United_Kingdom,GB,57.507617,-6.557777
1e8f06c3c25b4301bf6c27d42e746ad4.jpg,Germany,DE,49.802499,7.254314
86b6ffe1d7dd4c3c994ddb20257ad2d1.jpg,Belarus,BY,55.391993,29.086734
7dd2b8bc4fbe482faf0ebdb4b1dee1b8.jpg,Norway,NO,69.489595,19.251477
130f2ab9a6794adea8531e73b84e2af6.jpg,Turkey,TR,39.559268,44.064667
81f568e096f14c6c86bb4c67021767e1.jpg,Poland,PL,53.362034,22.443575
88a901a3f2be4022b5ffc9ba7d0bb46a.jpg,Spain,ES,28.075436,-14.4952
e209a0fe50c54616a4fe6b25cc0b8d91.jpg,Iceland,IS,63.951871,-16.843522
ef9af64c9f024440b81bbc8d19574810.jpg,Spain,ES,37.629878,-0.79893
d5cfce4d15c849f18c9b9d43be06f9c8.jpg,Italy,IT,40.787341,16.555149
3e6eb4b2c21042968286cad1f7220595.jpg,Sweden,SE,67.469111,20.606346
06f499472eb44eafb9efcdbf50098cd8.jpg,France,FR,48.547602,-4.680939
b75490fd7edb4627b77efb7a2512a476.jpg,Belarus,BY,52.531325,24.568612
f6040e9e328a4ecaa5a86fc1101f3135.jpg,Sweden,SE,67.197316,19.404921
3e82fdae98cd44238aff74385eff6757.jpg,Norway,NO,59.753115,9.878688
9ea1e23ec49542e1a8491b5fddab1293.jpg,Iceland,IS,64.845128,-22.660469
78ca6cc2a52745089be89065e302f44e.jpg,United_Kingdom,GB,54.548857,-5.485655
971b309b03ec400b8fb1298097fa3ac7.jpg,Germany,DE,53.123965,9.984485
a8be64145a08481f95f7d0e5712ee53e.jpg,Spain,ES,43.237431,-8.196038
18789d108ebc40e4b4ac96df7433ecea.jpg,Italy,IT,44.179815,10.085065
c16e12ce5f4443218719db00018fffc6.jpg,Finland,FI,64.280799,29.840035
6163d40fdd82407c84bc5a2abcdcea3f.jpg,Germany,DE,47.708571,10.95021
da1c83845a3d4084b3725c5d940c61c5.jpg,Poland,PL,53.512277,15.547433
c568daae0aa240a3930b0f0e35c56d5f.jpg,Belarus,BY,53.08861,29.832342
5429ff66d3d0488388f229bcb69d13d5.jpg,Finland,FI,62.456905,23.961477
2674c430b8824f1e8c534a30cd3d72f5.jpg,Iceland,IS,63.628521,-18.438774
0ed21a05328244bcb58583f4c07cdadf.jpg,Italy,IT,40.039115,15.310215
aa1c104b5e0d4b90b9f9a26357a0ff53.jpg,Finland,FI,62.234486,24.736198
ae26c6cea1214944bfd1275acdd5f7a6.jpg,Iceland,IS,64.201828,-15.736508
f5427fb67dd141f694905ca061308f5f.jpg,Iceland,IS,65.923184,-18.302241
54be5b2a6e6b4a67880eefc910140d4e.jpg,United_Kingdom,GB,53.392794,-0.772467
b0e61559165a4551a2f4bcb3109d0755.jpg,Turkey,TR,41.054483,39.231889
96899b6445d0482c98617f8d700c7239.jpg,Iceland,IS,64.769152,-14.467177
d0ceae88c3db41d181074550c256afa6.jpg,France,FR,44.863555,5.006934
d6c11ea84466459d8cc190e3263d5883.jpg,Finland,FI,66.035261,29.129666
58abd84497914cc4ac68bd8e4bae22c6.jpg,Spain,ES,36.83652,-2.155481
cda2a967f11e403eb1b577455515e370.jpg,Germany,DE,49.864969,8.85714
30466f2f878e49eda3f5d7707c661010.jpg,France,FR,48.802334,6.025052
c9f30c0066be46bfba3988da6cc713d1.jpg,Sweden,SE,63.98777,20.370601
6b9ef9f24b314e4bb4853e7d1c05de58.jpg,Finland,FI,63.076756,23.736286
6970bd2a91ba452195a8c1d4a900c1ce.jpg,Spain,ES,42.355281,-0.738097
09a987a082e24f9e92f1129d027f30c6.jpg,Iceland,IS,65.857128,-23.315433
5f7f46d6eb534026870aed501fc48923.jpg,France,FR,44.133625,6.13159
94638b0158614b37a4902882bbc6399a.jpg,Sweden,SE,65.65043,21.483787
75538e3b8fa14e588ea27b2a4c0af2f6.jpg,Belarus,BY,52.504842,27.474795
f170c00e3a2b4606b3883d54ca391ca0.jpg,Spain,ES,39.625408,3.295713
b503119cc49840149c79ef02ca07fb53.jpg,Iceland,IS,65.941101,-22.469363
70cb43a69c0a4593ad59835f297ec20a.jpg,United_Kingdom,GB,54.954579,-1.845654
94050e8baef549b397168d11d1ad3f16.jpg,Turkey,TR,37.994249,30.289767
031de3dea94b44bd99a7730837ad0bc0.jpg,Germany,DE,52.249845,7.641704
72bf6d7f30644054ab4ed76f5e6f0d26.jpg,Poland,PL,51.932388,23.612608
b8b344a9b8f54cb58289d555ca3c9817.jpg,Turkey,TR,38.798155,35.594043
5e5a1c940f10439d9ad7e1064272435b.jpg,Germany,DE,50.486272,9.963309
8f8b8ffdeaac4c169784bf5eab5d0d27.jpg,Finland,FI,64.591353,25.668091
85b735cb824f4708b30c72368f1bc29c.jpg,Italy,IT,43.14721,11.893615
e0a6cd6125c047488a27a14650e540ca.jpg,Finland,FI,60.636461,22.978176
beb5ef4815cb49459c1eff818abc5154.jpg,France,FR,49.274334,-0.568652
9aa27a34e54446d48ee3a064719b9aa9.jpg,Sweden,SE,57.166283,18.308923
1a6aa42d155b4073815cee78504068d2.jpg,United_Kingdom,GB,50.397154,-4.437288
9d93216a0a4a4962ac5523953244a725.jpg,Norway,NO,69.256232,15.960134
9f4dab7eb24a4784b6f896968eacdb2b.jpg,United_Kingdom,GB,53.602599,-0.735479
c4d01f8baf4940a99d8d312623cd306b.jpg,Poland,PL,51.512592,23.389521
4c9f825a096f4e5e93e412801a189058.jpg,Spain,ES,38.992529,-0.582944
d4cd6a917fdd48328753f9fb4d66b225.jpg,Finland,FI,61.61598,23.23814
4d06b77001bc4f5d94de6c02cc5579cd.jpg,France,FR,43.833669,-0.469146
b340968fc21342d2a3e07b90c8b44b11.jpg,Italy,IT,41.22437,9.207108
d38335c626c84a2089283d7e70b555d4.jpg,Norway,NO,62.565897,7.609109
dc07ce451806497ea334ccff84cf78cd.jpg,Iceland,IS,65.535165,-15.420656
0aa3bf5342ef4d86b2cb0602f5d1d623.jpg,Iceland,IS,64.816308,-13.886885
cb65e8a359b64f689bd6c8b50de0f9a6.jpg,Norway,NO,69.926533,23.262431
47ce334cb36e40a18d63b78f49727cbe.jpg,United_Kingdom,GB,52.8382,-1.343884
f8ee4de460fa48198d9a202d23621dda.jpg,Iceland,IS,65.611352,-24.195354
e0fdb8dc50d7405989478ff5e6dc16c2.jpg,Iceland,IS,63.547965,-20.086815
ffb4df833cd948d781af9e7859aed07c.jpg,Germany,DE,51.996815,11.557226
5bc76ee9a12a4dfb8bfcf8b86eac7f9e.jpg,Italy,IT,39.654097,15.837828
42b3869a8b2a48119eea1f9ff46f5799.jpg,Turkey,TR,38.032097,32.642387
d4dfe42148024d07879d3b081caf66c6.jpg,Turkey,TR,37.907787,30.317161
a08320482c504d9fb6b5e929b5dd22ff.jpg,United_Kingdom,GB,59.099319,-3.32598
e5d3924ddaf84212a2d4f5092fefc2e3.jpg,Finland,FI,64.278348,29.16094
a51ed661e10b43fb9b3055a9db3fc616.jpg,United_Kingdom,GB,55.924131,-3.896857
5c2a3c2c101a4ee5aadf329537813a82.jpg,Sweden,SE,65.310913,16.207576
f2e2f9e00c8648f8b484653f6220e09d.jpg,Germany,DE,50.629752,10.915142
34e02cce5be443ddb1955bba29532f6e.jpg,Spain,ES,28.414392,-16.507797
97694fe9554645c3a9c1ebaaafc2582d.jpg,Turkey,TR,40.691308,43.164395
e128093b74e3458f87193df182897ef4.jpg,France,FR,43.985798,5.928253
ab758f8add344ea194f15e08214664d9.jpg,Norway,NO,68.993804,17.72014
d010d71663d943d3ae93e2048a568a44.jpg,Belarus,BY,54.701385,26.107248
0e736367696c497da5cd337a6ad53a46.jpg,Italy,IT,42.55573,14.112832
ff370b704eb74415b345ce13a68ecd13.jpg,Turkey,TR,38.753316,34.750635
96f3878b4fb64c53ab46e9c8ec28a755.jpg,Germany,DE,51.690663,12.209446
abce2f6fd7e147f9a371fcb19d2aa905.jpg,Spain,ES,39.349653,3.008196
209ea871a8504ac899d7f3a9925fc6b7.jpg,Turkey,TR,38.287824,33.987592
b695d5eddd444df4b8659787c9c3dcee.jpg,Germany,DE,51.109962,7.817565
cabf3663ea674f8e82d7dabd89fc1ba1.jpg,Spain,ES,39.701123,3.262162
f63ab21dc8d845079b834990fc77f078.jpg,Poland,PL,53.804509,16.139411
3fe1a472578e43c5b33b4954ac53dd6b.jpg,Iceland,IS,65.615748,-22.514635
ed185bde0350463c811b8239ae559f17.jpg,France,FR,50.161145,4.042746
d07795ad62a64d7b8240fb2838c7eb5f.jpg,United_Kingdom,GB,58.50259,-6.264269
a0ce1e43dba64063acbe59a37621d2a7.jpg,Iceland,IS,63.678188,-20.15654
97bfc1630d6142979a021b95f1ec6313.jpg,France,FR,47.944255,-1.229127
98322252e47b4c579826fc8765fb7e3c.jpg,Belarus,BY,55.2054,27.890054
7f064896807446ebb1b5906446e2a7de.jpg,Turkey,TR,39.894473,29.859904
8944b150888240ceac0acd3300a6c8fa.jpg,Poland,PL,54.219154,23.127467
36685b1e29e647399a87dbdf235f0156.jpg,Belarus,BY,55.774886,27.965713
51b2386e2aa34bc79516b8302955be07.jpg,Germany,DE,51.627331,10.743465
a79768e8fbce47ec8808783b95d86be7.jpg,Poland,PL,49.96434,21.611205
212d0507cfe94eb2853c52b37ea9aa23.jpg,Poland,PL,51.929485,23.61029
f1a82fe2833b4a2dbc13206e030af6a6.jpg,Iceland,IS,65.68417,-16.772296
b9ac1621dad443579ba6464596ad373e.jpg,Iceland,IS,65.518832,-18.599921
00138c19ed274a64a8eb01a8fbd6c33f.jpg,Finland,FI,65.50081,28.926073
0f0586f2917c4623a38803e4d4cd584d.jpg,France,FR,44.684883,-0.533954
9bb9da94ec41402da547ebfea964cff5.jpg,Norway,NO,67.298351,14.777607
2cdd764a9159486fa22c73d3f0b59bcf.jpg,Spain,ES,36.736364,-2.205532
cef4aaef02c94435bec5c8b7a329fc22.jpg,Spain,ES,43.253107,-8.435583
1f5f10aa1a4a4d7989939ae27d7e4654.jpg,France,FR,44.716824,-0.564098
5534605638dd4a27bea6dc2e291a5255.jpg,United_Kingdom,GB,52.833242,1.073067
15c7d8fb55044879a40b503b19914d8d.jpg,France,FR,48.159422,1.255136
064bff5370364aefaadb04070ea67ae9.jpg,Turkey,TR,40.810778,31.652018
f4cfd53c29d241ce8eaa29dd159a7049.jpg,Poland,PL,49.814308,22.31293
99a237ad0e9642388f210c4f431e99f3.jpg,Italy,IT,39.22141,9.188401
93dac9dbcb3c417194fdafc9eaad493f.jpg,France,FR,48.148855,-4.235381
010d1f7b2e284eaea70caaef4688fbbf.jpg,Norway,NO,68.661288,15.525995
c2e9d7b622a341c6bba153ca2968ac82.jpg,Belarus,BY,52.310419,30.9
638060db69aa40c7b62afa68c4548034.jpg,United_Kingdom,GB,53.361577,0.076184
ec79f9a917044b73b807cb8be6592c8c.jpg,Poland,PL,51.171407,16.079057
fa43e9b5b0a54812aedd38a86d514d28.jpg,Turkey,TR,39.851013,39.31028
0de387c61ad942608c9e043aba0eb2e8.jpg,Belarus,BY,52.740559,30.777972
1ddc0b6ec5c94214bd133012104aa5d8.jpg,Turkey,TR,38.890409,35.594218
36b69ae75cd642cbb236816b6b86fc08.jpg,Finland,FI,62.459559,29.95843
58fd2eec482c4af1846dacf230c58be7.jpg,Norway,NO,61.613345,5.349419
85cd2d80deaf43bf9978a7c75cd5651d.jpg,Italy,IT,45.234371,11.011128
000ff4ddb5fd41408eb4adad85c37e7b.jpg,Belarus,BY,53.227725,28.685234
0e24931aaa6a4fb9b95dedead3095361.jpg,Sweden,SE,67.844216,20.40036
b4b3ac64cae94534a4e9acb6d4c3de1e.jpg,Turkey,TR,38.511847,27.599452
964f77e1e9554ded8be92b5c5339bc43.jpg,Italy,IT,45.947614,12.734162
eb4bcf7fb0a447b78f77c488e2fd96ec.jpg,Belarus,BY,51.682127,29.131744
eabd99f939a64d6e81c7159d62414d8d.jpg,Italy,IT,40.281931,18.069181
2c6e00daccdf463ba147361de8804072.jpg,Norway,NO,69.219644,18.090956
869964c0e02b4cfca9ac72c9ad8c7ecb.jpg,Turkey,TR,37.40133,34.86127
346dc99b7a9247ffb988617b72ceb2d2.jpg,Finland,FI,62.539117,22.041555
1d85a8caa9434e0082f357ee69375776.jpg,France,FR,50.785612,1.95219
004e2663dd664c728eee9b671633815d.jpg,Italy,IT,39.079642,8.418951
9e67a7e7bc5c4983b0772e3126e7f831.jpg,Poland,PL,50.726613,18.631957
e4022a80bc3440578422d8887dcc155f.jpg,Sweden,SE,58.192244,15.403752
b36145f572014a60839e20a74479e2af.jpg,Norway,NO,69.083007,17.544666
731adfb06eae43dba208e4d5474c43ec.jpg,Italy,IT,41.252841,16.014068
7b1bf15372ca433f96c1193f467d0f71.jpg,Germany,DE,54.234632,10.580435
1f729be9e4c948f9ae8e3fc2c8fe0554.jpg,Iceland,IS,64.846705,-13.78282
768bd34df71a489e87e1ea1e0179ee80.jpg,Spain,ES,41.758081,-1.084571
1bc41c09f4d942868ca29275c67ae59f.jpg,Iceland,IS,65.995941,-22.942427
3d0fd437fe1e4b809e2c3868a833e6b4.jpg,France,FR,49.530902,4.421843
a0ec71aa5d8a487f8b495fe911d3e56e.jpg,Iceland,IS,64.912182,-14.005282
fe1cf855a446456faf85fa3c6d905532.jpg,Turkey,TR,38.954789,37.545282
65f06c4bea8d4643aaec53e255037022.jpg,Turkey,TR,36.334401,33.659188
9eaed50a3d6a4cc98794da471be027ad.jpg,Turkey,TR,36.836481,28.769788
ee53df4f8044469db3c58c9277941c5c.jpg,Norway,NO,62.233251,7.147418
7ce50282a30c4ba9b21e62c75c963cd4.jpg,Sweden,SE,58.908828,16.625953
bf722bae5b9a483c92e9c21ab7d19d0e.jpg,Spain,ES,39.256442,-3.75607
58d3701782b8409497b84400016a9fbf.jpg,Norway,NO,59.395396,6.189283
bfd606c1199844e79bee434ddf049326.jpg,United_Kingdom,GB,57.492314,-6.359089
38e192e5f7514abb9a3207190095531d.jpg,Spain,ES,42.837018,-5.15426
7bda276aa829494e8af682bec72fbb24.jpg,Turkey,TR,36.844217,28.755908
8299a3c325bf4070bc5aa8c477fb4f9a.jpg,Poland,PL,54.577809,16.933604
51d734d5d4724d05a5263c637e99c04b.jpg,Spain,ES,37.29686,-5.712545
735f71a3fd9e40b0b8f151837ec40670.jpg,France,FR,43.460191,5.001122
387cce3346014fa3847be536fc30e984.jpg,Finland,FI,63.782579,29.408017
4a2f5a08ca8546db8ed45634b434cc64.jpg,United_Kingdom,GB,55.566601,-3.394363
0717813125104e7f8e092094da9d047e.jpg,Poland,PL,53.568379,20.879217
9f87ae68d4eb474b91d700b411578e20.jpg,Norway,NO,62.337888,5.87296
f710b4ad5ef14da1aabd10a0a9323ea6.jpg,Finland,FI,62.504306,22.625298
078236cc48044df7923c03df10a0cabe.jpg,Germany,DE,51.960149,9.088797
a384367916324b6d96356ae19755860d.jpg,Poland,PL,52.545181,21.069081
bdcc755616ef405a8782ef680ae44df0.jpg,Norway,NO,65.833744,15.022905
1edb3cae3406464e8ab64aa842ddc1d3.jpg,Poland,PL,54.088204,19.858568
ba0ffc95452545a49e980e7ea9fcafca.jpg,United_Kingdom,GB,51.129947,-1.156045
5ea87c62bac1472f891726829e219a75.jpg,France,FR,44.375603,-0.841857
15faa75e97aa4e8ca415d4f65fb9ae90.jpg,Germany,DE,53.100093,11.560021
e9d5369bf9824216b3e3dce602ccb759.jpg,Norway,NO,68.992673,17.720836
f3fcd37d84e8444886724b62b0ea78e6.jpg,Italy,IT,39.313477,8.962534
26c2bd20916e4691a050d7b6807140ae.jpg,Iceland,IS,66.035971,-18.523542
27013a8184ca4cceb3a1bd897eb68071.jpg,Germany,DE,48.565457,10.732096
b96f0554c1a2467eb6892ca7f91aa4c0.jpg,Iceland,IS,65.986516,-17.378163
c3c67de04df44f4dad71b66757a6b75e.jpg,Finland,FI,62.301981,26.998262
7de8a74147d249aca1a18fd157963e6d.jpg,France,FR,43.427985,0.047997
981794d7231a4b5bb88bc4ccd34fd050.jpg,Germany,DE,52.867198,8.070968
122e23c3c17944f48ecb296b482660db.jpg,United_Kingdom,GB,53.217746,-0.562068
ce70bd6af09949c6bd1e0829130d4553.jpg,United_Kingdom,GB,53.864739,-0.365382
755b059fcc84455e9419c6b8fc6b2c3e.jpg,Sweden,SE,61.330769,13.490004
08a1453036f94a9887a0a8ce62a226e8.jpg,United_Kingdom,GB,56.98482,-4.873062
c49e0ca66a844c12ac1205913e054f72.jpg,Italy,IT,45.321351,11.377238
19f8c48db43847d0a01d55acec6a0c7a.jpg,Sweden,SE,66.577336,20.479399
0068ad409c7c423bb620022c5f839e6e.jpg,Turkey,TR,38.270758,40.9521
1d7febd628364cc09edfadbcfef326a8.jpg,France,FR,43.666115,-0.964898
4eacc0cc7bcb470d8b18bf108aa43318.jpg,Germany,DE,47.87707,11.736293
af1c01e4f53c4012abae13e36b1d0799.jpg,Belarus,BY,52.464061,30.946138
314cbce466a64555aad37c2fe8ff11e8.jpg,Poland,PL,51.460756,22.642346
455f23d1d087460488c8c2a78ec111eb.jpg,Belarus,BY,52.078378,27.702365
228b50c73ae6443989a2ec217d0fc643.jpg,United_Kingdom,GB,58.546754,-4.674359
3b55634bc9dc4c19a25a9e3dd0b5f6ed.jpg,Norway,NO,68.335664,16.740072
02589dff14364941a8f431a5a30f9679.jpg,France,FR,45.037538,-0.546996
31ee0931ab244394bb7cd16efda9125f.jpg,Italy,IT,39.063531,8.433737
60fb598262a74af387a5a1c39a3e0b5a.jpg,Belarus,BY,55.618486,28.426372
97a64c53c1a743a7906a19ea16c4d801.jpg,Iceland,IS,64.6716,-21.625595
59e0311d49ce4b4e96d329c73b6d0fc0.jpg,Italy,IT,40.261202,18.29868
8554ad9265254eb184368b41459f7891.jpg,Germany,DE,48.623417,8.200689
57250710187145859b7a7d7b90e1efe4.jpg,Poland,PL,54.548395,18.549657
5192f5db60be437f99639839fb087066.jpg,Sweden,SE,63.404518,19.019493
cfd9f5c9f56a4676a17de1f0318be452.jpg,Poland,PL,51.314027,15.585624
12a6c57904834e9d89674b74d52abbd4.jpg,France,FR,49.241383,0.099733
46ac073844e045f1971766b5273daa6d.jpg,Spain,ES,28.368709,-16.849223
e36e37d61ec74b0386cd5d600168bddd.jpg,Norway,NO,66.356553,13.003395
253f6c1c33fe4912aeaca0bb5674161a.jpg,Finland,FI,64.337273,23.959168
fc652b2d5330465e997ede56f55a8b44.jpg,Finland,FI,66.108535,28.575262
452ee71b21ba492e8c824e4e008d0e1b.jpg,Iceland,IS,64.513113,-21.541816
a51dafde5892499f9db55efdb4b4f32c.jpg,Sweden,SE,67.241422,23.279879
abd532800d6941bc9efc5e23cf330c1d.jpg,United_Kingdom,GB,50.186519,-5.122671
7aa5ab98b15f42e9bb5148aea5b49d3f.jpg,Poland,PL,51.89062,21.342192
5ec6bdca45c242ca9b4d8f9350b80730.jpg,Germany,DE,52.116113,8.205775
2e9dadae91a34996b706c52fc0c1292b.jpg,Finland,FI,61.451603,28.429783
a34e89ca305d47aea208af01224bbe8c.jpg,Germany,DE,53.077526,10.073367
f6a03cc5091e459ea15c763797c20cc5.jpg,Belarus,BY,51.951409,26.516594
1e10fa10a7064203ba733351ae554abb.jpg,Spain,ES,41.518674,2.125268
22eb0e1b73ec4239a972b840f291623c.jpg,Finland,FI,66.575294,25.89746
f9dd17d2725d49828d7288bd2b105382.jpg,Norway,NO,64.032948,10.082914
424c8fbbc91643f2a875750a7e39224e.jpg,Norway,NO,64.046687,10.041601
db0f18a882334715bbca2bcba0740837.jpg,Italy,IT,40.98271,15.927166
88036ef3219940c0a9927a1963d07f4d.jpg,Italy,IT,39.926577,18.385624
cc4a13036047465da5749c6da4934e59.jpg,Sweden,SE,59.32518,15.793403
36c96491fbcb4cf5bae2cc8d5e202717.jpg,Belarus,BY,53.464886,31.049135
cadb4dce0f0e4605a37425b78f43d5cf.jpg,Iceland,IS,65.620227,-17.222874
d97b42e85643404a8a9ebe549e4102fc.jpg,Belarus,BY,52.537745,30.816128
e895ac4715184fa6ac67faa411394c93.jpg,Finland,FI,63.626288,25.784915
6cebee5f7f2141ff843dbf6b92c823a7.jpg,Norway,NO,65.67418,14.159172
d9dfd833affd49f991b39a5dcfc884c3.jpg,Germany,DE,52.367481,8.828526
d5955d3cc9e04af1836a5a54d1b96e77.jpg,France,FR,42.092946,9.513861
1f44452f85574ba68bc0d9b3669e5db8.jpg,Turkey,TR,38.706093,35.454596
82a44b84ec0a44ad83899d13d95afa4f.jpg,Sweden,SE,56.264797,13.563927
dba11757290347779ae68796f1f48533.jpg,Iceland,IS,64.901411,-23.932289
337679d312974c2887e9db5672e0ade6.jpg,Poland,PL,51.075489,21.281689
06f64fbc47674fec9faa21b1c66769c3.jpg,United_Kingdom,GB,58.570455,-4.760951
ef3e5c860a4e4d22b8b517cc2b506375.jpg,Belarus,BY,52.09437,27.813359
dab5ab4108ce40d88db672b6218b4c9e.jpg,Iceland,IS,65.347791,-20.841971
74a5c9024d964173a580e2c81c58bd7c.jpg,Finland,FI,67.276266,28.23593
9e7b5fd3e7f040249e5197c49039c3dd.jpg,Finland,FI,63.945694,29.916284
b94712069ff94b989f38a670a53d5304.jpg,Spain,ES,36.519239,-5.045007
8be49500cd6d44afbad4225df7a69ddc.jpg,United_Kingdom,GB,50.949396,-0.275751
6046239bc6b1484db82231b6ba6330fe.jpg,Poland,PL,53.28925,20.263466
a7de0810e6b14d36927021684565fc76.jpg,Belarus,BY,53.049825,28.063994
93120f716b084befa90160636ec3cf6f.jpg,Italy,IT,43.386873,11.308793
0d0ae6edeb564796ad083f7d32d8fe5a.jpg,Poland,PL,50.884844,17.027788
1c88ceb995ab443f94ddd7fb9440a88d.jpg,Finland,FI,66.98215,25.279853
af3cd0aa6cc045f3b2dd668d310245c1.jpg,Germany,DE,47.856465,10.896259
4ed01f85342d4c73987773142b530fb7.jpg,Germany,DE,52.356261,7.303027
26a0340c23de4746b35041c4acafdb46.jpg,Norway,NO,62.240684,11.767514
451bf0763fcf480fb3b8c794f0e2dedf.jpg,Finland,FI,63.982229,26.772437
ff10123e1b2a4f1e8493d35e117f1c24.jpg,Belarus,BY,55.665773,28.210474
86eaabd5b3194dd3849c47e8abf7531e.jpg,Turkey,TR,39.851612,34.078153
a36e40d71ad64e7a9400053306085804.jpg,Poland,PL,50.668366,21.761074
56464811d78449a3be29e7a82578f552.jpg,Norway,NO,59.500557,6.53722
eff62b4956bc41e0a8fbc1c322bddf8a.jpg,Belarus,BY,54.754006,25.96308
aee584288e8445de874d706ac0ac992e.jpg,Turkey,TR,40.296074,32.472457
41dd3354c8b443c2bcb4cabd9fffc5fd.jpg,United_Kingdom,GB,51.962081,1.196913
3c1177c9595048afa8b38ccd614c03d6.jpg,Turkey,TR,38.33261,26.895814
3be21986e27c4a2a9afef1ac6d40ff3c.jpg,Germany,DE,47.801872,7.839574
90945033152d47c8b31b3d80f56cf13c.jpg,Germany,DE,53.498403,8.761759
1816d30402784694b5506062b9fbea52.jpg,Finland,FI,66.272711,26.136948
0041ded3d11848a29e1b5f3e2a795dbb.jpg,Poland,PL,51.776288,21.16491
7fd0e092766843a3a4453c80e7591fe1.jpg,Poland,PL,53.51364,14.679513
5c1c7782ce754751965e4147126831b4.jpg,France,FR,47.909911,2.734171
1d775ecfd43042a9a4da5771b0fed29a.jpg,Iceland,IS,65.799404,-23.442173
e9c4695c8047426c89198223555caa90.jpg,Sweden,SE,61.247035,14.767038
4ace73e9ad7a483086e8eac4903a36d3.jpg,Sweden,SE,62.17306,17.157395
9fb1e13cc78c4642b8522c14db6e0f98.jpg,Belarus,BY,52.112886,27.848929
45f7c7c6e279440ca4f95f0e5458a374.jpg,Spain,ES,38.064573,-0.589395
51849527e4c54a90926aba02ad08325b.jpg,France,FR,45.837847,-0.411092
122de2354784475e9bd58dd095cb1e3f.jpg,Sweden,SE,68.233621,19.565903
3e233cfc6d654071a335a0e8a9610a55.jpg,Belarus,BY,56.030857,28.69149
e6377a038a4a458895fc7e5ba83a095e.jpg,Germany,DE,51.942696,14.036866
9264dc1e93cd441f8fa39cae80d3e158.jpg,Belarus,BY,51.922898,30.420236
c0215e96cc6f49b99240117b4fb9a992.jpg,Spain,ES,38.781029,-0.440526
7d312676a7a547b8af1dbed122c99469.jpg,Finland,FI,62.47935,23.604645
c4914ec607814d37973ebdc9e45bf96c.jpg,Italy,IT,40.665576,17.485722
148d1a6829d14d88b84f930731316411.jpg,Spain,ES,42.48693,-6.760733
0e12355a14bb446ea57736c3e395337e.jpg,Italy,IT,42.324351,12.214533
65cc2e507f6f4c7fa530db226ebae5c1.jpg,Spain,ES,37.880116,-0.940902
7329bcd9a32747289a3815dc1ad33edd.jpg,Germany,DE,55.096657,8.485305
f65692cd544f42a5a34791ca8bb35016.jpg,Italy,IT,43.116177,11.723434
22a7b46106f145faa762b8e3a0579b81.jpg,Italy,IT,40.56147,16.582552
efaef1ddd53244b19b7956758c52f6e0.jpg,United_Kingdom,GB,57.556098,-6.1535
52ca0bb57f724b74a6beec600172938b.jpg,Finland,FI,64.138889,28.008733
8b4024705fe0406abc8038fa2c5787a3.jpg,Belarus,BY,55.515581,28.88616
6e3d4aa6db2544b1ac6da7214ba92cfa.jpg,Italy,IT,42.653642,12.491208
0e5e648632254d5790e0897fbe4f9849.jpg,Sweden,SE,58.226254,15.540547
d954aa9beccf46789707fd8f5d6827e5.jpg,Spain,ES,38.859999,-2.20809
4bf0daf20520463baa16b8bd0925ea73.jpg,Norway,NO,68.354185,18.808385
cdda3eece8a24b78bc9168b5fc94caee.jpg,Finland,FI,60.753026,25.020691
472827412cb347c8a73374d556cf7c46.jpg,Poland,PL,53.090603,15.516402
c1d454fc94124d88a96522149fe45a29.jpg,Finland,FI,60.694126,24.168639
076d489644ef4cccad91a4ccea2413d1.jpg,Norway,NO,58.143655,7.864008
a6fdbb7078744a398ae00e7218a2304c.jpg,Spain,ES,37.107374,-3.412285
8e1187d3f805456db1a15587ceceb249.jpg,Norway,NO,66.683327,16.10198
43d97d79f53b45e9a7166ef7e19e93ff.jpg,Belarus,BY,52.996703,27.388711
eaeae6071f2242768e531f566e5c289c.jpg,Germany,DE,49.932232,8.459739
ee69d07bab764530b99a8aae1032dbd1.jpg,Spain,ES,41.69301,-3.279932
77b845b851bd4087b44514278ed6e6d2.jpg,Finland,FI,60.464139,25.761549
c680c4a288e34219aae56351514fb55c.jpg,United_Kingdom,GB,58.42142,-6.429048
e7ba1ed9139540f0996b3551af4847fd.jpg,Finland,FI,67.614892,25.404624
5cd91769d1dd400f81c2cfcc6ec5541f.jpg,Spain,ES,41.461754,-4.599391
4766caf29fc04401bf9d415fb970c8eb.jpg,Poland,PL,49.872828,19.04911
bed748ce190b4088b36726705593a15d.jpg,Italy,IT,41.785208,12.624254
3ac5f403dfae452aa8783595f2afd073.jpg,Finland,FI,67.133101,24.022751
4cae8d5d74f148b0bef9ae35b29c99e1.jpg,Germany,DE,52.715946,12.449164
4dc8f2c2d0ea44fe8a91054dc5e400da.jpg,Germany,DE,50.778816,10.200671
7206564441b44beaaacadccc8ac3d49b.jpg,Iceland,IS,65.142489,-14.735545
9499f87ca9b04fd5838861a53f1b055f.jpg,Belarus,BY,53.019013,30.5697
df8e35815d304ee7a46d7a57d58bbd22.jpg,France,FR,47.338047,1.701208
618e97d871cb485a8183ad5592ef89ce.jpg,Germany,DE,49.894375,11.824159
45e6eb69315c4be18a618f09b823c8f4.jpg,Iceland,IS,66.090908,-17.315833
e981878048ce408d97b26267d82a5882.jpg,Poland,PL,52.072733,20.369645
efb5f6f2fe674cee840d1fc089370f85.jpg,Germany,DE,48.444032,11.120169
edef6fa09354448ba8af8d19df7e890d.jpg,Norway,NO,70.877155,25.732566
ed8e6fef5db9441aa4eeb7b9a235d3f4.jpg,France,FR,44.861058,1.56494
439966e5f4764efd87aee2607b3f2f7d.jpg,Sweden,SE,59.252049,12.931398
10fa5172d2af492aa14189a4bbbc8053.jpg,Belarus,BY,52.481454,27.475619
b00e81cc213a4c1380c90fa14fdda894.jpg,Turkey,TR,39.59408,39.868964
fc6543df8b784598810e2f0d7db9beb2.jpg,France,FR,41.819108,9.402401
e4518bf69879456ca14c63445f677e89.jpg,Germany,DE,50.239939,7.449507
cad52e3f9432434999d613818471fbfc.jpg,Iceland,IS,65.744679,-22.084042
56a924ceb92d43d08193711b45e91bdb.jpg,Finland,FI,65.393088,27.180634
37dfd6c624bb41628217e38202fae35b.jpg,Italy,IT,44.421204,10.457259
51a440c14582456ab90370f153c2523b.jpg,Finland,FI,66.594912,26.058996
01f6bbca55144eb195c98ac212cc173c.jpg,Italy,IT,42.651416,12.373669
6a8e0ee5b7a845c08f33730565817cb3.jpg,Spain,ES,41.618922,-3.053264
b489aecb21aa4c1abf79d5d09c0cc647.jpg,Spain,ES,28.917154,-13.709456
38e715a3d69b48d8814f25c936a7c5f5.jpg,Turkey,TR,36.76281,28.921411
0aa1c10cee0449919576a351ab492229.jpg,Norway,NO,64.643619,13.837867
703187fe35b8470fa7aa17f5831c3501.jpg,Poland,PL,54.171557,20.331593
5de4b43e66864ffdb6fef16e2edb4e84.jpg,Sweden,SE,66.231511,19.932041
b4de3d8613864df683e7ed660e38972d.jpg,Sweden,SE,66.483439,20.280697
d8b1b5ab017a494681d8cf346e70125c.jpg,Poland,PL,54.641596,17.728339
5262045e5f54485f91ef8b1cb6a95017.jpg,Iceland,IS,64.158657,-20.304283
724d4643fe6842b7a1db9050bf4f88c3.jpg,Spain,ES,42.554245,-2.946299
4fa31fbffce84982a14de94db6a5ed26.jpg,Germany,DE,52.257158,14.133853
b1da0471edfd40b195438ce0e0fc050c.jpg,Poland,PL,52.828788,21.225611
ca28d822d1b545b09a75913215e32cf2.jpg,Iceland,IS,65.732172,-19.637462
0bcf949135154c1f806d35e068a39344.jpg,Belarus,BY,53.226471,27.316008
5121e71efc5d4a55b1dcf56562a5684b.jpg,France,FR,45.767725,-1.229854
413380acf92f4ce0913116ee34dff8d3.jpg,Turkey,TR,38.851826,33.813378
2672fc971988404d88c34d8bf72d68da.jpg,Finland,FI,62.525664,21.782142
96b5e8ce551b4612aea6b46aa9c06580.jpg,Turkey,TR,36.984381,35.81847
b3d867c81de647edbae60d910c28c9fe.jpg,Sweden,SE,63.916546,20.463167
f1bc19889f614a3584814416ff145093.jpg,Belarus,BY,52.216834,29.300354
634aa52bd2794a42868ae5462cccf702.jpg,Poland,PL,51.623804,17.772306
159ef78cd3dc4f7f88d2c06838faa98a.jpg,Sweden,SE,64.344933,14.714131
d9f429c9662b458ba5994675ef310159.jpg,Norway,NO,70.976558,25.793858
dc169df7b0804c33b25763ab3959f128.jpg,Sweden,SE,58.679544,15.315409
2a7049b0087147a4849c82f31946b490.jpg,France,FR,44.976626,-1.078499
80d5a850ca3547c9af665df0ffb45b08.jpg,Norway,NO,59.708193,9.786036
94abb01f9b5e4f308bfcb2ed39dad0cb.jpg,United_Kingdom,GB,50.647955,-4.739322
1f4c2f00e4f34d83989ce75320c19bc4.jpg,Turkey,TR,37.832534,39.669233
5062d4d6aadf4a05aa26e8d04c2e58ef.jpg,Italy,IT,39.243458,16.062756
82952b4bd0394a84aa524116284b69e6.jpg,Poland,PL,53.892177,22.346202
b74df949dfc8464d92b4bd422905e8ef.jpg,Turkey,TR,36.674129,29.13136
88437aed33944aac8ca89e7c0dd62c73.jpg,United_Kingdom,GB,50.375498,-4.618852
a6a9ec81a4684ddcb8156377850c2411.jpg,United_Kingdom,GB,57.544358,-6.608867
65cb260d998e4677870750568d8480ad.jpg,Spain,ES,42.862874,-7.908033
c278dfc9ab77442ca77692c169fba55a.jpg,Norway,NO,70.674224,23.65215
c12ed7de9ed34b568af5c253eded5720.jpg,Norway,NO,68.356238,22.890018
2678c4de09794d7fb49c07e506b0be50.jpg,Poland,PL,50.742406,17.71424
381a6f8e649c4c3dba45237ca290dcf9.jpg,Iceland,IS,66.179326,-18.969438
9ebce84af03843709d3435e5ac9c80cd.jpg,Sweden,SE,64.512091,21.062322
daa6b45f058a4b7ab24141dd78bf9c0c.jpg,Turkey,TR,41.133681,27.858903
cceb4c02cdfa4ad4905e7eb44943efdf.jpg,Finland,FI,62.298626,22.243543
dc060579b1d94e4db3e3cab201ac20b7.jpg,Sweden,SE,57.17925,14.078959
0921848fae494c73b87e661567872aa9.jpg,France,FR,48.358327,3.984238
0a670064d4804cfc81f500a7379e5357.jpg,Belarus,BY,54.702159,26.105111
17f2f019a4554cea9e73c5fabd85e271.jpg,Germany,DE,53.067468,13.2877
856dcf002141473480339195b8b477f1.jpg,Finland,FI,64.048022,25.791236
9a3e754c81134557a6d1e54c1107452c.jpg,Spain,ES,39.567145,3.078549
3fa5e191030840e7bd7cea6c63b2c9cb.jpg,Iceland,IS,65.689603,-23.192717
c0fc5ab0be9d492487634b0c8865373e.jpg,Germany,DE,50.24087,9.002845
855b02b553ec494c9814180edaa04f26.jpg,Germany,DE,52.922383,10.366615
8a36dd7cdf6e4ed58dca0f67556942b2.jpg,France,FR,43.398501,3.354541
68fd2d8d831847bfa316cd287ead0e63.jpg,United_Kingdom,GB,50.579607,-4.7194
53e8396281ab403cb3a7cd59e39065f2.jpg,United_Kingdom,GB,58.502176,-4.815764
538ccd1f839b4cb9aa494fe6756d99fe.jpg,France,FR,45.953445,-0.554727
438b37c59fb9477a82600a1ff19f2156.jpg,Poland,PL,52.65476,21.56889
d356709ac0454ab59e597399cc874e3e.jpg,Iceland,IS,65.713411,-17.057121
98827dda7e8d441eafdd649cb365e55b.jpg,Finland,FI,65.034421,24.592728
cba765ffa77040eabf90325d11d53b46.jpg,United_Kingdom,GB,58.065262,-4.982217
79290707a123431c907e821ab0fb02e3.jpg,Spain,ES,29.100232,-13.469668
824306886a7a46df9accc061289a4e4a.jpg,Italy,IT,43.690431,10.468323
cfc3f6a5276f4c30b226fb1a53c71303.jpg,Sweden,SE,55.403192,13.607212
93ec1b99f1c4474ab40ce04b8b5c5251.jpg,United_Kingdom,GB,57.212318,-3.259059
cdfd5a11d05f43b7bf0a3fa13d8ded63.jpg,Finland,FI,62.169041,29.964451
a98bb2a38c4a44ca8cdc72b6a6b3cc88.jpg,Finland,FI,61.221214,27.151996
70ec5e501b1b47bd89df146dbd1f3386.jpg,France,FR,48.498398,-4.506924
c27c457cb5d54655bcd8a429330f9f00.jpg,Sweden,SE,63.020506,16.157757
fc6edcc352f5413ca5c9e5ee869988b2.jpg,France,FR,43.79423,0.824933
7c853c12028d48f089b599793d139f0e.jpg,Italy,IT,41.442617,13.944146
4245f572722b4f3791090e2e6825d3a3.jpg,Poland,PL,52.251102,20.400186
613d488eb0374086b8e18024f7175602.jpg,Germany,DE,49.525404,10.866349
ec23b70db7e34a41b83e948bb69d836c.jpg,United_Kingdom,GB,50.174604,-5.507682
d5cabf673fe44580aeb30c55f5d9ddf4.jpg,Spain,ES,37.955624,-3.791662
fc9984bbdaad43278071baeddad472e6.jpg,Germany,DE,49.920955,7.902567
8fa61e60611f4d35ab18f88be85f2917.jpg,Sweden,SE,59.146031,15.167312
3a55e0bd6837457182b2f3b7d9712bd9.jpg,Italy,IT,41.215209,9.245403
5096f82f46f841e594738b768fcf4b53.jpg,United_Kingdom,GB,54.888069,-4.052146
bd1e822b6ff546c18f4d6babd44b240e.jpg,Germany,DE,52.023061,13.612706
430ce460e5344593b9ddd10a03999a44.jpg,Norway,NO,68.335551,22.93107
eab3aca3ab7b416eac0f168724ef296e.jpg,Sweden,SE,57.580503,18.377275
d502910dba3d4f9a8aec5ee5ab5b0d6b.jpg,France,FR,49.303244,-1.46278
ad15c7c392c348f9b8c4e1e77c445b45.jpg,Germany,DE,51.820576,7.440758
c745ec06afb44082a580d022ef38f97d.jpg,Sweden,SE,60.812208,17.059411
63165a1d0ae84dd1a45cc7e73ecbfae7.jpg,United_Kingdom,GB,58.503022,-4.618968
8c996f871983450eb32b37b6e9077bbe.jpg,Turkey,TR,40.264163,39.476666
5240c79a2c654397a3813fad4d8e1c15.jpg,Finland,FI,65.25382,26.500389
cac247d85f634a1d90d4eb7f74fb5aad.jpg,Germany,DE,47.567486,10.983228
0b4c649c555041ad88dee6e3b2c8179d.jpg,Finland,FI,61.746607,24.34826
61224460a9464735b004248300b839fa.jpg,Finland,FI,62.863506,21.250769
3fc372d8638c491c86b958038047ff1d.jpg,Belarus,BY,51.8645,26.797806
ba9ea63c8d8a4c199d3a4dd84af4ef8b.jpg,Norway,NO,68.401461,17.474448
eaec9d26b78a4d9faabaacb280e19a1e.jpg,France,FR,47.214483,2.240798
bae13f8a8a514330877e672894fc8fa3.jpg,Germany,DE,53.782348,9.30698
95e6f481e6034dc6a1df3ee486d1622c.jpg,Poland,PL,52.190449,22.462574
4ab7b542c981460eaed88bd080e72ce9.jpg,Italy,IT,40.609019,8.327648
285edbe2415048c1b6efca099380fee5.jpg,Norway,NO,65.024836,13.264094
44a84f764bcf497e9568bc46405bd48b.jpg,Iceland,IS,63.964324,-16.860967
8d064d5419fb474b8c853f49ab6cb863.jpg,Turkey,TR,37.046134,27.439955
db757a7709894a348ae9f5b6237d5b25.jpg,Italy,IT,41.642298,13.5805
553bc542bc6941adb3ebac703fb7c0f9.jpg,Germany,DE,50.94466,14.703856
7dc23964e9c14e78863a3a5f6e344790.jpg,Norway,NO,70.486972,25.054913
d9a0eea85f674ff88ac39e5c5cf51fdd.jpg,Belarus,BY,52.390927,30.849675
bbde42aa3251468d979b638a1866ca30.jpg,Poland,PL,54.146887,22.931552
e844abc473e2409da237fa460b9f8dbf.jpg,Turkey,TR,38.977039,30.930378
1851ad0c53fb488cb7c7d00b04acac9e.jpg,Norway,NO,66.658311,16.162488
ebb92539dab34faba8aa79832be20811.jpg,France,FR,47.237574,-1.343408
25c0e33305844d63be5e725d0ddfca16.jpg,Sweden,SE,67.828787,20.721484
f3e7af8811bd441aa7dbe66a692e240b.jpg,Germany,DE,50.901621,13.215217
328863523e434191b8bc9d2dba9e86d5.jpg,France,FR,45.332094,-0.249805
91f598db2c624091970f5778ad3e6c32.jpg,Sweden,SE,58.803183,17.109173
7eb20104d5e34c3da9dad1a4e48186a4.jpg,Belarus,BY,55.27113,26.495818
9358b32709cf4f24b05780a0c1492e57.jpg,Iceland,IS,65.576362,-19.344951
d2d4b83634ee421cab7b246559fde7f1.jpg,Sweden,SE,56.955931,18.302545
c35a62a90b884e879820b4fd492e7d1b.jpg,United_Kingdom,GB,55.766665,-2.212121
89c6d7d9dc61441da12b7e6480e217ad.jpg,Spain,ES,42.709318,-9.015408
bbbae30bac474d2a962cb3a41637e8d6.jpg,Italy,IT,40.425148,17.903716
a70d56ce34ba4c8da539a318190bd066.jpg,Germany,DE,50.037722,12.037186
5af031a4512c466a84b33b25ef80a94a.jpg,Sweden,SE,65.239386,18.82696
452f956bd2934ea2818e6436c85e726c.jpg,Iceland,IS,64.912407,-23.800747
fef337d78a2d4946871762dbd6e7e44e.jpg,Germany,DE,51.467993,7.862728
71a318817d7149668683675d04d3afa5.jpg,Italy,IT,40.636949,9.703734
d2f161f973ad429691f16ba61f476306.jpg,Belarus,BY,51.981033,23.929482
18efebb5cf8d453dbdcad44b79d63ece.jpg,Spain,ES,38.808391,-0.463231
72f833fb23f440f2aa7c1f0eb815fcab.jpg,Poland,PL,49.990135,19.213565
9503f1cd02e347edb4490d2416e361f1.jpg,Spain,ES,41.887766,-2.790526
90cee8bd4283491995a58834d08d8daa.jpg,Sweden,SE,56.201712,13.744897
d9aabc81b43840f98c0e4a679b3a4548.jpg,United_Kingdom,GB,54.622706,-5.764378
af414481b5034f1cbfa6a773d13093cf.jpg,United_Kingdom,GB,52.257696,0.37187
97a0ced4073d4b648da081ead909d810.jpg,Iceland,IS,64.968431,-13.855779
4ed1ef6db4b346df94bb58f7a3f60b57.jpg,Iceland,IS,65.572453,-22.296899
8814ab78b4954be3ae5a39e7248ae6ae.jpg,Iceland,IS,64.179929,-15.831023
e502712a09ff4be9a141af86f932a7f7.jpg,United_Kingdom,GB,54.118695,-1.19109
b7fb713f97e4459bb6235d0bd0440c85.jpg,Belarus,BY,52.358937,25.024378
9ac5ad30c7714219961f7079ce3cdad1.jpg,Turkey,TR,39.561484,44.064047
096c28b6bfd24895b1e7b5a798359304.jpg,Belarus,BY,55.316826,29.447743
4de3b4852e1b425e9e8346be9f2aab5c.jpg,Sweden,SE,55.730081,13.874312
fdff34417bfe4783a79ab232de25292f.jpg,Germany,DE,51.346671,14.636367
6ae2fc7f747744ce8693154d1384953d.jpg,Iceland,IS,65.745342,-19.362416
cbe696bd94874e05b756af6892b05c90.jpg,Finland,FI,62.638995,22.002728
892cbddf1f99471daf94e11f1e42c4e2.jpg,Iceland,IS,63.541128,-18.455069
982ab0088b724607abfeeafcee1fbe71.jpg,Sweden,SE,57.452758,12.171271
c4a44b759dd14ff4ba24275607d7b6ef.jpg,Germany,DE,47.54574,10.548222
c97504e2de9745b19e62a6e608849184.jpg,Belarus,BY,51.699058,29.142993
51972d7bc70e49418b8f706e7ea3a852.jpg,Poland,PL,54.232511,19.540087
1c5c7c796bf04ec798f4e7493acb6c36.jpg,Sweden,SE,62.095429,17.43106
2d35a386dcc04267822086ad89d50af5.jpg,United_Kingdom,GB,53.605684,-0.663562
7e5c5c1f8df846a1b4965e94c386b11d.jpg,Germany,DE,53.211736,9.550637
602a14d8688f4873970cd14f91380838.jpg,United_Kingdom,GB,50.888549,-1.578226
ffbaab002cce4339b6cf0886e1f7494d.jpg,United_Kingdom,GB,55.822208,-3.996808
a81e087b629a4294a3379be41c99c822.jpg,Italy,IT,40.647544,17.316788
ce53d1abc0594e20b91f6b6f8dc35d9e.jpg,Germany,DE,53.231996,10.225927
99c17d510d1a4e339f911187e9c33d0d.jpg,Belarus,BY,55.809204,27.973134
c5aa28ee7e364d149fbad981f44397a6.jpg,Germany,DE,47.486674,11.227253
15bae918e55848218514ba7686c947b4.jpg,Germany,DE,50.007482,10.665394
3cebe0d58f2b414bb7ee428b9c997c2d.jpg,Sweden,SE,64.151277,19.685873
b81df6b5c5b441fa896fb8c5d56bb981.jpg,Poland,PL,54.160846,17.942825
e22646b5278c4517b297f6603c541bb0.jpg,Sweden,SE,67.257289,22.747307
30ab5842b0e44d59a8a75bb71e9b22fc.jpg,Turkey,TR,41.664153,26.614502
a640586e30db4908bf576536c0ceb716.jpg,Spain,ES,40.448122,-0.219346
d23658ba75e44bd8b06ea352a1cec65a.jpg,Finland,FI,60.624597,24.353904
8f8e94534c5c45718dc3dfa51b41e906.jpg,Finland,FI,64.294019,28.211137
bf260f0c4ced4699a67dc965ed4b7412.jpg,Belarus,BY,53.235941,27.234075
16d298a277dc4780b451167dc43875f2.jpg,United_Kingdom,GB,50.002647,-5.214381
cb2a8f7978c646f68f515ea610f56fa4.jpg,Italy,IT,40.594303,8.293516
5f4eceb86bfd41438a37255d2088adb3.jpg,Sweden,SE,66.726631,19.844821
e948972689f74453912f3910fc3eb1bb.jpg,Belarus,BY,53.666846,31.647785
243299c474fa45938d36a53c8b1d01e6.jpg,Sweden,SE,65.980633,22.866528
5dcf2d875ef9415887d72feea84e6cc3.jpg,Norway,NO,59.962699,6.574869
0933fe88fc53443489a88c553c0a69d7.jpg,Turkey,TR,37.110762,30.616313
0ef410b9bc3542efad7f432c0d7b5719.jpg,Iceland,IS,64.629147,-14.433954
c555b21338bb4220adf661d7bbb443f8.jpg,Iceland,IS,63.839165,-22.434736
5bf1da7806a44084b8bd1d695d82c831.jpg,Spain,ES,40.330093,-3.448117
4f165c407a5b4c6a8549c4697fe424c6.jpg,Germany,DE,51.847743,6.165924
5b0226e61f9e4c158cd4863b9bc40440.jpg,Sweden,SE,63.587738,19.364633
d7b9370f2dba42de9df9c0a4083320a3.jpg,France,FR,45.144669,-0.479978
45541e0fa5404535b4df7b53b2e35496.jpg,Turkey,TR,36.535044,33.454668
6aded972a79d4ad5b3fd26e58e8128e7.jpg,Italy,IT,43.523567,11.589749
7dcd72b0ed384a109d3ab17d75a92d26.jpg,Spain,ES,28.661902,-17.816287
75711b9de35147f795f253d5aebeae0e.jpg,Belarus,BY,54.341532,26.20063
f51a23b12df24211823c5f17b46f5e2f.jpg,Poland,PL,52.322636,21.565853
ee6642b79cbd4b329fa0282721131227.jpg,Iceland,IS,66.124523,-19.072896
7cb39d5e29a049879bc64164b031df22.jpg,Finland,FI,67.485693,27.982756
e5ae2cc17b5e49b69db525d1c8eea6a6.jpg,Belarus,BY,53.936709,30.204444
209b7df6f079498295857654e0702cc4.jpg,Belarus,BY,52.018814,26.3394
7895e8d5ba4a489bb72c3965bffc554c.jpg,Spain,ES,39.709139,3.014539
88fbb93246294516af2cbd1a2482b002.jpg,Finland,FI,66.261907,29.33451
35212a9371dd4852a90444bec9a81628.jpg,Germany,DE,50.468647,6.581185
4be60f9a30a64b17929a32ba4cd39ed0.jpg,Spain,ES,42.019372,2.992918
9579f4968e0a48028b90a4f55329b603.jpg,Belarus,BY,53.547298,26.173013
e53895b9ea8447188cb6c8a5f95e2aac.jpg,Spain,ES,37.486248,-5.626076
0050602ff67c4226940f39601ead69fd.jpg,Germany,DE,51.058411,14.616768
574634de3d224f4886d826cbb3d6df4b.jpg,Germany,DE,49.160725,11.048374
02467a44220043d5a7d79737566a7c55.jpg,France,FR,48.257256,-4.538719
31408446237c413c875b52f234b4af46.jpg,France,FR,49.298242,-0.308172
b3cc3d4ee69e4519b081d9c485622238.jpg,France,FR,44.084387,-1.310524
6e23488d1d8744f38beafa8a06c098e4.jpg,Spain,ES,39.275893,-2.205168
b08d1747970640229cca14996978fd8a.jpg,Norway,NO,62.468273,6.104138
c58dbd005d164fb5857a6e08dc7d4ef0.jpg,France,FR,45.769138,5.911194
1cd35ef403404f369a86349fda05b236.jpg,Iceland,IS,65.581726,-23.186609
515dd87b42f04b488f0ec46d4d3749db.jpg,Belarus,BY,51.969796,30.447273
3fa23c58766b465eaaeabaa9a1e65528.jpg,Spain,ES,28.084991,-14.434785
17dadfd993004d13b9c3314fbe37ca73.jpg,Turkey,TR,39.740129,42.940702
7ce8d5eed53140828eb62903e466fbd4.jpg,Iceland,IS,64.118417,-20.625491
9efe456471254b6b81b3a5eed33119f7.jpg,Norway,NO,67.308332,14.531155
cc45e30b3d0f4cd29abe20f1e72ed9da.jpg,France,FR,43.380781,6.503368
0eb204d6c624425680367d2ab0811084.jpg,Turkey,TR,36.206228,36.198233
37a3580f78af4ee0b1f2f2c1f98c5d19.jpg,Spain,ES,36.804632,-2.132193
843f2a498fa14563b43702de09a2c0e9.jpg,Poland,PL,53.634273,20.755456
6d1a60b12f0a471c99a7889785fbe25a.jpg,Sweden,SE,61.797304,13.505918
cb48c55d3cde48cfa83b0cc63b74c903.jpg,Iceland,IS,63.988715,-18.91654
f31a4cf740b344509f1f09d32b35b060.jpg,Spain,ES,37.674876,-0.889448
1fd7b8ef63e84e8fb3839eb7130461da.jpg,Norway,NO,66.339523,13.411082
f97dae741bcd45ed936295e56274bf90.jpg,France,FR,43.761831,1.233119
bf4161afa7834060b34d0f790c046a3d.jpg,Belarus,BY,55.477076,29.076364
720fa8650cad4405bf42a4a1b9938317.jpg,Spain,ES,39.520131,3.287639
6c44076d052d469195a0f1184ec57eb6.jpg,Spain,ES,37.557241,-4.051856
451a4742da1647f2b24e17cd0386a8e3.jpg,Sweden,SE,61.224562,15.418625
617717ebceb84f5d900a73c602d4725e.jpg,Spain,ES,42.92849,-7.663963
46b2e1de02ad4449895020701dfce516.jpg,Norway,NO,68.842188,18.268426
e919b06631254bf986b2acb0c3b3dcac.jpg,France,FR,48.155107,2.343306
cc7eb6c93844412cbb0cd189464da276.jpg,Turkey,TR,38.260489,40.958394
7ca709b1cc044107a24911e34f9b22d6.jpg,France,FR,45.134991,0.538277
ed51e6633d3a4fd68533dd8637e38743.jpg,Poland,PL,54.496962,17.060184
fd296eecd74e4d4e99ee5a2d33db6d77.jpg,Belarus,BY,53.726094,32.076557
91b2e39329b44434b4947ecced6af9bb.jpg,Norway,NO,58.672607,5.595401
2a439d6e2cd2406fb55f65d70c6715e8.jpg,Germany,DE,51.500331,8.341294
fdfc3accf4a44086a07f5a65a8775546.jpg,Turkey,TR,37.350063,27.508666
af03c0f6c9ee4ccaa35f9e1692fadc62.jpg,Finland,FI,66.598129,28.989443
c24594ee96174debbd764bf65e02059d.jpg,Norway,NO,58.330126,6.265267
f86933dbea414661a13c46fc253b6e6b.jpg,Sweden,SE,57.859303,16.300495
a72513de1f4d406e94ab792365a0c345.jpg,Spain,ES,36.847105,-4.451494
554b7be5beec4694a2476d914e0a0241.jpg,Norway,NO,62.535577,6.126951
309d5b5007b54e6e820064aac8222815.jpg,Poland,PL,53.546419,19.41316
5eca2fc7b450417a8fee8610320a6050.jpg,United_Kingdom,GB,52.844367,1.063985
85d25f802aba4c79a5e836914c323037.jpg,Spain,ES,39.026099,-3.374009
1329806b387347e28e2fc67e5f97ee0e.jpg,Poland,PL,50.970347,23.18315
a3f3e65875a84db88c08b864420cbec9.jpg,France,FR,44.184349,3.435827
7eeec8e67b2940c3b3d1e7df0c105471.jpg,Norway,NO,70.083503,22.009552
3aed9af5773e4956b96adbeefb5237c0.jpg,Iceland,IS,63.972086,-16.86272
a35bb6ac098845e887270794bd3e6e0f.jpg,Italy,IT,44.471996,7.888568
cbef4d287391499f9a222c6ed3ed2a14.jpg,Poland,PL,49.557217,22.066757
f32df68d63a3407aa020197f3d880b68.jpg,Sweden,SE,65.632147,22.31811
bf987cdcb08448a1a23b675de6ab3981.jpg,Poland,PL,50.679042,18.650596
cbf2ce80d97748139bb3704d427228fe.jpg,Spain,ES,41.966884,-3.113328
0c1c78c220514ad1b05238b8a7a9e844.jpg,Iceland,IS,65.881348,-22.300504
31c77b809df446f9a718fa205c1dd5aa.jpg,Norway,NO,69.626816,18.969115
7e6fb5afbfc94871b5f7faa17e527e31.jpg,France,FR,50.545104,2.475844
ab07d91cd7c24d8c966511c471cf0a1c.jpg,Norway,NO,59.826472,9.908382
91d63f5e738d4fac9c42b80707d1b5d2.jpg,Belarus,BY,52.300298,30.924334
a15c50fd2ce542b8b71d4616a76a9424.jpg,Germany,DE,48.977213,8.075099
105acb0b22434bb5b5faef91b9c748a3.jpg,Sweden,SE,65.375874,16.126388
64b29ce0052940deaa6ec40b82799142.jpg,Sweden,SE,64.679159,20.946116
d61f1808e1a44a3f99673644685da897.jpg,Turkey,TR,39.45114,31.440788
df45cad434d64f4ab9bc8d971b072762.jpg,Iceland,IS,63.553166,-18.446691
1809aa7059e04f77a86ae9a1430c43a7.jpg,Finland,FI,61.021183,23.171153
04bbb772a912429da1d74023e06995d2.jpg,Sweden,SE,65.486279,19.329744
72a9c1a044ca46a3a54de061400f4e9f.jpg,Spain,ES,43.745292,-7.717619
072b8a94f3eb4c64ac48e804607c7c03.jpg,Spain,ES,37.031067,-4.544283
a5826ca8bf894e79b1596189212a704b.jpg,Norway,NO,68.340864,16.330012
b3f125009c9947278110e9cefaf9756f.jpg,United_Kingdom,GB,57.537704,-5.136571
5c7b8838d97149b0ad048655e20895d4.jpg,Norway,NO,63.551359,10.187933
acd05668cc654ebcb489020c6d03ae10.jpg,Poland,PL,50.567062,21.676632
c35fe0cb05fb473981a06e8ecc5a5f91.jpg,Spain,ES,42.425237,1.903293
9e7d9f4dcd69415682e46b6179f7885b.jpg,Sweden,SE,65.627285,18.934853
899d1459a151443f8265999832ce421c.jpg,Belarus,BY,55.032563,29.304935
9d38e548d6e149d1a296d35fa7bec680.jpg,Italy,IT,40.267917,18.050232
eac386a6a4e64e51b86207df0d3ec4b4.jpg,United_Kingdom,GB,50.375563,-5.041491
34fed141bbd34da396742765e24f9a1d.jpg,Turkey,TR,40.738456,36.231569
6248425e91be49e2ac54ffb24751cd24.jpg,Sweden,SE,62.357892,17.247364
c80f65ac207d4748a66287a06635bfeb.jpg,France,FR,47.107156,0.313831
2a0a1ecfb8994bf19bce7fa1b3f2dd48.jpg,Iceland,IS,65.900993,-18.061126
ccdf3ee406e640a2a7c391ae5660dccf.jpg,Poland,PL,50.535552,23.735592
98a80b6752d84bacb8e27a41c7fcb446.jpg,France,FR,45.807284,3.535326
dcdd56646e1e43bf9881cd6337238c00.jpg,Turkey,TR,37.274262,37.193566
7ea61158865c40409cc4a24959f27ab6.jpg,Sweden,SE,64.317758,14.93895
7f0a9917bff4425780750bda1c952b96.jpg,Poland,PL,54.581144,16.905119
19ee9782abd34059b5b4173b318d3071.jpg,Sweden,SE,61.368717,13.526002
42bc1af66b5d454f86da0a685c5f93d4.jpg,France,FR,45.124963,4.177179
808ecc8aacb949e5b2d3a1f0487bfa88.jpg,Spain,ES,38.381189,-6.277205
da240abf830a4db99a100bb1cd1a5410.jpg,Sweden,SE,61.791205,14.128996
5428fd9c24f7490eb784f11712da153f.jpg,United_Kingdom,GB,56.626356,-2.525955
40f95bb1faf74f21a2938309ed68fec0.jpg,Iceland,IS,63.569448,-19.863883
5c90e2570fc84b73a706b79cbc969bb7.jpg,Iceland,IS,65.563596,-19.966594
7fca2c2e1e6d4450a72f61ae13e685d2.jpg,Spain,ES,41.888753,1.067805
73ffbfb212d541fca0dfedffdd6e4808.jpg,Turkey,TR,36.971969,28.698466
c994da57dc824cbd939b11a255ebf900.jpg,Italy,IT,37.116741,14.286913
3e9c1608f7124926b7c63a392f8e76a5.jpg,Turkey,TR,36.265123,33.522441
3d7bffdf0ec445849ef6a2670112156b.jpg,Poland,PL,51.924201,18.982082
c4cefec38f8f4fefa5162bbbb9d087be.jpg,Norway,NO,60.099917,11.435486
871eebbfbeaa442c99d6ca41d9855c9e.jpg,Finland,FI,67.336016,24.906071
24d8dbd0fe9c433bb35b69f672a2eb11.jpg,United_Kingdom,GB,53.505997,-2.347863
ec41ce4e767347ba83860cf53de88780.jpg,Germany,DE,53.823182,9.601256
8eb6407801ba4f38a8894615d323639c.jpg,Turkey,TR,37.808183,40.430224
132e86f90f9b4e658d9b983b91d30543.jpg,United_Kingdom,GB,50.370888,-4.96314
5429e4e0ea0a483c9e4928d11991c58c.jpg,Turkey,TR,37.838862,40.610379
abd2d726cfb54345bfe790e198099208.jpg,Finland,FI,62.100731,29.968609
a61fbc7a795d4a1193b5997a1b003782.jpg,Spain,ES,42.758768,-8.438119
326e13df8ad24ce4a501475634a32117.jpg,Sweden,SE,65.250431,16.855883
99d3878de78b4fdc8ab39f53879a2b26.jpg,Turkey,TR,37.21591,38.796745
62ea81fb96204e2e8154821c1a2b979b.jpg,Poland,PL,54.352818,22.711807
04a564954b384352aadef83c91724d05.jpg,Turkey,TR,38.492373,28.04968
e177b3d5e8524f25b32f1cf8b62ffa01.jpg,Belarus,BY,55.311983,29.553656
8c4772c7b2ef41b1bb59b8e61955857b.jpg,Germany,DE,47.691755,9.253587
6e5871d626634e77955a12952013b9e2.jpg,Norway,NO,69.439946,25.012518
11ca4bf126864ee8b3dd3b4c6eb9d9e9.jpg,Norway,NO,69.683688,18.804869
8effb42fe55e45019240cbbc3b13a564.jpg,Iceland,IS,65.622401,-23.474085
73f4e9ee9c0d434f9f8f2b4da430ad96.jpg,Spain,ES,28.951643,-13.673207
b153afb267a34141b409b5c268d044c3.jpg,Poland,PL,53.797447,14.643786
09a90a3262b3424895469d2c0f917a7d.jpg,United_Kingdom,GB,52.956789,-2.806585
5c8ee20385ba4d5d8364a986fc7f893d.jpg,Poland,PL,50.701176,22.491471
430509ffcb564a7a825a4170c151d10d.jpg,Iceland,IS,64.912267,-14.006476
51eba5e5bd9342b2b8fd1dd64852573c.jpg,Finland,FI,63.331846,25.607077
3103374cb9884269b8dabff7c9beee64.jpg,Iceland,IS,65.896257,-14.829971
007b0d7c6deb41499dfa6e335c370d37.jpg,Turkey,TR,40.741136,30.43627
02486e64fed044d9a123ec5b319d377d.jpg,Finland,FI,64.415905,28.438687
44019ed2f04c4e9ea6d2ebc9f7909349.jpg,Italy,IT,38.004936,14.97563
ec09c38bf8484dfa95db4adb90ecc247.jpg,Finland,FI,64.574145,28.842264
aa00769901e4491b8a61f7df2f27a649.jpg,Norway,NO,68.443138,22.742898
ba2c38769b5f4ec79a3ec611b9873991.jpg,Spain,ES,28.317492,-16.565578
6ec2129b3bd2461a9369c4e1c1873f5c.jpg,Finland,FI,65.75071,29.193629
df34132c110947b390ee6fd74bd12f12.jpg,Norway,NO,59.909556,7.211085
e95d06ad3e5646479dc24ee69961152e.jpg,Germany,DE,48.195134,10.927748
d6a02832521440be812c95b1dd5172b3.jpg,Turkey,TR,37.580731,38.952449
17b68c2d97e14cafb5be6db15df1d4b4.jpg,Norway,NO,58.244105,6.851828
bbeafd41e87e4852aeebb38e77ad9675.jpg,Norway,NO,69.27776,15.975718
6d60d6562a904a85892a7043c71ad77f.jpg,Spain,ES,39.64826,2.698728
9052d173d0f74c9aae99773a2cb3cd55.jpg,Poland,PL,53.116062,22.8425
aa691e929ba4436aa828ec60ab5ea880.jpg,Norway,NO,59.460237,6.327041
51821bd7091c445683dc5b2661036cfd.jpg,France,FR,43.214925,6.498748
62a73fd37614483d9dea37c478073805.jpg,Spain,ES,37.655278,-0.808124
d1843b7afdfa48c5b69dc60d7e4e0ee3.jpg,Finland,FI,61.505708,22.966829
b5d7324e036a41c6b6d92290e38da628.jpg,Belarus,BY,55.888191,28.605694
7865e6dfd70c4bab8cf9685ebdd587d6.jpg,Finland,FI,61.341425,21.773551
d79cda0ef017479d872c09823cdf52e1.jpg,Iceland,IS,64.945375,-22.900832
ffe0770394ae400485138dfe10543d2c.jpg,Norway,NO,67.348437,14.548636
a865cf84866440018fa570db90d5576d.jpg,Spain,ES,38.011527,-3.838726
af78de68883b4e54b72a313c91e29765.jpg,Finland,FI,67.628723,24.204512
8b5c4cf7c9bf4d85b965952e9efd7680.jpg,Spain,ES,41.028628,-1.658791
a2d3f3190bea4e3fa21d917f95f1a8ee.jpg,Finland,FI,61.309372,23.478915
2ac246926c05477baf3d88383d8d2de5.jpg,Turkey,TR,38.20203,41.478458
96f121454bbb482b86415dc69a4fa20d.jpg,Sweden,SE,56.549416,15.448048
582cd41b080647c3941184c7f3f915fa.jpg,Iceland,IS,63.570799,-19.86997
98b9c3176ade4d3286f6142a2bf5e547.jpg,Turkey,TR,37.2329,32.228513
0107c5d7064d4e1b909e216d4c71a09a.jpg,Italy,IT,40.450208,17.333467
87051d18f4d043f3ab592226b89b60c4.jpg,Norway,NO,62.903278,7.482746
b76566addbe1478c9f2ed275430c530f.jpg,Poland,PL,54.150583,20.444417
0a819750fe844721930b4f5342f47c7c.jpg,Poland,PL,52.063263,15.221163
e1bff04d9fad46ffbca2c39859c4dd20.jpg,Norway,NO,62.368762,6.008613
e0a7a0ac1b8041af99c7f0afe0907958.jpg,France,FR,47.326428,1.69145
3728eb4b80514092ac647f770d633b44.jpg,Italy,IT,37.56623,14.917226
93df3925f2204735a60b41faf932d963.jpg,Finland,FI,63.499101,22.632764
59fea02ee1af4f6d9e2132ed2278f56b.jpg,Poland,PL,51.039568,15.907589
c1cbb1813a1949bf8122fea483278b7f.jpg,Iceland,IS,65.983133,-22.856357
1e986b508a4c43dd83574b45cc1c28af.jpg,United_Kingdom,GB,56.046013,-5.178459
6ee8b69ae4bd4fdf8b82ca8e0e175811.jpg,Iceland,IS,65.394461,-15.432111
a04ef04ae8364cb3b58222f52c5e7966.jpg,Poland,PL,51.483719,22.260235
ffd6286ef15d42c680e80e7924cb42ee.jpg,Poland,PL,50.1903,19.7965
aed22d4cdde94b6bab7b36e09e070ef7.jpg,Finland,FI,65.48287,25.341775
491c2def07ed44efb1c456f9485d1b38.jpg,Italy,IT,43.684268,10.557372
f62b647fa0814b80969b4865854ed2f2.jpg,Italy,IT,40.792529,16.167957
d63c3e8128624178ba3c37ef655a11d9.jpg,Italy,IT,37.366602,15.08118
9ef0664e02504e7f9e27e805f892df44.jpg,Norway,NO,64.094961,11.524661
4b8fb1010201448bae1bd3ef2f439ecf.jpg,Germany,DE,53.664453,11.222042
22fc55cc98f84c3d87188d088c07fac1.jpg,Italy,IT,41.551019,14.748481
5e585d8cf571420794c6aac8208154d9.jpg,United_Kingdom,GB,53.854416,-0.416005
59407328268b4001a7d9e1d49c42f05a.jpg,Italy,IT,36.740933,15.116421
967adcd6d99c48acb31ad3988f5dff08.jpg,France,FR,49.76446,1.748322
bb07e5dd7b8041c9bf63103d4bbb915f.jpg,United_Kingdom,GB,50.499837,-4.720235
554d10314c934eb19668d3779390f62a.jpg,Belarus,BY,55.992684,28.646943
b39b40c25c9b411a988972cee7c02235.jpg,Germany,DE,48.783557,9.514531
0eb950d6cb474fe09c122c2412ff1011.jpg,Iceland,IS,64.909923,-13.99471
0eb4adaef7e84ad7bde72aec23e3f108.jpg,Norway,NO,67.260499,15.433198
635f00aa95ad42519aecc99ba01c037a.jpg,United_Kingdom,GB,51.776242,-2.592026
477184d5b8e742849af6d7831725ce3b.jpg,Sweden,SE,64.377302,15.644258
c8bc1d669d43430d9b66d057ed0a358b.jpg,Turkey,TR,39.87254,39.256192
50d82288a0464d48a81e9b46f06a5203.jpg,Norway,NO,59.398699,6.193597
187f3ed7673f402780598d637c8fa2e0.jpg,Belarus,BY,54.554917,30.455503
359034b428c94dbc903163183f6c1269.jpg,United_Kingdom,GB,54.517056,-5.548987
e41ec41d17d14b869d7a935d110f8482.jpg,Sweden,SE,64.066429,19.83367
b35857d6e3f340958c217f6cdca912b9.jpg,United_Kingdom,GB,58.476123,-6.277236
49e2d8b39daf4773983532c588cf1b06.jpg,Iceland,IS,64.062095,-21.559126
83015a43ad144f47ba26fe5e68ad3e3d.jpg,Turkey,TR,39.936478,32.787185
117e56030fea49088898c6fd8b8d19b7.jpg,Italy,IT,41.914684,15.138913
949378164bc64c198dac9f43b154e297.jpg,Norway,NO,58.320093,8.058448
2c00206fb99b41df96648360e3a7e611.jpg,Turkey,TR,40.565718,35.992789
0484a47f65884c1a949f9e1dc2dfd01e.jpg,Spain,ES,42.745708,-0.516635
555f131458d74c8ab45df922f3792a1d.jpg,Spain,ES,41.888569,1.072057
725db58f92a641d89c18671bc69f863a.jpg,Norway,NO,69.780044,25.169465
a436ef12ca524e8eab2ce6e50edf438f.jpg,Iceland,IS,64.002237,-20.978885
9ddc90beba2342068a9dcc62f44a2031.jpg,France,FR,44.325544,-1.097516
dce0c41b2052451494965cc1f0a9fd19.jpg,Turkey,TR,40.614187,43.392593
3cb3538cd567483a9ca1987a8796c625.jpg,Spain,ES,38.116988,-0.550413
cfa1f3583553443d9dbcfa22fd926407.jpg,Spain,ES,39.000437,-3.927812
9330caf2f5594befafbb6caa52287ae0.jpg,Germany,DE,50.254917,8.989502
1d8bc974e3b545b5a455a7a8603d22ae.jpg,Germany,DE,52.556555,12.62964
adccd57173b84073937d279c35a2f524.jpg,Poland,PL,52.496954,20.877391
e38fd7e01585407cb24598f7b26a1b79.jpg,Norway,NO,68.501656,16.889378
16c9dcfbb394407b8509d26240ee4ebc.jpg,Iceland,IS,64.830727,-23.278409
280cc8e65fc747668dad59b5362570cf.jpg,Sweden,SE,57.660029,13.327479
b058e016a15d43afb817287e3cd46a63.jpg,Norway,NO,69.457138,19.235632
6764cbd41c97461fa5bcb75031b05ebb.jpg,United_Kingdom,GB,57.476405,-3.31996
430ccc2a578947ea991458bbb24be358.jpg,Poland,PL,54.120034,22.86413
46253fb17e0a4fc09aecd796a3e359d2.jpg,Sweden,SE,65.284119,16.312731
08882d304718491b9009915c13dee917.jpg,Turkey,TR,37.738837,41.291573
3570f8ba997047d19831e4eec0b1dec4.jpg,Belarus,BY,52.979181,26.881763
1ecb94202aba4d5591be002852496157.jpg,Italy,IT,40.736604,8.532698
c80f5d8aedf44c5e84199ee8b59a4f71.jpg,Poland,PL,52.479205,16.535006
31461abae3ee43aca139e8c1d68e6481.jpg,Italy,IT,40.979115,8.930611
f2251982b4354c3481cd3c2e50f4d8c7.jpg,Belarus,BY,51.979109,26.979143
502c47587e944a5bb364ee50e24ec562.jpg,Poland,PL,53.211752,20.848399
6950642bb1224365992f6787a2cf9cf9.jpg,Spain,ES,36.73528,-4.239885
edfc6eac501049478abfef9177878be5.jpg,Germany,DE,50.730307,9.237267
17ebfbaf5fad4524b6b5ccc74f86495b.jpg,Spain,ES,40.693348,-4.105842
7e9e98d67b6d4b5098c0421a479ea460.jpg,United_Kingdom,GB,55.282998,-2.94676
388a0c4fd4194ce5a74dfc132d21a2ba.jpg,Sweden,SE,57.561072,18.709824
114c855f17554beeb102c2bceffb1bdf.jpg,Italy,IT,43.594344,10.734146
dde87a96dae74dd8acf54fc7f5a821a1.jpg,Spain,ES,43.294698,-5.136941
b071227107364c57846f0bd28353c87c.jpg,Norway,NO,58.160351,7.950872
485fc301ff544e349d552510f9c59c7e.jpg,Italy,IT,40.485485,16.303157
bf4104f65da5494a802dbd8b33b6eb81.jpg,Spain,ES,39.54071,3.237928
1d8704b76a98439cacad5667cb169ca8.jpg,France,FR,48.201847,5.578815
bac7d427ad3f4f56b28ab193c2b945a7.jpg,Sweden,SE,63.154321,14.227609
78c653eb152e460881594d2ac8b922f5.jpg,Italy,IT,43.811763,11.230281
a683c8ed9c064b29a214c072bbfb63d1.jpg,Germany,DE,51.039147,13.520706
bd708d2bb14d4d6489114c97b256010e.jpg,Norway,NO,60.81791,5.820652
49ef156911ba439aa0c3ff8b252148c2.jpg,Germany,DE,48.648046,13.410859
f088661c239c4dee90e4d42632215935.jpg,Spain,ES,28.651833,-13.831988
2e73f5c4d77a410ba6a9131daf8e8de8.jpg,Germany,DE,52.212747,8.994441
bd3e0068cdd04c11b9357baab00acb0e.jpg,Norway,NO,61.072149,9.139598
9f0bf1e95f0a4fb8a7bd16b2a2a85545.jpg,Italy,IT,38.743118,16.475035
0fbf5296f7264de8b68bfe4e0a08e599.jpg,Turkey,TR,40.833621,26.632051
b3656db2f23148ba8babdbe2cc4ed6b5.jpg,Belarus,BY,54.497546,28.823381
a2fac261b9f44032abd3c5dc07ad585e.jpg,United_Kingdom,GB,50.887392,-0.281515
0b3872e61eeb48848d45fc0818a7984b.jpg,Norway,NO,69.097039,17.638162
49aad7c10de9414e9ed30554109341f8.jpg,Belarus,BY,53.129083,29.487088
9a6af165444848aa9e8844e2e82953c1.jpg,Poland,PL,51.445328,17.822866
eaebe75f69884643b81f1a4010b07242.jpg,Norway,NO,61.738356,10.185951
074fed94959f404b846b1d5e8d7e07a6.jpg,Spain,ES,42.224638,3.004793
6a555120a2b0458bb2645204ae026095.jpg,Spain,ES,43.729278,-7.687743
40bd5e18347c4303b1a44ace389427a2.jpg,Norway,NO,60.902419,6.861809
c0c49d15801840bf98373fad1fd80c02.jpg,Iceland,IS,66.565946,-18.020466
46dc094e29434527a8d565eb049d4bd7.jpg,Germany,DE,48.534154,10.206352
38ded8735d964b529f2dd63180b901ed.jpg,Germany,DE,53.31132,13.933292
1c2dab4a72ac49ce91ed40b02b3a2e64.jpg,United_Kingdom,GB,50.635871,-4.501733
92a4796e46b342f69059df9c0e93e446.jpg,United_Kingdom,GB,52.339959,1.331629
1bbac00df7fe4650baf9657bb53459a8.jpg,Poland,PL,52.242688,21.261324
84844c76f1dd4a998ca731f775a4791b.jpg,Finland,FI,62.015428,23.660301
f99652db3f5f4f8494b1becb842ff12a.jpg,United_Kingdom,GB,52.628743,-4.090378
08bba0c47b74404db368fe02a5aff9e1.jpg,France,FR,45.534759,2.353654
d7d6c5077feb4464bf19fb49aa3d92d7.jpg,United_Kingdom,GB,56.221671,-2.91415
3ac6ee702b1e41b48dc575a0cce36b8f.jpg,Turkey,TR,37.854023,32.659016
ef794c077b1c448da0d2326b1fd5b242.jpg,United_Kingdom,GB,51.907226,-1.521096
b7221be5c4e149d48ae34f7b73491b50.jpg,Belarus,BY,56.028425,28.326887
0f5aa9c6227d49adab97db2bf087e8fc.jpg,Turkey,TR,38.50802,33.952951
052b421b96fb40579bb0c3bb9d45f007.jpg,France,FR,49.020105,2.702849
fa34a89cd5934cbe9d563666ae5994ca.jpg,Poland,PL,49.819205,21.424565
41388e2615d9437c9f3fe0b95c5f7ca8.jpg,United_Kingdom,GB,54.28438,-2.767693
9e73d0d4346f4ae7948696d29c7adf8b.jpg,Poland,PL,54.612728,18.389594
7f7f5546796046f7aaa6d7269e3fb32f.jpg,Germany,DE,53.759318,9.07934
7dd53eb9dc594496b75663179e16e2d1.jpg,United_Kingdom,GB,56.519868,-6.956313
6e0899342e6d4a4182b6ccdb3e6e8f2f.jpg,Spain,ES,37.634291,-1.058203
ea1c6eed732c4022bb0b6cdbfb28185c.jpg,Iceland,IS,65.224854,-14.349365
536bcf07d74c48c0b879d5b1da87baec.jpg,Norway,NO,64.037841,10.057164
3f513374635445a2a137b287f4329342.jpg,Poland,PL,49.888544,20.051033
1e17bcec513440ab9beb5f4f38d8b464.jpg,Germany,DE,48.167884,7.721377
dfd80d639d1c4625a5af1c8d76b51f6b.jpg,Turkey,TR,38.638033,35.869781
8125d4269d1848e3b0c4a3639f1fa952.jpg,Norway,NO,71.115056,25.700177
c5601809f42b458c9da5dd388aaf99db.jpg,Italy,IT,46.266624,13.329665
3ec2b85b25f94957b08571d5a6847bf9.jpg,Germany,DE,47.486762,11.227257
c010a9559bae481485f85986a4d42351.jpg,Germany,DE,53.924532,11.486047
31d1c34bae9244d9996bd011e5a35778.jpg,Finland,FI,68.744079,27.450711
5477f0bf0aa841be9c09d5812dafaaa4.jpg,Finland,FI,66.11567,24.834209
fbc970640c0c47dab9b757459b6abfb9.jpg,Norway,NO,64.246367,12.183871
081663b20a734e71be16f91514fad3a6.jpg,Germany,DE,53.089773,11.289851
c731d8a2c1944e05b8243bae7590d3b7.jpg,Spain,ES,41.94892,3.106373
5758c02c8aa649d9964469e6fbf012e1.jpg,Italy,IT,40.912462,9.37969
6e329eef4df342848206d04788d665be.jpg,Finland,FI,67.411314,24.924669
d088fafef57d47ef8789acf75c13a990.jpg,Italy,IT,40.930937,9.36785
48ff48bcd32e4b80b92c826714ce083e.jpg,Iceland,IS,64.964155,-22.890035
b5ad1f3d02434b5386e6cea10019f7db.jpg,Finland,FI,63.103757,29.815951
4cc110ae61114a2c9e03c003c415a198.jpg,Turkey,TR,40.248216,28.791001
938b038921af498dafd8f774a114d369.jpg,Turkey,TR,40.615055,43.200825
73482080d71f4a80b8327fc0d084d3f9.jpg,Norway,NO,66.305676,13.211274
0a951d24f4084b3ab2d096dff456e4f0.jpg,Belarus,BY,55.431243,28.746471
b86e8f3c20e74fa69862d8bd49358d51.jpg,Norway,NO,68.699197,16.555822
599a4338b8ce4319a91c7d0c3e52bf88.jpg,Poland,PL,49.511805,20.239689
8826cfdbd1884338a42829c890b05c36.jpg,United_Kingdom,GB,52.087129,-3.678146
ea8ee180a36240f497f5df9463b71473.jpg,Germany,DE,51.33864,8.955279
d0b4b63a9b5c4468a445c74f1c9e0bf2.jpg,Poland,PL,53.469542,16.197437
8fe9e3f2ce7346cf864df2cbf6ede106.jpg,Turkey,TR,38.86398,35.667095
d1fedc76827f41d699e620448dfd30ae.jpg,United_Kingdom,GB,56.104474,-5.518473
989d1df7cca549d08c57dd177ed42525.jpg,France,FR,50.494227,1.624388
9d2cf3feaff64462a8aa3dd998fc34ad.jpg,United_Kingdom,GB,53.871321,-2.757613
3da883761ea84b689581ad095b916dd0.jpg,United_Kingdom,GB,50.341204,-4.239431
47cba054b8bc4a7098ddbfa049e75ffb.jpg,United_Kingdom,GB,55.994247,-5.205006
36ede0714d5548b294b0ed3e1be886ed.jpg,Finland,FI,64.005835,29.429391
a9872f244a9d40f6a2f5168d2e5ef679.jpg,Norway,NO,61.182745,12.943767
cc5ba81578c74f6d81883334be939568.jpg,France,FR,42.518416,9.397703
03c58e4f51d44b7f80a585800fea69b4.jpg,Italy,IT,42.985037,11.958973
e0a90de085624c509fdd58c4384ef38e.jpg,Belarus,BY,51.635884,29.09308
d749b5c6d12046289856583dc4201418.jpg,Belarus,BY,55.215464,27.91274
f36e62f8f746411dac1b170b9b6d4a81.jpg,Iceland,IS,64.416867,-14.587286
3b0f9dc9175b482e947b28670acfda7a.jpg,Poland,PL,53.415636,22.45583
5e63258843c341f7be2ebdbc594a42d7.jpg,Poland,PL,54.641503,17.66953
b037636e8aa240388fb1334eb7f1fdd3.jpg,United_Kingdom,GB,50.119022,-5.30536
780e7472c79d47d6a62b492fec8e3545.jpg,United_Kingdom,GB,56.424635,-4.834722
56541ba7868041378fab5aa3abb55d94.jpg,Belarus,BY,52.896863,30.377933
90a58fb31dc1443085294191ed66ca13.jpg,United_Kingdom,GB,54.132918,-2.619347
026d865df2ba44fda58addac0a2bf458.jpg,Sweden,SE,61.758814,14.156599
5bf4bae616664234aa18e3167fccb416.jpg,Germany,DE,53.769189,11.420896
e65c24d6566b4444a5f6efd51e3dd579.jpg,United_Kingdom,GB,50.279947,-4.991215
c6e612672aa840f882433e9940343d2f.jpg,France,FR,43.387337,0.071518
1c53eedb68c4431eb38c3479f8cab058.jpg,Spain,ES,37.70403,-3.378868
3dffb8fdb0e04a49bc7fffd029d52133.jpg,United_Kingdom,GB,59.082222,-3.321316
0ea8e9702a8c414d9cf2b82759540363.jpg,Turkey,TR,39.894883,44.061837
7034d6cf82ef4d60807b690c8c1513ad.jpg,Italy,IT,41.004705,8.893063
7a7577f6ffd84504913f7e1d2273ba9f.jpg,United_Kingdom,GB,57.583569,-2.810756
446f1b7e3a3e49a6bcfdfd013f85254b.jpg,Turkey,TR,39.713962,39.583409
2e9f372d6dc94ad3b2efa556e459dc14.jpg,France,FR,45.410017,6.00905
9207dd2c84cb4b07b43f7971ae9780f7.jpg,Belarus,BY,52.755659,29.398282
b2cb726b41b046c4999de3b21390d2d2.jpg,Norway,NO,69.075762,17.542147
2df79f2af0684748a0e150c325d8d204.jpg,Poland,PL,53.98536,15.022793
ae30d8a7775542f8bb87a77e503d374c.jpg,Iceland,IS,64.416895,-14.588153
88d203a33d9341bdb3dcba89708afe23.jpg,Iceland,IS,65.279291,-14.43447
de6502f5b24841e2912805fd4cf8c9f0.jpg,Finland,FI,61.127917,24.812637
1d21bf6d85ba464697ce22758e9cb91d.jpg,Belarus,BY,53.666497,31.646924
a9dbeee1c94341e6952ac18a616132f6.jpg,Turkey,TR,36.968532,35.035434
295190f42ca449399dc2bab5f2327979.jpg,Germany,DE,47.659986,10.740767
117cf3943dc34da9805e569cb2e285fd.jpg,Finland,FI,61.306473,22.813527
67aec5199ab84536920c5dc5c266db27.jpg,Sweden,SE,65.249473,16.860178
f736264fe144442a9d9f5acddf607672.jpg,Sweden,SE,57.640896,15.68303
7c48b910cfb4414cbdf5370662571618.jpg,Turkey,TR,39.34618,26.780973
0cc5449bf8664acd916038f1cde6a0ce.jpg,Sweden,SE,58.278021,15.379167
9190d9054fe74c7883b0c3ea43511680.jpg,United_Kingdom,GB,57.139032,-2.345746
96d512aea6d04d3eb895f0f4395f28e9.jpg,Sweden,SE,63.902702,15.253195
927e06d037d64c90836b045601424586.jpg,Iceland,IS,65.587265,-20.069707
3a56ee5181a34a5ea936d4fd4bbcf9c2.jpg,France,FR,43.64486,1.217469
d742e97f2b75414885c6370c63cde4d9.jpg,Spain,ES,41.980235,2.868886
7c19117d8cdb436b8d7159686b8fa7d8.jpg,Italy,IT,38.088568,12.753031
035e5970e12c45f58e042891e9c978cb.jpg,United_Kingdom,GB,50.227643,-5.078651
b65469d62782470fae14d0a080f34b4c.jpg,Poland,PL,53.226021,14.644797
189f95a2d3c549698b8f7de988e16576.jpg,Italy,IT,44.895477,12.46186
8ade06e1bae8429794856fc0f5f981a8.jpg,Finland,FI,66.231408,28.823469
9a1515966fa24c36b8e59dbe5e107588.jpg,Poland,PL,53.002843,15.012551
8bc2c24fa31f44c7b9c0616b7ef31ca1.jpg,Poland,PL,50.726885,20.283916
685eb95286a44e568ac2ce992145dfca.jpg,Sweden,SE,63.49659,12.470929
faea5d0c8df8408bbf7cece638aba598.jpg,Sweden,SE,58.379225,15.896588
d40a3cd5dfe5424b9ebd9050abed927d.jpg,Iceland,IS,65.405404,-20.633793
0057bf0f91f64f04b899dee57ade9960.jpg,Sweden,SE,62.448483,17.308534
72cd8f42b06540f785f17f922143fd89.jpg,United_Kingdom,GB,57.305492,-6.234993
db6d3a54857d4b94be08a229ce894239.jpg,Iceland,IS,63.887815,-16.624699
d35d570bf593493cae797d8a4aae0ca7.jpg,Spain,ES,36.701668,-2.717626
d26f780f87284d4b9ff52ce61056d25d.jpg,Poland,PL,54.151466,22.841456
0b0e59e39c674705a1230dba42169f75.jpg,United_Kingdom,GB,50.58229,-4.703927
b54277e4fcd54407bce6c609d1c427cb.jpg,Norway,NO,59.635947,10.696542
021be4c6462a408dab42813843fdd598.jpg,France,FR,46.399715,-1.32036
462a4e9dddaf42a19df3f6cca9229345.jpg,Finland,FI,63.125703,30.601843
bfadb75b7e584ca4b33f9ce568378267.jpg,United_Kingdom,GB,53.334171,-0.231633
617ecf254b5144c6a100bab74f084e59.jpg,Italy,IT,38.052958,13.15384
0f5f53aeaa3a4647a85873d42874ced8.jpg,Spain,ES,39.489617,2.805731
6243c399b0df404d95d01855ad7f82a1.jpg,Iceland,IS,63.424179,-18.768475
54958947dc6d48b6a5450e25b19a5eb8.jpg,Italy,IT,40.825782,9.322049
0904e4a00bee4c709711fd3d41861507.jpg,France,FR,46.051633,4.355845
e6c4ad8b0e784f419b5e6f47c755bb8f.jpg,Poland,PL,52.331743,18.299378
2535ff90ba4145fc8ccba3dceed628a4.jpg,Iceland,IS,63.657997,-18.41391
26c2c56cde024985bf61e80532597028.jpg,Belarus,BY,54.571474,25.739879
765a73b59fa943f28dc2bfb872c8142f.jpg,Italy,IT,46.596419,12.720964
8533aad7b67b45c5850d19b560fa8e2d.jpg,Italy,IT,40.935194,9.314385
4d2e9f438c46486bbd4f606bb4da3816.jpg,Germany,DE,50.356695,7.75832
c80a7b1d63f2413a9f1de4f8fb1a8fa1.jpg,Norway,NO,61.150656,9.045609
8a0ad43660694cc688cad2079953e16c.jpg,Finland,FI,62.278329,25.727957
eb7fba610651475c9c8c2d7eb3e80658.jpg,Germany,DE,48.426187,9.325146
5bc02efdebba4d70a57e327d28423a42.jpg,Germany,DE,51.826717,14.072883
816e4fc1c06d4d8195a5141f18bbd02c.jpg,United_Kingdom,GB,50.255007,-5.090458
a88c3d33a6b24dc9aae6149336e4cf98.jpg,Norway,NO,69.453678,17.346293
e47b474cc05343178fb95abefba80c5a.jpg,Turkey,TR,40.111101,38.323745
2a86a2f869cb4afb91b55d05974b21fe.jpg,Finland,FI,62.807034,22.926899
cee1daab84b44bb19fc6a6a3d356efdc.jpg,Iceland,IS,65.741336,-22.008326
5cbca56b8cd34f279fd209ebb4b658d8.jpg,Italy,IT,40.89337,14.610598
1bf638f2d8eb43c6a069cd46ef45f328.jpg,Italy,IT,42.379309,12.911126
d0592a13deee4002a295e42514e15721.jpg,United_Kingdom,GB,52.035974,-0.351193
e583e278eb964ff7abd63968f412fdbd.jpg,United_Kingdom,GB,53.761475,-0.526509
9231f14564e3438880a318bc6f5260ab.jpg,Sweden,SE,65.321013,16.675509
5e540705c87a420283cfb364f3b1fef6.jpg,Finland,FI,64.656354,24.46336
6b2faf8da204445796074d3e69796a73.jpg,Italy,IT,40.609056,17.985908
1d32e3e15fee4b7db387746457ee334f.jpg,Iceland,IS,63.440931,-18.758089
1e96bfd111e44d59adc90b465453316a.jpg,Germany,DE,49.07911,9.385768
ea30355a301d44f182453b35538a83ea.jpg,Iceland,IS,66.02771,-22.988935
b9bac76e002247778974acc356a04359.jpg,Finland,FI,61.748476,27.457391
a0ed0f23766544478d42d516aedae7da.jpg,Italy,IT,40.612822,9.703914
ca513086e1cc42c79f81dcf4cc1e7861.jpg,Norway,NO,69.734709,29.82554
03962144350540879ded8f31d4994eb7.jpg,France,FR,47.133667,3.881387
d5cdb7d269e6447787531003e4420328.jpg,Turkey,TR,39.083451,33.903759
af2e28e9781e41a0ab62cd0844960e44.jpg,Sweden,SE,63.134141,14.752372
a0cca3aa16da45d8b2499c3cb2fc733a.jpg,Poland,PL,52.902897,14.330751
7453020d93134140a1a10acec216389e.jpg,France,FR,47.487689,-0.254745
53c37fa6039b4d5bb5f7f48ebb40c780.jpg,Norway,NO,61.539009,8.88646
119e4f3286874bbf980fd8780153a2ce.jpg,United_Kingdom,GB,56.381316,-3.8231
81fa2ee3f75c4878940c269b4429276b.jpg,Turkey,TR,38.290799,41.104076
26dbc2a4329443d6a1b8cdb74ec81389.jpg,Poland,PL,52.254153,18.917164
3932d4a4f645434f8e782aea5119847e.jpg,Poland,PL,50.836457,20.373696
4ec0c2fea0484beda5d07a5c1ebc8902.jpg,Sweden,SE,63.829725,15.615979
d52e6687aea24a6ea2a3b42dda80995d.jpg,Germany,DE,52.649371,11.828318
4e626347583a47c599d24950dbd76071.jpg,Spain,ES,39.395155,2.981089
f17731e23a524534ba8cf04eea59cda2.jpg,Sweden,SE,65.630805,18.928662
d36fbfc78ed846839907d0e145d44654.jpg,Spain,ES,38.216162,-2.4546
36bdf1023798430caaeee86b1f338616.jpg,Poland,PL,53.664052,14.32877
8df17b2d80a94c188996722185bdcec2.jpg,Italy,IT,37.257817,14.917591
66278afaa6804431a0822fcca02d5b44.jpg,Iceland,IS,65.198652,-13.931677
c65415c2ea4a4b4d825a8a1832162bc9.jpg,Poland,PL,53.681477,14.631165
9c1c75f7b27946b287bed4c6c75f1ed9.jpg,United_Kingdom,GB,50.366433,-4.66919
ba98f69126d842fda67b7da5667cec66.jpg,Sweden,SE,57.764582,13.363805
96209a06e34e49b985ae30b8d6f62c0d.jpg,Norway,NO,69.378863,24.061204
cfaae8f37acd4bd484eace188a1739bc.jpg,Italy,IT,43.907924,10.275545
e3645317ee4c40238a4b9612c724c164.jpg,Iceland,IS,64.498258,-14.476584
a5521abbb0704f33a196e9dcb5852dfb.jpg,Turkey,TR,36.58481,36.421624
1fd5d17c142e40398659d8581a29748a.jpg,Spain,ES,38.444642,-2.770463
4fd17b8b4cdf46929cd34f5d80102f55.jpg,Turkey,TR,37.680505,27.379506
d66b55692e644d3f854c976545917166.jpg,France,FR,44.360411,0.716375
60772e0f36ec40aab4b337f88af6cc83.jpg,Belarus,BY,52.275684,31.100535
a96e5bd0a4794be2ac1643da1c42392f.jpg,Finland,FI,64.013968,29.486737
1c57297f019b4f49af175bca51635724.jpg,United_Kingdom,GB,53.569661,-0.703453
d3230583c55940edbfb2a6c828cc25d2.jpg,Italy,IT,36.781156,14.915399
7284d13612a94a49ad1e1e8bc0f20efc.jpg,Finland,FI,64.190743,29.857479
9e75dba79763497c84dcbb668a8bd851.jpg,Poland,PL,49.933161,21.362856
d5d5c7641913440fa8cffc016954641b.jpg,Sweden,SE,66.528366,19.707093
c1e1d7c4bc734db2bcd604d741521c18.jpg,Belarus,BY,52.704815,27.450029
bc3a1de5086548109e5ae33423eaace3.jpg,Italy,IT,43.648219,12.585211
ba8755b2ec7a4ac2b0af24d36a8cf652.jpg,Italy,IT,42.045423,14.817839
1ae7639a71c443ed87a1af5cb0e90ebc.jpg,Germany,DE,51.476377,13.138438
bcd3e26944514ebe92d84173ed633717.jpg,Germany,DE,51.338446,14.565977
b00a49e95c2241898c8592ab3c899a39.jpg,Spain,ES,28.54494,-17.810161
189fe36fd1af49f7a9d19526d44af99e.jpg,Iceland,IS,65.72455,-17.375018
7576b75676074f60a7f1fd7069b89fbd.jpg,Germany,DE,51.425688,9.500833
9910ea5d40ac406caeeeec497a6abb75.jpg,Poland,PL,51.334549,19.996041
5faab3f69cc34477bdecedaa2339eb2a.jpg,Turkey,TR,36.171288,36.126764
3d8884e039dc45ca84d4bd4af9635e96.jpg,Germany,DE,48.355179,12.397015
bb1ac9c6b78349d58a04ad774bcee320.jpg,Spain,ES,43.458657,-6.983937
d0494f711f174096beeaff330773b50e.jpg,Spain,ES,36.782111,-4.104239
4ad1384239b846c7955c8d124f35d1dd.jpg,Germany,DE,53.676365,13.932896
03b6cdffb18d444faf01788645b56ef1.jpg,Belarus,BY,54.611587,27.909403
d86038d206fe4e7baef8198ba32e6623.jpg,United_Kingdom,GB,50.283408,-4.983344
c536c9993aeb4960b8cbba72f7d34dd5.jpg,Iceland,IS,63.83821,-22.437933
e233df8f2efd41e39867de256c36106a.jpg,Belarus,BY,53.960304,30.467409
aa53882888f64beab318912805332aea.jpg,Spain,ES,39.704498,3.242097
44c2ffa568bf47f6a1cdbe24dc706aa8.jpg,Iceland,IS,63.683822,-18.361406
890ba1cd285b4001a2fe5e889ca6c504.jpg,Iceland,IS,65.046489,-22.349808
da95342aae044ae38a8e080c29f5dd17.jpg,Turkey,TR,40.347052,39.946394
99621534847948ed83f5cf6e903ee9c4.jpg,Poland,PL,49.949015,21.651658
7dba9dd2da9c4ceabcf5c1e8aeb58787.jpg,Turkey,TR,38.982479,33.940907
a2b7e16bc30b434d872072f8e55e139e.jpg,Finland,FI,61.740981,29.824882
b9cd1625f5bd4839b62d5f6c51c05131.jpg,Germany,DE,50.365311,6.999601
f6b1b2b851ff4d5bac3c090063859d35.jpg,United_Kingdom,GB,56.521364,-3.221892
6a4432cd6fe54b2398834071104d9e5b.jpg,United_Kingdom,GB,52.383836,-1.168162
07bcf7bfb8234bbdb123103989a3d912.jpg,Poland,PL,51.581611,21.773624
d15b60d85700460e9639eb556b9ffd60.jpg,Poland,PL,52.55412,17.44755
174aa59bde4343fa8943e8736e5c91ee.jpg,Iceland,IS,63.482903,-19.329734
a31a8ec59d184ae98b289c50bf30ead2.jpg,Belarus,BY,53.800393,25.368167
c54526fae9eb4054a267ac55928d402f.jpg,Germany,DE,50.202678,7.017817
66d0a0e0a819415dbc1a9f1b49bdf1a2.jpg,United_Kingdom,GB,55.09167,-1.488232
7147affe6e6f4de1aa6c872e2ef8f8ab.jpg,Poland,PL,50.672373,18.001684
f368b52a01ad4a63b883a17c0afb5bfb.jpg,Sweden,SE,64.100378,20.752347
0b793a915a4b4c1bac068578ff0f8238.jpg,United_Kingdom,GB,56.428121,-5.208831
7daea2e8fa4440ecbb77cf9705d35b36.jpg,Turkey,TR,37.226793,39.642362
abe38d465a824fbdb63375f7417e4bf0.jpg,Finland,FI,63.795966,29.189846
4f3bf18737884f9ea5f9f6be80767d0f.jpg,Poland,PL,53.357798,21.259635
11ad23a90a974866bb533580e1c559b9.jpg,Sweden,SE,57.082063,12.527574
f81be49b5d30454d8880c84eaae93d38.jpg,Italy,IT,45.756207,12.49561
c92bdf93ef4949e2befdada4fdc58b31.jpg,Norway,NO,59.650749,5.479506
f384e505e0ad49d4a7a0d0ad1a79d8bb.jpg,Norway,NO,64.038381,10.047166
f75ad218ed3b478ab76250783131d3ad.jpg,Finland,FI,62.019374,24.493438
0d4c172d1cc8401891b2fa10be90855c.jpg,Belarus,BY,52.290326,25.682711
044cb462376441d3b3f91753383bbf44.jpg,Poland,PL,51.188283,17.165946
f89410da78684bbfb132faa1d61a7a77.jpg,Finland,FI,61.691275,29.674254
b14596eb0b9143588df8db29bf5cfd8a.jpg,Sweden,SE,66.657957,19.94757
215dce81306f4e3a9530f8090d16881e.jpg,Belarus,BY,53.692451,30.066095
9e13395ab1184ef39f63200bc71ca26d.jpg,Germany,DE,52.054843,14.231174
bd8035051ca344b589305680c266e6a0.jpg,Italy,IT,42.282346,12.522205
810d6b9708c3427cb8aafe16598d3cfe.jpg,Poland,PL,51.434176,21.663046
7ebf95132d5b4186b44f32aa77330a85.jpg,Belarus,BY,52.797969,29.406642
a445981fa11a45fca23d9bc84fcec001.jpg,Finland,FI,66.976692,25.299274
ca7997cad3dc444b857e530efb5965f4.jpg,Poland,PL,52.903416,19.472434
4af5a65109914e95936fdadab5a1cb77.jpg,Germany,DE,50.169099,8.807887
7361f14ef6864488bc699385bcbb8185.jpg,France,FR,47.212696,5.270874
27460fd465b54124af98d41cf1e32abd.jpg,Spain,ES,29.00024,-13.544474
c5cdb55e97a640dfa5ea13594ed1d3e0.jpg,Poland,PL,54.337051,17.848722
99ff36cd08f541fda056d8690d3b43a8.jpg,Poland,PL,53.137884,19.208704
1b1af6f424224170b269d24dbd8d925a.jpg,Poland,PL,53.485434,22.551007
09ae5e5717b3459f8e36bda782ba6032.jpg,Germany,DE,50.497641,12.974836
74c325c8b2bb448d9b7b2a0f4dd25a3d.jpg,Norway,NO,68.129661,13.385885
0e2835c2d8354ebc9bc2c9f0e9eed273.jpg,Belarus,BY,53.096538,29.767143
cdb538201b954ffc90417213bab1c3a5.jpg,Germany,DE,50.685391,11.480519
46521ebb8b934ccd835104b0e228e611.jpg,Spain,ES,28.66924,-17.772322
2024c5b3ad014d25a59eae2ef7a4872e.jpg,Italy,IT,43.476839,13.638583
8a9903d416324c85bcbdc72bc00d173a.jpg,Spain,ES,28.940975,-13.802124
32d91b0bd0da4000a4cd680364198443.jpg,Spain,ES,38.509096,-1.654367
30ccd8202bf84878bd8966679100dd10.jpg,France,FR,49.405679,4.041008
b0bc50e536314eb9a31aae2012b6071e.jpg,Finland,FI,62.027099,24.531285
9765691dadc54289accc6c39f7485458.jpg,Spain,ES,38.565102,-2.3343
4b79991b4b774dc398769446c000b9dc.jpg,Finland,FI,64.738022,29.787482
29ce60e8fc404f71ad3ca986eba88621.jpg,Norway,NO,62.470437,6.190468
4450be5e31ac498498939b5de9af430b.jpg,Sweden,SE,61.104801,13.30346
405546594ae94458be762d5801c6657a.jpg,Belarus,BY,53.06727,29.42321
11134130c82b480fb5564b262b053a4f.jpg,Iceland,IS,64.834836,-22.449557
bd328c8874fa403baf2594b3ab6a896b.jpg,Italy,IT,41.131092,14.195698
6d6ad81ffe554afcaf8da869de6583a7.jpg,Sweden,SE,64.381075,21.381786
ee7a118a7d674fefacc01ad2dfb649c6.jpg,Sweden,SE,57.314168,14.321065
e18229ffa8654f5794827a3c4f13cb83.jpg,France,FR,44.242028,0.663451
b9a6638f2b454a7e971f6be3fc45a55b.jpg,Iceland,IS,65.722925,-23.743884
93ea97e4cd8b4363bb74f29874feb00c.jpg,France,FR,44.204107,-1.214225
232fefb2fe344f63bf02592dfcfffc66.jpg,Sweden,SE,67.711093,20.740547
13c4030cbab54e919d5b4b999ec5e8c1.jpg,Poland,PL,52.864569,14.793641
c5debb7009324e82ad36e52320372e4f.jpg,Iceland,IS,64.791456,-14.003116
b4e01c7888d04421a5eeaf4560e9d339.jpg,United_Kingdom,GB,50.291717,-4.971389
5145f61964244a278251426c879b68b0.jpg,Norway,NO,68.128985,13.385203
5b4264cee895439b851d79c249ca6f80.jpg,France,FR,43.683212,4.590902
32fbe0ee6b06412d9f8bea9a0b07a0f3.jpg,Poland,PL,52.315758,20.87587
029e81ada9364b89aa7de702cf506c14.jpg,Germany,DE,51.044009,11.542572
97b6eede9e394cda8b399108c6299507.jpg,France,FR,49.081297,-1.422774
65f1a2b2b68f4805b4081a759a550fcb.jpg,Turkey,TR,36.215241,29.649751
1bea2a68ec514c96aaa7c74ad1292d3c.jpg,Finland,FI,61.229169,25.346442
ade2fd39f31a48ccac5dc19ad4fd3b07.jpg,Finland,FI,65.853104,24.532256
1438e7321cae4e2a9f2a773abbe849f1.jpg,Spain,ES,43.664482,-7.601549
0e39957bedb745a6baa2eba6675edcc4.jpg,France,FR,44.415,5.676949
3a6f7991743441ae859e067897494fb6.jpg,Norway,NO,64.589067,12.562835
ea541719283145268bd1382b82f73212.jpg,Sweden,SE,59.958486,14.633311
c7e80631aff64214adac0c944cf05ba2.jpg,France,FR,44.10611,-0.284358
7369358ec0b14234a7cc98141b79abbc.jpg,Poland,PL,50.233471,19.709155
23f648fae75f489793c6d3f99e1f08f1.jpg,Turkey,TR,40.87746,26.479525
6ca9d86b08c2499d89f797cd85184f13.jpg,Sweden,SE,55.95205,14.096634
facd234f95a54c23b28a3fc2b54796f9.jpg,Poland,PL,53.835336,22.914931
1beb6e3e973b43b3b4cc09e9e80dcdae.jpg,Belarus,BY,52.218979,27.866041
f215696488c64105ac465a78035d2c73.jpg,Finland,FI,62.069955,29.92596
afafdfac861941fe8ef351f41deddfa6.jpg,France,FR,48.563927,-2.574114
76a6a5cfd9624afdadd5e53083d720e1.jpg,Spain,ES,28.279178,-16.816588
e659a45335a742388a8f001ef952b801.jpg,Finland,FI,67.233783,28.400773
97447367fb034db79594fe4ca6bd459a.jpg,United_Kingdom,GB,53.660672,0.051541
ea8c5fca88744ff295e9f936db831567.jpg,Germany,DE,54.803606,8.879703
77cd79df319d48b6a3e4d7cf73f86c9f.jpg,Belarus,BY,54.583553,29.014996
beff8cbd059c4c7990ae07972070fff9.jpg,France,FR,46.510408,0.158576
084b891a39f042a4973b96726321cb85.jpg,Turkey,TR,41.634078,35.516713
b5ea496c59544264b9c4a3bb328e4f76.jpg,Iceland,IS,65.629961,-22.770375
07b3b86da26c436bab8e1db2e13b36d8.jpg,Norway,NO,58.324484,6.282986
c0a932d776d343dab249ea95682eab48.jpg,France,FR,45.520643,-0.861232
1b82e3162a5f4edea246087d316d46e1.jpg,Norway,NO,61.166661,7.444682
994c85ac35614d03a73d014025ecea03.jpg,Finland,FI,61.938177,21.628179
fe1706636f0f4f13b24e5d26d8ac4753.jpg,Italy,IT,38.070302,16.142155
eb6b1b5591384d55862782695187855d.jpg,Sweden,SE,64.646519,15.733068
adbf0740e1384e869522e0bc734c1816.jpg,Iceland,IS,64.827938,-22.520807
265b9f260a114939b1621c90b4d833d7.jpg,Italy,IT,41.052047,14.321128
ee90383daeef4f2893efc8c6f666b71d.jpg,Finland,FI,60.492494,25.016808
7535386eff2b4ad786a7408d00fcb5d9.jpg,United_Kingdom,GB,57.554154,-2.834662
bfb2677c6d6f446ab990c75011366224.jpg,Turkey,TR,37.863667,41.154232
052dad75011f4f379b898a95c3c43f63.jpg,Germany,DE,51.357571,7.346681
af8242d4578f4e128b1981d03521421a.jpg,Spain,ES,43.188915,-6.076391
146247f0ba974b82988cc12942acc3d8.jpg,Germany,DE,47.566076,8.386487
ddf675d7c46e40bf844fe3e0d60194f1.jpg,France,FR,46.418634,3.065332
a51a925ffc80438e9d164f671750a7a3.jpg,Norway,NO,68.661968,15.499171
d0d5c1b45b924f2ab1f9fb1130a0f435.jpg,Italy,IT,46.260951,9.414184
5013b8587bd14a629743c7c467fc706b.jpg,Spain,ES,38.790542,-3.408166
ce20499c00904032a6bcc14e63de5d9f.jpg,Sweden,SE,66.419856,16.893402
1de2ba3f9d074764b035453f51fdaa6a.jpg,Iceland,IS,64.695151,-14.188312
b0088b5f19b240e79a01c932fd8872d0.jpg,Finland,FI,62.293657,26.476005
345d1bdd59f347399d6a2e7d13a66716.jpg,Germany,DE,48.197931,12.359153
4e41ac2ef8df483fa868f6054ef75011.jpg,Poland,PL,52.976018,14.694
00c1b46f23a742efb330ae46aa173c56.jpg,Spain,ES,39.561229,3.249621
014d4abc27f042ceb0791d6dcd16b882.jpg,Norway,NO,63.465881,11.130797
8875b3ee497a4d618f172b70d5c4efca.jpg,Spain,ES,42.177951,3.033926
6538e720a3314374aba0c80c3056174f.jpg,Finland,FI,64.486653,25.690162
39868296dd8e40bb99206e1922612feb.jpg,United_Kingdom,GB,50.535795,-4.790332
60fb11bc0acf4e95afa13fe5d09a8e0f.jpg,Iceland,IS,64.951997,-14.139647
66f3870404ef42979c8751ed0c680744.jpg,Sweden,SE,57.557679,18.414362
dd357feed81a4338932dc64d5c32631a.jpg,Spain,ES,36.853396,-4.13325
85c1238742374f06ba5a828526050858.jpg,Finland,FI,66.075353,28.460163
8f8036e09fd848c89be07d45ad440451.jpg,Finland,FI,60.945981,23.239374
5ff317d72a1849fda77262c06f48fb5f.jpg,Finland,FI,66.229694,29.133889
f70b912d93f140f7a54a22fc4dbd37e5.jpg,Turkey,TR,38.827752,36.549431
23e2662e5462485082b679682e4b35cc.jpg,United_Kingdom,GB,52.29573,-4.169121
cc546b1e6c5949b4a10b1b43c8ad5bb2.jpg,United_Kingdom,GB,56.992464,-2.279252
d9d7d77029804eeb91caae32ffe6bf05.jpg,Germany,DE,53.549096,7.920105
bcd00511789d4fe3ae21ec589175d11b.jpg,Iceland,IS,65.534,-19.895781
28c3898245134a968ac5d2bfe8f49a9a.jpg,France,FR,49.426979,2.694839
1e24ce9005cc4af6b2d1872f171b5b85.jpg,Finland,FI,61.272505,28.944147
dd3d527bf97b4e97ba0007aa98f1f8a7.jpg,Italy,IT,40.99501,9.220094
967e7db70f914a4eb0ab3f0ebf566d22.jpg,Finland,FI,61.172788,23.217867
79629a8dc43342f9ad13b70125470aa6.jpg,Norway,NO,58.074479,6.685535
a85cf5f7ca534fb08217ccfec1d6d247.jpg,France,FR,42.00492,9.428617
75581733acd4400a967b50423aedffbd.jpg,Norway,NO,62.050426,7.25137
40bb2b81b78f4041825d6fac49051cc1.jpg,Iceland,IS,66.083778,-17.322374
2d222b5408134241adb0a4cd8d9f1bad.jpg,Finland,FI,65.98544,25.06029
9215b0556d6343ddac5fdcbae0418337.jpg,Sweden,SE,59.926452,15.935854
e1dc31ff6e254a8f8a191fcdb1351a1a.jpg,Iceland,IS,64.418293,-14.592235
f075e3d19df742f1b56c6084070dc986.jpg,Spain,ES,41.980902,2.868287
b881bf105f544303b88b4b1e46a76738.jpg,Turkey,TR,40.049282,43.743256
a6da2706c3e14f11b0410bc1ac6259aa.jpg,Italy,IT,40.823885,14.38893
5d8af69de52d416aa8a8a2f2233ab751.jpg,Poland,PL,53.186024,19.20996
66521b84dc52451d9cca8b3421b324b8.jpg,United_Kingdom,GB,52.016609,-0.499286
779cdd584d824910b476369fca51247e.jpg,Germany,DE,49.150644,12.770521
98b3283f443d46b79a206961aeb6eb97.jpg,Sweden,SE,62.157194,17.448195
b40ae1808f54466da9337f22b7170810.jpg,France,FR,47.844537,-3.762955
dba528cafd384c6398f96f287c07145d.jpg,Finland,FI,60.474133,24.13925
bc9da5747f2e46978f88943a5753196c.jpg,Norway,NO,68.439336,22.614378
ab2a4b5f569145eabb050eca305409e5.jpg,Turkey,TR,40.029626,32.880176
331ac14005c54cb79f4d1757fa838f49.jpg,Poland,PL,53.147455,19.187651
ac6e515fa1db448cb4852f0a038f622b.jpg,Spain,ES,37.94765,-0.711221
09a1f0733b0a4973a7d096dc89c39dc8.jpg,Germany,DE,48.85693,12.919923
19a7173a47744df6b5dd38d2d3bdb06c.jpg,France,FR,45.275223,-0.876055
9deef981f05b405aa0198278c4cae043.jpg,Germany,DE,52.052851,13.897482
078010795956474d9823dc43b2250df6.jpg,Spain,ES,36.965384,-2.103976
83239aa3412a44b8acfd1e7411e1b12b.jpg,Germany,DE,52.569998,7.786979
dad44bce4f414940bbc85ff6348c0339.jpg,Spain,ES,43.746086,-7.720213
9f2d9e7034334ff29a9e63c3123fdb3b.jpg,Iceland,IS,65.777903,-23.952217
ed77153662d3492daff38aa246c9d212.jpg,Poland,PL,54.477609,16.584071
1c3ba18bf967421a8edd3bbd9791636f.jpg,Poland,PL,52.010138,15.211582
2b79408d95604b78aa27e8e33fcda9f9.jpg,Turkey,TR,40.223727,25.960006
e8214818b8004a3197f1c30b7978a012.jpg,Turkey,TR,39.287131,29.972519
107e989adaf747e2a63af0379537ff12.jpg,United_Kingdom,GB,54.47734,-5.980135
83569ac696f44ea8bc9c6ee052bbdf8f.jpg,Finland,FI,63.778483,29.406286
408024e484e74a7683a4b42df3305fd3.jpg,Sweden,SE,58.533458,11.5742
8ab9d1bcf40b4504a70d022faa111d5a.jpg,Norway,NO,61.848349,6.147823
e6dc35d438644131bb0c437f37fabc14.jpg,Finland,FI,67.936361,23.94645
9c00253691e24444baabc19d46c59b23.jpg,Italy,IT,44.531121,9.158908
cc1797239d914e6692690fc7d407ff6d.jpg,Belarus,BY,52.306639,29.334034
9e75633f0f1d4a52ae1e3d60c78ed5ef.jpg,Finland,FI,67.659769,24.683973
60b1a4961a154b4697c6a1e4f8757f32.jpg,Spain,ES,39.384622,2.996997
bfa070b0086243f885cec8b64762c9f7.jpg,Belarus,BY,52.851645,29.352829
aa16155c3e7c4cb7a43978467bec4bae.jpg,France,FR,47.030354,5.550213
e6418ce8328347b9b4c90d05453d269a.jpg,Sweden,SE,66.558392,20.08932
143d249f9da24674be2c0937e9e7150a.jpg,Iceland,IS,63.545429,-18.451523
a76ee490d5014546b697678125911ecd.jpg,Norway,NO,69.378727,24.129898
4472581da8ad4fd79abaa2634652e0ac.jpg,Belarus,BY,51.907063,29.815212
31ded35d80d54574830831d6dd802727.jpg,Germany,DE,50.173649,11.226447
afb780ee35f04fb7a529bf1773024dc7.jpg,Sweden,SE,61.60086,13.253221
e0e6bf9f7fcb4ef4874fddc574e8e1f2.jpg,Spain,ES,36.151285,-5.823768
2ed55821cb7c4d96a0f36074fdf8c91a.jpg,Iceland,IS,63.980183,-16.409539
c919ed647da24d649a3e6fd981e50fc9.jpg,Iceland,IS,63.435155,-18.770042
4305f50ad6fb465cb80a51e8974aa4b4.jpg,Iceland,IS,64.848768,-21.496379
a0135e5e0ad248b3b6389668e87753ef.jpg,France,FR,49.549179,-1.714638
bd3845f1feb34f9f91a3fcafa169fc11.jpg,Germany,DE,52.956335,14.037159
035cd460f00e49df849bde4103f3831a.jpg,France,FR,43.463479,1.027612
025337a5ed2e4200a52b619aed5e46fd.jpg,Iceland,IS,65.414525,-21.883301
1532ea97b99d432ba09b2058366be38f.jpg,Italy,IT,40.516722,17.325095
bfb372b200ae446fa3c464c04cc71dbd.jpg,Belarus,BY,55.170947,30.072181
c4a1464c9aa84587b52721b11b2bbc15.jpg,Belarus,BY,55.997854,28.645426
1a4d13f7414b46cbbda273e54f30f86a.jpg,Norway,NO,69.257743,17.95031
0e4be5d5098b4f11a29bbb29072df38f.jpg,Turkey,TR,38.455411,30.263784
46d3b32dca064ec1b2c6def85304e2af.jpg,United_Kingdom,GB,52.456357,-3.507105
8334f10090574b9c9ceda27ba4c63db8.jpg,Belarus,BY,52.891529,29.312066
acd7514b905f485cac653ed1fa5d206c.jpg,Turkey,TR,40.767287,30.614463
b5b0ec243f4b4ebbaf361cecb4d80888.jpg,Germany,DE,51.815334,6.921769
9664cd04a2b148ad94f8b4f617ba3243.jpg,France,FR,50.177156,2.795795
9e1a2d3f75f541ae81fdb983b249fac6.jpg,Norway,NO,61.713566,11.973162
5e8200ceb0b94ecb83210adeefa64db1.jpg,Finland,FI,63.071916,29.852636
6c30cdf55ea4426989060576cf899ea2.jpg,Sweden,SE,67.102348,20.45276
b03d274da8344c61bab3df016f1f0b2a.jpg,Norway,NO,61.927368,6.841633
041706580b224db6866e3b762fc2bf72.jpg,Finland,FI,62.530215,28.540799
da54c421a832492ba03a2b4e16d2197c.jpg,France,FR,45.987653,4.861631
2207f99540284852864874624fc4a1ad.jpg,Poland,PL,52.116149,21.240248
496c6a13b051446fac9cb6d52e4b9dc9.jpg,Iceland,IS,65.823367,-18.240259
16ce2580ac5040568dee6caf1bb1df68.jpg,Germany,DE,54.599416,9.554032
184ee7010638466c9fc44099844230c4.jpg,Poland,PL,54.223719,16.521671
69e901ba710842a381895cb9c4aaca59.jpg,France,FR,47.921112,4.772134
4338bf56a3c242009b3c4dde9c9711d3.jpg,Germany,DE,50.725329,10.000431
f9442369ebf8496eb670fd3687cbbf63.jpg,Sweden,SE,59.729782,17.713669
ad05ebf1660649e484a1df35992d94e3.jpg,Belarus,BY,52.205268,29.302858
81172d1922b54890975f95cca006d21d.jpg,Germany,DE,50.374468,7.799888
3f8af61e7d61435db83c481839eea5ae.jpg,United_Kingdom,GB,56.20383,-3.12925
fac2e54fdc0a45ed9c3f1272f9ac090a.jpg,Sweden,SE,66.346258,17.06844
6f2e1c04acb047abb5d3537024027f85.jpg,Belarus,BY,52.467558,25.84126
edbe03a5244441b1a4a6e83a1c3c00cb.jpg,Spain,ES,29.063582,-13.58522
95c8dde7d79a4cdf82f1a09eb3f769b7.jpg,United_Kingdom,GB,55.841474,-3.156091
66907e758caa4d54a3d1fad2de1fe8fa.jpg,Italy,IT,42.326596,12.214835
9a315a1d7b494557af8e9e53cf04e416.jpg,United_Kingdom,GB,55.905559,-2.718006
7bc57c25ce5149fea0858a9072a52013.jpg,Finland,FI,66.977386,25.295984
9013440e930a41498b821f11d1030a61.jpg,Spain,ES,41.84419,-0.797108
f2c1ec729ca94a57ba532527959bf746.jpg,Germany,DE,51.99864,9.856611
bba3567e552e437597885cfa24bcf112.jpg,Italy,IT,39.216198,16.06249
e4b05a6dded74fda9875ddc6e6d5b623.jpg,Turkey,TR,40.399815,29.999134
103530f3f8d74c3ea558f339d3942dbd.jpg,United_Kingdom,GB,58.510924,-4.335503
7812e7a44aba4e70801b5b472309a611.jpg,Italy,IT,45.143276,10.627674
e3eeb090b1db44f99b21507503625ea3.jpg,Norway,NO,58.285027,6.54034
ac1b6318d29f4aa6b116b09c411a9658.jpg,Belarus,BY,52.321045,30.86769
82ecca74bd1345a590dba9a9fb8cf32a.jpg,Germany,DE,48.137174,7.951792
68db775651e7432c9f674cde6e6a3da7.jpg,Iceland,IS,65.863942,-19.375504
607e195539b94a75ae6edfb2d22ec4e3.jpg,Norway,NO,58.160948,7.950473
0b1dbc6f5beb4f8899b24fca13a217e1.jpg,Poland,PL,52.806897,21.16421
c3fd2f6c067b4e17bb529d9dad998185.jpg,France,FR,46.120697,3.522057
b3424e592c7b4b4e9043b5cc1b6d3921.jpg,Belarus,BY,55.395885,29.23059
13e5682219d44786af4a489c485b4ba1.jpg,Turkey,TR,36.683643,33.411888
702e1adcc1ac43a497aef0fcbc0e10c1.jpg,Poland,PL,52.673718,15.121732
adebb2b9ed9d4f479f494ca08606ce65.jpg,Italy,IT,40.948755,9.038381
f1d36996bb8e4be18257a73f3084c33b.jpg,Iceland,IS,63.456764,-18.870472
4bf809a4ddd948b09db4b5bc11e1fe43.jpg,Iceland,IS,65.691177,-23.194068
cb050e1343e1457bb9550160e9092023.jpg,Norway,NO,70.163093,28.57018
f87f27e8141f438ab7b8c3ec51e4e9ff.jpg,France,FR,44.282114,2.661655
00bf755ac0f84c9d90fc5a4f7ee74ba5.jpg,Sweden,SE,58.281304,12.745366
472ad7bc8c1f40059b2cf408f809eb04.jpg,Belarus,BY,53.246339,29.443691
e9d5fe63ea854cbdbbb2211c8b51aa22.jpg,France,FR,47.548604,-2.07733
b30740a2f1464d78ab2be1872870be89.jpg,Sweden,SE,56.211379,13.736622
78174b5e1b1c4fe7a516ceb88de46a3a.jpg,United_Kingdom,GB,56.516485,-5.936348
6c4966892ef54e46a62e581c9d413206.jpg,Belarus,BY,53.975007,30.466634
57ee8ca4a590467dbf6f6026b6168f9b.jpg,Finland,FI,61.939643,29.84355
07458b25a7044a7fb0d6c07f14d72810.jpg,Iceland,IS,64.909716,-23.795982
3d489fbdd97f44f19d4bc13bab8ce968.jpg,Spain,ES,38.29099,-6.302999
09cb1bf1f0374f6baf6cb5f8b3df0943.jpg,Italy,IT,40.57526,8.360246
50ca6c2bc53b44ac814204b19f73ea51.jpg,Finland,FI,62.637052,22.430047
41fb5f7ad0e44875ade13301ef9e1196.jpg,Belarus,BY,53.870872,29.21401
6755d665854d4cd1a1cc9ab56649c04f.jpg,Poland,PL,54.456285,17.402512
93a93ee567fd43ebb841a60b17be8e18.jpg,Finland,FI,68.385087,27.409191
47a894a8f3b64f899448df92ca5f0685.jpg,Norway,NO,62.049625,7.25159
0562251be34d4897bb2713ade1341d3e.jpg,Belarus,BY,55.015351,29.406464
5349b54ec0184195a2bd9f821be07eec.jpg,Norway,NO,68.8293,18.225257
56474c7996c348a6bd264a51db2bf4ce.jpg,Sweden,SE,61.58414,14.824924
12f71d76b01044c5ac130001189ae120.jpg,United_Kingdom,GB,51.871741,0.216859
be059905e0e04f269a270ffc0ffcad52.jpg,France,FR,49.029153,-1.435479
7a2a67e36a4a461b898f4799cdadd375.jpg,United_Kingdom,GB,53.266332,-3.496186
e58a4a4e0f3e473e82a463b437bacced.jpg,Finland,FI,63.508109,30.01536
dcd1992e2c644881b1af5fe1cb7450ba.jpg,France,FR,48.30188,-4.151144
ddd1aa3f222e42d7923580e79f1bca6b.jpg,Iceland,IS,64.968644,-13.856102
7a424a8f40824394b83c6016e81f58e0.jpg,United_Kingdom,GB,57.963725,-4.020917
1d8742b44bbf47f284997094e5890abd.jpg,Spain,ES,28.985871,-13.584265
2af0eee2e263426391c6c4cb97930def.jpg,Germany,DE,48.468236,9.716554
540aedaf49eb47e39e877165986a7da9.jpg,Finland,FI,62.61615,22.751084
61d437b88e1448ccb2294c8789e712a9.jpg,United_Kingdom,GB,55.488146,-2.997062
446729cf80e04acf8751a3bfd9f91f11.jpg,Germany,DE,48.987973,8.770371
317416b6c26f4adaaf3e182e59d26986.jpg,Italy,IT,43.470744,13.569322
5538e9dd146643ecb89fd1e592074422.jpg,Sweden,SE,60.065481,18.774006
df28d4330376438f8dde547dc787d04b.jpg,Finland,FI,66.698726,26.251123
8f29aae40ce24ad59e464868792b0db1.jpg,Spain,ES,42.671309,-5.599272
941cd0a68ebb4524896304cde756e9b3.jpg,France,FR,42.888519,1.400863
ba72aafaf13343a7bc4fd64366536492.jpg,France,FR,42.495081,2.67147
ff8af53bc8504abbac7d9677ef38544b.jpg,Spain,ES,41.058017,-1.252225
96ba1acba2ac4522ac893e0035c9b910.jpg,United_Kingdom,GB,58.562294,-4.743877
bb8fd079e2944e37ae9d48347707f8a2.jpg,Italy,IT,39.175012,9.380776
dbe1df67e5804afd9307b0ce4e6598d7.jpg,Turkey,TR,37.33964,40.79276
5113da2295564dfa81a0ee378fbb4d53.jpg,Italy,IT,43.522332,10.378599
4644dd05848c43efadeabf25efe9df2c.jpg,Germany,DE,50.948551,8.83332
fb5c9c8b3e1b414d869a4369ad8c93e5.jpg,Germany,DE,53.470851,10.729593
316e9b0dfa6a4b74882178833166cbfd.jpg,France,FR,47.398473,2.792689
3683a8ac228c448b956d40e25f5053a7.jpg,Belarus,BY,52.269168,25.682699
19810c42ddf449a2a7c80c808154f474.jpg,France,FR,44.395663,6.479396
b009dcdd8bab411ea248eba2e1eb9ced.jpg,Germany,DE,49.748021,10.194909
f00e1d06d75a4b70a064cbb1d85465aa.jpg,Germany,DE,51.794413,11.596427
f0ca7e171adb4a929eeb5de7d192b52c.jpg,Turkey,TR,40.983443,34.749593
d2e4bbc972504639bf429d2ba5ef75a9.jpg,Turkey,TR,39.709868,39.592382
027d74a0e6d4499890fe7102dfd6a483.jpg,Germany,DE,50.161007,7.94395
e9577997826144d691bb5ed897267073.jpg,United_Kingdom,GB,57.439654,-6.757801
f05a9a51f4f4451f9a4c216b4bb76111.jpg,France,FR,47.766653,0.88949
45abc2d04a394041bc839db35a20d29e.jpg,Norway,NO,66.316632,13.297645
ba01242936e941599b0165160d5210c5.jpg,Poland,PL,53.591454,21.039176
a45e67d9ac814ec29f0c1141d39f324a.jpg,Poland,PL,53.049617,19.737671
51feea5a715948a18559e5a6ff3aadd6.jpg,Turkey,TR,38.671327,41.198874
3d9f3345c11b4a8b86b0bc1a82577329.jpg,Belarus,BY,56.028141,28.370143
86d23418300c4408893022893b0e751f.jpg,United_Kingdom,GB,51.617069,0.25248
b657ecda6449426c9c1a9b4280bc1262.jpg,Spain,ES,36.849531,-4.130738
5aed27363d7047c08be802c49f7cec89.jpg,Germany,DE,53.830841,10.014934
01e1b61af7f54304a4ce4857438d0898.jpg,Italy,IT,42.819265,10.288272
066ea50d33b44d35a215887c337e7488.jpg,Germany,DE,52.169167,7.146733
e2ffa87f35024ffe8c40d3ece6ddf813.jpg,Iceland,IS,63.476729,-18.563733
4effc7cad22e406f85304bb94c3f1289.jpg,Germany,DE,51.98899,12.422987
e65530dee7b2429fbba0615f12a29b25.jpg,Germany,DE,48.62618,12.11965
1687017adb1e42e18ce123421da395c0.jpg,Iceland,IS,63.529056,-18.468604
66488f1e79ff4650ada7b407e378c777.jpg,Belarus,BY,55.264923,30.112058
03afbf5bcb444bb3927a6fc5d91c8654.jpg,Belarus,BY,53.416355,30.389823
82c74060e1a24d3ea392976ca73db307.jpg,Sweden,SE,58.909758,16.809982
2dae7fa55b9b4ddb95695f1c97acd263.jpg,Spain,ES,38.370117,-5.961787
8a450fafdfe242f38d73c2babb8647f2.jpg,Turkey,TR,38.446878,36.473134
7c3ed6d9171144959c185b1b57d2cd86.jpg,Poland,PL,54.443978,17.330704
27aa2a7b609b4f3bae8d6819411c3281.jpg,Norway,NO,61.309932,10.173958
722559fe87e941d59e4c20fe8e779460.jpg,Iceland,IS,65.124115,-14.769465
5702fc3f9c3c453daf6686e013314a97.jpg,Poland,PL,53.94172,19.025272
57bdf2b5e4e54df4ae193a60e0bb74ba.jpg,France,FR,45.702243,5.121857
0676cc142ee94ff4a8fe5e890db0a351.jpg,Turkey,TR,39.904398,42.342804
65c19c790a7a4400ac7c1defb847b069.jpg,Turkey,TR,39.553775,43.913275
ecdd0de8dd3148dda9878f3c24cc089c.jpg,Turkey,TR,38.668644,33.891603
b9fef6e33b074e02b32c3bfd8b52af70.jpg,Poland,PL,51.288355,18.564826
f76fff62fb1848ec86b860ccee8c44b0.jpg,Belarus,BY,53.032695,25.655488
251223649b664713906e8f88770dbcfb.jpg,Spain,ES,36.772698,-6.04207
c49dc5c58b2545229ce61f9d7f493b3a.jpg,Belarus,BY,55.926252,28.647646
b9996282121a4e64b35a7fa6c768b762.jpg,Sweden,SE,63.252289,18.518978
5db42385b6c84f518f3ae8aaf40ab0fc.jpg,Belarus,BY,52.226357,31.44655
16a5612695894c4a9fc16e21a0bbf0fe.jpg,Belarus,BY,52.213219,31.529268
9eff71d204f1413bb4d3c69865601ef1.jpg,France,FR,46.821993,4.014207
f9c5849eb2814f1488baf2618ef18876.jpg,Turkey,TR,37.033084,37.377579
821b52a8ec064350b21399255ea4175c.jpg,Iceland,IS,65.632626,-23.267904
f124a967e73448dda21f2fc9612ad29d.jpg,Norway,NO,68.320556,16.617355
50d9b30ee83c4059b95b3fe0f7d4e76c.jpg,Sweden,SE,59.134639,16.45956
c4966afb7679489597a3b58a7ce5b6ce.jpg,Spain,ES,39.564654,-3.684938
d0a39e95cfd1441ca24e01463db16ba5.jpg,Finland,FI,63.357878,25.596325
27fb5b360a0c48b7840ea1f7c144537b.jpg,Spain,ES,39.666768,3.234908
68e6708330e145b8b291132f986a9667.jpg,United_Kingdom,GB,52.053704,-2.904181
9fb44ec17dd04116bf242c4b543ab88e.jpg,France,FR,49.523653,-1.872275
816cee8006a3466ebe5e9bd134b23941.jpg,France,FR,49.131304,1.254226
f18ccd9888c6463b85167bf9da8398e9.jpg,Sweden,SE,63.236829,18.511952
f09c55753dcf4d4dba449cc847e46fcb.jpg,Italy,IT,37.702529,15.166026
31acd89f83c14827944e0054c825e000.jpg,Sweden,SE,65.034072,17.474645
6b95be0f5ead41378892e663c6fcd3c4.jpg,Iceland,IS,65.820387,-17.356904
d5024a253c0344359b198c83afde373b.jpg,Belarus,BY,55.782069,28.600845
0d54066af78141c8a21b03d08354cb6d.jpg,Turkey,TR,40.325496,32.491929
b95966543f274a2caba6ccd9b83673df.jpg,Iceland,IS,66.083216,-16.775368
005def1af56347558723886d9ddfa48f.jpg,Belarus,BY,53.790706,30.93654
7363cd30185c4322993e7199fa99f0df.jpg,Italy,IT,37.731755,14.059568
05efda5f30d844609d012db6e1e3b796.jpg,United_Kingdom,GB,55.205507,-6.590937
6ea39a226be046aab743d2d3f6d0292f.jpg,Sweden,SE,63.918676,15.746666
5e23c18b9e0c4bffaec22b1fb908ea5c.jpg,Finland,FI,62.890427,21.724026
9ab920ce9e95414bbc4cbcfff98676bd.jpg,United_Kingdom,GB,51.918519,-5.116318
b4bbd47b65ec40c098dd05b2a1c3bfe9.jpg,Iceland,IS,65.762243,-23.916345
a4dad9e2f5e14d908e7927dbcf19e705.jpg,Germany,DE,50.134125,6.993703
4c10f418ac90479aa37ddfd9467aec8f.jpg,Turkey,TR,38.632394,27.666155
96dc7c8c05354b54a7612b851ed5a8d0.jpg,Iceland,IS,64.610841,-21.813335
9ddd5deb03c646499b83af29baba8437.jpg,Spain,ES,37.009124,-4.488741
1c4ba0da46654553b30a078691683afc.jpg,Turkey,TR,38.249584,41.022659
1d321e79694949459ddf8c5dc1a231bd.jpg,United_Kingdom,GB,57.128072,-3.937631
7bdf55e78def4078a07633b22ad41fb5.jpg,Norway,NO,69.611981,18.332726
daa0fb441920470d9dc4e1a91db1e83f.jpg,Germany,DE,47.524923,10.031629
dd108f386ffb4edbbbe83217c053f6fa.jpg,Poland,PL,54.169744,22.931066
954301a9569a4f61985cefeada75f1a2.jpg,Iceland,IS,65.102027,-14.328395
463f96bd224b45d1847d986b3d2e6c94.jpg,France,FR,50.599382,2.158705
56a409530f5f414ba247da86ac24f1b3.jpg,Sweden,SE,61.446445,17.032675
ee23fefc63fb432c9e16b460da8a764d.jpg,France,FR,45.053917,1.020083
9d45e9b1aaab4ab28404453884998fca.jpg,Poland,PL,53.076853,22.148214
55b464a65b044860a378b1fb359777ab.jpg,Germany,DE,54.460877,9.147172
a8332aebded845e4b930b3abd869ac7a.jpg,Sweden,SE,62.252036,14.129205
f82546ead7e344c28a53dd27056e6cd2.jpg,Germany,DE,51.292822,13.390976
d44bf264641c4b2b879f31fb506fa848.jpg,Finland,FI,63.33203,29.995646
0a45ffce3db6433bb493a40c52204936.jpg,Poland,PL,51.503991,23.53475
bc71ec7fe3b844aaa188514facb706c5.jpg,Finland,FI,67.481408,27.918788
1d75678432a24119969c308f8560be05.jpg,Sweden,SE,64.10472,20.746451
16ce42a32615444b84ab498963a49e27.jpg,Poland,PL,53.702436,20.417915
7acb3ec70d364a5bb440886ae87ddef0.jpg,United_Kingdom,GB,58.526457,-4.217065
e418966027a94eddb964917e9dbc4633.jpg,Germany,DE,52.39957,11.31045
0b2392dc1e9f43529c2cb631df6ead94.jpg,France,FR,45.564208,4.998964
e94706e53c674dd7bbf4bc999c842bd7.jpg,Germany,DE,48.938642,8.332953
e9319fac826a43a18eb5d79ab87e2dc5.jpg,France,FR,48.60556,2.651132
a2401d826fb24c4f9eb8ee6992711b0d.jpg,Germany,DE,51.772927,13.271293
478d11c4239e43a48e852f3f661dc5d6.jpg,Poland,PL,52.71391,21.36695
3144ab0afcfa41f69f4590d071ea29fc.jpg,Germany,DE,52.959815,8.620362
1443911d65b14207a02dd0871e4fb430.jpg,Spain,ES,29.002457,-13.551451
f2c5d171408547948982ffb26f123e6d.jpg,Iceland,IS,63.858485,-22.42822
54774b5575fc462682981f8efd867ad3.jpg,Sweden,SE,64.458925,21.122909
f5f1da42f38b470a8ba08865770e4cfd.jpg,Germany,DE,52.178439,12.063875
246b139a4bf24543811916ae3c167b52.jpg,Poland,PL,54.595764,17.256314
976ffb53200a4aeaaa0e21a3d31f7a7a.jpg,Belarus,BY,54.542515,30.194909
2e34a356599f48d3ad47d39df61155af.jpg,Belarus,BY,55.862421,28.605279
862f25e94ac14da985b20ac874189894.jpg,Germany,DE,48.07729,9.447945
9465eb4fc2a5453ba859235925af6884.jpg,United_Kingdom,GB,53.188681,-3.073458
cbcd5e7c55e9471d9ee768bec5b51ea9.jpg,Belarus,BY,53.4829,26.400855
427bd726461b42dea5218758237c7f7c.jpg,Iceland,IS,64.821965,-23.191003
599c9cc20bef42b7a7c5ccfa94ad11f0.jpg,United_Kingdom,GB,50.576031,-4.876399
6af30a0774b24ee4bc253d6d57de9c83.jpg,Finland,FI,60.253674,23.472703
bcfa4ce477be41498f9bf00a37b0900f.jpg,Finland,FI,65.101683,27.709485
a37c24442f2d4ab1969b32f8d0b4828f.jpg,Finland,FI,61.09127,22.957754
98887a5fa6724e64b2ffb914d213568a.jpg,Sweden,SE,62.933443,16.216003
2c8c587b859449858926175941aaeba7.jpg,France,FR,43.800218,-0.913701
9014b509d8b94a6a8482b4b172daad42.jpg,Iceland,IS,65.596679,-19.352075
07572004ce984e6f837ad806a42e40ca.jpg,Germany,DE,49.087415,9.343531
e79d9e3c622c4934b7030405c03589d5.jpg,United_Kingdom,GB,55.785301,-4.442247
3aeba931020847a69e6aead006a82c04.jpg,Spain,ES,39.477224,2.895489
b423d1a1304e494ab7d0a2755af69e09.jpg,Sweden,SE,59.75123,17.083948
6504cd4995964f9ca6dc289b7c7073ab.jpg,Norway,NO,61.936309,13.012515
7cc5eeb1a7224226b05086ee11e655ad.jpg,United_Kingdom,GB,50.64581,-4.105804
d3394540e74346bf8ead3534e1fbfe80.jpg,Belarus,BY,51.640983,29.098483
22de519bef544ee69c3ccbdffdf0651a.jpg,Belarus,BY,52.661699,25.421355
17ab74ca0db84ec0a2bd40a1424c9a2f.jpg,United_Kingdom,GB,58.490152,-6.246965
dcb1538711e04e5188a07b851a8e1b75.jpg,Poland,PL,52.963439,18.912273
f8f7085bebb948308dbd3534006a40a2.jpg,Italy,IT,42.646733,11.136837
17f7424b77644c64bf39b76d5ff05bc2.jpg,Belarus,BY,56.027649,28.378369
e50599ba2d3d425786fc942f15a85d33.jpg,Turkey,TR,39.615259,43.722583
0d21b9698dd746139ed019bf19c3b58b.jpg,Italy,IT,39.325539,9.147543
306c3c9ef4f44b0da2440734d40d94e3.jpg,United_Kingdom,GB,50.12468,-5.441154
e5be7994848c4059852f9cec1dd443b4.jpg,France,FR,46.117055,4.948186
d66cae0cdfd44aae8683ad77ae793033.jpg,France,FR,44.448475,-1.244972
e469e1be1ffc438e915e88d2f5621cec.jpg,France,FR,45.615129,5.803492
308fcd2adebd4021b092b4b68d629e63.jpg,United_Kingdom,GB,54.508672,-6.458169
09aa4257218444c893f6470d865fe3ac.jpg,Norway,NO,69.621868,23.463642
ba18210c629949c3ba3292f397efa8bf.jpg,Italy,IT,40.840505,9.401918
2b2f2a6cd6854cf2ab600887d161491b.jpg,Italy,IT,40.032532,15.804202
c91dbc8fa2434037adb243b9477f4a77.jpg,Poland,PL,54.209287,15.927798
f60bc74212ef4cfa82aceedf8282d906.jpg,Sweden,SE,66.721182,19.837625
2e0bf467d1ce467798ba3d2f9d193ada.jpg,Norway,NO,69.604287,18.303148
90549dd8cfc148cebc50f8ece4bda538.jpg,United_Kingdom,GB,54.74716,-1.699927
8a47520bd49a428c8dd8dd172209b7e3.jpg,Finland,FI,60.951691,23.24143
95c3114efafa4521a9757e27fac8da9d.jpg,Belarus,BY,52.218044,27.865128
3d9891c13a574c20bd402ef63b332ab0.jpg,Turkey,TR,38.312898,41.114814
4499198eab814eb9b9f46d709c97774c.jpg,Italy,IT,40.641327,8.926789
35bf709d9f8f43019a86a56fe9b1788d.jpg,Sweden,SE,64.223068,15.902874
69825878a4a848e893ae4ffb45bd3716.jpg,Norway,NO,59.736801,6.653112
7bcf83cde8184cf29dc3994c0e32bd67.jpg,United_Kingdom,GB,57.013502,-3.374299
738c7485d63b424ba985e8b641fa8a19.jpg,Turkey,TR,39.75942,44.142494
f716d84c0b9842b48436f13f0a129811.jpg,Norway,NO,58.409307,6.026609
f6172d08b37140e4817ecebfa2e9cc65.jpg,Sweden,SE,57.46371,18.444812
11074119e7904508a79ab47eb3d12078.jpg,Italy,IT,37.596612,14.131395
a85e1ae87e9b4a6198ea6661e8e6866e.jpg,Turkey,TR,41.859552,35.079983
32d1385c28894607a32aad33db51602c.jpg,Norway,NO,68.682781,16.539285
ed0604883bd6470ea9b82c1c31eb1e5f.jpg,Finland,FI,61.638746,24.337906
9d51ded13738405295a14d3a6c4a7c18.jpg,Sweden,SE,64.915074,18.238231
7b2ca5ebd5914c6b8aac571dd1acffe4.jpg,Belarus,BY,55.333601,30.257192
2da64c659a464501b2f655c7a0eb4b10.jpg,Belarus,BY,52.395899,30.871754
e87f1a3b641449b89804f973a2f05647.jpg,France,FR,47.327247,-0.709276
1e462188fc03416282152cac0f54f8e4.jpg,Turkey,TR,38.017554,41.774404
4414e76fa52a49e799b90b7d0bdd6f7b.jpg,Italy,IT,45.570605,8.328793
98c2041bc7dc4e1d8305984e37c27fc7.jpg,France,FR,47.475103,3.809731
96f03ae8fb80446991a91be42accb493.jpg,Poland,PL,54.659429,17.629052
d490500b319042ff873c2d931892d023.jpg,Finland,FI,67.509368,27.956837
a6871cbdc499405f982cc51b2f1de0dd.jpg,Iceland,IS,65.47706,-19.276229
2f49aa0285f745fa841e677fb86d4837.jpg,Spain,ES,41.642954,0.902941
756799cde5304c92815e41bbd906692a.jpg,Spain,ES,41.470259,-3.683737
5e3c7a0e87614dfc812751050eb80c8e.jpg,Poland,PL,53.689347,21.614721
413609e69ff44aa7a2cd7f1c27cb7aab.jpg,Norway,NO,69.376497,24.057266
f7fcd9ec8b0f4d74b05607cac7f20f5c.jpg,Poland,PL,51.644384,16.925847
2432c6509b5d48c49d398c587e2fc894.jpg,Norway,NO,62.237901,8.257082
23de39a4877d4dc4ba191a8ac9028367.jpg,Finland,FI,64.519036,25.662061
66495737445b402eafc4a4ccba8512a1.jpg,France,FR,50.293993,3.14714
6a0044af9b64415bb35a037fea97984e.jpg,Poland,PL,53.611816,14.8481
1ba2ac638c384a01b3c05aa5263a623f.jpg,Turkey,TR,38.457435,27.32656
9e6cdc3863e84fa886948551463829e9.jpg,Sweden,SE,59.693365,17.1813
3962200b48df4041940da0c61143b68c.jpg,France,FR,42.985131,2.973048
8716709bd75d49629b6db0dc86780736.jpg,Spain,ES,37.362366,-3.824284
c132978fa0c64487bd4805366d03e702.jpg,United_Kingdom,GB,57.384431,-4.699248
0d63848f9a6341d381bdcee6e75004ef.jpg,Sweden,SE,67.423026,22.42199
52c7f3902e4d49508296691f88bdbdab.jpg,Iceland,IS,66.070681,-19.290637
82b098309aa047f7b792af2794cd2b9c.jpg,Italy,IT,38.902416,16.336121
66909d1be99544f19c23a91204f8753c.jpg,Sweden,SE,60.311661,15.045519
19ab10c8976c46e2816f6d1c787bb4b0.jpg,France,FR,48.936198,1.556934
80be80c5ec924645bcba6884b416e480.jpg,Sweden,SE,55.423056,13.002909
72fe6789b03548538382848e09f6aa67.jpg,Iceland,IS,65.926344,-16.578731
1925c4c4c4df415dbb6ee0d623ebe67e.jpg,France,FR,43.816474,2.16958
1ce217c8f85845519758b6122b02ec08.jpg,Iceland,IS,63.44198,-18.750103
8d19d443ce834b8fa5e4cfeba6d4fc88.jpg,Turkey,TR,41.279274,27.466914
0c72149df74043318248fe18bf1b8f07.jpg,Italy,IT,41.090086,9.234108
d1e8a9b2f13a4227884587b3d1c484d5.jpg,Belarus,BY,52.561028,25.039784
f6090d04543749238eef456862ddab02.jpg,Spain,ES,39.39569,2.977685
e00584ca11744431a09be6c76190a7e9.jpg,Spain,ES,39.484433,2.831271
156db1dde5b748e78501c2bfd23cb62a.jpg,Germany,DE,49.796686,7.301667
0fd7c20a43064a9799722850ae5f5ca8.jpg,Finland,FI,61.669312,27.24568
f040bdbc5d1d443fb2ae105c5cef3991.jpg,Italy,IT,45.96558,9.650088
8db23d233ada4f14967df8a31939fcd4.jpg,Turkey,TR,38.564305,33.235199
9f138c1b541740a9aef5ef8a9495a28b.jpg,Iceland,IS,65.797523,-20.259985
b08b1eca1a70412bbb87003574df7756.jpg,Turkey,TR,35.967913,36.033367
18fd120a7558455f818a31d6d474f689.jpg,United_Kingdom,GB,55.213249,-2.985384
b61f6f2e2a8e4168a48d4615b71295d6.jpg,Poland,PL,50.800048,20.826291
115a47a1e3f84de8bed84e5fbeff504a.jpg,France,FR,48.792682,1.194648
e81eb704ac3441e780f1f222c1a17fbf.jpg,Norway,NO,70.045651,18.888101
6ba9f7ae03174b01b1a276502a4f2329.jpg,Sweden,SE,64.248047,15.831514
19e62abb8dbf4828bce386060ffc9a79.jpg,United_Kingdom,GB,51.983513,-0.973073
8a6f74e3bc1e4fd992247cd228549bec.jpg,United_Kingdom,GB,55.183346,-2.812824
86230a89bad54e20a2e3771703c11eaa.jpg,Spain,ES,28.673789,-13.908279
9ee6391950104f55ae91c9caa27ce7d0.jpg,Iceland,IS,65.573783,-16.055936
912404824fe84470958fb1b4d8257bda.jpg,Iceland,IS,65.586593,-17.149567
5974920a479b4ef1bbc4803922b5188d.jpg,Norway,NO,67.071903,15.381277
ef59984ff0a541759eadbf701e6865d5.jpg,Finland,FI,65.912019,24.590762
822543db051b4b029376ef5a179f1a9e.jpg,Belarus,BY,51.871743,29.944619
a25e2f027bc9435f983cd3456aedc774.jpg,France,FR,43.546161,4.812498
e140fde5b846471d8d8ed542d13ddace.jpg,Finland,FI,65.004635,28.822809
3a3f56c5748c4106a19262afb56664be.jpg,Belarus,BY,53.596233,27.861862
d1952294fa5441a789992ec7218fd760.jpg,Italy,IT,41.923093,15.092242
27ac69a0982249fcaf9fe59c088066c9.jpg,Turkey,TR,40.568607,36.038915
24856531dbcb4eafadd2296f01aefbf0.jpg,Iceland,IS,64.116399,-20.636773
212f77af74404254a6e4608e51cc936a.jpg,Belarus,BY,55.188323,30.089116
cf0a0517558e4744bbc6d7357364903d.jpg,Poland,PL,49.96007,23.0958
ab057285c05b4695b0edd44c4e1fb65e.jpg,Finland,FI,60.322894,23.876627
3cfd0cf4890e444385ab25e043765015.jpg,Spain,ES,42.835816,-5.206527
af2816345fd04d6d9c46ea3d74f4ef8f.jpg,Sweden,SE,65.924175,22.657625
c3c0bb3838ec4c49bcad019e6eb4d819.jpg,Norway,NO,58.159438,7.951573
ceb0eb6ad3944f45a957ae58356c62c1.jpg,France,FR,41.995491,8.730614
d70b1555fb524b38858072165e650cc5.jpg,Germany,DE,49.72925,8.417897
c98e0aebda5b4e3b9b2ea7bcfca9f5d4.jpg,United_Kingdom,GB,58.511901,-4.698556
fbdc71dac7de4fb6bfcf3e83f746e141.jpg,Norway,NO,68.412237,16.690519
5465a6ea8db84d328214645a7784c1d9.jpg,France,FR,48.585429,6.44637
70349a4f043d44e19ad709649751b2f2.jpg,Italy,IT,45.991999,13.317729
0eff7e4e60dd4b19b221bf16d14766ac.jpg,Sweden,SE,59.614867,17.997028
630345fdef4d4e378b6c37de9238e1d4.jpg,Poland,PL,49.35731,22.090883
536c59096943421da5b9ddb469440aa0.jpg,Germany,DE,48.341638,10.480525
1927c6f2395d466084d0da6732da070e.jpg,Sweden,SE,63.856116,20.540463
b0f259ef06204c549a5c93dcd6f8efb0.jpg,Sweden,SE,63.748231,19.31819
7dc400f4e6ab49ab9496bad354e760a1.jpg,Norway,NO,60.347274,5.244383
f809e1d365f24f06ab95738625997fe7.jpg,Iceland,IS,65.637714,-14.996258
6dd552eacfbe45c5a0d5ae2407b7ab82.jpg,Iceland,IS,63.845366,-22.435288
c8b7e807aaa34272ac58506c721b8bda.jpg,Iceland,IS,65.729497,-14.863837
18d29e708ab64bf9b480cf48d98a8a9f.jpg,Belarus,BY,54.174509,28.46868
f32ab2440f944733945701073cafd5a6.jpg,Finland,FI,67.981043,24.075276
9be6a052bb65412dae25169eda0b3f01.jpg,Turkey,TR,36.940189,33.271048
60964edcaf174863a7fc722ed406f94d.jpg,Norway,NO,69.803405,25.173858
2efdad6b40014c05aefc719d830a1b65.jpg,United_Kingdom,GB,50.458489,-4.673857
5b218b93cf4949eb93d321accf57df0a.jpg,Italy,IT,38.49917,16.528403
f673ac3e428a44659d1dd4669f998294.jpg,Turkey,TR,39.558915,43.879001
6e112c8ddb1b479d8e47c0fc8d30ce11.jpg,Spain,ES,42.656992,0.926214
431beeb3c2d44f8287d5741b73a9f028.jpg,France,FR,48.8325,6.485613
9f1f17c4c52b41b186da514dc9dd386c.jpg,France,FR,45.977121,1.431962
512b66f7206146c19db5c0959fc4caf4.jpg,United_Kingdom,GB,55.219811,-4.846922
72d1af070abd438a8bc55cb3b31e6ec8.jpg,Sweden,SE,67.830541,19.621827
9e9d703fb5b043669a5d5a9f6c0659a5.jpg,Norway,NO,59.686383,5.186006
9cf0cbf2f2704b98a102fcac0d7532dd.jpg,Finland,FI,60.319549,24.527475
df30aee21550467ca0711a7e690f6b6c.jpg,Germany,DE,48.856466,10.849821
e23233f6012341db93334ffce3ac67b7.jpg,Norway,NO,61.504297,5.74456
1ff241ad7da7434d944727192d701049.jpg,Poland,PL,52.270825,20.353836
9d32032a4c40404bb9a6d5c4d734a41a.jpg,Finland,FI,67.116348,24.773358
48328b91043343429411f11f3413b691.jpg,Poland,PL,53.42637,17.16252
b3dfefd5feac4a1588e948111025a570.jpg,United_Kingdom,GB,58.48256,-4.875774
8eca24df6bee45ee956626d367ce88b7.jpg,Finland,FI,62.307525,27.241755
ebb4d43be3a24a85b675caf0b5124cb8.jpg,Turkey,TR,41.100488,28.330175
6e2df17981f248bc9e641481108ff4cd.jpg,United_Kingdom,GB,58.503863,-4.571898
3a6457a32fd14cda8d2e808db68c4170.jpg,Turkey,TR,38.271105,40.949906
eca668d91c744988971bdc0ad7419626.jpg,Turkey,TR,39.198574,31.315228
4910b6de715e49aebe9def606c6675cb.jpg,Belarus,BY,53.860604,27.902789
1e8c433d73f5476398f798823a2d4048.jpg,Spain,ES,28.546979,-13.94608
4cc61e1206c64ab196827dd2e04ab284.jpg,Turkey,TR,41.494109,27.885843
e3138b909aba47318b8c6607c513aac7.jpg,Turkey,TR,41.623602,32.338467
258070bb9b3f43b5a0964fcc7d2fe3e0.jpg,Poland,PL,53.988527,17.05107
dbada8597328410d80c08bdba529c245.jpg,United_Kingdom,GB,51.690467,-0.927052
81c8c3f8ef0448ec9a44450704f91bdf.jpg,Italy,IT,45.773584,11.234605
49a37900c6dd4052a3b64d9ba6120c73.jpg,Belarus,BY,52.758301,29.398353
597797ae8db0418fa0c2b8bca499a9ea.jpg,France,FR,49.178649,3.370074
d5de03cf3762474bb13ebb567733170b.jpg,Norway,NO,61.93019,5.11204
06a036395c434c8e8e936d3a6d6b6fcc.jpg,Norway,NO,69.199731,18.066862
9dd9a8cf7acc456ea5e6b197ad80fda6.jpg,Iceland,IS,66.126602,-18.891686
1a20b835b7b5498b91f2b36f8b109986.jpg,Finland,FI,64.344708,25.877472
4a057608112e41f289448e742d20af01.jpg,Belarus,BY,53.032974,25.65375
ac4da04be76142efbf56f74097ad756a.jpg,Turkey,TR,38.745985,35.345609
064c26274040493098eaeb0200f5afcb.jpg,Norway,NO,61.289071,5.832616
884bcf20edf84edd8762c83a4a26c52f.jpg,Norway,NO,60.000546,6.565308
fa7292766f374708ae4cbcbeb3c43560.jpg,Sweden,SE,60.008483,16.642894
b25282d9a5464f99b33a197fdf660977.jpg,United_Kingdom,GB,57.162041,-2.718103
b80301b87312475ab21d15b25239f39c.jpg,Germany,DE,50.704711,9.929686
97ce386518ce4a38950219f9c8cd60d2.jpg,Finland,FI,64.403874,24.094132
2f9fe0e77efd49408c23b5e550c53017.jpg,Spain,ES,28.180057,-17.246246
e9ad3df7aea644bba091942b9e5e25f6.jpg,Norway,NO,61.407093,9.965637
6fa7dd1011d749049a55267d03526ec5.jpg,France,FR,43.613065,0.944861
26d3599ccb624f17b6f6068c46f6629a.jpg,Norway,NO,60.56509,5.350247
aa73da2bedea4b4abe0c9e1d7f535958.jpg,Turkey,TR,40.270365,36.544936
f7be483ddbce41a0b267f3b009773548.jpg,Poland,PL,52.085213,23.574169
f86256ada30b4eb7a32fcd4179e24c4a.jpg,Germany,DE,54.032807,9.529873
68f802c83d6441a8b319bf322f8f1860.jpg,Spain,ES,28.777887,-17.763926
fbfd975f75a449de8aded6419e15fead.jpg,Norway,NO,64.752732,12.860303
af0c69bf2db84884a12c9180fc6d2c67.jpg,Belarus,BY,53.474426,31.078883
3936d6eff50e4b4bb8b486cdfedc050f.jpg,Italy,IT,41.54833,14.755716
b3e9acfa59d94a5c99f25ed1ae0875f6.jpg,Iceland,IS,63.843436,-22.407855
3719c572ff4a4d1096b599c72f5280e7.jpg,Turkey,TR,39.204321,30.715118
722200b96e4b425c82fa71cd1f83e2c4.jpg,Spain,ES,38.978974,1.466092
e80a159b2fb347ccbfd1a1fc402f566a.jpg,Iceland,IS,64.251419,-21.360522
ece0fe0cccfe4ca0863e0f1e398f1106.jpg,Belarus,BY,51.634234,29.091938
f09c360e288f4656b6551ddc8f2aa3fb.jpg,Iceland,IS,63.852085,-22.36296
3ac83c01f69144218b5cab204c844f9d.jpg,Turkey,TR,40.239261,32.50932
bfd3bb2c72c2400c8eef88815375c782.jpg,Sweden,SE,67.086083,20.749479
d56ea9f3c94444ea90e895d6f4704582.jpg,Germany,DE,48.371318,10.274082
71fa97059463496db88abfff1d29ab8b.jpg,Germany,DE,53.605215,7.1682
2441cdef3938476198b2608d5e698923.jpg,Norway,NO,62.470196,6.117704
259dc057949e4eafa20bba2a6be1ef5c.jpg,Spain,ES,28.409751,-16.5097
511d843641424a6f80c1aebf7134882c.jpg,France,FR,44.198915,4.947533
8d107a36b3834e50ad7736d3c914d321.jpg,Italy,IT,45.647869,13.011672
eb80d7b22ac64aa6b1d1d5f9ed384285.jpg,Italy,IT,39.55812,8.879755
d88d92d2f5f64dee98904075ecd4bc98.jpg,Poland,PL,51.470528,21.53391
24ad253bfa124e1c9bdad1c58bea0628.jpg,United_Kingdom,GB,52.151115,1.501395
0c90bcd0ee784f9fa25f45c3e86e0ddb.jpg,Sweden,SE,59.980756,17.149515
a5723eb87c4b44f29080c57927385ca5.jpg,Sweden,SE,66.540744,22.366148
e1fb0cfd20cd4811ad8f16e92f2766fc.jpg,Iceland,IS,65.746989,-19.644512
d0781ddea1174606a2571de865c02f93.jpg,Turkey,TR,38.891258,35.59464
079a49ed3c4c4e76a54e81fff6571f8c.jpg,Iceland,IS,63.97621,-16.863628
c3fda65c92534c1c9fc08356960a5ca5.jpg,Finland,FI,63.103346,22.189698
8f5b11e9a9e443aba5733027dda79f36.jpg,Italy,IT,40.118105,8.865895
96ba6b1e3e8549588a284e6bc59ec2b0.jpg,Finland,FI,60.769946,23.428067
733d3659aa65465f873de5cc564c7ee9.jpg,Belarus,BY,52.993727,27.295023
eb964975d37f4595847af5776a234d5a.jpg,Norway,NO,62.536714,6.127765
a2a50d9cbe3a4d9cb243165050b5c702.jpg,United_Kingdom,GB,57.578866,-4.106744
19d33960009c42f397ecc8d1e486641e.jpg,Turkey,TR,37.088518,33.255519
c614fe30b80b4c1eaf3fc6e26e31b317.jpg,Spain,ES,41.624908,0.431304
67e11bbecbb748d2bf60a118290a06ce.jpg,Iceland,IS,65.581349,-20.047073
9e2e0e93a4334621bd2f2b88ca24eb47.jpg,United_Kingdom,GB,57.144464,-3.856218
e870242443ff47abb168159aa928669d.jpg,Sweden,SE,55.451126,13.932593
bc49ba27cf3848b6aace26eb262053a1.jpg,Turkey,TR,40.877845,37.76063
50266ac91de5463faa5dffe0d74c0c9c.jpg,France,FR,46.605511,0.606093
40b8ef040ccc41dba253eafd5f72da11.jpg,Poland,PL,51.85543,21.38546
cdf849617dc8467ca0e915e670796dce.jpg,Turkey,TR,41.518424,36.005967
6c2f2418c5c443aea76e1c427b6a9954.jpg,Belarus,BY,52.233854,30.133002
8483a9fed25b4fc49503f4cff9d08276.jpg,France,FR,49.13933,-1.336914
1a2d4d75af034f8fbd4d5bee0c247d56.jpg,France,FR,44.511916,-1.235432
6b91ff129b0742e3810fbd44fd4f8ae6.jpg,Sweden,SE,67.152421,20.927566
ed7bc3baa7d94149a96960ef70f46470.jpg,Finland,FI,67.483764,27.894928
d43900ab7d40481097766994b383ba89.jpg,Italy,IT,40.79306,16.150118
1e4e4c3d93d94792a1266206d8b82f6d.jpg,Poland,PL,51.61345,21.292811
77d0ea02e4dc46f3a349c6e83679c898.jpg,Finland,FI,62.312674,29.862577
a6550ca9887b482b9d73ffba72fb9183.jpg,Norway,NO,69.081363,17.978113
200b6e583d0c4415b628b629c8784a32.jpg,Iceland,IS,63.990751,-16.391287
2c0519ed55ab4926bf0a3d4621e4bf9a.jpg,Germany,DE,47.896071,11.506872
51ec1b0fac3040febc10839b327a0aff.jpg,Belarus,BY,54.026925,26.869174
8e41b6d4b0354915b05a0d29a8b52050.jpg,United_Kingdom,GB,53.82578,-0.627495
be77201d8f52483f910b5628f79281f2.jpg,Poland,PL,52.003294,20.090784
a6324e8885a34bb583077885c8ae96a8.jpg,Sweden,SE,62.147288,17.344779
05b366f380de4e16af0834b45f54d98f.jpg,Iceland,IS,65.074921,-21.107756
7ca7cd4fbf3d4e5995651ddfb174962c.jpg,Sweden,SE,67.094198,20.435839
5b6bfad21f2f4b0ba6745b6531ed375c.jpg,Norway,NO,60.220276,6.43698
e841dc6907fd44e4a76c61f6d58f969c.jpg,Turkey,TR,37.273831,40.687948
b4ff0c84ebd64c609eec13ab3529ccba.jpg,Belarus,BY,52.569924,30.830132
27611122791b4b8bbce76459ee845b8d.jpg,Finland,FI,65.933526,24.624904
c8fa301a6a6a43f98e58f7947343ab6f.jpg,United_Kingdom,GB,50.348578,-4.662883
ba6bfc6693954e4a9870cad32ca931be.jpg,Sweden,SE,58.709006,16.641965
aa1826b0e0a840ef9af77262abc3114c.jpg,Belarus,BY,51.648441,29.108183
68c1da180d9d4940afd95a83fe87f07d.jpg,Germany,DE,49.533903,9.851958
d69a02d9cdf643cfbabbbd96411fb2f7.jpg,Sweden,SE,65.6403,15.517551
2df1872e8dff4f6081fed79f022205cb.jpg,Turkey,TR,37.85877,32.508617
3bdd6403b6734a229a67267fe3ea1622.jpg,Belarus,BY,55.197817,28.756343
c93632b57ff14db5a64b2f959b10f8e2.jpg,Germany,DE,49.400693,10.071153
49ba82e66f9442c6ade7c8b5daad6ad9.jpg,Germany,DE,53.98442,10.071185
9f625b743bb04565a45b28743ba1295c.jpg,Finland,FI,65.422309,25.387218
fc98f14ea7c34b208dcb52dcece55bc6.jpg,United_Kingdom,GB,55.298853,-2.940177
287770fd564d4473b9ec6ef111d4c578.jpg,Norway,NO,61.631247,12.734489
00b08cf54351475abbddcc7500120f13.jpg,Germany,DE,53.264812,14.34853
111c594c0a904eb4bf8c41531e24ddbf.jpg,Spain,ES,38.876163,-1.270941
224077ff311b42098a8ddf403853f132.jpg,Sweden,SE,65.953719,22.675857
1a4122950f144592a5c3870d02ef31f3.jpg,Finland,FI,66.107047,24.811739
acd23838920f4569bf5f5721420fc1f1.jpg,Poland,PL,54.233978,17.47706
d08957a5ba4b4069863c681e36ceb733.jpg,Iceland,IS,64.017937,-20.528356
b4044ad2e79145e29d200ba448db02bd.jpg,United_Kingdom,GB,53.781129,-2.710831
0db49b1fe56e4b25891efe46ab5eb8b9.jpg,Germany,DE,52.006026,14.16109
a1757d58d02d4adcae8071da06a7eb8b.jpg,Germany,DE,49.842917,11.662596
5279a3e6cdc14b768dc30e6a7870592d.jpg,Spain,ES,40.809254,-4.866352
3cc42fced49743db81b51e38598baaad.jpg,Iceland,IS,63.684204,-18.359394
9216acfc1f8841c6afe9f214e85cb4e5.jpg,Iceland,IS,63.958325,-20.67126
0456324f85d943a28d8be72e7ddea2da.jpg,Belarus,BY,52.947802,29.924348
11b41fa31c004c51b2b38a61a1f8d900.jpg,Poland,PL,50.475649,22.737598
8a646525236342f19285e58126244ae0.jpg,Poland,PL,53.018656,20.452052
9b9945ef3f35484f8fd4d0ddfe829e51.jpg,United_Kingdom,GB,52.926237,-3.611734
b9f412ad02a64654a1cae945bce1df7e.jpg,Norway,NO,60.878976,7.25755
acfcd587876c41f3a7c2b1d024bea4c3.jpg,Germany,DE,53.663451,7.664009
4f39f1e9239a400eb41bd30700102fdc.jpg,Sweden,SE,60.198102,16.593615
bd0dfc433d7544a9aabe6308ae0144c8.jpg,United_Kingdom,GB,53.139709,-0.70972
000f6b23adde458090bbbd202dcd7a30.jpg,Finland,FI,61.488511,22.70362
93f429e4463d4ce995b3b0a492580251.jpg,France,FR,49.145494,5.377584
c0d3289b5d0447599404ea82aefef45f.jpg,Iceland,IS,63.564236,-18.445589
9f41a884288e4975b3e704eb61c759b5.jpg,Italy,IT,40.826085,16.90827
2f48d5ff0bff442dbfdc9fc334b16f1c.jpg,Finland,FI,62.294843,29.664285
bea00a7a03974e4fb08a8e1fa0df936e.jpg,Spain,ES,37.883491,-4.36503
6704a4d03dcb41e7970cf2048a43f4d8.jpg,Poland,PL,52.310723,15.356755
85dbca0321b341cf911e393aaae26b0f.jpg,Belarus,BY,53.222774,29.099408
d6200e3bd3c34c27a79c8ad97f0a4c7d.jpg,Iceland,IS,64.936256,-14.072839
e217b8fabfa34b7ba2723d8ffc09a88f.jpg,France,FR,44.405663,-1.074967
ee88c1213d984ddd8708e4da381023a8.jpg,Sweden,SE,64.112126,18.99074
110296090d874356b7934e53a13592b7.jpg,Germany,DE,49.26116,9.024749
ca90044ef2464edbbbb06cacd0aaed75.jpg,United_Kingdom,GB,50.181113,-5.59602
588bd69d58f6467f8f5af9c86602c971.jpg,Spain,ES,40.833984,-2.709432
aea42d6c4f9c4281bf7b4c54f03b3eaa.jpg,Spain,ES,38.883886,-3.023357
26717c06d88c44568169ddfa4200295a.jpg,Iceland,IS,65.549995,-22.423803
20accffb199844758d52f1c3ddca1855.jpg,Poland,PL,52.565391,21.783652
5a5c53a8a918421fb3ebcdd65de19220.jpg,Turkey,TR,36.498941,32.287623
7d4d8491d45a41c994675c9c39bcdc95.jpg,Iceland,IS,63.541667,-18.454466
16df52bef748451381102fede487fa5d.jpg,Belarus,BY,52.256911,27.858082
875d6152a2724ceda1298cb5103a37a3.jpg,Italy,IT,40.655248,8.32896
5193056d1d2b427d8bdf587926186bfe.jpg,Germany,DE,49.670184,7.087363
b4e58e6d0a5a4f7fbcf9de787391ffff.jpg,Sweden,SE,61.440045,17.128616
bc0af7a3ba98410e81d2c78de61a30e2.jpg,Spain,ES,41.347832,1.178807
46ecd255788c406bb5fb2b0525498655.jpg,Iceland,IS,63.51754,-18.479927
a008430024b9434ca9ddfc0a26b1f076.jpg,Finland,FI,61.018492,25.151495
1e110a49a9b54fb4aaefe70e2d50af1e.jpg,Iceland,IS,63.486053,-19.339861
739cf92b2d1b401b9fba7478ccb54d16.jpg,Poland,PL,53.944871,16.024034
1086e7de868e432b90b0da06c0936385.jpg,Poland,PL,50.482034,23.445203
4870ec802b2a4a07a224e681548dc2b6.jpg,Sweden,SE,62.162712,17.498828
4da259ccb9c248d19c69f9be2f4ce27a.jpg,Belarus,BY,54.514199,25.782936
924ef722dfe641f7a9791ce66aaa527c.jpg,Spain,ES,39.473074,2.895959
a09573984fc7435bb60a767e211af81d.jpg,Belarus,BY,55.364771,29.336371
70b8ece536244cefa0ae8799c32a72c7.jpg,Germany,DE,52.857153,7.809499
67b6c30a16d74c12b26ec21aab54199b.jpg,Sweden,SE,61.215445,17.043153
3aaa7e9874cc489ea3ab48734b0e8dd1.jpg,France,FR,47.882254,-1.584929
7e7e640f51464c5198caba3640fb7310.jpg,Germany,DE,53.444042,10.894591
f38dd826c88c458bbe427964395be82b.jpg,France,FR,48.555877,-3.355627
15c73ff37cb54598a1128a7b1a009680.jpg,Germany,DE,48.831689,13.329756
81220f3eb76a46b283a0f94d811e68fb.jpg,United_Kingdom,GB,50.905289,0.629369
255a844abbb34332a3b666cbf513c3b2.jpg,France,FR,46.88227,-0.742145
d01566a404d2446ea55293fec7fd18d4.jpg,Poland,PL,54.449772,17.297416
12b15f9504fb429fb99f7481522d58d1.jpg,Spain,ES,43.628609,-7.603044
e0ffb156a45e415e9016075fec99e778.jpg,Spain,ES,28.776976,-17.914003
533d57e1b72e477da584929cc55ade09.jpg,Finland,FI,63.935415,23.440532
4fce3527f13f489eabb91f7bb5ef59be.jpg,Iceland,IS,64.192504,-20.946718
44375a6c3ba046f8853f520d68e70e85.jpg,Finland,FI,61.380992,22.699982
8dcf45ac156b44e68aa99daa34df1e0f.jpg,Germany,DE,48.097007,10.11352
3c625f1c3a4742dd8bc1718dd245cee9.jpg,Iceland,IS,65.73354,-19.646346
55ed54ee9ed0448fb0d231b6731576ba.jpg,United_Kingdom,GB,59.066087,-3.329179
3edad4cdf5b84f23a8eb2b36bb8c6cad.jpg,Sweden,SE,58.6145,15.293063
2d0dd74c0bae44d5bb9eae575fcdfb5b.jpg,United_Kingdom,GB,52.385138,-1.759115
a24402e0a2304df89bf63c766e639f6d.jpg,Spain,ES,28.789493,-17.802436
6bcd4c4adeb546cd8eac094c5b19b61a.jpg,Germany,DE,48.332528,10.245098
e2fbcaa483da4a70bcbf6a4bac756bbd.jpg,France,FR,41.578553,9.243642
1a0b9e79bd4c4ecbb7fa8e63f2091c5a.jpg,Germany,DE,53.761078,9.072355
43d6daf806044dd6a0a4ab470043455d.jpg,Iceland,IS,65.872224,-22.393571
b97cc74eeff94237a4f02a840aaab16c.jpg,Spain,ES,43.342402,-8.302587
e92da08cb17245d8a7c1da949d1ad656.jpg,Sweden,SE,67.083369,20.357679
a20537094ee2412a8c21d2a4656871a8.jpg,Spain,ES,40.212322,-0.012824
c00ec28de45c4bbd8080f8c28e8664b4.jpg,Poland,PL,50.952942,20.547024
9f4dba64616240e5bd395357ac5ba8df.jpg,Sweden,SE,62.229384,15.173057
62777304a3bb4b879cfd6bc324f25d79.jpg,Finland,FI,66.03963,29.130815
3992feb1d0be42748b8560f5e0ef8bdc.jpg,Turkey,TR,39.084027,29.46473
b1676addbf3048e4b4a257f1ec0f5bbb.jpg,Norway,NO,70.674659,23.650857
47b51e91309e41cdad45c4e29b1ee530.jpg,Italy,IT,40.52729,16.464582
6f0f7f1195e8414d9fe56cd53786d03f.jpg,Spain,ES,40.968212,0.638726
4b62c2b463b047bca751f1a527d12e99.jpg,Belarus,BY,52.345096,25.017779
aaca9c763359403db44a21df33086f08.jpg,Turkey,TR,36.905317,31.13108
5322e9acb8524b3b91976b4280057bfe.jpg,Italy,IT,39.300522,9.091151
dab8a655e66941b1828b740891aa655c.jpg,Spain,ES,39.41489,2.900536
3860d93fb0f046bf847dc98ae8b1fc9a.jpg,Spain,ES,43.654934,-7.598379
7275a941d1974855b1605bcf4d055dfb.jpg,Germany,DE,48.288451,12.527007
36fd01f799dc4a099ea151bf89decf4d.jpg,Iceland,IS,65.710488,-19.375733
ded1c03823764c28b1478b911ac4775b.jpg,Iceland,IS,65.249274,-14.359948
e2d02e6aadc14a108cceb01f168cf897.jpg,Germany,DE,49.916708,9.346977
a7a15509624e439e96c74338512c2eb3.jpg,Belarus,BY,55.450088,28.672523
fb3ca8147f134ae39647bd18f58d0998.jpg,France,FR,48.896736,5.43926
f0681f9b464c40b8a4f6db26a9297bca.jpg,Iceland,IS,63.870799,-22.423873
a386c2c4bd6d44b89ff968ac860bf7ec.jpg,Sweden,SE,59.220796,16.615308
4a94b3df993e46a5a03f9ea63eb14f07.jpg,Sweden,SE,65.451277,19.377702
31a9b3cf63f24911a5b9677282d9177f.jpg,Italy,IT,42.593051,12.237133
2c10246615974912bc90682438b736b1.jpg,Iceland,IS,65.037045,-22.542044
8a4bca34187d4826ad07cf9e206c447d.jpg,Spain,ES,39.058698,-3.375289
df174db4dce14980a3460877fc0f85de.jpg,Sweden,SE,67.139484,20.799931
fadab2104f2942c8a0eb610632642890.jpg,Iceland,IS,63.990542,-18.923977
80e0ce2b39e34056a453f9ac1eca91c0.jpg,France,FR,44.715829,-0.56003
da6550d9bfe14ae3b6414b733146191c.jpg,Spain,ES,29.009596,-13.528003
1b5f9a8721044c3b8c926c05fcb6c657.jpg,Spain,ES,41.183955,1.423057
a3f5718b0a8846bf803d75f25f12d4f0.jpg,Norway,NO,64.090425,11.522838
e59be0e0e3d24a2ca8a176a45a20ac68.jpg,United_Kingdom,GB,56.239355,-5.02462
36bd7d6cda984697a068c33801dc5468.jpg,Finland,FI,67.514844,27.947852
12e92672d8174b269b32e82bf492aee8.jpg,Turkey,TR,40.521518,36.14152
24f64f9e272443638eb3d68d56459196.jpg,France,FR,47.33422,1.985384
8d77528bde0e4816b5c45fee10e90d53.jpg,Finland,FI,61.782048,29.845352
f6618891611e41e794e8c0fa85ade943.jpg,Poland,PL,52.452773,14.719045
ae35bfd932de4cb7914bd2581698a70e.jpg,Iceland,IS,63.487348,-18.536103
d51c9a80e32841248a6e9d34bed0ece4.jpg,Sweden,SE,60.468645,17.167411
8974f94939b142f595364cd5fe0191b4.jpg,Germany,DE,53.805813,10.505758
d45b6cf27f7148c08fe82001124be8f8.jpg,Norway,NO,69.201994,18.067224
53eac838c51a4ea3acce239cf7c020d9.jpg,Sweden,SE,64.551467,20.184813
0aacc91e47c7467594e58902b8dd628e.jpg,France,FR,43.781889,6.361586
a12258d05bdb4d419e74beb23fb802ca.jpg,Iceland,IS,66.044177,-18.521407
9b07ba5991cb481e9b36a2859d30812d.jpg,Germany,DE,53.8256,12.138375
cfdfb786641e413b837c6f9eff09f454.jpg,Norway,NO,69.729689,30.053518
87e2dddf05f545c48e679e1d6e7d471e.jpg,Finland,FI,62.026523,29.486027
9d4d936aff614329a2040c68fe24fc29.jpg,Poland,PL,53.527641,15.071945
1d76a409bf0e4981a2377cca44f19986.jpg,Germany,DE,52.044537,12.357285
f723a6c5ec184a508d4b895d1e9bb5b7.jpg,Finland,FI,62.347669,26.673625
027116adbe8f4ecc80545f4da6fb6687.jpg,Spain,ES,39.435311,2.901971
c641885ca9d24ad3afe5ca1974a0be99.jpg,Iceland,IS,64.091349,-19.07027
205f2533fa0f4abd981fd08ec14f655c.jpg,United_Kingdom,GB,58.503842,-4.707442
cb8c1b04ebe448b38fcf6a557d4ad70b.jpg,Norway,NO,69.544083,18.989859
13610a0d6bf94f26baa4d8cb3fee1c99.jpg,Spain,ES,38.722033,0.11158
402a80a5760d4463ae8fe8b65a6d9750.jpg,Italy,IT,40.64124,8.367372
51a2ad96f72b40afbf1cd6693b589d99.jpg,Norway,NO,60.708576,11.301606
858c93eca1a24fcca0fdab371c3ad7f8.jpg,United_Kingdom,GB,51.820034,-4.69954
5514bfcdd42346678c483d0d8dc40266.jpg,Germany,DE,49.386475,10.761153
e5002571a217494b894d440d5bcb0eb8.jpg,France,FR,44.658946,-0.989251
7a1a0e217d864009bcbc9c5897955194.jpg,Sweden,SE,65.856702,21.80825
b78f56190c7947ee9952d0cd1b29df6e.jpg,Norway,NO,67.96518,13.167468
6f19ac4a099041aaa5b8e650be062c14.jpg,Belarus,BY,53.002563,25.796617
54ec5a494f004b0ead3ef9a9829f19d5.jpg,Norway,NO,69.606652,18.305521
47f74254501a4173a1a1a2a1f2534603.jpg,Spain,ES,39.926597,3.825969
959bed3fcc774b74a70efa88cb0bb966.jpg,Belarus,BY,55.576146,28.678711
b23f189b19b0426d8f9c3b44539b444e.jpg,Finland,FI,63.00816,21.862343
c93f8a2b7a32462ea36b514fd2604a9f.jpg,Sweden,SE,64.425723,15.137022
a527b76dab874c1685206d7a7e0de848.jpg,Spain,ES,38.820351,0.043384
ca43d73f68cf43b29a8735b66df435fe.jpg,Italy,IT,40.598118,16.98899
68fd991ac9a4495e9b7395cd6bc8dd88.jpg,Turkey,TR,36.941184,31.219339
316048b52f1a413dbbfebe3865ee4d24.jpg,Iceland,IS,63.850238,-22.439286
ea486062d56946bc81cee4220ab0c543.jpg,Turkey,TR,39.558188,40.035545
f25fc2a0785e4d0790c05c3918a264a3.jpg,France,FR,48.321224,2.694251
b5ee14b3c17a4c96b39267972461d78d.jpg,Finland,FI,62.555979,25.675531
5f691ca41b8b4cf4862fcd4b449059ee.jpg,Norway,NO,58.720579,5.6254
452ab9e07a7e4e11abb5572b7ef6f4d0.jpg,Sweden,SE,65.018048,20.193125
fc5f23bf58fd4ef298c60bbec13ad1e1.jpg,Italy,IT,37.257603,14.504876
221e0c4c4ccb4b0da241ff3b03a1ca9c.jpg,Italy,IT,46.171858,13.020062
40e39188d7d740b5a80d021ae986f117.jpg,Poland,PL,50.726732,21.215563
3cfcde5290c549d5a4a32a38a14acd24.jpg,Poland,PL,53.961078,15.11695
66d9f4fd551e42f59cf676cfedb30555.jpg,Spain,ES,39.051851,-3.597225
055f6a5d9c01465fa87bba39ca718f70.jpg,Iceland,IS,65.873201,-19.37804
62567d2dce3a47a4becf60d9c385b823.jpg,Germany,DE,50.466483,11.49748
48c73efbeaf64b648bfa335af4142cc4.jpg,Finland,FI,65.480003,25.344841
b7fec366e24b4995a5db2a5085ceb44d.jpg,Italy,IT,40.135859,15.736623
8b2c9baa9d644e4cbe64f9c16ed538d2.jpg,Finland,FI,66.599134,25.922703
246398e261ac4ff89830b2a0fe271c96.jpg,Turkey,TR,40.84288,35.49093
cd984122072b452b8e99aa6c20ac317b.jpg,Spain,ES,37.930522,-4.082318
739d6ba0b0ad492ab8dac3e0ba1ba966.jpg,Spain,ES,42.090583,2.17068
57a8209c08d54c8a8dd298276e0125a3.jpg,Germany,DE,54.87669,8.871594
0136861569f44336a7e199f9d4049bdc.jpg,Finland,FI,61.938738,23.963101
85e78c7b0188440c8f8ee61f3d90bbd9.jpg,Turkey,TR,38.95736,29.362761
84bf3c8b330f42a98cc94099e3ce8797.jpg,Finland,FI,64.309077,29.614764
de07d40fd1d9469aabda35672a899f5c.jpg,United_Kingdom,GB,55.12779,-2.987722
1d8f56ffc4a841fbb0df1319f40e52ef.jpg,Belarus,BY,55.534247,29.976472
d5322c22900042d299f824ff9b1e4c05.jpg,Spain,ES,36.847025,-2.620719
404299ba681c494c98841c605cf26f6b.jpg,Germany,DE,50.38475,6.735052
aa15271766fe4aa6a23752dffad5c5f1.jpg,Finland,FI,67.537401,27.924043
190d2a951a2d4cd1945ed86766d0dff9.jpg,Sweden,SE,67.850184,20.496553
b89543db7f4a444584c4219f1d628191.jpg,Germany,DE,51.042588,8.651111
abb6aee3cb534d589a467523daa6d9a9.jpg,Sweden,SE,64.517069,20.809847
207beb5072f243fd996c32af758d8297.jpg,United_Kingdom,GB,56.796887,-3.430021
f934a4102dd449ff95ce90ac5d6aabef.jpg,United_Kingdom,GB,57.484348,-5.32117
0174315f89f74b86acb944b581740335.jpg,Belarus,BY,53.793169,25.37485
d5d0ff7fa1b943da9c74b3a66faaf478.jpg,Finland,FI,62.233263,23.651951
934d984e0ee04a2287afc2986cc35c4c.jpg,Spain,ES,36.701993,-2.839804
7801ae27003844ec9fca278a5f7b8da8.jpg,Spain,ES,28.992357,-13.741676
c16f83ba3fa44021844d7aec069b42e0.jpg,France,FR,50.247775,2.997336
12b8a7559668448183d0d4ccb0a26b0e.jpg,Finland,FI,62.631924,21.53094
8520613a904742648ce3801b2f5ddb78.jpg,Turkey,TR,39.552825,40.072827
0f9af9a395364ed0b9ecbfbdde2fb96d.jpg,Norway,NO,69.308313,23.879877
db071721d29d409eb8953ec0e18a92f0.jpg,Norway,NO,61.93594,6.984994
14d197c36a1645458987e23207dd0536.jpg,Iceland,IS,64.260494,-15.553084
3f584c319a1c46fc837569ae5546a433.jpg,Germany,DE,50.820256,11.390461
3bf172b5f555481b88ab894027bbd0db.jpg,Finland,FI,62.455777,22.234715
4ceb6a1314c949118e65c7a4f46350d7.jpg,France,FR,44.185302,-1.292811
dc0f7bf3cbb94ed1a2dae7cf66a0525e.jpg,Poland,PL,52.4035,22.644182
1b8b5d169082433ebf77864ec7a68846.jpg,Finland,FI,66.895091,25.386463
78a604d4063040308f65c8519fe3b11c.jpg,Iceland,IS,64.626301,-21.467498
8ae12a3554ef4100b318f2acc9b3fc93.jpg,Italy,IT,40.869272,17.40883
bfed1c2002bd40b19fdbb106a96e4d10.jpg,Norway,NO,70.792938,25.721305
a6206b4814b449d1949ec57e9358d94c.jpg,Poland,PL,53.721142,20.472132
9d7bd22c9beb43759dcdc6f8dc621e3d.jpg,Sweden,SE,65.494668,17.006987
90326a1bc3ee4e9f87e7f96e718a4b58.jpg,Norway,NO,62.375383,6.330879
e841587a899c4906a2aa028edfc935bd.jpg,France,FR,47.412727,0.609483
af945398e8b042e8b418c69300770fa7.jpg,Poland,PL,53.022099,15.400656
2600b0bbbaab45a195b5608b03de18e1.jpg,Germany,DE,52.00415,12.269366
d52c2ceeff0d406b8fe9d26cb094437e.jpg,Sweden,SE,65.74167,19.389552
c6a40eed2fd643248c321fd923694a6d.jpg,Germany,DE,52.668866,14.44616
0f60f341ec674889a516a6892704ade5.jpg,Italy,IT,40.589405,16.2534
522c129725dc4802a486e5ab73e3a43c.jpg,Sweden,SE,65.052901,17.089881
2b50a6d549d14203a2aa77fee34dac7b.jpg,Turkey,TR,40.729999,39.637411
dc184e73786b401e80b1c898be336b79.jpg,Iceland,IS,65.731416,-17.391428
f6537c4a55b744ecb267c87c60c831a5.jpg,France,FR,43.228461,3.004629
ed09e9c043ca4d7dbfee45fc3f93571e.jpg,Iceland,IS,65.028859,-14.277185
b21efdeba37d49c2a239f9ecf27f997c.jpg,France,FR,44.638568,-0.840848
75e7dc7ac1c2495997d2cc3ed6f640c4.jpg,Poland,PL,52.321906,17.676167
1123283d475f46d3a70fb8db3c5750f4.jpg,United_Kingdom,GB,53.595203,-2.504685
dd6d49e4f25c412b9d492cb9dc77a08b.jpg,United_Kingdom,GB,55.415787,-1.869922
1af5e52790ba4d858f697efbddbd596b.jpg,Italy,IT,37.631142,15.143033
06f96ca127b544e7a69158771342d6a0.jpg,Norway,NO,58.989666,9.567324
d402bc62f6984d5785ea24187ddc7432.jpg,Finland,FI,67.294944,28.151831
f5bf5931375744508a9c48ba03662319.jpg,Finland,FI,63.114169,22.943532
55f20740d5394ac3a8af7e18ee26ef57.jpg,Poland,PL,52.629169,15.864195
8f88445e1e3b4b18b60fa4311e81df37.jpg,Norway,NO,58.083771,8.067255
cf0062a0897d4ccdaeea793a05447ddc.jpg,Iceland,IS,63.530241,-19.61354
d22e227698d245769ee8e3aa79540f11.jpg,Germany,DE,52.462526,6.776451
42fce5a21c4d491a8ae78535e65e9732.jpg,Italy,IT,44.093478,8.052919
50d51efd711240b99039ea576b0d8a44.jpg,United_Kingdom,GB,50.240408,-3.704632
6ed89e6169c64492bae5566ff02ca5d6.jpg,Norway,NO,66.318457,13.07483
fd4b91f809864f1dac4fa166fd1b5818.jpg,Finland,FI,61.701791,22.547687
19b5b238aab04ca6814539b7639f1d31.jpg,Sweden,SE,58.864158,17.828195
3104db88d9b94dd1b28a3272e73de5a5.jpg,Turkey,TR,38.16627,26.818858
9be2b2e0ece4400f8484a2bf8334518e.jpg,Norway,NO,70.666224,23.693907
0e2dda6253f74dc7834dd2a877b42da4.jpg,Finland,FI,64.605682,27.792109
e6c78f35761d433eaefe4976a5d88da0.jpg,Sweden,SE,63.976214,15.264572
a592fa160a304354921ae9ef9dec9e7b.jpg,Turkey,TR,40.966901,38.617425
76699dbdc15d494db18333ae7ad49e92.jpg,Turkey,TR,39.195827,37.280531
91e4c0875b3b4c32afa4dfbeec711560.jpg,Iceland,IS,66.030732,-19.364741
f1bb5c1041fc4d0d82782ade6df8489c.jpg,Norway,NO,65.424406,14.630115
7a24b2a25e0d4d8eb9ccfac043cef4fc.jpg,Poland,PL,50.980623,18.732433
8180cc89aa1c43a9959f354ffb18c993.jpg,Norway,NO,62.471293,6.12387
dcac09857ecc46fba3007ee5ddf4facc.jpg,Sweden,SE,59.866461,17.839608
08ca9b66f30745dd9ef1b3ab3eb28442.jpg,Sweden,SE,66.652856,21.273242
e6e15c62b0bf4246b925c06685c9e14b.jpg,France,FR,48.231975,-4.500228
9494ee27a4c040fb8b0b57c3e9f7d14c.jpg,Germany,DE,47.58642,10.326442
bbb30f9400024b4585a77b352a05fc65.jpg,Spain,ES,43.353219,-5.478176
3eca4ca1885f4c3fad210c6022434c92.jpg,Belarus,BY,54.594797,27.894512
8e1cc8261cb3458f86d709557a3486da.jpg,Norway,NO,58.991888,6.927006
512bd6f1e419482fa0a7ce92891ad07c.jpg,Poland,PL,53.602737,17.182047
34f908380113444f9d23724697c26787.jpg,United_Kingdom,GB,54.277397,-2.764489
8a492541af424d68b10a08d51a64e58f.jpg,Poland,PL,51.975139,16.539871
79fed9c30dee4d33955776617bf5990d.jpg,Poland,PL,50.260003,21.853498
6e33b1e905ce4f56a5067982a3a16d09.jpg,Spain,ES,39.020087,-1.80578
6ec68418e61844a2b5766b0c24bac9ae.jpg,Poland,PL,50.517603,21.604167
8a7b649439ca40cfaf1a05cc42b72747.jpg,Germany,DE,50.059204,12.063845
8500bab161b54dd6b32af18f419701e1.jpg,Germany,DE,50.280287,7.441146
1f8fec0eed7545d298adc77dea9138c6.jpg,Spain,ES,40.258936,-3.762033
1bad4101a9704916b5ed99fabb4f3274.jpg,France,FR,43.941183,5.05781
4208beddebe244f289c773b8b7be45bc.jpg,France,FR,48.064387,-4.594373
ee7df56d86a2495ca09f8fac1a2283b5.jpg,Iceland,IS,66.173782,-23.431785
e5d0a036f2774c0d939b47bcf4213167.jpg,Spain,ES,38.727639,0.037565
c063b290cf8f479e9753733f1a9a6255.jpg,France,FR,44.410575,-1.074512
244740ec11254f32b91603c19a93b01d.jpg,Sweden,SE,67.098884,20.958266
1f4070189152482dab6a5a136fb0f8e8.jpg,France,FR,44.152966,-1.298368
642ef270098e4cecacc5acb43fd56e7b.jpg,Iceland,IS,65.746852,-19.643904
3271f8b024954ee69eb9e5ce4f34b996.jpg,Sweden,SE,65.289103,17.667557
882e9df534454c4e88b71939831296af.jpg,Turkey,TR,37.712231,39.280617
dc82d3e78b9b45a78aca8f8ee4e95c70.jpg,Germany,DE,51.219511,13.073628
ca36dd62e50b4b2ebcd627368216df20.jpg,Finland,FI,66.093516,28.617493
d7afb379cf124bdb85786e9557c07ab6.jpg,Italy,IT,36.733321,15.117304
bf76d1f7e310497bb4020dec0da462a8.jpg,Poland,PL,52.095664,23.548437
b441c8c666944978b6dfb333a75ae5d2.jpg,Iceland,IS,65.251402,-21.769062
e9d00fde64d540fbb12a2168ab4a744b.jpg,Turkey,TR,41.465272,36.109177
b21ed21355c8482d99d4f47094c58b09.jpg,United_Kingdom,GB,53.144221,-0.699911
fbd08c78333446a39a7d27e12951bcac.jpg,Sweden,SE,61.09386,15.173316
9bf80380f1764083a7844d1fa30d3aa4.jpg,Norway,NO,65.085325,13.325799
dad3a8d6846e4b1985f6928b2494e1ac.jpg,Iceland,IS,65.493457,-21.892925
28683d3bed084c1885a120b37a06e2fa.jpg,Finland,FI,62.210596,24.763815
d537dc2d1b6a407c94ad4992ebf2be04.jpg,Germany,DE,48.901239,11.103483
86103bc069574d46b678fbf0e6bf9934.jpg,Turkey,TR,36.407378,33.808129
1c2e2333b43e4d6ba8f06bd8a9b80d8e.jpg,Turkey,TR,40.183884,38.079536
ae1f4be409a14240b6b157facae3ae4c.jpg,Turkey,TR,36.429686,36.383425
cbcf8f9f4f7148a88d54b51686ac4552.jpg,Spain,ES,41.73234,1.264926
93013b7ad055460fb1cad0d6cf173414.jpg,United_Kingdom,GB,50.544111,-4.72749
5df0bfe5f0e346d9b2df6c6e7ab698a9.jpg,Sweden,SE,56.34633,13.828332
bcfdfe405fe74869b686d85b2cccc41e.jpg,Norway,NO,68.470124,15.177412
c226b64238c348cb8a4ec99396e43968.jpg,Germany,DE,51.134121,6.577352
d315df553b8643e0bb53da2a2049674b.jpg,Italy,IT,45.523778,11.021881
1545e62f0ba14e3495e31a2d1d7975d7.jpg,France,FR,45.661635,4.85752
dff89e9605ff4c1c965b0ccf0e6ec61c.jpg,Poland,PL,53.423191,20.512171
7e6539407d69449d9af37689404336b1.jpg,Spain,ES,37.384465,-3.829737
87ba00ec71164ced8f45220b713b0c2d.jpg,Norway,NO,68.913339,17.738911
a58cb28572e54fea8cfcc4c2fca562bb.jpg,Turkey,TR,38.152628,33.570097
9423ef877e9047808c97b07ae33f08d9.jpg,Poland,PL,54.511241,16.551489
650bf2af1c3a4bcbaf5a208105357a72.jpg,Finland,FI,65.555956,28.184113
55e246b9a4a1408892e13b75be2ed3aa.jpg,Germany,DE,52.638381,12.471269
b34d7e2cb1964400910556b7de2868e1.jpg,France,FR,48.632429,-4.517262
119b41d24a314010a96deedccb12d909.jpg,United_Kingdom,GB,57.815803,-7.055255
b8165bb0b1e847349c7c2bfef6f0670f.jpg,Iceland,IS,64.986021,-22.811439
3924d254a72c447d9a2e92ec8428f62a.jpg,Poland,PL,50.474981,18.337896
b4ca5edc13054302abedcc1c2c2e6bca.jpg,France,FR,48.999284,2.136712
47633e9bc31a4e8d9bdef42945761c8d.jpg,Belarus,BY,55.198349,26.393961
14a63a05f1704e8090b4466db771a220.jpg,Turkey,TR,38.654627,29.007126
d569bba11d2844d7ad9a342a63723b11.jpg,France,FR,48.564373,-4.51663
ae134bc122d74058aee8dd4b77ec30f3.jpg,Sweden,SE,58.596982,11.502275
a0aab6e61fa247cf94214492f73d754c.jpg,Turkey,TR,41.0752,42.828503
a4e71b203df945d4bd147b2a0da9b881.jpg,Germany,DE,52.796138,9.938574
2c1519c14dc644aba8e91b1670234ed6.jpg,Norway,NO,62.434281,7.898411
569ef49958d2440697b32b7c9848018c.jpg,Finland,FI,61.837052,29.733762
b8f8fd30d68a4601a079d683a80a9dc1.jpg,Spain,ES,36.771577,-4.109197
753725dd98c44aa39f9e1ef724d47ff5.jpg,United_Kingdom,GB,50.306187,-4.851407
131e2fd50ec641a7a31f943d57e397a9.jpg,Iceland,IS,64.781125,-23.645431
80f9db24ebaa4b8c913535f85babfb04.jpg,Sweden,SE,59.772994,16.115573
095224997ec745b796d7636e7ef5ad95.jpg,Germany,DE,50.898492,9.423125
34802607c67743f0a4f51d741ea5e9ad.jpg,Finland,FI,64.180149,29.22105
5c4b2db433fe41e8b5043782ef866bcb.jpg,Poland,PL,53.92782,14.903873
6dc2f4bc764b4e02a3dc57eb0e9bedf6.jpg,Italy,IT,38.195616,15.3124
c91d1ac25ae44f52b9adb17c98b3eaa8.jpg,France,FR,48.562012,2.196442
b3f87b71b7ef46a3b082efec0aab0cb3.jpg,Sweden,SE,64.417478,21.224463
b2cc6a05050f4edea34c0b7a7e32aa90.jpg,United_Kingdom,GB,55.688253,-5.330261
ffa54cf2f8c546b4a8d7bf0ab0939722.jpg,United_Kingdom,GB,57.961191,-4.049945
e1f239ec16224f43871bf7b485507b69.jpg,Norway,NO,67.653363,12.596821
412a5155432b4a02950d9ed6f192c8df.jpg,United_Kingdom,GB,55.266469,-4.842996
cd32441ede7d4845b1990cff09a9f778.jpg,Italy,IT,39.070066,8.452679
f98914ebb264432caa11639813b1529c.jpg,France,FR,46.98522,5.146732
a10bc69354d1488784c6f6894fe58a76.jpg,Finland,FI,67.475943,27.961995
4857229e796546a3850e544fc64ec179.jpg,France,FR,48.316771,6.495734
125025af89764fe79a525415e1e48b1a.jpg,Belarus,BY,56.027343,28.347565
89ec029b9ac0486994e02e6b20a15f33.jpg,Poland,PL,51.476517,21.652104
d917dab31ddf4665bab4736f899e8de0.jpg,Italy,IT,46.694114,11.443871
e343ab4aadc949289ecc587383a0f782.jpg,Norway,NO,59.055397,10.009263
1aed1e95587c493e8951e3b3e3fe1fb2.jpg,Sweden,SE,65.583338,18.112624
327bd4c46c724e3e9a52e225344251e3.jpg,France,FR,49.246821,3.368984
4999b9b433d248758aaf95c8ddb45dd6.jpg,Turkey,TR,37.399192,40.951235
bda57ec3f0f44e1887bb0cb33b7a4c0a.jpg,Norway,NO,69.691091,18.865795
06411dab4a8b4ef8903e40f6af2af1d7.jpg,Belarus,BY,53.985837,30.465967
e5f99147970947f1ac061baf3a0949c3.jpg,Spain,ES,40.992831,-3.997329
a9a6cd9245ba41f886f184cb675e68e0.jpg,Poland,PL,54.30194,18.313491
5ebcdd48025e4a5b87402f77337537de.jpg,France,FR,43.441053,6.850058
5a8417a81ed34829b0ee850d5894ee12.jpg,France,FR,41.594061,9.324456
4d190a3d71c443e7ab182afc66d44e7f.jpg,France,FR,46.332186,-1.074603
d6bf8ae0dc274ceab670098faaf991c0.jpg,Finland,FI,63.298492,28.371361
3c1ab940b79c4d54bf33600cfd4bea66.jpg,Poland,PL,49.958614,22.179809
7e43b1f8ba914a26bc6e8dca866d8678.jpg,Italy,IT,37.267371,14.938757
c002293daea64dd286c709983a3fa745.jpg,Germany,DE,47.839285,10.278374
75bccb44f893431bafc91f6a23b04d19.jpg,Spain,ES,39.992107,3.845867
caa5f203cb764a5186e073251aa0c92b.jpg,Poland,PL,53.261,19.447744
aeac6f5088e24cda87944a85c3017796.jpg,Sweden,SE,62.836156,16.014726
893f8c3d238c44e3b8777b1610aed456.jpg,Sweden,SE,66.436399,20.533514
b7a6687860f6424db014aea4b6d7e056.jpg,United_Kingdom,GB,54.335665,-6.636037
a8a35faedde44bb9b76b1a305d9b05b7.jpg,Sweden,SE,64.303073,14.958715
9893c8a6e2a441f18c755d97227f8eaa.jpg,Iceland,IS,65.580756,-23.185385
b26b8ef0ab09491b8308e11cb6b855c6.jpg,Spain,ES,43.728971,-7.690226
e78b450077dd4fe185d82704db479c31.jpg,France,FR,48.613797,-4.542128
1f06ca8f03c247939beb68c3511da11e.jpg,Iceland,IS,65.948285,-18.151452
d00bb0f9feaf49a8bea97057da601b0f.jpg,Belarus,BY,52.304732,30.914933
d1f607296266477a8b9af023b2ffb91c.jpg,Turkey,TR,38.692554,35.577662
059e1d91ace34517ae074aca3f4c1ba9.jpg,Italy,IT,38.125682,15.007121
7d1d206d7177419488aca9582357d5e7.jpg,United_Kingdom,GB,59.101919,-3.326187
dc75a8ffe783470a82c58c24455dd9c1.jpg,United_Kingdom,GB,50.510019,-4.696977
4fc7ac70ce494feab2b868b3d2f2628b.jpg,Sweden,SE,65.599353,19.14741
e9178cad114f412c8fabdbf7466bef31.jpg,Spain,ES,41.34192,-4.110246
4150faf6f8794d37b9078af2f3ac7429.jpg,Spain,ES,39.680307,3.322305
2dd426973fb84aa1bac09461774f591a.jpg,Sweden,SE,67.246537,23.155209
59d02e32839f4cc5bfda58f10d54ffb1.jpg,Belarus,BY,52.330604,30.850796
c7a15cbcb86d42d49b39eb977f388f21.jpg,Germany,DE,51.925765,14.702851
ead46208d4fa42f5a110b409dca43621.jpg,Belarus,BY,53.021574,29.710862
9752f45e76dc41cd8f5de50cf07d7976.jpg,Sweden,SE,58.755091,12.131446
1ea219378a264ddb95a9a4de7e212d2a.jpg,Spain,ES,41.947661,-2.942214
705767761e4a4146a5e91569fa85f9a2.jpg,France,FR,45.964968,0.809058
e448bded86bd4552b4e1b95183ed0988.jpg,Finland,FI,61.625174,28.221773
9eb186ce33b04e4ca7d9fa08ac84527b.jpg,Finland,FI,62.184513,22.975962
0b8d373fd47640ee8f7c7950240cdf9c.jpg,United_Kingdom,GB,53.561716,-0.797711
e04c08eeb18f4304aa41db929689b654.jpg,France,FR,47.435252,4.092785
056166095f004be3b2e8aee429f2f8e0.jpg,Norway,NO,68.622567,15.66728
6495d0c8efd244a28a71d2fcfb971a38.jpg,Sweden,SE,64.496185,20.67606
d2674c146cf44232a01482f01dd35a2a.jpg,United_Kingdom,GB,53.897798,-2.749479
a7ebfb9ba5f54f2a850035146ceb9006.jpg,Iceland,IS,65.73374,-23.785132
8de657bd0f9a47d7ab58be87a5c842d9.jpg,Norway,NO,68.471802,15.18284
269392f465d5411bb382ba011a6edddd.jpg,Norway,NO,59.669294,7.533961
0340df1aad1c41b88662826c1d6b5598.jpg,Norway,NO,59.217874,5.453483
4339adbe84e143c8bbc37cfc349d4b9e.jpg,Iceland,IS,65.801715,-20.262154
86bc37888225457d8653efd544666503.jpg,Italy,IT,42.872925,13.906706
5fb6ba30b70e48029da16d677779ce9b.jpg,Norway,NO,68.416129,14.678166
b10c260002fe473693ea781421d93d90.jpg,Finland,FI,67.487938,27.853556
7cfebcb32cab46558e3bbef9b293880f.jpg,Turkey,TR,39.537159,33.131806
4a98b99c0367435fafdc78604f99c3b2.jpg,Turkey,TR,37.045075,37.380866
b29b4e607c97487d91e718cdb773ce5e.jpg,Italy,IT,43.722043,11.450498
b073e076b962456cb3abc9e02ad261b7.jpg,Norway,NO,61.269084,12.839996
22240319f04b44cbb1b5ff16262bfd23.jpg,Turkey,TR,38.696582,35.114386
cfde970c09b44f7ea00fb1827e1d27e7.jpg,Turkey,TR,39.554468,43.90872
f73706bb888d48df899cfcc753832654.jpg,Germany,DE,51.107727,12.599637
7c64be6ba89348fe864277ea932d7e2b.jpg,Turkey,TR,39.451542,31.437491
d4d6b0420c494770bb73f6dfbcd78368.jpg,Poland,PL,54.459904,17.887855
870884bebb344eacbadfde6c37787408.jpg,Turkey,TR,40.787337,39.983244
181fe380cff746d18e831073134c0391.jpg,Sweden,SE,57.618745,15.515687
bf7fa6c60c8f4724a0d8dec03fbd29fa.jpg,Belarus,BY,55.02568,29.370973
f2a9a8a7173d46da80f0043e52b241bb.jpg,Belarus,BY,54.764447,28.500617
2df1e80ec0134fa898037cc0960fd030.jpg,Finland,FI,62.98714,29.761209
c4144c118e084bd9a14c5dd7e8589394.jpg,Finland,FI,65.395837,27.157416
5135b438b37f4794acfe2213c07f3086.jpg,Norway,NO,63.540197,11.016819
1e9c7ff023da407995e80a078e601485.jpg,Germany,DE,51.423993,7.853761
fa756ac81f624d6b86291ff94fee0d64.jpg,Poland,PL,50.955054,22.288029
41decc09a5334b6f889df0fcb344f3dc.jpg,Finland,FI,64.004789,27.422327
69496590056040e4bb0cce28271084b8.jpg,Belarus,BY,55.169436,27.053138
fb6ff9d3da324568ac1d490b92658b04.jpg,Belarus,BY,52.707747,30.798691
03854bcfed7148c6aefb69bfe00a77a0.jpg,Poland,PL,53.87808,22.345465
5c10674a8ad748299a71039964df526c.jpg,Italy,IT,41.029242,8.968304
7947278a0e06406ebb8994aa31b36881.jpg,Iceland,IS,65.705039,-23.640206
a20e4e331ebb4889af1be9c37ed13a74.jpg,Germany,DE,50.776522,10.607172
81b867ad4c6f4ab49a7a7faafdcc0453.jpg,Poland,PL,52.996647,18.508637
151826bedb124e5f9b06d540f8eb8cc9.jpg,Norway,NO,60.345641,5.245126
2840ef6054404162b75fc2cdbfcb76d2.jpg,France,FR,44.079734,-1.00317
5793be209b24462bbd1277ff3d76fd5a.jpg,Turkey,TR,36.62567,29.1354
966727252a934967bac9c7104371be81.jpg,Sweden,SE,67.227809,19.244056
ff687b1702044507bb48b1ab59332705.jpg,Belarus,BY,55.306854,29.586746
41c9fc2b9ca241efa95be54bb674d274.jpg,Sweden,SE,59.971379,16.987996
7b7db7a464a34d659c79e40ee3616aac.jpg,Italy,IT,41.189527,16.414301
8edd1ab60dfd4fd2b5d8b2651040ee23.jpg,Belarus,BY,53.529077,27.473949
3b47be466aec460cb736aa413dd6d047.jpg,Italy,IT,40.893911,9.068735
a8fb67e0b38e44579a672107a5fa9f27.jpg,Norway,NO,59.194105,6.133937
e663250a7f8143fd991cacf879df92bc.jpg,Italy,IT,45.116002,11.391798
d1c14abfd4344b8e8a418692151a2553.jpg,Sweden,SE,62.806166,12.795961
96974a19efff4492a4124b0a49f3d336.jpg,Finland,FI,65.543498,28.11578
19ab042d1bcb4be497af1b71acf9d0b0.jpg,Poland,PL,54.657691,17.633573
1bca1214da1e4e15bcb3fe2b6617698b.jpg,Norway,NO,63.005291,7.276541
51543c23f0244e748133c3b70990b8be.jpg,Germany,DE,52.487779,10.884711
18ddefceb8074bca91f4a0b5e7243f7f.jpg,Turkey,TR,38.288011,41.104586
8d04d6b17f2b4bf495ea5f54e1c7bcba.jpg,Italy,IT,43.25145,13.748886
44d086c3f2eb46c6978945d0be3d1684.jpg,Finland,FI,67.464585,27.043732
c2827b92f3a04ccea64114122e8a8ff3.jpg,Spain,ES,39.029208,-3.670766
a7253ff54d4641fd9333024cc4d5af5b.jpg,Spain,ES,39.357139,3.19963
aa1353d6bbf54672989b6adab6b02362.jpg,Germany,DE,48.707367,8.428841
e8c7ba4ae7024369a208ea3d97d88f91.jpg,Finland,FI,65.050758,25.594182
cdd1f2fe73ca46ed8ad38f6f4660bac5.jpg,Belarus,BY,53.652064,30.039781
393668af144c4981a32306520284311f.jpg,France,FR,48.554634,-4.678858
691a779a9e7c43c9addae38696d68283.jpg,Sweden,SE,57.560183,18.312321
d729eca4118d46df9da1f9c0940a3b99.jpg,Sweden,SE,60.021985,17.88389
97671e5db74b4ce58a804c747f803b60.jpg,Iceland,IS,63.724435,-20.234328
889005e4f1e64981bade808a77c19584.jpg,Norway,NO,64.580892,12.555382
d6cab49c2607490b862dd21db9b6ef06.jpg,Poland,PL,52.806005,14.632244
5d6208d045f742dc8556ac181df97d75.jpg,Iceland,IS,65.930239,-22.937684
54ae7e83db814f70837a4fa64044b8bb.jpg,Sweden,SE,55.967693,13.755658
787a9b7a9468405783e1d815313fa683.jpg,Sweden,SE,65.081254,21.465107
f1e81334fc34416bb745adfd9d31c9f5.jpg,Finland,FI,65.480987,26.797656
f7de1c89c1e84dc2933a49c6c3527ab1.jpg,Germany,DE,50.118843,8.853504
a418fca7577244f39f5cbf7d5923788f.jpg,Finland,FI,60.689596,24.168208
311adaa394444291842296c03769a743.jpg,Iceland,IS,66.03148,-14.806878
0633facd400744aeb92838d25f93c8e9.jpg,Italy,IT,45.848418,11.935953
09e8e00631684b6b9e14b7b21dc2130f.jpg,Spain,ES,40.453107,-4.687721
3cabc0e3ed834ec8a4ba7b21512a9f76.jpg,France,FR,46.829263,0.560205
5dfeeaa3ac314868be8495cfc75c2ebf.jpg,Turkey,TR,41.913562,35.070765
dee1b1d659ea4dcd97fc23d866258a9e.jpg,Norway,NO,59.678453,10.810504
4c71dbc0b4154eeaa6456cf40be71902.jpg,Norway,NO,64.607245,12.586425
46589be993fb4414a2a882cf80e263d1.jpg,Germany,DE,53.078352,11.242991
64eb428b397b48feb560ceadd558e9b6.jpg,Spain,ES,41.906628,3.146519
05d66a175d144769affdd66c839b1ab7.jpg,Norway,NO,60.155797,5.434047
9d138c3a577146e1ab906d27e2bf916d.jpg,France,FR,48.628972,-4.510165
e8d14f479a044f4d9eaf32c318097569.jpg,Sweden,SE,60.358135,18.194006
835095a6158a43328569b87c853bed7b.jpg,Spain,ES,28.472232,-16.424577
21b01950df62434fbb3749e2ca5e4017.jpg,Belarus,BY,53.835998,27.26832
30d001757c54463d826c984263540804.jpg,Germany,DE,51.911262,13.542135
50b7aa61652a4ee086df7232d1ab8110.jpg,Iceland,IS,65.765876,-17.91008
3854f2eec1f049c8964c42f303e46e1e.jpg,Finland,FI,64.607355,25.65302
b4aa0152f760473eac35a7d7af62e38f.jpg,Germany,DE,48.632513,11.588454
73ea127dd5cc46d4974ea885c7b0651c.jpg,Sweden,SE,63.848498,16.401938
f2cfc0d1fd3a479e88501bc6981383c3.jpg,France,FR,46.609599,2.032052
d0bf2aba011e4dc2ad1fa643df719ae2.jpg,Iceland,IS,64.946968,-14.115853
56217f80dd824336ab17ac089b9d6499.jpg,Poland,PL,54.149144,18.71395
5cfe77de1afd421d89991d547a68e0cb.jpg,United_Kingdom,GB,55.702568,-3.657646
aa6c42b0ea9d4e5d92a957fb91d0466b.jpg,Italy,IT,38.091016,12.7497
2384602a12a146aabf0025152ebfeced.jpg,United_Kingdom,GB,52.69879,-2.626899
464de76d89824b89805e347415e0c8a6.jpg,Spain,ES,38.626391,-0.544308
55c5ede5d18b486c925b0f7b186513c5.jpg,France,FR,44.154553,-0.959047
474258f1525d4fc98d5587c0e6924af6.jpg,Poland,PL,54.201122,17.516614
386209f926f145649276f752f982e763.jpg,France,FR,48.258588,-4.621273
fb62319755bb4895ab2e0e85b4bcfc11.jpg,Germany,DE,48.422728,11.878311
c6724e12c949493b96462c00158d5fdf.jpg,Iceland,IS,66.166371,-18.988946
cdbf1ab0d66d46669127f083e1af2a58.jpg,Finland,FI,67.553512,27.904687
6469a99e0e97431c88ad1d2d4e58d4f1.jpg,Turkey,TR,39.090766,29.470921
51a99e554d2547829fc1a117a6ca8661.jpg,Poland,PL,49.52454,18.993086
7c47bd5ef3764b99901afc965911a924.jpg,United_Kingdom,GB,53.067132,-1.490926
91916dbb1a9d484782697b43fa606fa6.jpg,Iceland,IS,63.846113,-22.434733
701b81067e6740e88d4aca962e5e3ca5.jpg,Italy,IT,40.694746,16.944658
5048b6396c8148698ecdf2deaa67857b.jpg,Germany,DE,51.474048,7.635217
790922767152460b8bd217ed69936a2f.jpg,Iceland,IS,63.539264,-18.457464
079ee9f630ab47f39cc0207835460c1e.jpg,Germany,DE,51.985655,13.926189
5660547f6e6c41e49ba3cba2c4d974be.jpg,United_Kingdom,GB,58.52457,-4.683909
6bd202cac7b4456798793364163da803.jpg,Sweden,SE,55.401168,13.155297
fad4a9148fe045d2a96efbd7919156d7.jpg,Norway,NO,70.60587,23.646652
b4b6a7f42c8045739b5e6b1d41076f86.jpg,Finland,FI,60.263201,24.17803
ee0d8435029c4b5d965844899a9f332b.jpg,Italy,IT,39.112586,16.077964
a047768405aa4c89ab092c54e2571dcd.jpg,Turkey,TR,40.266378,37.88446
eaf07f5338e1477a869e10b999543d04.jpg,Poland,PL,52.873533,15.784907
88c72f6cfd4248f2b40798479f7c9e0c.jpg,Germany,DE,51.641073,14.554234
40b8b900315549e7a4f6e8e1380d86e7.jpg,Germany,DE,53.977612,11.119271
58f63dfe72db4b118a2b4884f8ce477e.jpg,Spain,ES,39.510918,-0.386116
7d7cb9db19734430a737d12500608113.jpg,Turkey,TR,40.726396,39.638332
4c0473fc8e0d4d938c9d189c5f3c52d0.jpg,Spain,ES,39.035976,-1.904517
87f66045df064abbb14942a0b4e23c20.jpg,United_Kingdom,GB,50.579372,-4.873813
58a31109d4034333b1b959f1d970df1e.jpg,Belarus,BY,51.668089,30.401324
c1b5479d2aef40df839308aa857a84d4.jpg,Belarus,BY,54.238388,28.468573
88d828bc736149e39cf116bf3a7a9606.jpg,Belarus,BY,55.196303,30.364669
567536d8cef344ed92aadb5271c7d8e0.jpg,Iceland,IS,65.641213,-20.295537
5aeb3b8f89604de187aa746d2329713d.jpg,Turkey,TR,41.10023,28.331875
aaa9111a5c084ff7852112ca49e68cf8.jpg,United_Kingdom,GB,50.388473,-4.624638
64f3f00e05554be1aa21cce8bf376f29.jpg,Belarus,BY,52.174942,29.341089
1366557290e94d16b2cb1c11849ac392.jpg,France,FR,44.648167,0.591893
182bf2e6b4194555bdeac06a2fddd1e1.jpg,Belarus,BY,53.781052,30.926095
d6c0588e4fc44a67923235ecc9dd0b22.jpg,Norway,NO,59.553484,5.276927
04e582fc17904e848809409115d074a3.jpg,Turkey,TR,38.271251,40.949277
ab7795925f8a4233a821fc7f4a5d5884.jpg,Belarus,BY,55.256431,29.792636
16a91eda8e304c5ca00ce409c754f9bd.jpg,Italy,IT,40.569048,15.35347
fb42f24215844aa2a59929b6e3e25073.jpg,Spain,ES,28.958852,-13.567067
0d1c49dbc3f54a8e842e950436255720.jpg,United_Kingdom,GB,56.585839,-6.186029
613b2401572e4516b7be4a826b3c4cdd.jpg,Turkey,TR,39.208583,33.072174
de7ccb08af4447f0b69ed2d03f147319.jpg,United_Kingdom,GB,50.425015,-4.66942
c0afda8114094f58b0db52fdd5c6207f.jpg,France,FR,49.645013,0.294231
ed42862a86db468f8b25f92bed305fc7.jpg,France,FR,47.654714,-3.025495
117535e9acf64fa79a13e88020e2d98d.jpg,Finland,FI,60.591237,26.451144
fb6f4a0dd17e4853b1d95a5fa4a58679.jpg,Germany,DE,50.183277,10.110673
9f52f035f5cc4352b308ff1d1e8de630.jpg,Finland,FI,60.369338,24.872078
32c0b0327077489a8f9eefa10421a99d.jpg,Germany,DE,48.44387,13.086434
cd0f5258b0fd447cb09519589d2d0317.jpg,Sweden,SE,65.409776,16.123972
e12520a846ac4593a0de493c21e45c0f.jpg,Italy,IT,45.582628,8.338742
d28f2136719544cc9afa29d4cb606442.jpg,Sweden,SE,56.551883,15.140969
c6d61f8d8fc04fed82e26fe34bb6334d.jpg,Turkey,TR,36.45399,33.670617
bacf1f20a2f64bb5bc90755749e562c7.jpg,Poland,PL,53.262339,18.173125
4edb963f05654ab79318d0e9aabad4a4.jpg,Spain,ES,38.949775,-1.883028
ff67a0b0d78344818daac081cdf5ac42.jpg,Iceland,IS,63.673065,-20.133444
24252fc9ef924fa0b4742ffbd4f9dc33.jpg,Norway,NO,62.134172,12.966584
ad572f5b3cec42bfb94a2a5b83b5f708.jpg,Iceland,IS,63.523604,-18.473202
74e0cba696cc4da1b6a9203037608c01.jpg,Finland,FI,63.019146,29.711215
735c82a8ba924fa985aa9ec20ff0834c.jpg,Turkey,TR,38.155943,41.774301
faf0679e051549cbab8430ccc8dd1e71.jpg,Finland,FI,64.875534,28.950064
6bd3fca2408944729264714fd6c67fc1.jpg,Poland,PL,53.608257,15.107757
2a1a2ec7b17840ce9a454fac2f52a03c.jpg,Germany,DE,50.45064,9.145261
15a5103de59749ceacb85ebff296fb85.jpg,Norway,NO,59.619231,8.853186
1690cf75b2ec475db6bb4d2d56bc33db.jpg,Germany,DE,52.852131,11.391801
73fc039f5b6b42d1af36cfb5a375504d.jpg,France,FR,45.232722,0.07279
410edccbef41477292e7fd94a6b61ea7.jpg,Iceland,IS,65.094961,-21.09051
b701e8f33cd1400a8f859816524a6c54.jpg,United_Kingdom,GB,57.162572,-3.687284
fbe4d6c4f69d4fb1ba0e5b13d1813308.jpg,Spain,ES,36.775086,-4.109316
a283698af4984f6fbc8bed654a7f3972.jpg,Spain,ES,28.953952,-13.6672
503e297ed4ec436489c3701117964902.jpg,Poland,PL,51.770393,19.204202
e74748b75fc14b3fb06997c353e5b007.jpg,Finland,FI,67.333708,24.907615
8fe57fa144624347845e74ee139f8032.jpg,Finland,FI,64.815853,27.812411
3c8e820ca98f4fa0ae56f1c491a0d89c.jpg,Belarus,BY,55.07434,26.87851
732a1a4fd9314d8aa889718ff18dfae8.jpg,Sweden,SE,63.754685,16.293391
dbbece0d5a724607b207ba5df67c5f45.jpg,Italy,IT,40.491209,16.290735
1dba87f3350b48fc8f9be194ba77eaf7.jpg,Poland,PL,53.870583,14.615887
7b1197ec8bba4ca6b16e8b02545ffced.jpg,United_Kingdom,GB,51.139531,-4.251186
7ca3b5a220bd436ebd81a37ab989bee8.jpg,Poland,PL,50.188165,20.063231
3f0e14946780436698f427ef5446907b.jpg,Finland,FI,63.126135,22.721704
36ed67cacf5b4a149b7bc6e663201037.jpg,Sweden,SE,64.271487,15.776878
5543626640bb464b8b2a86a442157f00.jpg,Sweden,SE,64.929175,15.675046
cf93d833fd3846879455e2f059b182dd.jpg,Poland,PL,51.625104,17.810958
f8ea6a3af63b43aea57a8efb79e7ccd5.jpg,Norway,NO,58.797884,9.054682
344b127e5498430abb0b60b872c253e0.jpg,Sweden,SE,60.139161,16.839613
ecd4accc5e81420fa3b5f32e388a9f17.jpg,Turkey,TR,37.361268,40.852115
67b14323708447649d5729c07cec5c30.jpg,Poland,PL,51.704639,21.234442
41e2d5f6577e49ccb346303e75e7e18a.jpg,United_Kingdom,GB,57.54566,-6.615333
275e5155811a464aa149c2c09ac9e819.jpg,Finland,FI,61.916374,23.693425
ab42dc351e8c4040a2c8f706148a9d6c.jpg,Norway,NO,68.908495,17.758752
fb61e702c412448b93f924bf6df93276.jpg,Germany,DE,47.896412,10.014339
f890d89a9794472db53003ad0d1e43f3.jpg,Sweden,SE,63.221391,14.467226
9a414f3666ef44179556e7d2394099e9.jpg,Finland,FI,67.117813,25.071383
d74c3b0faba640b49cd1a898405c73ce.jpg,Finland,FI,62.734048,21.954692
50aee7f0d91b4840a391b1403fe3f8dd.jpg,Belarus,BY,53.722179,32.027986
9715c934db4a4683ac8551eb0d18f253.jpg,Turkey,TR,37.544872,27.348618
5fdeb49503d34ac0b862c2f4b8777baf.jpg,France,FR,43.570236,6.126872
9d2e3d10dbb242d8bd72d3eef6225855.jpg,Poland,PL,51.491333,22.06491
60ca9512ae2d49c69a9c12ae39db8cde.jpg,Turkey,TR,40.031026,32.878117
6bcc2ee6758e4882af9d30be50269f5d.jpg,France,FR,48.79919,7.819093
641f81ab42f0466693917383ffcde27d.jpg,Norway,NO,65.841438,14.814617
958099ee19fc4dc997fc1a883b8efd6a.jpg,Norway,NO,62.4711,6.124141
6c682a48e2584784b0b3605714bff9dc.jpg,Poland,PL,51.624028,20.764479
0f0d78d7fcda4fee8c7621dea60c2024.jpg,Sweden,SE,66.445829,20.508921
379efd9ac6504b059d77ae5967a00ac3.jpg,Poland,PL,50.349326,19.188116
80e2e368b7cf496182d41fb53d1b5ac1.jpg,Germany,DE,51.380188,10.379012
c10734ff848048939f28bf4af674edd9.jpg,Turkey,TR,38.254469,41.003336
7b7f9cd849c44fcf9f84d51d1e42aea4.jpg,Iceland,IS,65.760779,-16.385328
7815cfaadd7f4c68a1fdf99183cacbac.jpg,Poland,PL,52.410689,21.622174
56c02a65547b49c4ae95b9a91180785a.jpg,Belarus,BY,55.309685,29.56766
a7f441ebf7364f0e8bf77090654ee429.jpg,Spain,ES,40.66797,-6.625292
a9778d0f9ce34291830dd803c218521a.jpg,Poland,PL,50.524787,21.191122
b3a7d94b522f4c1c9b9e597b6eccbaca.jpg,Italy,IT,46.04915,12.030811
1a9f78d5e941420a86aea2f95d4feaf9.jpg,Poland,PL,53.829135,16.141221
a2c5952382394192bcadb84c2d37b523.jpg,Germany,DE,48.81384,8.749654
adf2535d6a8b4a22af42d4c2546bdcd3.jpg,Italy,IT,44.742833,8.313086
b9e7bc55f4d048379c2ffdccaf621d9a.jpg,Norway,NO,70.421992,25.157465
aebf2f81d93e4ec598cc917a6b598021.jpg,United_Kingdom,GB,57.452294,-5.391222
60d2eeb197854bbbb65a1fecedf6a17e.jpg,Turkey,TR,37.953586,34.088633
46ed360b39dc46609dffdbc7616297d8.jpg,Sweden,SE,59.670137,16.30807
e6abc0e3618e489b8a4dba143a2a4e43.jpg,Norway,NO,69.295155,15.994477
936915736a64478495ec3e9529e95a45.jpg,Sweden,SE,65.017095,17.653996
9787a6eede644cce80bbca2654343f4d.jpg,Turkey,TR,38.844934,30.743631
b9b7ef5249724cec9c5236d086f89872.jpg,Spain,ES,28.931113,-13.701749
3491a062da1f45e8b21a6e2f2f16fa01.jpg,Sweden,SE,61.655272,15.003275
f83c48a3a4af4a9d978bced74ee693c8.jpg,Turkey,TR,40.241926,36.54699
254814c86826427793fa94d7e98c7582.jpg,Iceland,IS,66.056718,-19.329587
d8b599f11f5f49a7a38d401d6daab2d3.jpg,Sweden,SE,57.059921,18.311683
dbc7f7e3b0474914a16a712519057dcb.jpg,Iceland,IS,66.078519,-19.052722
7a09f4d4cdab4423a805cceeb4bb71b1.jpg,Turkey,TR,37.770711,27.277669
a0b730c0362c4f0c99b2da3c0313e7bb.jpg,France,FR,48.229456,-4.502675
f3da3488be1e4c28a8a761e4e274da7a.jpg,Poland,PL,53.577163,19.022798
bde047c28a3f40848c6f70c4cd13d647.jpg,United_Kingdom,GB,58.491803,-6.231896
0e67edcb96ca4ca6884ef81418b8752c.jpg,United_Kingdom,GB,56.380135,-5.042364
a8bb26905b74486393c2205dde660c1e.jpg,United_Kingdom,GB,50.789009,-2.739889
ed0591e5a2244c7b932b30a3f2f21a57.jpg,United_Kingdom,GB,57.345574,-6.402044
8fe3058357794e88921006161530897e.jpg,Norway,NO,69.083631,17.979379
8372bf9902234faaa66c1ba71ed5208f.jpg,Belarus,BY,53.795493,30.991835
856bcbb660c14e08a5c5ee781d777f71.jpg,Finland,FI,61.23754,27.987011
17a32fc73eba4e73b7b2e951478be6c1.jpg,France,FR,44.439159,-1.126209
c65870a21ca541059d418561d9252123.jpg,Iceland,IS,64.157563,-19.60615
6b9212dc3fe04a16aa7957e68156f220.jpg,United_Kingdom,GB,56.311717,-4.725628
eb06c70880e1424cba8416e86004605f.jpg,Sweden,SE,55.595339,13.722277
29ce23391b5d498fa38ca80404ac4f8f.jpg,Finland,FI,61.197958,22.886557
8ee6293ebe2a4ed4971660e24b3281b3.jpg,Turkey,TR,40.324596,37.605758
8d8d86134564469f8ac5c4893413edb5.jpg,Italy,IT,42.046033,12.653597
1a36a77a3aac441ea2aaf9bf934ebab5.jpg,Iceland,IS,66.081104,-23.07704
a494efe2ca10472db925246870e207a3.jpg,Italy,IT,41.441941,15.625535
3ebc43711d824779977557b95507bebf.jpg,France,FR,44.732792,-1.079183
f38241e811b54ad4b4101309ca596178.jpg,Germany,DE,52.007495,14.166675
b91076bde2d34ebdae7461ea73bb6f83.jpg,United_Kingdom,GB,58.497341,-4.456095
2bdcd3ff2bdb4d458aa4c40b57da1ded.jpg,Finland,FI,65.394511,27.065485
1b39392ed708442c8d566ef9ee2f60f0.jpg,Poland,PL,51.900117,20.21935
8fa24212d78143da97f7f0fbeb13697f.jpg,Finland,FI,61.025435,22.96541
0f1667beed634b12bae15d151164468e.jpg,Germany,DE,49.563117,8.015287
df640cdcb8654e81adc06819e0fcdc39.jpg,Sweden,SE,58.45843,13.473962
498c1d1d6b244febbd432272b0fb6877.jpg,Sweden,SE,60.058099,17.000642
29eafed2c19543a6bb37add7fbf78af1.jpg,Iceland,IS,66.133473,-18.930135
a029c6d3048b4af8be642786bf2b4afb.jpg,Germany,DE,48.635866,9.046002
9aafaddaa44a447eb3c76600c3fa8d75.jpg,France,FR,43.589791,6.844882
75509dbca9a541a58dd582265d1c49d8.jpg,Germany,DE,54.474197,8.850906
63545ff8ec3b406b85d9ffa4c7270daf.jpg,Iceland,IS,65.540946,-22.414205
b731f469dd7e46c4bf807b03330b81d4.jpg,Turkey,TR,41.263993,36.295249
6e1d07af14a14842aeaa404508f6e2ae.jpg,Poland,PL,51.801518,19.796015
8ac51d6a43544787807598a8cc630d5b.jpg,Sweden,SE,63.149392,16.292994
7472f68fe030466daea350fd948843b8.jpg,Sweden,SE,65.011444,21.31262
bc581ce6f5f145a89a8bbd6eb5d64d71.jpg,Sweden,SE,61.362866,13.531905
95922ff2ca2045459d0d8300d26d7c6c.jpg,Spain,ES,38.822757,-0.511819
ad79622c234942a7bc760d821e19b18c.jpg,Iceland,IS,63.847535,-22.378925
4a5e87b6985845d68bb9e486933bfa03.jpg,France,FR,42.516519,9.433522
627236279e934cb0bbd7da42de36abaa.jpg,Belarus,BY,53.733883,28.486307
dbd9c0fba28d4eccb4c887c725c0365f.jpg,Spain,ES,39.435352,-0.339188
a5699c980c654ba291d758dca57448a5.jpg,Turkey,TR,39.554776,40.044032
3876b87ff4c643a6a89d4966ba68d5c0.jpg,Iceland,IS,64.936459,-22.901872
263d5457f27a4122ae6c4fc6d56126ab.jpg,Spain,ES,43.345176,-8.308373
3a448221fafc4e74aa5c3abcc8299fca.jpg,Norway,NO,62.543071,6.124773
251feb01ae89484e8c8e67d382fe9a06.jpg,Sweden,SE,56.564804,15.897156
e61f7aca6dd448a5860c1b41fe9e7029.jpg,Norway,NO,69.603866,18.302982
5f3e42ee8c68479786bf56c281dfe8ab.jpg,Belarus,BY,51.676078,29.12862
643635be216245fc8afa8f371b059fd4.jpg,Spain,ES,40.625846,-4.1109
c53f85f19f7a46bbb84b802c8d706ac1.jpg,United_Kingdom,GB,58.554895,-4.706119
93ee35062458475da8a8ddaed438abbd.jpg,Germany,DE,49.340651,12.207289
5cf9651b9a4e4efe8b27470d6c34a642.jpg,Turkey,TR,41.198494,27.194293
7590e13e3b9043f4b0d901c70047b6fa.jpg,Norway,NO,61.446748,6.004196
5a426dbafe684042815d84c7e779cd71.jpg,Finland,FI,61.596239,27.52327
3f1fc9a0d14a4dbc888f71ff7b9e610e.jpg,Italy,IT,37.381944,14.364597
1db8a2cba3dd47b4861bccf08853186a.jpg,Belarus,BY,53.976447,28.063213
ad3e19db0d4248939eb7ce0bd6f4c21f.jpg,Italy,IT,40.899587,14.584735
62c3f2f97a7f43c9835a327e46bfc95d.jpg,Turkey,TR,39.540282,27.900419
2bc9d0357dc9453398263da6ec29fd5e.jpg,Italy,IT,44.570464,10.906023
6e33210a16b84c81992c0f9e102fd1c4.jpg,Germany,DE,53.767567,12.570469
bcfe665abd3c4487a288642c012ea956.jpg,Germany,DE,52.557244,10.148854
a36d4c6b190948b4818b1f351b370997.jpg,Poland,PL,53.499282,17.855084
fc51d94aadc949469bac4bcf9e80bbd4.jpg,United_Kingdom,GB,54.466247,-5.964945
9d7363ca4d57497ab203e13c0e09ab18.jpg,Finland,FI,60.97258,22.904695
1628bb06151747b28bdd605f8529c3d9.jpg,Iceland,IS,65.290541,-21.746769
797f106c96ab4934a1bbe2cee471e961.jpg,Italy,IT,41.848715,12.78907
9852e6bf642a4d10824ce14dfc60e517.jpg,Iceland,IS,65.220529,-14.350183
ab6daad9fbd54d438ac8b954efcc6b31.jpg,Poland,PL,51.290018,23.02246
161e3be302e6413f8bc8a49beed964a4.jpg,United_Kingdom,GB,53.192242,-0.6244
5a5d65b63610472ebaa7dbf145d11e31.jpg,Belarus,BY,53.931219,30.469006
d4adc2dc4d87491d85444f59c7a0dd13.jpg,Italy,IT,41.000414,9.239631
a2367f4a70c740eea841cabf977f244f.jpg,Sweden,SE,61.771532,14.14664
021088af205549ac822bd29c5cc876ac.jpg,Finland,FI,67.475828,27.96251
0448e3c09b294153a8493e5576cb680b.jpg,Italy,IT,46.085522,10.342558
b98bf11265214bde9933a8beb955efc6.jpg,Italy,IT,40.936322,9.471971
5c33d20f32544d30bc72392b76c910a9.jpg,Finland,FI,63.02861,29.701861
8539e8af1a89491daf269bd7065999c6.jpg,Germany,DE,52.024563,8.635947
c2e2fb53eb2441858d6cdf18d8562bee.jpg,France,FR,47.679242,2.739832
3072665078a64deb9262179eff0debad.jpg,Turkey,TR,39.519994,44.241817
20ca9a0528bf4fa5aa8ed8f17ea0bdd3.jpg,Spain,ES,28.126868,-15.470195
a36b6c6977f54506a78dd7270ab58afe.jpg,Poland,PL,53.096039,20.677067
93496687c26f46a5b30e7a55cf2f14a5.jpg,Finland,FI,66.862371,28.720318
56b09a522cb940dd8db866b9e6f148f8.jpg,Turkey,TR,38.706672,35.454631
5a6c1de5fcfd49aa8f340a3fc47e99b0.jpg,Turkey,TR,41.386869,31.681452
507eb184124a400a87a19a61b0147d13.jpg,Poland,PL,51.369177,21.069261
0ddae775a65a47e5ae08e3d88bcd724a.jpg,Sweden,SE,63.809388,14.385587
5b4a34b6ca494159bc9289112ecfe7b4.jpg,Poland,PL,51.204089,18.585356
ff6de30f70f34cd6b304202d94ccb10a.jpg,Sweden,SE,60.948433,15.232091
5d928b38c4ea4a259e12e12532fd121d.jpg,Finland,FI,65.430789,26.861558
4d6710534bef4b2bac1478925dc26ef1.jpg,Italy,IT,38.402193,16.499423
63b1bb23cb1f49c9b303faf8da174f43.jpg,Italy,IT,41.719796,15.410901
62a8628a1fff48f8b9dc2629a8655d98.jpg,Spain,ES,28.08008,-14.482755
f4677a586d6e45f7975844f6f8b3386d.jpg,France,FR,46.417708,4.9402
1a817ee32f934991b992ed1b71efe65d.jpg,United_Kingdom,GB,58.54212,-3.897708
de173982a11f45368192bc8cd5b125a4.jpg,Turkey,TR,38.447395,42.336896
a40d849fcaf5466b98ad0096544d6c67.jpg,United_Kingdom,GB,52.382053,-1.714093
880f9380f8084fcd8228ac87764eb1d3.jpg,Italy,IT,42.66305,12.513669
62c1960bc7ef4c8db6667433a54f6f50.jpg,Belarus,BY,55.111064,27.621802
82182e486a93418c9ab08038886d227a.jpg,Spain,ES,43.220112,-8.985345
c7414a8e3d5b4d6785a88b521d909034.jpg,Turkey,TR,39.658942,39.722094
a8d703a30e8b49efa91d44456fba6fad.jpg,Turkey,TR,36.103111,32.995598
3757891503614569b5b6e83a1aa919e9.jpg,Finland,FI,65.883535,25.627005
ade316c1119e4ec59e7a44df02f8b0d3.jpg,Italy,IT,41.003445,16.833794
68af6204eac542438226bc9fecb358d2.jpg,Iceland,IS,64.500585,-14.480743
bdb88c45f68f4918b7647d6fdb7ff5f4.jpg,United_Kingdom,GB,53.170048,-0.828869
4317572622b94dcf8e8e0eb6140282b9.jpg,Sweden,SE,66.590162,19.145342
8f59660f2c164deabdc66d894ac23789.jpg,Poland,PL,51.550652,20.045998
d3e58b0082344515b677a19880322cf6.jpg,Norway,NO,61.237663,12.612807
5c6ca0864d98496d9dd9dcfbb3c2d100.jpg,Spain,ES,42.454776,-6.144019
9f39e60bbc574c618b37b45a13e75db7.jpg,Poland,PL,52.001249,20.673199
9c68b84ce24a4d13bee7b1c102b33edb.jpg,Turkey,TR,40.546478,37.234002
762f0bd2039349eb851964223e41e311.jpg,Norway,NO,69.306703,16.090111
8ce23dfa1e5d4edbb5dda177e0f05d79.jpg,Finland,FI,64.735134,29.593855
889cae1384514eba957e67baf99e9090.jpg,Iceland,IS,65.622719,-16.884384
4502d73bf3ec4752813b5ee6f9ac168f.jpg,Italy,IT,37.814079,15.127657
9064eff6332a44f29decf06dbe7b8ab0.jpg,Turkey,TR,37.946239,40.230554
b1d417c9b06d4313a6acbeb80666c2a9.jpg,Iceland,IS,65.489534,-22.127649
1dbdf20054024aa9b9a2263bd07decff.jpg,Poland,PL,50.435721,20.945649
76cd84532cad4aa79e42b087387a491b.jpg,Norway,NO,68.775022,17.801352
d933a85037234cebaec1945fa64f4da5.jpg,Iceland,IS,65.894947,-22.832848
14704ccec99a41d5a6687c4bcc35e2ab.jpg,Finland,FI,68.119717,25.582658
f528a88685c44f3d9e3c54ca5b652eb3.jpg,Finland,FI,67.489827,24.848709
c8204a6b1b6c40d1ad7be2053e8feb42.jpg,Sweden,SE,56.625007,15.548624
0826d3f0f56442beb188b658b68235d7.jpg,Germany,DE,53.727359,12.796905
0933c7819f8140df8b85fa9ab5c901d9.jpg,Turkey,TR,36.961641,28.726219
ed91f748076341d8866a1e89a3a8ccaf.jpg,Turkey,TR,41.23063,33.298588
2ead49714b6c46298f5f16d2fce8cdfc.jpg,Sweden,SE,58.84308,11.258969
b2266a5f99584651bf90cc9322a62f12.jpg,Germany,DE,54.791932,9.390087
7ac8d16781e64b498c24a23d90991c79.jpg,Turkey,TR,38.190828,34.047163
b95d632bc79c46acb1d58930968ee6e2.jpg,Sweden,SE,65.301724,17.663541
9812ca576d3c4be0a22a4a0950ca0112.jpg,Turkey,TR,39.707814,30.692361
58f8a43c264c4ac18388a4d1a2b07a72.jpg,Belarus,BY,51.920299,26.672082
8b1061bc672a4af39af7aa3a110abd92.jpg,Italy,IT,46.509899,10.375653
b83e4815b9a748f4853ec4cbabcb31a9.jpg,Italy,IT,44.936692,11.408102
4b43a827ef1544d58ac2df439f6aca96.jpg,United_Kingdom,GB,49.958975,-5.206358
c9dacc394a4b4e0bb094375abc4f2dc1.jpg,Norway,NO,62.839373,7.233919
9bb393d6a4b547699c260b17f31d699a.jpg,Spain,ES,42.683589,-9.022729
dc417e308ee048b9a50460ce3d96f560.jpg,Poland,PL,54.493944,18.334285
8f55107973364cbbb105493e8e1c4c4d.jpg,Sweden,SE,58.964634,16.605987
64c88f1d56644cbb883c62e40428802f.jpg,United_Kingdom,GB,51.910685,-2.937326
5a17170a8c8a44a7b6e5451854925952.jpg,Germany,DE,54.885871,8.870235
0facfce8cded4ffeb9a5c0a1d5394d21.jpg,Iceland,IS,64.794654,-14.007301
092ab4fea8544b3cb1395e61c6a5f45a.jpg,Poland,PL,52.670618,16.823882
b8d514cc331940a08cfef76519e80aeb.jpg,Iceland,IS,65.584005,-23.149637
94d1091a3ec243aeb22e643cc8db9c54.jpg,Belarus,BY,55.706538,28.262722
2d8523c4fe7c4e92a80d4a205409942c.jpg,Norway,NO,58.324959,6.286022
31868e4bdd4c42f0a2e899d54046004c.jpg,Finland,FI,63.941637,26.853145
e549c465bc9441769a571c1d47c87b49.jpg,United_Kingdom,GB,57.518555,-7.283351
b5cf56b21a334464b4bb4b6b7f0e3ecc.jpg,Italy,IT,43.741132,11.239866
977aa064bcaa4efebdcf5fbbe69feb80.jpg,Sweden,SE,64.286719,19.973405
b8387d5082fe49079e5790eb7c8d9d5c.jpg,Germany,DE,54.249037,8.997669
ed0d546b602d491090c024ffa31d12c4.jpg,Sweden,SE,63.103515,18.371347
a6234ad2fd094321a041d766678bb0e6.jpg,Italy,IT,40.402283,17.640853
eaa20fc8b1dc4de0a51fd035dad770b3.jpg,Norway,NO,60.212253,5.410286
3331eb1c4eab4e79b50df30b984e53c6.jpg,France,FR,47.55493,3.407495
f7a362b0e3564e8bbf202916b3889752.jpg,United_Kingdom,GB,54.193645,-2.39616
e353abda80d54a11859b0dc4de257dc0.jpg,Finland,FI,64.15175,25.798782
288d8d741c89449990a08ce03642004b.jpg,Sweden,SE,63.861694,14.339636
2cdd63214a3543e4bb60b469fab1bdc9.jpg,Poland,PL,51.03647,17.120138
8c67aebd54814cef95e247dc48b57a03.jpg,United_Kingdom,GB,58.570704,-4.755783
6a39ee239fa84a45b6957747b7e3d2ce.jpg,Poland,PL,53.839714,22.872442
f3c24128285947779e5e717eb5a06cc3.jpg,United_Kingdom,GB,50.500133,-4.719893
099716f5169048258d82bf7ee320996a.jpg,Italy,IT,40.652379,9.722033
40a1502d513a44b3b477ade0f0f9518a.jpg,Belarus,BY,53.889962,27.337632
28bd1d1fc1244ac6b473e89dc012eea2.jpg,Germany,DE,50.854346,8.341301
4dc16039659b48a88d40c6739cb8acb6.jpg,France,FR,46.194636,2.076894
fa9e1fcf84b74868ae9d314e5da9f4ab.jpg,Norway,NO,58.44504,6.005733
845026afc0674e91a0064e536186da82.jpg,United_Kingdom,GB,50.163039,-5.307379
f1dacb1de0f74cbd9898b6e45a84bdbb.jpg,France,FR,46.829666,-0.247771
363873bd94144d3a95d1b63f34adf892.jpg,Norway,NO,69.690788,29.576055
20d5af3c1c1a4eed9fcce19a40c0fc03.jpg,Turkey,TR,40.688809,39.115992
0e7589d51d8444c4a1ec3fd448bfe233.jpg,Poland,PL,51.448208,22.497414
a28851ae19f24b57a63ca8e4ee266d68.jpg,United_Kingdom,GB,54.820865,-1.489114
388d7689d8d6486d88b92eaac0b92d03.jpg,Norway,NO,62.664018,8.616142
19c9d7e968fe4876be330af92a4e3fc4.jpg,Finland,FI,66.27195,28.853477
21fd438dab804c22ae9810a5039a2690.jpg,Finland,FI,66.657978,25.482965
ef78a27b0c6c49c985164d2daa64b85a.jpg,France,FR,49.338508,1.518027
70dfc9b9e9fe4524be8e852cbffe6976.jpg,Italy,IT,40.732306,16.46995
b369e265d5c74e719eabf42e4a318d66.jpg,Germany,DE,53.339464,10.014342
b62568b6c10140c496d9909a0ec2fde7.jpg,Germany,DE,52.807581,8.591847
2ba905e1f89843d3944528415aa3b116.jpg,Poland,PL,51.285489,19.610177
e1c4601fdbb04005b57450c1a5ededc5.jpg,Italy,IT,39.414284,16.013789
da2a69bf125942dea033204d21545eaf.jpg,France,FR,44.952448,-0.858606
9eb73c5b43bf4fc4855c80430b2e804f.jpg,Belarus,BY,52.112949,27.848882
9d9817cdf475491cbfc495f8c0f1ac39.jpg,Turkey,TR,41.065789,35.996895
ee48a23f1a0b41928ef4841861f04baf.jpg,Sweden,SE,63.820755,13.107238
1fae1d5dc1a349eabd5f25809431c4f1.jpg,Finland,FI,63.125484,22.46882
c4a7878c1474484b880c22e3da54657d.jpg,United_Kingdom,GB,51.942482,-5.096291
e90c6bc168c44fc59cbed2bc23499c22.jpg,Finland,FI,65.531516,28.519207
d6b7008b0c3c4efda9b35b2fdd51ae45.jpg,Finland,FI,61.767932,24.362808
6bfd70cb31e94ddd9f0cbbf4a64e8081.jpg,Germany,DE,50.456173,12.100972
e84c3ed3379842bcb20fc6c771365236.jpg,Spain,ES,38.036032,-4.107785
3e4f644351d84b35aefc3e0fdd55083a.jpg,Iceland,IS,63.98095,-16.408107
9618382e6dc64411a52ba84883c2b474.jpg,Germany,DE,48.536445,11.692141
5f0a518d0533434e8e217aa05914d601.jpg,Turkey,TR,40.874086,26.985467
5f680d17992a4cbca6a647a00a1a7d53.jpg,Italy,IT,38.013963,12.870509
71a65e3274fa4908b6327b73de44c0db.jpg,Germany,DE,48.493503,9.508635
99cd7f4f8a434022970fa254525be333.jpg,Norway,NO,58.90648,5.733164
b477c4d3c77d4c8fb064c5ed7b75edaa.jpg,Italy,IT,40.5915,8.375922
b55834093da04570a4924b7b9e3d8810.jpg,Sweden,SE,56.569333,14.669431
c3ccbe895afd49c5bddaf005edd3571d.jpg,Poland,PL,54.330621,22.66959
2a3d9d4b79954d06a4fc08d768bf05b7.jpg,Sweden,SE,60.9217,15.701448
1785d752c03e4f3d84ca5860349ddfbc.jpg,Turkey,TR,37.305185,27.90911
ebaf9cbd01c2497c9c4718dded2cad63.jpg,Iceland,IS,65.732063,-19.645586
ecb347b86bc6483fa27a25587f9e93f1.jpg,Poland,PL,51.269849,20.158565
2404cd04c70a49c08ed5b8c4f1f46eb0.jpg,Norway,NO,62.22618,11.782424
baef3db77b804845931a3058fd5fc91f.jpg,Sweden,SE,65.326798,16.651808
4c904acf4ec140df88d008ead37c3e9a.jpg,Turkey,TR,40.973994,40.314431
d7416eaf43854671bebe9d7534837379.jpg,Finland,FI,60.649063,24.223948
5e7de4f8d1994fbdb67004457a7e8552.jpg,Finland,FI,67.925353,23.866442
e465386e84d74221b6f480d410762687.jpg,Italy,IT,45.134925,8.486188
c5b860bbb33f42e1a4c8ca263a48c448.jpg,United_Kingdom,GB,58.38742,-3.707751
480a6a8fe6ed4b87a608c55d8af48f2c.jpg,France,FR,48.740637,5.942791
c32e133c77a646648dd7ebf61d5b8fc5.jpg,Italy,IT,39.08097,8.415868
465117e2b5504ef5bc48120a4bb0f59f.jpg,Poland,PL,53.465329,18.030376
7430742d795740d79abbeedde58f2765.jpg,Germany,DE,48.082727,12.569816
9c40632726d045af875f791701fcbca8.jpg,Spain,ES,43.241758,-8.195742
f87cfc2d8a0e4837a619fa6f50f62da5.jpg,Turkey,TR,39.560536,40.030707
60e9c4a323d44c03a86b6c7454445ecb.jpg,Spain,ES,28.248965,-14.040299
198cea4a84ca46ccacda0c8e9655c2ae.jpg,United_Kingdom,GB,52.407796,-3.614718
b2de0a49e91c4267a92791745f9276ab.jpg,France,FR,47.199505,5.353274
2becb1dc3c8142b3bad999b40cf89ec2.jpg,Germany,DE,51.40101,14.94923
1b8af057636f458b8a4fddb7a9a6ba91.jpg,Norway,NO,59.311433,10.883806
5c3ddcfda9dd4763958de673b0222561.jpg,Turkey,TR,36.355155,32.372795
f1ac4750ef15474f8b2149a3e5313fa1.jpg,Spain,ES,38.763785,-3.178379
8c4299de71c043dcac5e6730f988f426.jpg,Spain,ES,41.884146,1.077756
b15d9145bfd0458c81f4b911025da733.jpg,Poland,PL,50.627179,19.834788
3551a3630d2b4660a377634ab864b3c4.jpg,Norway,NO,61.186353,12.879138
a2fccdc7602447d281578ac4f21da84d.jpg,Poland,PL,51.869744,19.088298
96af394415eb42e4be424ab60e14a768.jpg,Turkey,TR,41.823263,33.258729
8c7758bd5d3f4e70b5a254878d5a7203.jpg,Spain,ES,39.358262,3.131218
b04fb7565eab4e3f998fd8e7f381df4e.jpg,Italy,IT,38.674213,16.461918
b0603eeb45da4d18a3c6ab5f87e75934.jpg,Belarus,BY,54.418489,27.896168
cf97127bd2b5431bbf90309e2580c86b.jpg,Poland,PL,52.560906,15.874136
bede275a07da45de997102c09566ca90.jpg,Turkey,TR,40.848302,39.652283
b5ee962280a943b48fb230ca88caf62c.jpg,France,FR,43.622517,-0.923664
8b972d130d1947e49bab37dd6f7d6d38.jpg,Poland,PL,49.918228,21.314189
e633d3d1755f40a2bd6c17e2afa7492e.jpg,United_Kingdom,GB,56.701833,-6.072339
0e6a79c0e7f44c58a96d1d1e2e45bb6b.jpg,France,FR,44.599639,0.897113
cb6b669500cd46c8913dfa381768f876.jpg,Finland,FI,64.329184,29.068101
6f32fc5ded664f108c8d53478f83b438.jpg,France,FR,43.136877,2.729555
7637c7f4d16e415fb1e6e5db0a3092a1.jpg,Sweden,SE,59.317692,15.910244
d6201fce663344578526ce0b13257845.jpg,United_Kingdom,GB,56.147549,-4.007098
1578eb92185a4a6589305848558d102f.jpg,Turkey,TR,38.036642,30.166932
d321b4622c224f208ce68dfa48ca16b2.jpg,Belarus,BY,53.0376,25.627371
e74af46efbf94ec793f9a6c11c1d73f5.jpg,Norway,NO,69.081067,17.541947
4df03b39bb664823abe30822995fda94.jpg,Iceland,IS,65.829422,-14.838817
d2888e4d91de4d398ddf25f3145a97c3.jpg,France,FR,47.213943,5.294785
110da956546a4447b68f139ce934b07f.jpg,Italy,IT,40.841572,17.005575
903e778da5884793a56bc637a08f2626.jpg,Spain,ES,39.53824,3.246388
f715a4edc7124a7880e71a03fca22adb.jpg,Belarus,BY,52.215322,31.515105
ded62de2d77f4e519bf8921daa3bb00b.jpg,Finland,FI,66.895846,28.770135
12ea831ab2fc44209ec4923d1d2b2202.jpg,Sweden,SE,56.671232,15.545416
bf9338e7854a44bfa81d554a824667e3.jpg,Germany,DE,47.844075,10.276785
d8b501d2fb4c4aefa7a0a1bd071e5446.jpg,Finland,FI,62.850334,27.697184
7eb4848bab5447c19d3bb5df6914c432.jpg,Spain,ES,43.379525,-4.065546
10458cea54e84b62905d630b4b199cda.jpg,Iceland,IS,64.122871,-16.072287
803f103b95b44691903204c2054b45d7.jpg,Sweden,SE,67.235525,23.312061
99af2160bf41459ca005e6d81eb03bd3.jpg,Finland,FI,61.731686,29.390917
fde22f1aac284977b0ff1ed2595d4683.jpg,Norway,NO,69.376279,24.218811
43222df9286f4652a6ce5dc8f6914d1f.jpg,Norway,NO,63.524994,9.933647
757dd02605eb4daab6eeddc5e13a2ad0.jpg,Norway,NO,68.779671,17.797106
ef3b0b1a97ae4014ac5605701f36a8c4.jpg,Germany,DE,48.508564,11.624786
e5498799b7da44e78234fb62c0d72b92.jpg,Spain,ES,39.693464,2.634018
a2e52d73cf094f139534185bb9c86d6a.jpg,Norway,NO,68.383406,14.590031
2180fb04faea4de7a008ef7627964103.jpg,Finland,FI,63.160986,21.943244
127815462dc8497dba0696d794c01005.jpg,Turkey,TR,40.716686,31.576032
c2fcc26361144948b6b1f06f96285a75.jpg,France,FR,46.008803,6.001821
1a8ed7b951ff4d4db72ffb871771dc6b.jpg,Iceland,IS,63.844285,-22.415007
d9d610b3e38548da95afd7324637ad4b.jpg,Poland,PL,54.192542,18.632349
520dd852a18f4adba5165cf3a23f4ba7.jpg,Iceland,IS,66.564954,-18.017797
cd4a2a557bc14c6b815691f639af85e4.jpg,France,FR,49.53202,5.827367
aeca9a2bd21d4086b8a90da3ab4de21a.jpg,Iceland,IS,63.961375,-16.860194
6ed1809e9e364b298622b5caf84c447a.jpg,Finland,FI,63.862601,23.253221
4254750a27f9426a93657b6fa58ddf9f.jpg,Belarus,BY,54.493287,30.028954
a4c398e27d3e4b3ebe4950e60e1c40b3.jpg,Iceland,IS,65.794127,-19.93966
02dce6ff9a0a49fd8c970a1197095ced.jpg,Belarus,BY,55.780868,28.601226
3a99c15303f54304be478221496c0f20.jpg,Belarus,BY,53.481031,28.098315
9ade4ea3b6874009a6e57ae9df196a65.jpg,Finland,FI,68.010763,25.187895
98031a7e21e74108ab00ded4957f40bd.jpg,France,FR,44.140161,5.461328
a04acb862c8f4e56a48c87f35050ce54.jpg,Spain,ES,37.167563,-4.552014
deeed17f4d8c48e1b0e5c736cf022d8c.jpg,Finland,FI,60.647759,24.225133
c87df3c67378445ea168449655dd6155.jpg,Norway,NO,69.212354,15.874445
79993bc4169048b38e19518750a9da16.jpg,Turkey,TR,36.815814,34.573226
5aeda7a1201f447e96e80394c2260d3d.jpg,Norway,NO,70.892083,25.67787
d30e2169ead1483499740ad2586ebcc0.jpg,Germany,DE,52.484582,11.684961
3511128e0bbc40b2b5e121a2954c78cd.jpg,France,FR,45.184958,0.165026
f2acec6693004d2aae70b8e193743614.jpg,Sweden,SE,56.95959,16.448792
af48be4ed03a4438a4c1ca230e6bc7fe.jpg,Sweden,SE,58.773715,12.201952
bcfad9ed2fd64201b4eeccf9cdf6a67e.jpg,Turkey,TR,38.20074,41.09863
9a525dc86ecc48d28587bde846f4a2ac.jpg,Turkey,TR,36.857938,28.254946
018c77531a4841e790523dc752ce83a9.jpg,Finland,FI,65.4812,26.797539
6e95a1069f53417ea42690f018545cb7.jpg,Belarus,BY,55.590397,28.572301
e4c37ad2607d4f6780a1fcc0a371a724.jpg,Spain,ES,43.136153,-2.933564
9fe1424f54d3450ea483db2d729696f3.jpg,Germany,DE,48.818829,10.566718
c023291da9d044a796f377edd822c1fa.jpg,Italy,IT,40.606045,17.300756
2cb3a78f35ef423b955c390ab31e914e.jpg,Finland,FI,62.314962,22.883705
2153389cb20c4fed93d65793e73c0634.jpg,France,FR,41.906117,8.67474
f74f4dc3e18c4fc082d71c5ee4e4a93f.jpg,Iceland,IS,63.982617,-16.871888
78b17f3ca1814ec5ab23c0204752019e.jpg,Spain,ES,39.817117,4.246226
88e0f5c5a5724580a64ae1e5139dca8c.jpg,Spain,ES,39.861605,-2.564393
37fb963795b948618004113caede852f.jpg,Germany,DE,52.536405,9.555615
4d2f3148ead44c21a915ce1ae96cd237.jpg,Poland,PL,54.421319,16.862323
10e471a767734de3958f515f679239dd.jpg,Turkey,TR,37.664691,39.233626
0b948ec1224a40828702fc9bd63743b5.jpg,France,FR,48.340432,5.404579
f08ebe85dad84f2e99948b7c4b8c8ef7.jpg,Spain,ES,42.154682,2.073288
769681295eb04c599faf575c3bb0d36e.jpg,France,FR,43.730772,6.453559
1c0f89d505ff447fa4d31f9d5bbd1287.jpg,France,FR,49.229324,6.060934
5bda3b9fadda4c9a84c5c1a379213d14.jpg,Belarus,BY,52.081156,27.385775
9ab5e34adfde4576a03d00914134c82a.jpg,Norway,NO,68.370627,22.222291
5e3ca3bd90a04b8ca4507f4dce2d4a8f.jpg,Spain,ES,38.754138,-3.103558
5cbfd05eb5cb4e8babe0aa85b8842dbf.jpg,Turkey,TR,38.485231,42.295997
1ea4e291609e4142ba943053312b21af.jpg,Sweden,SE,67.246662,22.877631
3a66c2ae60c144ef83cb8ca8fab2cdec.jpg,Sweden,SE,66.998655,19.844396
8f9bcbc64d7b437ba371e113d264ca03.jpg,Turkey,TR,36.327937,33.428249
2f823a12f35844978e819f66f7c55196.jpg,Belarus,BY,55.458284,29.925911
018b5604c4604b418a8a4c119249f312.jpg,United_Kingdom,GB,58.497011,-4.482839
0d71691ee24149688724c230f461ac8f.jpg,Sweden,SE,66.081055,20.960868
aa4e923cb131418484771999b94b6ce0.jpg,United_Kingdom,GB,56.900806,-5.02005
98ccca36be414e76b84a87dc895ba093.jpg,Sweden,SE,56.333729,15.145573
b5f1650ab3d14bdfb41a134d28b6c0e3.jpg,Norway,NO,63.607928,8.919792
ecbddb106ad54a508f08355175566892.jpg,Norway,NO,70.162901,28.570629
16f7a975105d4f54876c7ad4bd1de8a9.jpg,Finland,FI,62.969804,25.819453
e32add7fd2944284b5d870e6d4ca2c35.jpg,Iceland,IS,65.516365,-23.719771
bd7bd015847f41aaa84751e436666138.jpg,France,FR,43.206483,2.801882
564069598fd64e998ce301c966a0737e.jpg,Norway,NO,68.247019,13.704463
76e261df84ae427a8f0a96063d423633.jpg,Iceland,IS,65.789922,-22.563466
dbcf74fea9934856947e6253ee1b03eb.jpg,Turkey,TR,40.735334,30.115311
ac3f20d27faa461fbce9a7c57c336a22.jpg,France,FR,41.485247,9.240302
23c95e454db8478e92b04f3b6790b4a7.jpg,Turkey,TR,38.316743,43.10147
ccf236830b434612b08d6f24fc8b919d.jpg,Sweden,SE,63.464579,19.660201
e59503cacb104feeb49794256364d1a0.jpg,Italy,IT,40.494387,17.183557
9e5e0cbc3b894a3690f538ce07bed268.jpg,Poland,PL,53.645694,16.594057
522223a461c5497ab1e1500f643a8171.jpg,Norway,NO,58.542181,6.278354
8d80df343e0741069883d52bd86dee35.jpg,Iceland,IS,66.104728,-17.270412
ebbf65f133ae4e44a034de5788a2ee96.jpg,France,FR,47.317085,1.399597
45bb52d6b260450db5f5d48db5194e13.jpg,Turkey,TR,38.528378,35.526618
26c9373ab2124227848be8d85d7ed507.jpg,France,FR,45.927315,4.14926
5514d3f041cb470a8541c45557e46b6d.jpg,France,FR,47.139572,6.277155
81fd98466f87469a8a23f2a462ecce69.jpg,Finland,FI,63.280436,30.301395
ff322aa6fef14abf97d3968c675e16f5.jpg,Turkey,TR,40.864768,26.758173
bf4a1d2ce2424e5e983f7b0e137a296e.jpg,France,FR,44.746035,-0.756461
de160a0f0190459cbfe4ba488fe895c7.jpg,United_Kingdom,GB,52.593832,-2.769499
3488f4c135084a2a9ef4f49fbe8706fb.jpg,Sweden,SE,57.7972,13.068563
29f561e3ac4640b39a9a5e4b2b4f7b21.jpg,Belarus,BY,54.501975,27.159349
930d2e19bfce41de9b1c0dd700dba0d6.jpg,Turkey,TR,36.815334,31.767091
8fe3bb54096240d38f450192c0ba71b4.jpg,Poland,PL,54.31331,22.651942
ab2bc1a88fa54ab484b0cdbceb7d471b.jpg,Germany,DE,51.813712,14.098966
a35b936897b34f668f45bbdbd6facd43.jpg,Italy,IT,45.183504,11.019211
7d3ec3c206684cdba509b0a522f6543e.jpg,Spain,ES,42.863018,-8.636295
93af5792961b44719e8c643567fc6d5f.jpg,Turkey,TR,36.407945,33.843991
92283859ddbc4ef485b1d2a19e5fa7cf.jpg,Sweden,SE,62.615664,15.666942
950173900a8d4df287a9458fffbcb19d.jpg,Germany,DE,49.311141,10.188513
3e22feff3ed5493c82c23bd0a2d8849a.jpg,Turkey,TR,40.182693,38.079849
4465d9367d7a4ff2b4d49073fc3ff380.jpg,Finland,FI,63.237145,25.664446
c1ca4d98eac74bc69b893c3d135028bd.jpg,Iceland,IS,63.535437,-18.462659
f3a44d857f4140d98a09a7233c7d758d.jpg,Turkey,TR,40.938243,38.217959
4cfcc9fa35964b4d9c1cb82475707f5c.jpg,Italy,IT,43.314658,13.643625
1c86e4bbf5554e0fafa012fca2617431.jpg,Belarus,BY,52.387331,25.933383
90493c6a8e214f759d9492b1b3e8f629.jpg,Finland,FI,68.893102,26.960099
00413a2cbe4740afa40dd8b5d9236855.jpg,Norway,NO,58.671712,5.596509
104eb4eae9a34904a11ed21e571584c7.jpg,Poland,PL,51.59892,21.47512
6d002a2b6b644445ae9ac0d9bf9447b6.jpg,Turkey,TR,39.556003,40.040502
7aee9a8802f1423f9fd28dcf895bd80c.jpg,Norway,NO,69.278004,15.976458
f9eee776df1b4313b6feead9179286ad.jpg,Italy,IT,41.028289,9.096795
86df579f83d64361aa8a20301aea2f6e.jpg,Finland,FI,63.143249,30.638638
c4d985a9b35345e08bee4403b60692f4.jpg,United_Kingdom,GB,51.331009,0.027118
b8b64181a82840268a03a50091a129b0.jpg,Italy,IT,41.022901,16.845796
2dd0984a2cdf4739a01c5e37e0ee694c.jpg,Italy,IT,46.040681,11.014676
3eb57488933043a48e317f9ea9e60028.jpg,United_Kingdom,GB,57.60413,-5.300359
a2565b8f84a842c3abbb49d000833e00.jpg,Iceland,IS,65.602291,-22.513529
0c8cb221476145e99cd2214b58892ebb.jpg,Finland,FI,61.473663,24.321437
56920d8fc4d5418a8705498f10898e48.jpg,Spain,ES,36.746373,-6.047217
bb8a8ca271f24e729e51d0c6dc04f603.jpg,Iceland,IS,64.178474,-15.867354
abbabb9ba44c4beb967d12d755348afd.jpg,Turkey,TR,39.566686,27.039999
ad76a420bbaa409e8e990fdb6e799b3d.jpg,Spain,ES,39.496615,-0.500438
fd6a76e1162e40a1b913297da522e4b1.jpg,Germany,DE,50.12901,9.39222
c679384554594fddaa0fb43f82a2aa6a.jpg,Poland,PL,49.683824,18.974864
1bfed17847704ab6b795dc6d4151f35c.jpg,United_Kingdom,GB,56.192415,-4.77638
d0d2077e22dd4e08bf7034ef56d38af6.jpg,United_Kingdom,GB,54.914651,-7.419909
b6ff936157e345ce98c6e099b90bc1f2.jpg,Belarus,BY,52.207007,27.865883
eeaf2eb490ad426e82651cb895f52575.jpg,Italy,IT,38.016369,13.265437
4524a7be7896482499627624ab70fbd2.jpg,Norway,NO,69.093764,17.661971
2b848a4bccd7451e8627773f355e0b1b.jpg,Italy,IT,40.570908,9.682688
b7ccc7880db240f9a388663a9ae0babb.jpg,United_Kingdom,GB,50.215247,-5.192653
a6902cae92fb4758a26ea36ec414f021.jpg,Norway,NO,68.645163,15.623384
bc9b462296864fc781da7d75331b1546.jpg,Sweden,SE,57.108945,18.325469
970005b2526a40afb4983fdb2fe42a02.jpg,Finland,FI,61.648481,23.537009
6b5bd5074c2141808aea70eef20272d6.jpg,Finland,FI,61.200444,27.511671
8c8eca06a9d9462cb236e6ac8e6abdf5.jpg,Iceland,IS,65.938213,-18.404188
e7981e03a0c4455397ffaec3e4b32068.jpg,Spain,ES,36.320238,-5.951542
2999d42c116d4a449fd023412389908e.jpg,Belarus,BY,53.98308,30.46612
280c539a3b5f4749bb190f9842a4a49b.jpg,Turkey,TR,38.321575,29.868116
cfb796b888d64ebf88862d7bf1bc3fa2.jpg,Sweden,SE,63.241942,18.512855
16894d9874fc4c38b5b3cbb20a2f9590.jpg,Poland,PL,52.880253,14.812698
56ee38ea109349fb89981b5b7b18d0b9.jpg,United_Kingdom,GB,52.943261,-0.858985
767bd67d442f419b8f5930b540f3373d.jpg,United_Kingdom,GB,57.739604,-5.659865
76139860517647fb9ca1ba083b14ff36.jpg,Belarus,BY,52.2402,27.498884
41702e810fb84bf5aa74e9ffa2b2f559.jpg,Iceland,IS,65.741301,-22.052067
570255d4fbf84952bd6cab903084f99b.jpg,United_Kingdom,GB,50.541,-4.785292
877c294e779e40079b91dee390650c22.jpg,Norway,NO,62.284201,7.195478
e47c2eb1b30f46fab1ae4f3a142985a3.jpg,Sweden,SE,58.272039,12.981051
224f48e8c71d45e0b91f8c5bca1916f0.jpg,Germany,DE,50.891208,8.276213
7852d5cac0a84c4bb3669547d00f7906.jpg,Germany,DE,53.090881,12.140481
0dc41582c308419d9c2247fa71e2ffd1.jpg,Turkey,TR,40.993334,37.875734
7b5b5a33a293415f902d1fe63147be1d.jpg,France,FR,45.93007,0.198103
77db10f0e1ef4a008c200ce4f01c6f77.jpg,Norway,NO,59.883681,5.312277
74a71e78f4b1484ba9077cd565569e8b.jpg,United_Kingdom,GB,58.491875,-6.248598
65113ab4984542c2bf063d0cec25a087.jpg,Italy,IT,37.924644,12.739338
8b369bf4b55446d28cc110972243645c.jpg,Germany,DE,48.400943,12.504778
78676f39170840fc802f6dafce900872.jpg,Germany,DE,51.671062,9.443881
ce6609cb0e0741238b39c209faedc191.jpg,Italy,IT,38.74428,16.481695
de5327e6367c4b519f2426b851227614.jpg,Finland,FI,62.981193,25.820086
d99872b0333a4e6c841d175777ce2437.jpg,Finland,FI,60.977913,23.214361
b6572b05551f422fa86c4007c2b934d1.jpg,Italy,IT,45.526217,11.014515
01478ceb6bc547a09464029f3e8d0c64.jpg,Belarus,BY,53.513809,31.201687
4d3cc25cafce4f80b3ecd020b4f65a11.jpg,Norway,NO,69.230347,17.976171
ac802301b8414c868884232ac503c3a8.jpg,United_Kingdom,GB,54.783766,-2.230555
7e650e2aa44147988c4cb94ad3fac55a.jpg,Finland,FI,63.74444,25.340382
3e2daafac886454cab9c2e200a9f6ff6.jpg,Spain,ES,29.007375,-13.598629
95f87e5e447d402b872b7176db6d98bf.jpg,Iceland,IS,65.541558,-19.914065
a1b56de7d8b64f0eadaad116183284f9.jpg,Norway,NO,69.296517,16.003784
ec48974184144eafa6d48160aa6fe080.jpg,Spain,ES,40.390559,-3.491888
68df4c91085e46eb86a5e0e4118653b9.jpg,Sweden,SE,55.758064,13.728554
037cdf8262754229899fd6d08c536f91.jpg,Finland,FI,64.707721,24.869883
75875dab85634008ad6187ca07d09e2c.jpg,Sweden,SE,64.459745,21.116136
ee72644a35a44483804f4801aec6f9c0.jpg,Iceland,IS,64.410568,-14.904087
98a6c79a220e40d895408b91f20b4799.jpg,Germany,DE,52.416288,8.614494
e5f4c08a2a664f2f96848d5b979f67d5.jpg,Germany,DE,53.073057,13.91858
458865b26f7d49fc91ea9abfb5131a77.jpg,Spain,ES,39.522966,-0.529255
24880a0404fb4866a476f44df12e73a1.jpg,Finland,FI,66.073338,28.913387
e0acd1bf808a439d8c991a6fd3c2caac.jpg,Poland,PL,50.788273,18.594351
25776ceaa1c6415d9a971196a6279c87.jpg,France,FR,49.115787,6.918481
7831ab5b10474d2289b42eeeac77fd76.jpg,Germany,DE,50.844976,8.776967
819cda1b59d449558c253cf0a1334302.jpg,Finland,FI,65.532945,28.87916
66774d096dab4406953e5a0ab4f69d98.jpg,Sweden,SE,64.228795,15.11082
1285d790691742a18870a479efcd96c4.jpg,Spain,ES,41.618882,1.510704
be646b8777954af2b72dc6e4b556fbbc.jpg,Germany,DE,50.737885,6.75871
2c8d8363d3954ca2894aa54cdc83a990.jpg,Germany,DE,49.501381,9.445238
78dc2a340a69407ebdab69b491c68439.jpg,France,FR,47.931747,-4.370533
dfbd876b56d4484fa8239ac5dcd42bf6.jpg,Spain,ES,42.771091,-7.574953
74efd48c962648f09f4c30f9b4570a3e.jpg,Germany,DE,47.604017,11.466747
9f53c5b1dbc841d1948a56d3b9b6fa52.jpg,Belarus,BY,53.596495,29.935068
3aef9e1aff9d46bea4ff4f5e91a7720e.jpg,France,FR,48.042699,-4.469244
c9c614b5494c479ca99bed5fd517dda8.jpg,France,FR,43.847305,-1.172178
255a2e97d5034c33acc22b985667e513.jpg,Finland,FI,62.599349,21.506946
243e930349ed4c7696cbf47d5fd54d43.jpg,Turkey,TR,38.513018,33.415993
eb4f6263d98e4892bfcd91e57b07e021.jpg,Spain,ES,40.34227,0.125926
a640b0c0bc254899973a19f23ddabe22.jpg,Iceland,IS,64.941332,-22.904077
8c4cd664baaa4ad68a7942afe4f60eb1.jpg,Spain,ES,42.489206,-6.440836
0be23bf5e599415388af8e47de8b1f7c.jpg,Spain,ES,43.144848,-3.580289
c780829d8d154297a0db5573f5dfdab5.jpg,Iceland,IS,65.047983,-22.761526
d7e05f6f9a5f43a18afd85b8c7020d40.jpg,Turkey,TR,41.244925,36.399143
eda947f7d83c41fd8991144ef26f8efb.jpg,Turkey,TR,36.25154,29.953458
2df072207f5d4756b55948bbe442e4f3.jpg,Norway,NO,71.116361,25.700246
ed554de75dd4402ca1578f5406ece76d.jpg,Italy,IT,41.172029,9.291977
0ddfc9865f7f45aa8648ed8d2ea8cda6.jpg,Belarus,BY,55.59862,28.659509
77c413fa3a6f484d824f31027eca11d3.jpg,Iceland,IS,65.56855,-24.135673
dd87808f7de9406a809949a835835987.jpg,France,FR,49.71856,0.328706
7be2b3ab1ce94849a1959dcdca3cf319.jpg,United_Kingdom,GB,52.311878,-0.129725
537389b1f15549769493acdfde2ca8d0.jpg,Finland,FI,62.961849,28.558986
90029bad59ea4c3cbaee881c9e657f97.jpg,Italy,IT,42.739112,12.076198
608ba4a6cfe2489abc520a037c9287f4.jpg,Spain,ES,40.107538,-3.841539
0def33bd8f4049c19e14dc5e93e8ae9d.jpg,Norway,NO,58.411325,6.02607
2bd73217ee6848a18dd7bf2b2dd0ad6d.jpg,Norway,NO,59.63238,9.640728
dcd03c0df7c541e7a071793d0f160ec9.jpg,France,FR,48.7689,2.862954
718dde12c1f6480baf43353d632f67f7.jpg,Finland,FI,61.647707,28.224475
ff29568e27b14d9ca51c8b994d190e74.jpg,Spain,ES,37.635711,-0.774701
367a1e8370ac4447a69c3738ef351a80.jpg,Poland,PL,54.590646,18.404967
72e12382240c4c40910a637b8f8cc9dd.jpg,Turkey,TR,39.196203,37.27616
697b607b06584a49ad842fb95d1fe528.jpg,Iceland,IS,65.568092,-18.546551
a1f97accef8241eea62a9144a2b693f2.jpg,Iceland,IS,66.564855,-18.018815
459ea67b29db4c55a3648011cbdca83e.jpg,Sweden,SE,63.748045,16.430978
a2e8e90a6cb5421ca6bf799d11ec5569.jpg,United_Kingdom,GB,56.796561,-5.065104
ea2f92d0a50041dcbd71ca6510f7786d.jpg,Norway,NO,69.20478,23.716327
00dfe11207564bc499724f5639bd033b.jpg,Italy,IT,37.91754,12.539982
230422708af24b20aeef88724afa7f21.jpg,Sweden,SE,65.273261,16.052077
41dc5d83a9b74a37b1845f2e7b7cc335.jpg,United_Kingdom,GB,55.047064,-1.814868
dce13b92ef18493da15e5f75b5fec0c0.jpg,Finland,FI,67.814461,24.792823
fe74cb85e81f4efc843f9d4db7687502.jpg,Iceland,IS,63.852789,-22.361325
07e134c6c142437aa53e8d17cb5f1691.jpg,Italy,IT,40.813949,9.300609
8b85419ea95a4177a698379256581184.jpg,Spain,ES,42.19852,-1.436046
d3705aa1488d41a6832f3045c0bc5ea9.jpg,Germany,DE,50.559528,11.737528
46338b8f203c479998d9609dd3a19267.jpg,Germany,DE,53.192276,13.116131
af144a301031444eaf8c86150d612ad3.jpg,Iceland,IS,65.851588,-23.391747
8fbcc37faf8c471dbc19aca2cc51179c.jpg,Turkey,TR,38.324498,42.923129
a2912f6ee7ae42a2a92997b7da0f66e9.jpg,Iceland,IS,64.746277,-14.366548
6410c53275cf44899404bd5c2c891497.jpg,Spain,ES,39.29448,-2.202388
55891575f2af43ec950a020b85ba2f50.jpg,Norway,NO,61.828854,5.503971
319fee43d8f1476daa0079e2a2480c93.jpg,Poland,PL,51.950391,20.947679
f5e8ed85171343679b570ebfb352e5b8.jpg,Belarus,BY,51.710682,29.154923
b560644961294d0c8e2bcc640e9e5859.jpg,Sweden,SE,66.382257,16.968025
a4100010acfe4107bf1b3edec1347d8d.jpg,Finland,FI,68.357118,27.401346
0f59fc7a0dc846c8bd63e9fa76dff23e.jpg,France,FR,44.848998,0.939576
03ca72ebd2e54a3e9239f27b7abb769d.jpg,Iceland,IS,64.778234,-14.430374
88c68f5e6ba14604a94fbdbe69a21d84.jpg,France,FR,43.707494,-1.020366
0ad3f7b27f734671b94f5685342683be.jpg,United_Kingdom,GB,56.189525,-3.204667
053bc32603d147d69461b9d8a2a9574f.jpg,Spain,ES,42.422668,-8.715862
5574cfe30a7e4123a2838025aa0a478c.jpg,Iceland,IS,65.499958,-23.451602
1cf698c6beca470a85eca63388cd928c.jpg,Finland,FI,67.983386,25.164929
b3a73f630e7644b7bebf873ec8d6267e.jpg,France,FR,43.490688,5.662337
b59b7d2b77a04d1790f56296bc774670.jpg,Germany,DE,49.702115,8.963045
56d2288ef953430b8144cff7d9da443a.jpg,Italy,IT,37.729181,15.162413
7f7c617bc160405ab8e3e3e97dd5dadf.jpg,Poland,PL,51.664633,17.799788
e87dd927acf54d909727b862858b3e73.jpg,Germany,DE,52.324838,10.827175
aa5108eaed0c4ae29f2783486a917aa1.jpg,Germany,DE,52.733323,12.065867
81ac00b21a724cb1961e3949e481b218.jpg,United_Kingdom,GB,55.8458,-3.585968
be7e62257db2496a9b06056587674f76.jpg,Iceland,IS,65.802066,-17.568896
8471fededa36401581c5d08c5def4af9.jpg,Iceland,IS,66.084466,-22.999535
f6d3ef34d4454b61ba51044be208f018.jpg,Turkey,TR,37.403292,38.874127
cb8923c8acc84a95a424d7e3e57e602a.jpg,France,FR,44.628297,-1.15735
63cdaa5c9d894699ab84cc3c24c96984.jpg,Belarus,BY,51.673509,30.368234
e446fc06bd5448898d94462da750c0bd.jpg,Belarus,BY,51.925605,29.257046
831da0efd39c42b894059cadd55db8ff.jpg,Belarus,BY,52.316614,31.368534
754e071668174dd3a0573a7504f806b8.jpg,United_Kingdom,GB,58.01386,-4.28483
438fc918d7a742c380c6d7e370ea2edf.jpg,Sweden,SE,60.351208,18.205365
ca2c133382b44113b96235b5fafa9169.jpg,Turkey,TR,37.313592,35.882454
1941c8768069462e90c64edb021af36b.jpg,United_Kingdom,GB,59.133826,-2.858779
d0dc44df410b47ed9fe7f8831f4edbfa.jpg,United_Kingdom,GB,50.377908,-5.028227
f053a50d5dad4620b77aa624c87baabd.jpg,Sweden,SE,57.502891,18.562133
d0325522a2e5420582df535e0a22119e.jpg,Iceland,IS,64.503405,-14.489529
7adec232e87e4ad9bd41e97e0cc02dfa.jpg,Belarus,BY,53.445583,26.508028
c201fa4d177a45909aec6092433a7ae5.jpg,Poland,PL,53.058895,15.165917
f0d31621e6fa4b5cbc2110edcdc0edaa.jpg,Iceland,IS,63.480665,-18.551207
cd7591c12072459491066072190b6203.jpg,Sweden,SE,65.713944,19.332117
58115723f5c042f8b515d285d932216f.jpg,Norway,NO,61.568872,6.481453
9e74792d024c48fdb11b00309e28d860.jpg,France,FR,42.732686,9.461247
9efb593cad314e0497c9822b3958f250.jpg,Italy,IT,40.564258,16.398659
8d5ff6b7a7cf447c818eb28f0c8879d6.jpg,Italy,IT,38.048346,13.376082
4d1bcfe366d64aacb324ca4e0b8882b5.jpg,France,FR,49.362097,-1.192688
95b25bea0b844591830186abbeb7612d.jpg,Spain,ES,39.444735,2.899442
1d663a2fad7247718351dbbf0ad95d81.jpg,Belarus,BY,53.562941,25.837863
1d70baa74afb416c83ec4937a16acc58.jpg,Turkey,TR,41.276852,36.292142
c5bc08edc14e473a80dadca6e3ed21a5.jpg,Sweden,SE,65.090805,18.873469
2f668b8b81264835b8d4f724987b3429.jpg,Spain,ES,39.440062,-0.337933
463d5a80cc084510abcba7494410ad33.jpg,Iceland,IS,63.591985,-20.055183
207d9e4900da4738abfae98ec0ba1a10.jpg,Norway,NO,58.086695,7.295165
ff6a3e3e601e4fc98ac6d7976dcc217f.jpg,United_Kingdom,GB,52.417762,-3.560485
ce8acde9183c452681e2b46df74f0fee.jpg,United_Kingdom,GB,53.62721,-2.292955
42187ee8660f4a1da9c2aa5473ade0b6.jpg,Norway,NO,58.292464,6.442186
42e1f211711d4fc58ad166c8368081eb.jpg,Turkey,TR,40.990047,39.802249
67feb1fe6e8a43ef8fec130c938eeba2.jpg,Germany,DE,51.883315,7.015623
e6c2db495b404601970b1fb85c85002e.jpg,France,FR,44.59625,-0.754132
0d3cf4a38f3a45008a4ac6d8ccdc10fa.jpg,United_Kingdom,GB,54.419356,-3.080131
c90c7f462fbe49c390be7b93ccc4308a.jpg,Italy,IT,44.502222,7.155134
08b93ac27c0e47e5b9d568907ccc037d.jpg,Norway,NO,58.881875,9.212862
91ecbdfd3fe7494c97920acb4aa6ce0d.jpg,Belarus,BY,55.166443,30.321166
5f57b50598804c59bdfef8d48b7ffa37.jpg,Italy,IT,42.348313,12.675463
3c455ebc64c64e25b6cdf7e0f37d1ff2.jpg,Poland,PL,49.775246,22.072855
30092c4a43624e4a937284aac03e4e95.jpg,Finland,FI,61.831539,29.732559
92f401d1ab6942a58034a61089b8e1c2.jpg,Sweden,SE,56.574401,15.967201
d996602f1c89489dbedcb0fcdd70dd54.jpg,Sweden,SE,62.954596,18.069462
acef0f908662468bbda90a638538a55e.jpg,France,FR,43.342539,6.697776
a657bca4c28d4e25970badabc76bc8e4.jpg,Spain,ES,38.839954,-4.690554
bc360b0519a34e6e96191e877c92dd6b.jpg,Sweden,SE,64.151653,19.685822
2397ccc98feb456088928ccf0065cb15.jpg,United_Kingdom,GB,54.843115,-6.271757
3d719cc5b5114ec390a72c2d945815f5.jpg,Iceland,IS,65.694136,-14.937928
100f9fdb11654a258be51ab803f32890.jpg,France,FR,46.070583,6.52562
652c061437f446c4a8c21ad3a0ea4b1e.jpg,Sweden,SE,55.558401,13.855106
e951608f6a144072a6b0ec98392398b3.jpg,Turkey,TR,41.567105,41.570834
af9f915b1cf64f08b31013fae3e59a34.jpg,France,FR,44.545985,2.715446
c5654d81aa6c4a87b9b9e94b48158cf4.jpg,Italy,IT,37.83082,14.895635
8b23688f5bec41ffb744126cd791a985.jpg,Spain,ES,43.633525,-7.601127
85baeb45dc534952aad9d84e2781c463.jpg,Iceland,IS,64.838096,-13.807728
44e895849dfa45068c5b40ec1f151562.jpg,Iceland,IS,65.62889,-23.826066
9397e102ebdf4d698e8f8d71cfc1e562.jpg,Germany,DE,52.239694,14.024172
1c522e9fe8794f5a86703c8a03b7518c.jpg,Iceland,IS,63.545892,-19.731498
f3ce06913a1b415db1ddae865db46908.jpg,Turkey,TR,37.035856,28.358523
b15adbf73a474e528bf613cc34ab3d54.jpg,Iceland,IS,64.934786,-13.740428
1ebd42d4b4a443c9a9394bcbb80e88d9.jpg,Spain,ES,40.815562,-5.83758
e39d5074837747c4bb1b743debd8c927.jpg,France,FR,50.366908,2.7965
670cba551b3543cb804bc25991f2fc4a.jpg,Italy,IT,45.720061,12.727578
5569e62717e14931a85dc4bd8b388550.jpg,Spain,ES,39.178813,-2.109953
584cb42a5070459dae95ae06a035262b.jpg,Finland,FI,63.417186,22.513511
512c4c3c0cfa4686bcccd0e81ea7072f.jpg,France,FR,48.57987,-4.510059
be382ff81b154fd0bd7918d211cb352b.jpg,Iceland,IS,66.162817,-19.020941
067ae679d02f4287bda87f93198b1cd6.jpg,Poland,PL,51.503922,23.561949
394a037d4e8d48c0b46def7e7440574b.jpg,Turkey,TR,38.882632,35.130271
5e09c3d7fc574c5b9af1348d7772e890.jpg,Finland,FI,62.590906,22.753056
996aa6fb5ca449518d2fbf28443dbfe7.jpg,Turkey,TR,40.126775,38.228155
e9d6874c04eb41c4bc877f792ee2a70a.jpg,Italy,IT,46.665326,10.503575
59920ace1a94468195650a10f2f98bd8.jpg,France,FR,47.980674,-1.791415
76446470b7614c86a6a596feb67dda0f.jpg,Sweden,SE,59.998428,14.549238
9d57183d8e6b473fa3fa3b543a0bc278.jpg,Poland,PL,52.71076,21.374986
88d9e7bd557e4a019c557d760678e346.jpg,Sweden,SE,57.520359,18.372938
1a0d9d65e9f04b3a85a72fbc82fc0c8c.jpg,Sweden,SE,66.0568,22.707409
e606639c31d946a798c6e01e1151c94c.jpg,Finland,FI,64.161704,25.799731
5e351fbaee9d4ec5a266d5d2675a97d6.jpg,Germany,DE,54.53198,8.595765
26f3e40f07bb4450b7dbe5c4a401434a.jpg,Turkey,TR,41.067639,36.050452
55e88598998641e0914d59486f6627e6.jpg,Turkey,TR,38.946792,36.044773
960dc65c4846430596658469c7be179a.jpg,Belarus,BY,55.589331,28.575888
2148477040e348bfabaf893e98b16f63.jpg,Iceland,IS,63.569645,-19.864772
31ca2c6ab11944a28be40a375953dd2c.jpg,Finland,FI,62.979309,25.819581
c76cbc00eae14f598540d7528b184b65.jpg,Norway,NO,70.870635,25.787087
08e3236138304108b6b792a6a2f85611.jpg,France,FR,48.369579,-4.686
91edda6b52554a86b648db31d919c170.jpg,Spain,ES,39.057861,-3.375256
8cf201eded7044658311436a847587d2.jpg,Sweden,SE,60.1992,16.592087
aeaa75dce092445194990c14ade14021.jpg,Poland,PL,51.332313,22.085814
34e497cdccfe4a17af4e57bcc2a98476.jpg,Iceland,IS,65.652924,-16.935315
97ee583e994545acb3cd8a4d56f6300d.jpg,Sweden,SE,64.200565,20.660835
fbc31e776e15466181e179500e5a3b9d.jpg,Finland,FI,61.93088,24.7247
cbd428969cc04786bee07882993df0a0.jpg,Turkey,TR,38.470905,42.49204
85c7877a816648f28bb80bcb9299bd75.jpg,Sweden,SE,65.815192,23.242426
a5952c381198417cbedf1c71678673f6.jpg,Germany,DE,51.173265,9.723317
228071e72f1b4cf38e40c4bec7968eb1.jpg,Turkey,TR,39.568996,43.841361
a895043956294b9bba63b73719ffc7ce.jpg,Belarus,BY,51.675431,29.128281
5a8b5bcaffaf44eab1c6900e5272c6d5.jpg,Italy,IT,43.316477,13.639219
c1b18121ada14123a2f407a973864551.jpg,France,FR,44.925971,4.920953
03790fc9dd444549aad2c9acdf063bea.jpg,Germany,DE,50.084061,10.965625
9729b8a0bb104c04bc3f5e64ae0c15dc.jpg,Poland,PL,53.885053,16.160569
2d805b33a95b4a859dc8061a24971b1a.jpg,Belarus,BY,55.149659,30.243115
54a14e785b184c329496d7aa8d0e34a9.jpg,Turkey,TR,41.199951,36.534337
08a2d52ad6a24d0f91d45b43e3156fae.jpg,Italy,IT,40.580063,8.242867
2e8ed9426b6c43e2966d83d69db74147.jpg,Italy,IT,43.470124,13.571794
7bdbe31150b945178f762b6308ad7103.jpg,Finland,FI,60.995724,21.981058
762db6177cff4e418149f0e946b11b58.jpg,Poland,PL,49.76887,21.718858
cea707cfb03e4061b3da8c9102639cc9.jpg,Italy,IT,40.655965,9.722518
fee65c946d2f4692810b0256eb835887.jpg,Sweden,SE,57.778879,13.292995
4788c8f1b5514b7a8757e5c494c6065b.jpg,Belarus,BY,54.770011,28.255829
f1c8d41ddd484f4f9003077e9d887735.jpg,Sweden,SE,66.235739,22.314724
9e012585bfec4d59bf1e8c45c5ae4c3d.jpg,Sweden,SE,56.276972,12.832465
42052aa04bd74cf1a362078e2ab7541a.jpg,France,FR,44.412479,-1.157394
e2fb693e68de4ecaa25b5fb07e9fcb3f.jpg,Norway,NO,61.782536,6.205788
a76ef1e2b84e4510a7bb033d73fc219b.jpg,Spain,ES,39.351836,3.034461
825f1c8c103b4f8c9446f569afbdc5d1.jpg,Finland,FI,61.352665,27.429725
84b676c05f3f489a9aac87a92c82671c.jpg,Italy,IT,45.120061,11.729516
2d2db86032224b4fa5e741c6fd993d5f.jpg,Turkey,TR,36.986896,34.968208
f2f7e014e1bc4e20a62ee0398276226b.jpg,Italy,IT,40.276341,18.12709
193fb7af25ec4174aef778bcb94d12e5.jpg,Germany,DE,50.557983,9.453182
be6483e53ee745d1a8961393a03a8b42.jpg,Poland,PL,49.885012,21.584136
239cb8ae3cf542daafa7fe719def1e24.jpg,Norway,NO,67.147835,15.455766
a2c0530e094f4d8185dabd6e4906fa57.jpg,Finland,FI,65.008989,25.585496
9b7c0b4d5de34499a547cea8f9a0acf0.jpg,United_Kingdom,GB,55.690665,-2.171167
d8dfdc4903ca4c688caada520aa0eecb.jpg,Poland,PL,53.958856,15.121846
80f36a102ff54b018e717f5636bcfde2.jpg,Belarus,BY,53.613238,27.465405
9adad98635d24ed1a022bd7003a756b6.jpg,France,FR,49.543608,-1.699227
5e9977fa453d42819d3ce97ec3fbe5bd.jpg,Germany,DE,47.855604,8.595836
c2c4ab459b81464cb0580cb926e9b877.jpg,Poland,PL,50.075198,22.174122
c08a3837c090473ea355005cc1f225ec.jpg,Italy,IT,37.808312,12.444685
ccf77e88bf2b4a0292e0698dff936fe5.jpg,Spain,ES,38.199715,-0.679126
35fa27351a644b7e8a149a42c5cb71ae.jpg,Sweden,SE,58.406733,13.025286
46bbf9147d3245488669ac55d381cbe4.jpg,Sweden,SE,66.65806,19.946702
a93181c6eaf44302a11e96ab96367b87.jpg,Italy,IT,41.317631,15.406956
e47b3dac165f4ee2b209bd8c91627884.jpg,Italy,IT,41.324397,15.398246
82c34408d6174caaa4a0ffc0b9022feb.jpg,Poland,PL,53.400241,17.958947
2f42adce0408491daaf6d4fd4ed2221c.jpg,Iceland,IS,66.198104,-17.119832
66f3e57b97844c2e8b6e910ef1bd2786.jpg,Belarus,BY,51.708689,29.152945
3eba44b5e7584f49ad951121ddd05b99.jpg,Iceland,IS,66.049215,-16.605186
3589dd715f7e477c8649575d2681a650.jpg,Finland,FI,67.544841,25.77623
d65eac0887d94fde8631be1daca79a42.jpg,Norway,NO,58.772901,5.52326
2b6160080743487f8809867d0edebc3e.jpg,Poland,PL,53.907523,18.338616
3310920417de4cffa989495e8a26777b.jpg,Finland,FI,62.745181,28.729103
01473e114b0b43d98b1e6788c8038b7c.jpg,Italy,IT,42.024831,12.678731
221d29c737c64dfdab8156ceaf938498.jpg,United_Kingdom,GB,55.613174,-2.110475
26f6e453ab1448368dfedc6f32c79adb.jpg,Finland,FI,62.24952,23.451442
807d7390f054434b89323840b11d9711.jpg,Italy,IT,45.16209,8.148381
aa283f183a724bdc8aa3139900ff3195.jpg,United_Kingdom,GB,60.779106,-0.827004
2c4bb779391d471ea196c230d81e5c3c.jpg,France,FR,46.612769,0.600643
a3d79999090d4cb1a636874d993a14f4.jpg,Finland,FI,67.432208,23.819598
f696ab43513c46e29ef64da2cab56ec8.jpg,Sweden,SE,64.417272,21.22581
f106671a45ce4e1cad6bc3077fe5e41a.jpg,Germany,DE,53.021491,13.667779
267640dd59e3428296a689a8cff41d2b.jpg,United_Kingdom,GB,58.502725,-4.708667
54dd57335463463c99cd72fdb0169038.jpg,Finland,FI,62.583639,27.03097
db3c0df57e0d4ed4b3e2be472c6baaf2.jpg,Iceland,IS,65.249567,-14.361441
0dfdabdcf0cf4487881f5c67963c44fb.jpg,Belarus,BY,54.090335,28.270595
7d8c30c711d64144b0c99764d7b85cac.jpg,Turkey,TR,36.628573,33.233588
69db23b27b8248cda15d29443c694dec.jpg,United_Kingdom,GB,50.999546,0.768253
313f13d4fb184c7db0cabbe3d60937ba.jpg,United_Kingdom,GB,51.598952,-1.604346
c8b9bb093afb480e8ad7fcde2fb3d044.jpg,Norway,NO,62.247509,11.760032
bff8b4bfe29949608d7a63cce9be5b56.jpg,Sweden,SE,61.379953,15.78675
d43c2a1db15f4c379b972b18a2673391.jpg,Sweden,SE,66.060295,17.754262
33b825901b4c423abedf590f66a837df.jpg,Italy,IT,45.931441,11.022275
b98fa87001e34b959cb0cbb611c8f524.jpg,Iceland,IS,64.848514,-22.673194
b1b41ffe0f4c4aabb79a01810bb8cc23.jpg,France,FR,42.237992,8.634028
57a443b1cd71461d81f27693afa31dc9.jpg,Norway,NO,58.866888,5.622738
27eca6a974a2450c9ce4c56a7743b154.jpg,Norway,NO,64.26603,12.273134
0e96e7b61e93490ea4ab172b8981addb.jpg,Italy,IT,40.780925,17.583224
2abe55272f8b4a229dda5886834bb1e1.jpg,France,FR,44.521995,1.29165
793ebea1bb0d4523a1e5c3440a4d1efa.jpg,Belarus,BY,51.912363,29.789544
304d701c498b4117ba51a93f5d388f1e.jpg,Norway,NO,59.981387,6.566081
d3ae424fe5404599ac6599f7703fefed.jpg,Poland,PL,52.45754,16.61844
e7250e59ced445979134e98b429a6f3d.jpg,Italy,IT,38.128502,15.006234
f82b8f0db4894e3894accf09d2b42989.jpg,Sweden,SE,59.364462,16.071754
1b05565d1de44843a3614d5654bfedfc.jpg,Italy,IT,40.466633,18.155843
67faed969a8745db90ba1a21943b83d9.jpg,France,FR,48.177673,3.113227
4530115b30074d199bd4a3e44b0927fc.jpg,Sweden,SE,61.725978,17.30929
134fd3c4fad742cd890827d26d004e59.jpg,Belarus,BY,52.211135,31.538348
beeb8d40f76549a1b638044fdf7035ba.jpg,Spain,ES,40.913776,-4.262271
abbfca449fd94a16a7492a39a5d117be.jpg,Norway,NO,61.339571,5.755509
a67085b2223f42ae981857cec4103f2a.jpg,Poland,PL,53.761527,16.681334
8b4fa51e30084acd90788a08a6bc2d1a.jpg,Iceland,IS,65.775981,-14.833768
aa53472c4144442b8e4765eba4fede9c.jpg,France,FR,44.55179,-0.934463
a2ab6ce858294e1da6c06d0b0a11f093.jpg,France,FR,47.741256,7.505727
0c1766c4c21a4c2593bf42ff8a138b0b.jpg,France,FR,47.842127,2.686006
d53ce4407b8b42fb922f863265e0fb35.jpg,Spain,ES,42.150664,2.611594
5961168b52474abe9b7745398d27c78f.jpg,France,FR,42.496652,9.470414
7ef67420843d4e5ba1e8ac09c3562a06.jpg,Italy,IT,45.688731,12.667248
8e5c1cf9d3964e6eb6baf3bab07f277e.jpg,Spain,ES,37.622647,-0.78506
bf3b2a5ab739454caaaea54c76f36fa9.jpg,Finland,FI,67.276637,28.261558
374eae9f1e624cce80ee4d9cd74eb4b4.jpg,Iceland,IS,63.482379,-18.54682
dbfadcc8e58c45e586b8f7e92ebf43e5.jpg,Poland,PL,51.307027,22.118108
06e36eb9d45a42bf8ab912d095d46dd9.jpg,Turkey,TR,38.307038,43.01549
685e1b287bde4ab081efcc35aa959748.jpg,Turkey,TR,38.51122,35.181491
c51e5c5e49614fae884bdbd043d7979c.jpg,Spain,ES,39.560402,3.244096
87d0ad6575934821a348f78f44fb1385.jpg,Poland,PL,51.509025,21.739742
fafd56c0588c494ea5e3301c96071d1a.jpg,France,FR,46.198038,3.446635
65714787cd804e12a103fe36b0e3704b.jpg,Finland,FI,61.872171,24.50747
d6f0221fb51c40cd9d9ad94f1f57eae3.jpg,Sweden,SE,66.189704,21.154381
eb3bf4e5875a4de591016605b3d8daca.jpg,Poland,PL,52.397456,20.844057
49c483e304794edf9a6e2ee131af0340.jpg,Poland,PL,49.34303,21.719716
bfde9309fbe74ee293a5e55722a435f0.jpg,Spain,ES,39.359798,3.129493
638c389d095f46deb7d7148d3a0ce120.jpg,Finland,FI,64.594594,29.682092
dff3ff49cc184788ab0a0fd675c06196.jpg,Germany,DE,51.632525,14.448222
2691e23b3d634ffe9ec948fa039e6639.jpg,Poland,PL,53.256726,20.852975
fca934e6840346cd9acd771046fff6f7.jpg,France,FR,44.173996,5.901285
94df2b6c9f9147fab776425b8ada1c27.jpg,Norway,NO,60.52858,5.163211
79359d916cbc4b43b8bbca57bee8219b.jpg,Germany,DE,53.463519,7.556725
77428da0ee2e4be98636f43e8809a66a.jpg,Italy,IT,38.031026,13.344114
ccf2f522fc8345539ed7d73e6b9b4e83.jpg,Norway,NO,64.40376,14.346004
36a0233992ef4e59b56b9dda98d8eb57.jpg,Turkey,TR,36.128457,36.160608
4a126ca698944e009b11c970cece1f4f.jpg,Norway,NO,60.787843,10.673131
b08439d787f44886b585816330b77549.jpg,Norway,NO,68.775596,17.801596
8aa71d2a16f54501b94154b4b0011279.jpg,Italy,IT,44.487523,8.305142
652e9b3936ae46f9bb0d1bd4f2ecca99.jpg,Italy,IT,42.224476,14.481409
f6001f1ffdd84b23bb37fcae6093a7b9.jpg,Poland,PL,51.57047,17.83131
b7a65b2c6a79485fa719f156a3753be7.jpg,Spain,ES,28.64289,-13.899496
5050a007c9834521be70c3694bdcb60a.jpg,Iceland,IS,65.760098,-23.883282
dac5111c6291408896efa1a31755b55f.jpg,France,FR,49.468833,-1.789601
c5756a5a50b14357b28b0599bb276fc3.jpg,Finland,FI,61.266256,24.087743
935ef251741b47beb221baa55838c670.jpg,Sweden,SE,57.295633,15.923763
838796ecbeea4d5aa30d45a655b5c2de.jpg,Spain,ES,28.651457,-13.832023
5e79a055af104ae0931493501083b58a.jpg,Norway,NO,58.929372,9.316921
a1a40f1248e24533ba40d043100df95c.jpg,Finland,FI,63.501754,28.282486
e64e870a5d204866a2d668115e673c06.jpg,United_Kingdom,GB,55.918652,-4.857573
6651b6aa7d334a0390c79b459fed06c8.jpg,Germany,DE,49.953713,7.281604
83245f968dba4789a9870be8794b178d.jpg,Finland,FI,68.008903,25.186969
8e58a302fb3a4cc98597a70e63648e08.jpg,Finland,FI,61.292058,28.734114
f40484ba7e764573bb7de6864b500d3f.jpg,United_Kingdom,GB,51.754341,-4.5156
8be84ef907ee4e73aa98fd51f7fc4007.jpg,Turkey,TR,38.672637,41.202072
8bb47ccc738e464696bd470f92917e83.jpg,Turkey,TR,39.805486,44.094734
c02436a2a37b40ae8b0bb89c3beaf836.jpg,Norway,NO,65.213835,13.378222
62d6efa36ff144da9c152ae58cbc5c57.jpg,Germany,DE,53.171263,13.712476
d7e2de7c526941fe831ad8aea27c73a9.jpg,Spain,ES,27.935426,-15.593087
0478b6b548e54adcb05673e1e55b593e.jpg,Germany,DE,52.503239,7.200847
da6d64d7e46f4c809b4e72fbfcc29c32.jpg,Finland,FI,63.55207,29.120257
7fe7872b250d496ab17c49cd4c933396.jpg,Finland,FI,67.63009,24.264841
3a2e150b7627459197349a8c56ecf871.jpg,United_Kingdom,GB,50.918699,-2.758079
5c85d158377f4a75b420a58442c505f1.jpg,Finland,FI,60.804616,23.191844
f1b03314b6214160bc89cbbea75f35f9.jpg,France,FR,42.198207,8.63871
adf6256bdcd84e53bddd59901a70edd1.jpg,Italy,IT,38.401963,16.499628
92e2b36fc0504cd5a9ab306a5daac784.jpg,Finland,FI,62.646533,25.49426
72d4991a84fe4ca19a1b0c8532e926bf.jpg,Italy,IT,42.718974,12.13946
b7bcb25395bc4723913d19c5007b3086.jpg,Finland,FI,65.052967,25.600959
768b865447cd44ffb62c6e818c9df288.jpg,France,FR,49.6617,1.428124
2d11cdb762b9415090f21358f29c0ee7.jpg,Sweden,SE,61.814703,13.778838
402c6d4f453b48388f3ee1a83200b276.jpg,Belarus,BY,53.211421,29.39387
a22a2ffff72149bd89e22c58c57abf24.jpg,Turkey,TR,39.932911,33.831631
2caff84f8455428e8a7ef2c3518abc55.jpg,Iceland,IS,65.617848,-18.497322
96a38a3843a54e389cdc3774da9d3548.jpg,Iceland,IS,66.161657,-17.233965
12aa0c351c6f4f8abe3ce4d6dde306af.jpg,Belarus,BY,54.614456,30.438109
f81c5d3e6df44965acec549fa3dadc14.jpg,Iceland,IS,64.180994,-15.828245
3a72cd7f3fae4d6097b9d205a9af822f.jpg,Turkey,TR,37.947871,32.533801
e6e1bf51be454dbabf9316368e0fca22.jpg,Norway,NO,69.308741,23.880471
2a9d1c84e9a7429fa903053ff4fb1a85.jpg,Turkey,TR,38.080832,30.26445
f5b7d6489e0244a092fc61ef65b041c1.jpg,Finland,FI,67.129748,25.046206
d7e22294f2784532ab1ca2e65e7daa68.jpg,France,FR,47.89032,-1.581947
b59ac730da714ccd85d94c160eb3d711.jpg,Belarus,BY,52.446246,24.283131
c2ac3d80ec1c4920874250051e8f1874.jpg,Iceland,IS,64.629482,-14.435318
e4259c9652c14b4897cfadcba97014d0.jpg,United_Kingdom,GB,56.547134,-4.298455
fd04fd7cbd044ce6b48b54fe2a36ff7f.jpg,Germany,DE,52.906032,13.501122
fd9dd97bbf8843aabaafe7aaa27911af.jpg,Italy,IT,40.261685,18.09904
f6b61460669949d2b63bacd6702ab005.jpg,Poland,PL,53.363175,20.9101
5f071cd179d346969e775b8440ae25f7.jpg,Belarus,BY,56.015009,28.652042
b162cf29f4f94724a0ab1fe8c98965a8.jpg,Iceland,IS,63.965004,-16.861116
af21df7daca94ef3a42bbc7eaa75f375.jpg,France,FR,48.218659,6.268391
a350ca2c967144b1bd1fad96770818ea.jpg,United_Kingdom,GB,59.087334,-3.32284
8abf844e20cd442e9a33adcf60f53348.jpg,Belarus,BY,51.924728,26.664051
32b3a1975c824b8e81b8517e269735f0.jpg,Italy,IT,43.904521,12.241276
3b9be1c9e6b94ad7a704375b6666fa27.jpg,United_Kingdom,GB,57.81025,-5.05747
e9c00cda74bb4eeb9d00613687e3a626.jpg,Germany,DE,53.183613,12.033052
bc28e8dd525d4ad79d35972c75e3ce8f.jpg,France,FR,49.252915,-0.69172
78345652254548cc868b4b498d431b25.jpg,Finland,FI,61.805713,22.312318
8849482ec0454036b092664b8e02339d.jpg,Turkey,TR,37.224303,39.85981
e1a874c119b245299e20ad88e879280b.jpg,Spain,ES,39.822238,2.81467
6e7b392e48ee4b2eb0d3c328427fd02c.jpg,Germany,DE,51.573899,9.261534
d0116ee7da7f46d8888b42e5977e1976.jpg,Iceland,IS,65.740456,-22.046593
9d319ff802bd40459c48c9188246fd51.jpg,United_Kingdom,GB,57.430275,-4.635663
a68aea4776444077af93d518ca0e7725.jpg,Iceland,IS,64.527991,-14.541611
e320bbf8a375421c832ccc5323608072.jpg,Iceland,IS,65.749459,-23.843698
c6813d4da36042b6992825fa1de7c083.jpg,Belarus,BY,53.706728,31.735741
577bcdfb91464d66a45ef5a60dd15093.jpg,Belarus,BY,52.821826,29.401338
f6cbb626bc3b444aa9f6ce39000a775f.jpg,Turkey,TR,38.34582,40.902182
b12510c6c36a43f8926904898ef0c8b3.jpg,Iceland,IS,64.539214,-14.58192
a35e7109c456410fa027c12dae3db3a6.jpg,Italy,IT,44.531273,7.518321
2f6c09e93b0d436f9884c2a31d8ff7c9.jpg,Poland,PL,54.407548,16.515417
d62c8e86fa85468890eb665fcdf31fae.jpg,Turkey,TR,36.363819,33.949463
85c3e06775d04ace9eda9ae2077a944e.jpg,Italy,IT,40.710317,8.803033
adda6d46629f436f8a9b03f6e8df024c.jpg,Spain,ES,39.059711,-4.178951
e96126ca4e3b4ed79a26fe37140f4446.jpg,Sweden,SE,59.370079,18.415837
79c17dc8be944812a1a9081ed24066a4.jpg,Norway,NO,69.502021,25.468504
b6b817ce9e34458cb7123c2ee7624c70.jpg,Belarus,BY,52.469873,29.280301
e74a2f14814a4d10ba5fe5a1665b8ce4.jpg,Germany,DE,53.190254,7.191864
c96c29c11d1e4c1fba287d20d7d0cdf8.jpg,Sweden,SE,63.014939,17.099603
fec27ce768b24f3a922ec988fa89276a.jpg,United_Kingdom,GB,51.614129,-2.591593
a8dd87fdec024e7e8e2a85b06089e4f9.jpg,Germany,DE,48.780567,9.649726
5099ed0853e54f27b9f6d13717114c12.jpg,Iceland,IS,63.933916,-22.680937
9a1b1a0f6111468e84d12279638dd04e.jpg,Spain,ES,38.940215,-0.187837
c25cffc7b44346f18d8e8819f8b1ec7b.jpg,France,FR,47.446445,-2.260486
ebcd296351f84bbc95747ebb147e92c4.jpg,Belarus,BY,53.060888,27.930829
f99ea88f7b4c4e0494f7521f0e65c3b1.jpg,Spain,ES,41.59951,1.400205
c551d71bf8a7457798ce78b018c6ad1d.jpg,Finland,FI,60.525856,23.610809
d5e1ea51ffa54e24b691f361d5e23fc6.jpg,France,FR,51.01515,2.463513
405b39164f4c42398d6a3a4523f67996.jpg,Iceland,IS,63.441663,-18.753071
b464c2bce652483a9221b3055640f460.jpg,France,FR,41.652348,8.932397
c7ed73e57d624410b31906a8c34e0273.jpg,Norway,NO,69.206673,23.692123
78120bfc2b474ec8b9a4d2f27aba81ba.jpg,Sweden,SE,66.228021,19.933874
4940bc7ca2b34fca819de4fc5bd8921e.jpg,Turkey,TR,38.096833,27.372891
ab818fdd12e54b0fadde93fb3a9d3703.jpg,Poland,PL,51.793037,22.527617
213795ca7d334f42a5af9cb925e002b6.jpg,Germany,DE,50.748791,7.392092
2c29d4b1e7a043488faf3f563f0ef874.jpg,Finland,FI,61.940198,22.786027
c61d2aaa97554b358b7c2617f2b08810.jpg,Norway,NO,69.221403,15.923508
0ace5401a1c54c4594f63f8540e81549.jpg,Spain,ES,39.704267,3.105209
8adf3afeb94c4faba37ceebd84bf49a3.jpg,Sweden,SE,62.993485,17.672266
0fb819d083bc480f8a33404def96e37b.jpg,Italy,IT,44.798888,6.943088
05112fe098014dfab6cb0dc8b6c1cd41.jpg,Germany,DE,53.052646,9.152852
9d381b0872d641468556e9aa185130ed.jpg,Turkey,TR,37.035784,30.003802
b9884e0d8ce84db281c2d012bcb9cc49.jpg,Finland,FI,61.108153,22.84666
adbfcc4730854467b3fcff407aed2ded.jpg,Iceland,IS,65.496182,-20.695316
d4e4c15f976e45dba6cfff15c77fa58b.jpg,United_Kingdom,GB,50.530964,-4.697898
889d2dbe636948369c5e441f017fd36a.jpg,Iceland,IS,64.903414,-23.925787
3ff1959b49814b529b68a1d9c3b50e05.jpg,United_Kingdom,GB,55.190588,-1.776667
4908a062f5a54d069df6208565222b51.jpg,United_Kingdom,GB,52.132813,-0.905005
a7332c9dee164a73974132da8e6685ab.jpg,Poland,PL,53.672103,21.289722
eb88890592344db39a0bea7b28d6f783.jpg,Italy,IT,45.064135,10.87783
2fdd919955204f36b5397de27e55a472.jpg,Turkey,TR,39.713357,27.801312
aabd27d762b54ff69fd449575511e5bc.jpg,France,FR,42.621449,1.822425
8632245661f84419a5c936a058f8e24a.jpg,Sweden,SE,63.399648,18.29054
692d52b0073842948772250fb276cb8a.jpg,Turkey,TR,40.215919,43.58449
d6d9aa8e85614d21b117cd23668aefae.jpg,Finland,FI,60.469394,25.179612
984494e0ed6d444f8a71221865867f2d.jpg,Poland,PL,53.323399,22.455967
fe7b5491eff143a1b207d71aa03a61bf.jpg,Finland,FI,61.677783,22.553686
fdd60ee9a2d24cb182691119dd31a0f5.jpg,Sweden,SE,66.064834,17.689346
cbc6de57a39240ae8e7b6616aed35d5f.jpg,Germany,DE,52.891468,12.284885
3bf8f4d5f3d64087847e40223bde3c68.jpg,France,FR,44.23671,0.59138
e48d1aed77b446a7bad4e624c2554a49.jpg,Germany,DE,51.452945,10.684736
09501f368e374134815aaf896310b722.jpg,Sweden,SE,61.387465,17.191653
3c0cdac56818430491c5955d07e68171.jpg,United_Kingdom,GB,50.708478,-4.626996
0403a4f730194dad9f34bd1e7f178e31.jpg,Spain,ES,41.739356,-3.171023
093c8be81efa4f40917037e5378e480f.jpg,Poland,PL,50.708475,20.561708
4584bbd67f7d41bf879b11ef3a8fd639.jpg,Spain,ES,41.80035,2.830866
5f00d0a92ac04ec19b1ed15ed10ab7a5.jpg,Spain,ES,36.229393,-5.843071
efe28ef093fe4ae0a3dc0f925d612769.jpg,Italy,IT,40.068997,9.610283
253a274552b244ea905200e96a062671.jpg,Spain,ES,41.472738,1.810738
2701ec7457f1430b866fba530578668f.jpg,United_Kingdom,GB,56.124052,-4.038382
82caa7b9a8ae468b8338ed2d32c82e9c.jpg,United_Kingdom,GB,55.781039,-4.453462
16a5a4c51cd34792965dd1a2fc654b46.jpg,Norway,NO,62.488949,6.871853
b03674f595a04fd48932b9e741d40af3.jpg,Norway,NO,58.613764,5.688058
704906b6bb9341b3a94cdfd264970247.jpg,Belarus,BY,53.518783,30.256336
2fbe520fd6ca4d45b9198abff4a557cc.jpg,France,FR,43.78482,1.323272
c4948358203742628b1ef265bec303c8.jpg,Italy,IT,40.872417,17.410479
431545cf2af443428e2282ad692fa240.jpg,Belarus,BY,54.934577,26.909147
817eb5392add4aa790a79d986e17ca6e.jpg,Iceland,IS,64.910588,-13.742746
f88740772b5646249eb73153e0c3bf21.jpg,Turkey,TR,38.199255,30.054815
b02606bd42314275945595cc62904c64.jpg,France,FR,48.553453,-1.79099
cb793a84341349829564b9856f835291.jpg,Italy,IT,37.72838,14.056392
eff249ce79a14479a427f29f2a5a6aa9.jpg,France,FR,48.530023,-4.619672
b347e61d686845d6bb50f9cad6b3dd4c.jpg,Italy,IT,43.19454,13.505253
652087d6e5ff43eb9a56d601f4681005.jpg,Germany,DE,51.12765,7.354771
5fc4a0cce2934639a9a4e481e79fed5b.jpg,Finland,FI,61.181298,23.85222
5b1ad4aeebee4116b7bc2474a5c19d29.jpg,Belarus,BY,53.777156,30.363924
e2eb61ad72b8410a83967d3ebb591ad5.jpg,Norway,NO,67.362566,14.575567
804da716464e4be8860e7feb55d81f98.jpg,Germany,DE,54.503088,9.043323
e8ec8b7dada24b74a365817e8ace9ab6.jpg,United_Kingdom,GB,50.377608,-4.618806
488ed25437cd4b53972d061c56a2c9b8.jpg,Spain,ES,39.086575,1.520939
753ecd890a0648b7b382556a27cc4d25.jpg,Sweden,SE,61.420106,14.839124
1d282dba112b440091805655e9e613c5.jpg,Iceland,IS,63.819319,-22.556489
49063b9efb884d7b8d9d72dc9942f4f6.jpg,Finland,FI,64.71005,28.459498
5a566776197a4c01a78e87103fb92f1e.jpg,Finland,FI,65.17925,25.355982
788535faf1f342edbfd6cc352b2c180a.jpg,Sweden,SE,62.875036,14.890709
76caf926fbe04298983dca2466d1b7e1.jpg,Spain,ES,40.381443,-3.478168
45733f459f324a689102f2e290306cf8.jpg,Poland,PL,53.674267,21.260253
62f12f9f34d54d5bb601006d05c07163.jpg,Sweden,SE,61.375348,13.522048
cd97cae59fcd47ab8e41fc0008d556a5.jpg,Germany,DE,47.58059,11.381919
36297a55e86045a1b733825881d6f6c2.jpg,Italy,IT,38.271566,15.804718
83e21009e7ed41c7810cc3d36097e40c.jpg,United_Kingdom,GB,53.649885,-1.461616
ad1d9c6b9fd446a98343acace387db02.jpg,Norway,NO,62.989831,7.851297
ea0bae1b48254c758dc60855b2f1297d.jpg,Belarus,BY,54.160862,26.455054
74ce1c63beb341fb84a0549fbb04d9c0.jpg,United_Kingdom,GB,58.104155,-5.269107
720d16a8bcb14311b952481ea597b58a.jpg,Italy,IT,37.028256,14.406679
14ef06351b6a418d81fa39a6eac6f8b4.jpg,Spain,ES,41.434733,-3.677443
895787fc4cea4c498b27c28e77643def.jpg,France,FR,47.076502,2.769543
bc203c35c31043a7968c4e416a471061.jpg,Belarus,BY,54.120733,27.364927
5525c989c7a740f0b7d8ca4ca97e3a7b.jpg,France,FR,48.450049,-4.487558
8d43119189c042329721f18d523cf9ef.jpg,Turkey,TR,41.101226,39.443484
5e06d03612d14660bde8b0a1dfe68a7d.jpg,Turkey,TR,40.101581,29.473108
ecfaab28a2bd4e788ea0d61b7d1f13de.jpg,Belarus,BY,55.617381,28.64715
73dafa7903e64f17a41e53fd899527b4.jpg,Turkey,TR,39.797522,44.10919
84bf333eb83c4ee68cbbd90b92666de6.jpg,Spain,ES,39.173629,-4.177186
e951482acc92473f9eab669d932d25ed.jpg,Turkey,TR,41.408072,27.822158
6662206c69df4c6b82c3768f190f1866.jpg,Norway,NO,68.317605,14.598216
d334c77691b24daaad1dfac8537d83ad.jpg,Sweden,SE,64.34068,14.833467
e946310a6a75408aae992c3b42e8f04b.jpg,Finland,FI,62.469414,22.050425
ee3f5224fd064be0aae17420741c79f7.jpg,Spain,ES,38.935922,-3.386831
3770bb0e8a9f406fb3cc124200d0cfb5.jpg,United_Kingdom,GB,53.878598,-2.77546
8d9e5516e64d4c6fbc16cd70fb43b609.jpg,Spain,ES,38.28622,-1.458351
8c401876520a495e8818b3c6874cc4d8.jpg,United_Kingdom,GB,52.682918,-3.449099
a52c83367eb44541886efe6413b17a96.jpg,Norway,NO,69.305305,16.094715
02a02543f8e04e9099d86e8d3531d175.jpg,Iceland,IS,65.207334,-21.394387
9614d796de9449ee8bc42288439919e1.jpg,United_Kingdom,GB,51.802147,-2.011716
8faae40efde54014a03ecdd750b0e7cb.jpg,Italy,IT,40.793347,16.816804
1ef510ba7e9e4caa8dfe78612e80cf3c.jpg,Belarus,BY,51.978862,30.45619
d40ac3b1156a42c08c84aae47528ebaa.jpg,Poland,PL,53.401443,22.421509
bb5e834d61414dd58dc49bdfdc03b7b4.jpg,Belarus,BY,54.580498,29.004764
019f59e0d286453985d10740ede42939.jpg,Germany,DE,55.006625,8.397612
817bbfb48dc5459b97b8bbcb28bd4cb0.jpg,Turkey,TR,38.934842,36.035273
750de2e4475642d8ad4ab67b7466b4ba.jpg,Belarus,BY,52.323339,25.629617
bbb1d93543124a56bee3df3acebd3ecf.jpg,Finland,FI,63.56211,28.489071
feb1bc22d3f44e548716a76fcf21efa8.jpg,Poland,PL,52.642068,14.608754
939991de4e9a4700a3d9a00be167fffb.jpg,Germany,DE,52.643522,13.66012
c3e4ddebe0e84d7c83d394cbc1d7b297.jpg,Germany,DE,52.054588,12.500035
000f306e85ea4f5ca0ba89e76b6d698b.jpg,Finland,FI,67.673233,24.221374
4931f3db9d0f4216ae3e001e711ae599.jpg,Turkey,TR,36.487461,32.270487
114d0d40c15d446ab60917ce4735d8ea.jpg,Sweden,SE,59.95768,17.29381
de0de4695e3a41fdbda0e4322669eaa7.jpg,Italy,IT,38.014888,12.913387
ed1e3c1a278f4270b479b3001af39605.jpg,Spain,ES,39.570543,-3.851466
986b4ebe2e564dec9dfc30904333dc7a.jpg,Finland,FI,67.92091,24.513736
36b9943f5f07437285112a987f59b759.jpg,Sweden,SE,62.18089,15.05828
0660a5f1d0ab4494b248f4266126f7e9.jpg,Germany,DE,52.429465,7.036078
84d3ceab360e49738ac7fe357a3e7d66.jpg,Germany,DE,51.59881,13.039168
8e085b58c38c42808c5659e701a500d2.jpg,Sweden,SE,56.75834,14.918567
6748efa86d5f43409d2aa83ae9eea760.jpg,Sweden,SE,65.593912,21.122561
5431ba3da64240b8b7061c25c0df9ad2.jpg,Finland,FI,61.865383,29.741291
c01fd6f4beaf48f688a6898150cfb410.jpg,Italy,IT,44.56265,10.227362
789737b874b54a558ca6d7e3a8674e9e.jpg,Sweden,SE,56.244729,16.46563
c107b76f3d5b4258afe5159974c6c67f.jpg,Norway,NO,70.062612,28.949834
7eb5d11e30364bb4bc250672aada6b61.jpg,Italy,IT,40.87557,9.039777
f051c2404c0e43999d97a6accca1f031.jpg,Sweden,SE,66.99638,19.842569
48ef3e9fad6144be84eb884a97d3d1f0.jpg,Italy,IT,37.729188,14.831812
bc6905b188134246afce7fbd0259332e.jpg,Italy,IT,38.907204,16.329004
c5371eee8d4b4277b398bb9d3b1e448f.jpg,Sweden,SE,64.951986,17.755101
fdd8240e17044d8584cd7508ca033419.jpg,Spain,ES,40.386291,0.095599
7fc8e95ea845415dac0b752e6dabc807.jpg,Sweden,SE,60.236904,17.459465
5d13101fa12d4cb3a97940a416ac23e2.jpg,Sweden,SE,56.840071,13.511724
2f65d1daac184b20b4c614eb3ec4f83b.jpg,Sweden,SE,59.939451,18.600144
bbfaf74292dd4d5fb40a4843f6e10f17.jpg,Italy,IT,40.936212,9.093987
955f565b4f214175bbbcac9ac5b5e204.jpg,France,FR,49.941339,3.242309
7338db5403a94f28aded124908e11960.jpg,Spain,ES,41.006985,-6.4127
d7d37a98633741ad934c469c6cb26571.jpg,Spain,ES,38.916251,-1.823491
a91362da8e244fd5b5a01b98925fb3eb.jpg,Sweden,SE,58.358672,15.930729
59afa8eace674226bbb03f8929ac278a.jpg,Iceland,IS,65.348176,-20.844856
986a49159cfb401c8bd4b05d21285faa.jpg,Germany,DE,54.772613,9.245696
110f0e88fcbd442991422dc89a250b66.jpg,Germany,DE,48.718365,11.172499
3a4d360b55464cff8354ec48adacca32.jpg,France,FR,48.520419,-4.581541
2642c0ff4ae94b7195b3d09fb30125f1.jpg,France,FR,46.278553,0.173905
2e2170a626794044a782250bdf90ad67.jpg,Italy,IT,40.124379,17.998499
daa34985728c4afa8b1d15dc1c5742f6.jpg,United_Kingdom,GB,50.121122,-5.440189
f2abe5a8daa246c399fe87ff62c3e671.jpg,Finland,FI,62.629163,25.686006
5e1a285c7650486da470b4a7f40461e6.jpg,France,FR,49.378158,3.368019
1265d79fa59e478b8fa87f429e7c8784.jpg,Italy,IT,36.841353,14.460171
18a1c4cbac164c78bee0379ee474623f.jpg,Belarus,BY,54.561715,30.453413
bbcc5141ca8d4949952013bc6cf3dcbe.jpg,Iceland,IS,65.321149,-14.474638
c463745c9c154aa8aa6be45112adc7ff.jpg,Germany,DE,49.07215,9.76942
025aebdfbf544dcd8c09491fd660f8a3.jpg,Turkey,TR,38.671617,41.199049
41d1b1dcbb784c6f9148ecb1cf8ee13f.jpg,Germany,DE,54.130028,8.930127
c1317aab70984c76bd592e87d78a11ba.jpg,France,FR,41.892012,9.392696
1b9b5c2d52a14e1ba57d45d088b4a32e.jpg,Sweden,SE,64.46754,21.088204
eb5eded1498241db9ad141c281db74f2.jpg,Turkey,TR,37.309895,29.78325
18b30318cfd7473396634c1f2479c8e7.jpg,Turkey,TR,40.718496,30.434179
28c482f1b0874434ae80f33705658b55.jpg,Sweden,SE,60.34533,18.127956
d0d9f555f35d419e9d5fe6b6756ce7fb.jpg,Belarus,BY,53.644553,31.586142
18aac20d790a484382f21f9a89fcb116.jpg,France,FR,47.909739,4.718497
54b729bf5133456bb314f3b010ad2612.jpg,Italy,IT,40.972457,9.235749
10009cad8dd444c8869dd3d40db57be1.jpg,Norway,NO,64.080088,11.514431
82694d35bcda47f2a66ba54bc5ede4cb.jpg,Iceland,IS,63.842171,-21.51297
050610f384af478ab6c60a60a75993d9.jpg,France,FR,44.006018,-1.027782
c5d4a54ec4c84775886060ef1d27c990.jpg,Finland,FI,61.946042,23.665719
168036b40cd349549bd027410ade00f6.jpg,Finland,FI,64.745671,29.484226
49666edf299a45eabac82e7be5b918b0.jpg,Finland,FI,64.59372,29.681802
ce085b99a96a464d8158ba3d5c0cb721.jpg,Poland,PL,51.855126,19.405695
771a2536504d4d07b613dfe10113b783.jpg,Finland,FI,62.07395,21.531548
310d56e5c5f34542935d3cd0e61b763a.jpg,Germany,DE,51.794381,11.823231
354b79e6aea445a5a2ec782b03fa3398.jpg,Iceland,IS,63.819032,-22.530084
41037cbc2e1e487a87b64fee6c925353.jpg,Turkey,TR,37.974936,27.391974
b17327b60efa486c9c42df1a043224d1.jpg,Spain,ES,36.752177,-4.119478
f5a8718081cd4b6b9b797ad3fe1d1ef8.jpg,Poland,PL,51.53143,17.850981
eab206c42f554b36b8ba47d04ed37f48.jpg,United_Kingdom,GB,56.334732,-4.720706
5aa61e5cd5ed4ad281ffc0536e31cece.jpg,France,FR,48.549198,-4.704527
5012a881ec6a424db628db335a861487.jpg,Spain,ES,40.054278,-3.613566
a2df3ef4fd274ebf81013f12625417ea.jpg,United_Kingdom,GB,50.61909,-4.491216
3e5e0418bb3a433ea27b34bf768f1a42.jpg,Italy,IT,40.563778,16.399935
5c2af6dd0f8b4737af567efbc01b29bb.jpg,Iceland,IS,66.007638,-14.847518
527cc97356f747b8b321aab5ca6b26e6.jpg,France,FR,45.109586,1.851809
e22b69cc423b419ca4ea3424896a6261.jpg,Germany,DE,50.633125,12.64889
ad727faa85bb464e8145a31b7815956d.jpg,Italy,IT,40.782331,16.426794
8fd2fb22db384bdcb1bee464181f9efc.jpg,Turkey,TR,39.523902,31.133649
c73e87a9f6b3457b9d3c19e886bd9ea2.jpg,Germany,DE,49.724888,8.030464
d98d2373563a4597b07d865b8cef208b.jpg,Turkey,TR,40.620326,39.250049
d0f34a91f51541fba71250320eae65cd.jpg,Norway,NO,61.982009,12.979908
3a86ae89b0ff443aaae58d5c74be1fa0.jpg,Poland,PL,52.976343,16.32581
68eb6d42b1ea406c9261b2f0a744aaae.jpg,United_Kingdom,GB,50.298839,-4.849344
c821f080eca24b31b5315d08510780f6.jpg,Norway,NO,65.212591,13.37817
f4b1c58c82844a3cae2f0b747445bfa3.jpg,Poland,PL,52.408238,21.088938
081a65cc23014d8b877041aa86ef88a2.jpg,Belarus,BY,54.654211,25.991482
20b7071ffc9a42f787c39b898eceeb45.jpg,Belarus,BY,52.691053,24.356228
5b8307de19e548d28562bd45fb314092.jpg,United_Kingdom,GB,55.675223,-2.471782
f48ea79b78574b708ca4a75a9345d46a.jpg,Iceland,IS,64.744438,-23.809086
e2ee48fdad064990a24781341dc573c6.jpg,Spain,ES,41.187775,1.484347
aa26bd7de1524488a6013263a2d5ff23.jpg,Italy,IT,42.810918,11.801192
ea6adebe351e48d4b22deefa4ad07956.jpg,United_Kingdom,GB,56.873261,-5.061956
499b01c4c5e54b718440706dbe7bd68f.jpg,France,FR,45.679567,-0.897135
31797a29a5a342879a893e3b9243dc13.jpg,France,FR,49.242238,-0.134976
1c436ca621c54ffe83c0183a38b1f8aa.jpg,Finland,FI,61.314102,28.496846
57119d6b7a1f40dba2dac7f787deb1aa.jpg,Sweden,SE,57.649989,12.065662
801bf3afc490402bbd2dcd4a5fa1e9cc.jpg,Norway,NO,69.693535,29.371015
3a0a86814ed64d4d99bffa384a413367.jpg,Spain,ES,42.063605,3.048623
8d70df6ce83e450ca018c5f963406c47.jpg,Sweden,SE,61.765973,17.165021
bbdc92976d7b49ff942e2a42d278ee44.jpg,Finland,FI,61.414292,26.3755
a05481b473354b81b66205953e5e29df.jpg,United_Kingdom,GB,52.672026,1.711217
0ac2d4fb01844ec2967bf8f9a55b91ae.jpg,Belarus,BY,51.750612,29.180054
ca0a368b65194080bb8af327f9ff2a0a.jpg,Sweden,SE,57.077371,12.379498
37607e5fbc4140d1b5f2323f203df4ef.jpg,France,FR,48.408696,-4.371644
81f7b007d2244fdf97c70e798b541ac4.jpg,Iceland,IS,65.817323,-17.552908
1d1e06eabf8641fd9ddfe6a251d205e6.jpg,France,FR,44.293643,6.394423
ea8fefad8fff4d17a47cb619dfb0c283.jpg,France,FR,45.875846,0.860005
6f8ded3d59a94a9d8add00e42f3ceca7.jpg,Sweden,SE,67.664305,21.300287
7b0955b267bb449f9bd6cc2eda6f3516.jpg,Sweden,SE,58.555231,11.563833
cbea6d372f9840539b37834a5341da37.jpg,Germany,DE,53.757152,10.316938
116bd37950a64df3ba4d15fceb88f807.jpg,Iceland,IS,63.984565,-16.874918
ded7d47fd9c84fb798bdc49a1c83e926.jpg,France,FR,43.337603,6.318008
4e7a1c06072f4d7b811f4c6f092629c7.jpg,France,FR,44.562195,0.905743
9dfc0ec323ca45e7ab56e9b86d6b64aa.jpg,Belarus,BY,53.615614,27.465529
939454fdd325456898fb86b0172cd552.jpg,Italy,IT,42.261523,14.442519
48086e29ac964b73971a82edefab68bd.jpg,Italy,IT,37.254237,14.565956
8552339dc1bc4b479f65a0ea73d0632d.jpg,Sweden,SE,65.654167,19.71287
98587d4cb4914d25a82e22694355ee7c.jpg,Finland,FI,64.316096,29.099932
a269b35cd6b045fe92eb7965e189ee7c.jpg,France,FR,41.43118,9.188322
fea13d2107254dbdac4057b3bf28079a.jpg,Belarus,BY,52.214147,31.482324
fa714bd6c19d4da89e1e55fa8634eb69.jpg,United_Kingdom,GB,54.770221,-6.537912
426c16e8d54a49fea89913da96b05f3d.jpg,Sweden,SE,56.168295,14.47139
c713389b3f0b465b86e06d948d73bdb6.jpg,Germany,DE,52.645996,8.786902
2a1355a76fa341d891ae61fe66f4e9aa.jpg,Spain,ES,39.595876,-3.713291
ed0deaaa2ac04703997274a716795612.jpg,Sweden,SE,63.98037,20.079203
b81778b1d78d4fd3928e7790d1d1132c.jpg,Poland,PL,53.367215,20.7613
37f89b4740e5447f9f94abb8892525b5.jpg,Turkey,TR,40.696665,36.360976
312cc70ae223405e8be6652898fb97c6.jpg,Poland,PL,54.007672,19.974641
41b4f28b51c64131aab8833a4109f1e2.jpg,Finland,FI,61.216867,23.33803
29f1f2c725904b30bca272a91285f3c5.jpg,Spain,ES,38.5898,-1.689196
175ebea3c0f94be98c2bf9d1145d8dc6.jpg,Spain,ES,43.623804,-5.80003
d28b77bceb8e4f5a8b6781f8135d9f0f.jpg,Belarus,BY,55.427191,28.585467
3c455834fe0740f5b4a471a265983ca0.jpg,Iceland,IS,65.007627,-21.919515
5e53189ed13e439188e42a739b35751d.jpg,Spain,ES,37.126415,-4.367489
d8be036b89ea4a188ff5b79391c0139a.jpg,Turkey,TR,37.88537,27.271146
6aafb9e2d2524da889f4ce7e078ad160.jpg,Poland,PL,52.942967,15.38666
ee55b9ebde7245fb84f16ed5077b8dd3.jpg,Turkey,TR,37.533725,36.917944
2a7e298bfa82426e8e8a5259c04664d7.jpg,Iceland,IS,63.852253,-22.431736
04f7d760e8ce4562ae2600cdfc4e78d3.jpg,Norway,NO,61.762604,6.24775
69869e78eeb94c959a6c97b45e2a98ed.jpg,Finland,FI,60.512926,23.312515
9392bf07dc514e6186d3b0223358a54a.jpg,Germany,DE,48.448695,11.522224
0cc188a6a6d74a2090f5ec7922d59186.jpg,United_Kingdom,GB,58.547413,-4.674586
147e994d334047428673e3e3fa8c8740.jpg,Belarus,BY,52.372673,27.460245
549734156d8d4a19bd912d177626c99f.jpg,Poland,PL,54.075558,16.19808
4941b3c402a54622ae22e8a0fa376d65.jpg,Germany,DE,50.158089,6.643577
db8172b7f8944b3c9e9297540458a62e.jpg,Iceland,IS,65.31898,-20.926437
d2caf518717f436d9731b9840bb9670f.jpg,Poland,PL,53.802028,22.970308
642e3b76c374463bacf6416577f0df61.jpg,Turkey,TR,39.869157,39.264491
5b55d2ba369b410ba39d93d4f37e84bc.jpg,Belarus,BY,53.93057,30.195273
0ab429089bb64a09b114c124e60ede1f.jpg,France,FR,44.320824,-1.101936
528e2b28e1e142cb92100540f6367ce3.jpg,Germany,DE,51.384251,8.585794
a0ec52205d624d1d8fa747f4d56b04ed.jpg,Germany,DE,53.483962,11.860258
747e712c7f79496caf66ba4a5a7acd92.jpg,Turkey,TR,38.512692,34.945881
12bd0d2049c34379b1281fbf49ab8dc7.jpg,Iceland,IS,65.50664,-21.880035
bb6dc57e430e42b6a2c7adbff485c16d.jpg,Spain,ES,36.863494,-2.573487
9d6ade7f35d34ebd86b630b549670392.jpg,United_Kingdom,GB,51.694809,-4.929564
1de6ad5312124fb8bf743b3d25df4f97.jpg,Turkey,TR,36.81889,35.586553
de6203b2b585439c9bd1e8f5e9a98e62.jpg,Iceland,IS,65.915605,-22.966814
172373a1a122422aaa74c53a75800165.jpg,United_Kingdom,GB,58.513234,-6.255527
397a8c7ec0414f30b92311b4800861a4.jpg,Spain,ES,39.436713,-0.338528
7c5b527464b14fb9ae60654072f3c159.jpg,Germany,DE,52.511421,10.350112
fb24029dbc064c18a69cd7f748057990.jpg,Sweden,SE,65.279578,16.339667
c886416efb40481ea916e3dcd0133dfc.jpg,Belarus,BY,54.113735,28.348562
61bc96a0c3d24214883b204f2246ce21.jpg,Turkey,TR,36.507503,33.711889
6a0d93935ca444599f148bafe98a49ab.jpg,Italy,IT,41.028737,8.962423
a2ca0cccfa9046df945b1f3793b190fb.jpg,Italy,IT,38.649459,8.279764
3086421c8c544800a5ce93dc0a74c21e.jpg,Sweden,SE,60.905875,15.729654
3379f2e883fc4feeb96054e14d28ba9d.jpg,Norway,NO,70.075534,19.994428
d0eee4521fe2436e8093a7a4bcf4ec46.jpg,Iceland,IS,65.668297,-19.596623
8e0fa14629f649938bd5cb407faba699.jpg,Germany,DE,53.620759,9.102894
c0b9d2d017d743d08a134d4c6e8e4b12.jpg,France,FR,45.358459,0.098982
1fa631746d5b443e904da986bb21ad94.jpg,Sweden,SE,65.159919,16.557663
89c84f3090034bde974922e08348f000.jpg,Belarus,BY,54.000322,25.890224
9bdc5e94600d430fab75e2ae839efba1.jpg,Germany,DE,51.527312,12.935344
89e696beda1947ac8e81dfad4b679193.jpg,United_Kingdom,GB,50.608049,-4.443934
39a37c3ac53440e3a8bfc04e8793fa20.jpg,Iceland,IS,64.900637,-23.934748
6c781dd58b0a47dd8dfe00e889d60aaa.jpg,Iceland,IS,65.010891,-22.601685
2b36f98118f54b4d9d0b740176d4bcb1.jpg,Poland,PL,52.737514,18.097224
a6984d8416ae4d22badf25993319c32a.jpg,Finland,FI,61.389104,23.325375
6f97870138bb48eba47364573aa93c84.jpg,Italy,IT,37.185865,14.147442
2cfb083af8a543aaaf4a522f37ee59b7.jpg,Germany,DE,52.764029,12.059239
e2ce9771a8884626bf764174c4765bba.jpg,Turkey,TR,38.927739,30.884634
29385949383446269d7fa528f68c0a08.jpg,Turkey,TR,41.218404,36.664905
cedc3ecbb4b5480fb30528b2e5f3dc13.jpg,Spain,ES,40.099926,-5.961746
fab9aeb3dd7f467da89cc4987b66fb40.jpg,United_Kingdom,GB,56.068367,-5.462571
e4c4e482872141a3972f20848c8ac923.jpg,Sweden,SE,64.118617,16.100121
4aedd276966d4867be424ca45a2d3b60.jpg,Turkey,TR,41.442866,32.420501
f306bffd702d4700ae0bd24b42bfcb92.jpg,United_Kingdom,GB,50.614167,-4.471658
558f08bd24504f1f9962e576adab0f4e.jpg,Poland,PL,50.485841,23.449191
5250d40ddca548f0b496fbabf58ceb42.jpg,Turkey,TR,40.910299,35.638072
919958095b284427a53ff93933d7a3e0.jpg,Finland,FI,61.564863,22.566757
0d152b008ccb434b97a055708489245c.jpg,Poland,PL,52.232031,17.99012
1443480c85bd49d092dfafbbc4f576f7.jpg,Norway,NO,70.659975,23.671296
00eb7a03b59f42eda54be709e34a31d6.jpg,Norway,NO,68.361888,22.859862
d4344279911846648babb425aa7cc3a7.jpg,Spain,ES,36.717956,-2.874764
fa4b3852c8a940e8a540a469bb2da104.jpg,Norway,NO,62.341655,5.868443
51ac622a683749e0ae1e62d35a6cef4e.jpg,France,FR,43.634223,-0.934776
3dccef4404564f6a972ab0873edca83e.jpg,Sweden,SE,59.836135,14.256936
76c1919fa9494635a2cc0f80a9d7b1c6.jpg,Iceland,IS,65.590633,-17.16039
52b5c5e7e7a846588d66b2bd1f87d02c.jpg,Iceland,IS,64.741541,-14.35551
970d368ab6d04e7a914ff814a93f844e.jpg,Spain,ES,41.627697,1.028547
c7070ce4ab65457080a3439a605978b8.jpg,France,FR,49.82919,0.912648
c01f5a1393f14bacb2a37876a6be0803.jpg,Spain,ES,37.869634,-4.31212
8088a3a2c6c74be3abf072142f241a80.jpg,Norway,NO,70.961083,25.694829
536cf948e16e46bd98834be503794abe.jpg,United_Kingdom,GB,55.360912,-1.826084
2a2684d16bfa4c108a90d4040c764e30.jpg,Iceland,IS,65.561665,-22.186518
b820c00ef5e548fc804b36df0334957f.jpg,France,FR,44.919628,-0.782757
d7073a2504be4655a897f29c3168eeb4.jpg,Finland,FI,66.661498,25.438167
95b28029738649aab4507ed86d07672d.jpg,France,FR,43.571669,3.980269
4a0d8378f5974233bd0bf4252c80789c.jpg,Belarus,BY,55.842148,28.608072
07413b55ef914bacb6775376621bea7f.jpg,Germany,DE,52.223007,9.038132
1541cd0e061f4001a0d4d6516dcbadf8.jpg,Turkey,TR,39.448099,31.570281
172df88a965549baa6b0aba885c3fc98.jpg,France,FR,50.470094,2.977522
712b7c007c16464fa0cce9207e1194d7.jpg,Iceland,IS,65.104617,-14.328541
04f79578dbe3471394e0b5469edd72a8.jpg,Finland,FI,61.680837,27.036604
88f4424f055144a484dd3ef0047d1404.jpg,Spain,ES,43.368403,-4.450061
553cd855e197464589460b15a5f8a590.jpg,Iceland,IS,64.824824,-23.536206
c2ef1316d5c345d489b6751d5177ceb2.jpg,Turkey,TR,40.362512,29.047688
b5ea2af14efd4cc89e04b0a2a2a87f16.jpg,United_Kingdom,GB,53.646299,-0.747264
043a0f459d924d9b85729de4c2feb65a.jpg,Poland,PL,52.366013,16.249205
043d6117686248678e87f08088bc8748.jpg,Norway,NO,58.306187,6.422033
6d91d98381524b65acea9ddd89c5cbb2.jpg,Belarus,BY,55.609078,28.367715
ddca58db4fac437eb3cdfe759d4cca8c.jpg,United_Kingdom,GB,50.372257,-4.444762
cd4f6daf70c349019aaef921aba918f9.jpg,Sweden,SE,66.672227,20.166162
34c41309da004e53b069cb0f742e1e9d.jpg,Finland,FI,62.553793,22.643517
b5262413d75e407c9ee9651c418cce37.jpg,Germany,DE,53.385144,9.442847
31ab0aad9004422b892423c1013172de.jpg,Poland,PL,51.151336,15.457783
6c4ef433cc144fc2972f280ccc759944.jpg,France,FR,50.116599,1.865785
9c91f0de1d50480d8e7cfb3c7bd9df41.jpg,Poland,PL,50.721512,20.585252
19f749bbcf8545cca8140087208b3431.jpg,France,FR,42.049035,8.752334
7afdce6279594ef4baf8777ab84294cd.jpg,Spain,ES,42.173015,-1.553286
56f8ccc65be7485ba7f17bac9adacc6e.jpg,Turkey,TR,40.423096,29.27184
76d8168c7542409faafbdc7bb5914049.jpg,Sweden,SE,67.105587,20.9033
7142412b772f4f6a9839a54b2c3cb671.jpg,Norway,NO,64.622946,12.605335
cfa9c985cf67467abbc063ce02b74971.jpg,Iceland,IS,66.565896,-18.019027
aa20bf84a79f492598f5f9b283cda3b2.jpg,Germany,DE,48.342902,9.823468
c2068919491c488eb6fa3c301ebb34a8.jpg,Sweden,SE,58.265227,13.553851
0ef78a91f6ff4a1d98f9aa79a631a7e7.jpg,Turkey,TR,40.991257,39.797712
d6a8a29e65a145ceb75e798d0f762a74.jpg,Norway,NO,69.854716,19.63698
460193902c864f9a84f888ac1cb816e5.jpg,United_Kingdom,GB,55.173078,-4.930934
0f84c2ed1ea54493988fef43fe8bc0d4.jpg,Finland,FI,63.151098,29.765291
15053bb906a948d8a1ee6b9d8dbeb130.jpg,Finland,FI,63.220594,28.257878
42c9e43285c448dabcb5d4e00f05368a.jpg,United_Kingdom,GB,57.267736,-3.458337
640e9aae4d5c4e2aa4364bef0783039b.jpg,United_Kingdom,GB,53.125463,-3.983196
9b4d7192e83f4524a219e81cee40ab56.jpg,France,FR,48.445178,6.61971
fad9438989fe4c0db830a3f618ecc352.jpg,Spain,ES,43.071382,-7.643514
922e350a39ae4066b248d24367803308.jpg,Germany,DE,52.906508,10.631579
2a2497e7d87345d8b36fa8d587caa28a.jpg,France,FR,46.198041,1.223771
2fb873a7096243b3a8ebe89ae11bc447.jpg,Finland,FI,64.778826,28.301374
751db20e519a4a73abacbd70c3ccb73d.jpg,France,FR,47.832511,2.842163
4ff89b0525524252a0a9ee236d70b641.jpg,France,FR,43.755638,6.219259
a86a6d93ae4849a680b2e9ccc7190e97.jpg,Italy,IT,45.601697,12.076961
52cdbeda348a4b7f9bd20c99663dc753.jpg,Norway,NO,58.412384,6.025619
e1ee8e1d2cde43f3b8e99b9fb0e84856.jpg,Germany,DE,52.224396,12.591949
b8a33e630b7e4fecb645ab5a2fb93cc7.jpg,Finland,FI,67.911444,23.915808
9ac50314b518479c9e1a78ddffaa46ff.jpg,Italy,IT,43.696067,11.406921
ac2719e6eb3f4eabaf13d03cacb6a5f2.jpg,Poland,PL,51.623764,20.768016
7d930ded78284deba94055f3b167ee4d.jpg,France,FR,49.150955,0.770498
399eaf98f8af4a5798d178eb7056036f.jpg,Turkey,TR,40.613595,31.281982
385d192460d54bfe969375ddf2c0f44c.jpg,Spain,ES,38.653473,-3.469571
20c1681491eb43e18ea1aa2e8318afce.jpg,United_Kingdom,GB,56.906049,-4.967864
e7ee5d7cc3e24a358d78ffbd10c53bfb.jpg,France,FR,48.667676,-4.311517
19291bee9a1d410db0ce2e54f27619e1.jpg,Spain,ES,38.881421,-0.751503
e2ade4950c8a4ab487f0cf13e7d95dba.jpg,Spain,ES,36.986576,-5.944767
41568aa735c54c5182b7878fecb3f5e7.jpg,Germany,DE,53.683157,9.21983
d34a3ae3a2af474e87697eccaa2fd8fb.jpg,Poland,PL,52.692555,21.134764
379e23197c4a4a38973ca76bc02dbdc7.jpg,Belarus,BY,55.656174,28.615098
677a503a6d40464d8138caa249819c86.jpg,Italy,IT,37.040093,14.390464
20d6cdbe80ef4a37808eccf72c77fa7d.jpg,Finland,FI,65.501672,27.952634
baacb29aa3a84c099a7e3fb16a5dd90d.jpg,Italy,IT,42.519709,12.275938
6b92d6b4c1374bbdb734113ec92d1dd5.jpg,Belarus,BY,54.134407,27.347631
177c83e8ac8046f4a2fc913185d3f3b1.jpg,Turkey,TR,41.770849,33.459849
3d55a1be72d94436a99b5f1a10320f82.jpg,Iceland,IS,65.444589,-20.689137
bcd70a40cbba4727a88010ab274e1103.jpg,Italy,IT,40.005616,8.663488
5536bd58d88741d88bed55cf18024460.jpg,Iceland,IS,63.971963,-18.741266
e9d889addc844ed38b121231f4d4eab6.jpg,Norway,NO,69.636672,17.995277
13b5b66390494401929817d5521f4db1.jpg,United_Kingdom,GB,54.90549,-7.421203
594181d6de51417bb676397fe48ca939.jpg,Poland,PL,53.245927,14.654734
69356f019870427ea841edb3d8bc2efd.jpg,Norway,NO,63.064429,7.499702
532d7d96767547019d44b955c1a905ca.jpg,Belarus,BY,55.674621,28.179766
3734a947ec334713986c07e43464244b.jpg,Iceland,IS,65.45001,-19.217427
8dbae3f1c0524b358c15c972c01f2d4a.jpg,Iceland,IS,65.60288,-20.110525
5fcaa4477b674c19ba6e62666e8d6510.jpg,Italy,IT,40.664551,8.32778
cacc2db4927a4a8bba8a9ad65484991b.jpg,Turkey,TR,41.111887,30.534268
c193f5b488004bf894f1bffb516688f4.jpg,Spain,ES,28.713276,-17.749737
ae789be49b93430793afe3f12c79b883.jpg,Belarus,BY,55.91802,28.644719
a9f5961f2a5744adb9423b5ac62ca621.jpg,United_Kingdom,GB,55.372114,-4.752378
2069cfe010414505b233ead41a92468e.jpg,Sweden,SE,57.487277,15.025628
f80351ccedb14f0d81c53e2999af7199.jpg,Spain,ES,42.497455,-2.723674
5e590e9f044c43a2b3b47c645e5a1341.jpg,Italy,IT,40.662733,17.496178
4ad6b7a10f9e481b97cc502b8823fe94.jpg,France,FR,47.922951,-1.426644
e9350548f7494778be1ba46fd8ff6e24.jpg,Germany,DE,47.622436,11.726609
400b1f77ceab4c85b5fcbab85c07b24b.jpg,Spain,ES,38.591771,-1.689358
99e7824cb34446e6bcd1fb2746d9dab0.jpg,Belarus,BY,54.500964,25.875252
23f1683f497a4dedbb253038844ba894.jpg,Sweden,SE,65.410185,19.684866
70109bbfc52b49dba44652a7be5becef.jpg,France,FR,43.262292,0.504415
930e5edfddf548899a8b70e9a3540de9.jpg,Norway,NO,64.557895,12.477124
16cdb50621cc45e083390bdfadcb0b7f.jpg,United_Kingdom,GB,54.902655,-6.313013
f0d788e624f74c90b873eb9f2a61e2eb.jpg,France,FR,44.955045,4.687367
7826090d1de44516aaa9051bde6ee107.jpg,Spain,ES,41.613388,2.266637
4ed0a0b6ef9a4277ae5bcfa7c817e604.jpg,Germany,DE,54.434914,9.336521
f038a17e43ee4c29a8abb0411d512009.jpg,Spain,ES,40.231349,-5.160796
2128688ee5d64d76ac9494b73dfcfd77.jpg,United_Kingdom,GB,55.42234,-4.718821
54029397a3ef4ba3a3a5cab84a77fe1d.jpg,Turkey,TR,36.705779,30.563851
dd2e38ff7e6d4c07b7c7a561f9343ab6.jpg,Germany,DE,52.768868,9.712399
2744f2b59d9e4127b333e5c228f7c44f.jpg,Finland,FI,64.017193,27.437409
73f516773fc541cc889ab8f93c644911.jpg,Poland,PL,51.587893,22.071876
b277afbd82964010ac43928f67a49165.jpg,Turkey,TR,41.033282,32.078197
f249c3bf570d496db1fca951b1d087aa.jpg,Italy,IT,42.204487,11.735947
f1b6763a9e124f4d87d7a5207fec4b19.jpg,Spain,ES,39.467962,2.899158
c4f18661607743dc8be1ba3e66bc4289.jpg,Poland,PL,49.557724,21.517636
e61e7c256ca24a34ac2434c226c74bc2.jpg,Italy,IT,44.842812,10.37013
9fcb6798c5b04ba5b17de62279d73aeb.jpg,Turkey,TR,37.832155,40.279438
ff0554dba41646a380f808378f4e14b5.jpg,Belarus,BY,55.148837,30.34275
2b477d77932748078bbf495546272144.jpg,Iceland,IS,63.855659,-22.430085
e3c32bf041be4dff8a022b390be68ea5.jpg,Belarus,BY,53.119865,30.489643
5c1d57624a034ff296cb279e09cb659f.jpg,Norway,NO,69.631311,18.027557
6eb3da96a0c648429dd408135813d3b7.jpg,Germany,DE,50.8769,10.971264
15d44694639c43b2a187882477716379.jpg,Turkey,TR,38.185242,26.835566
59e5e8a0bcf94f8d99889c96922f9788.jpg,Norway,NO,64.035376,10.080615
cf97c4d3eaea473a8a679392e6d76d61.jpg,United_Kingdom,GB,51.340338,-0.946894
1dca84ab8c354f2eab3854900eb81524.jpg,Finland,FI,67.545593,27.918662
d3702e2faeb048d1b4cdcb38842c0f2e.jpg,Finland,FI,62.542048,25.89788
52c44844da2f4d25bae8a42506b547a1.jpg,Spain,ES,37.84299,-1.040445
7d3d0090f631435e8faebd26c34f3068.jpg,Iceland,IS,64.326507,-14.937856
5ff641c660bb4d4ba8a44362d5be46bc.jpg,Finland,FI,63.266013,21.177775
8d677a822b4047f49dfd05fbeaa3c2ef.jpg,Sweden,SE,65.081853,19.438652
f2fc804e4577464d86503714b3d31cb2.jpg,Iceland,IS,63.819151,-22.557148
13c1b39e68d6402980906e260491e40e.jpg,Poland,PL,50.008563,21.832757
6038be37658b4718af89737a8eb16970.jpg,Italy,IT,40.554271,16.271436
e93f065f68b844cf9011ef85ca7bc039.jpg,United_Kingdom,GB,53.684229,-2.774966
ee329defdd3f4f6b98e2c1e8f6fa218c.jpg,France,FR,45.475836,-1.147614
ebd38765dbd44aefabd1af177d256ce9.jpg,Finland,FI,63.484984,28.823582
6ea0c7b1b25b481a85dfecbef28df851.jpg,France,FR,43.769083,3.791606
ff3e11af7a324d37aea0cd096bf54c37.jpg,Poland,PL,53.657928,21.345181
8ff3b5ffe99d48a78fd91af3afa21650.jpg,France,FR,44.486302,-1.072024
0d2501ae560c4cf59eded9cf0300a11f.jpg,Turkey,TR,37.829231,41.081146
c6c0f256d39b4409bc2b94cb777cc423.jpg,Germany,DE,51.504959,7.957443
8f891171bda4477cb4684010e6fb93fd.jpg,Norway,NO,59.57913,5.708437
9bfd12f167474fb4a6abf0dfcfef87c2.jpg,Finland,FI,61.024046,23.163469
b703b3ab9abd4f4b9ec8a03479f1ea6e.jpg,Italy,IT,44.047583,12.4139
004fb7c4318e43c88e7b8f9fc6c64783.jpg,United_Kingdom,GB,50.095049,-5.559013
7b4da6161742429d854eac27c55ae81e.jpg,France,FR,43.811529,-1.370474
061c47e7b5f8422a9eabd8bce82ce7e8.jpg,Finland,FI,65.875342,25.589188
c00719b81bc14ede912adf7fef67c52d.jpg,Sweden,SE,66.942733,23.017967
dd96254a382f42ffbad18fe733478f20.jpg,France,FR,48.062521,7.038664
a550555f4d6e43c1bdef5cddbe0ac21a.jpg,United_Kingdom,GB,52.380967,-0.046549
7394151152e84aaca41ad7b4626f0eb1.jpg,Sweden,SE,65.185325,19.535845
c7c2feb2ecc94c4aa20ff8725521dc07.jpg,Sweden,SE,65.483369,16.92365
6cbd327077bc4428bd511059da28a942.jpg,Sweden,SE,63.771135,20.230912
acd936e3599f4f07a09d794a5f31f4f6.jpg,United_Kingdom,GB,56.899627,-5.024047
a4ca45a908394321ba2d9613e354aa31.jpg,Sweden,SE,62.170708,17.158308
21e6ff3890184af0b573fc02a6a574d9.jpg,Finland,FI,62.932972,30.300961
e263a0e6c0d74b28b4cb1d05d6e2fde7.jpg,Germany,DE,53.867233,12.190548
05f2b4f174f648eda5b3f15cf41ca437.jpg,Belarus,BY,55.700056,28.212646
71027a91092c422fb57d5aa55348287b.jpg,Germany,DE,53.385422,9.417583
21ff89d32f2b40b29f8a9a807ffbd1de.jpg,Italy,IT,41.420077,13.199073
7a65e4b4e48d45a7af123a8f90d0a8b8.jpg,Turkey,TR,40.912506,40.137344
fbe9de6aa946421ab9c395e4b1e76f59.jpg,Iceland,IS,65.191485,-14.013813
a357cb29443a4f37bbe90d1abf22d19c.jpg,Spain,ES,40.659997,-3.603688
ed74e88291bc4280a74dc554115f7503.jpg,Belarus,BY,54.037882,28.235038
ef7b1a444ff14e25aca7ea737901478f.jpg,France,FR,42.944043,-0.086693
f89460ece0244827bb0ed7db42da008d.jpg,Finland,FI,63.662532,26.567647
3b4ff63f86d140b4a9a8625ffdc72d97.jpg,Italy,IT,43.209444,13.776906
927f8ae4881c471d8cca9b7ef64c3fcd.jpg,Italy,IT,37.817778,15.27
62e288aa0802415491dffac3b14cced2.jpg,Belarus,BY,53.471605,26.705499
8463b172529246c4ba12718d6275c3bd.jpg,United_Kingdom,GB,50.820415,0.301238
4fa42700be7946c68b3551621513a3c4.jpg,France,FR,50.527967,1.584723
7f2e2a7a92ce47c68693b1a2a0ab5b6c.jpg,Sweden,SE,65.740243,17.11867
020a0bcad3054bcfb79fe79379332747.jpg,United_Kingdom,GB,52.141722,-1.904786
fac7a9853ef84d20b7f85b93641b8798.jpg,Spain,ES,40.448151,-5.87699
12513a1961034056a2df9e20982ac577.jpg,Sweden,SE,59.07098,15.866333
fea82439679e464898c4d147bb6062ea.jpg,Iceland,IS,65.724863,-14.871046
2cd808922e1b4c0fa3f4ceaafbe05eeb.jpg,Spain,ES,43.420778,-3.508698
490ca2f59c004b768250607c8ec16222.jpg,Germany,DE,50.134696,9.403593
408194b16195447fb1b0f877cf8c34ea.jpg,Spain,ES,28.397363,-13.87153
3789fdad0b26484494efbd68eef1dfb0.jpg,Sweden,SE,64.537737,20.719181
c6765193c03b47caa7e9cdcd1fbbed79.jpg,Belarus,BY,55.61922,28.264955
0019a967bdae44d4a7adc69bfcb1f823.jpg,Iceland,IS,63.617922,-18.451649
a06b6b916eec49fabe0769717d7506d4.jpg,Belarus,BY,53.479446,31.09432
ad2ebc30b75d4c8b9ef7745a7916f8d5.jpg,Finland,FI,62.927222,30.290089
18bea262518c4d31923af173066355f7.jpg,France,FR,49.302571,-1.263666
cc3b6bf2ee93465a9db39d1a7c3b6eaa.jpg,Finland,FI,62.873426,29.847493
d940df8621b840678e10010c90ec5044.jpg,Germany,DE,52.392773,8.645562
1229c52a29c644a4828c6eab8341dc35.jpg,Spain,ES,40.74463,-4.023616
3adb4faed0c8428c8cfe6e01d9dbce16.jpg,Poland,PL,54.104391,16.979914
361d7bf480bc4c3d90af171398ca2d27.jpg,France,FR,49.539075,-1.466038
36d9d10ab5614198a97ac56c97426dab.jpg,Sweden,SE,61.377771,15.781186
9b10519fffc949f39f5032c35a29af02.jpg,Iceland,IS,63.471752,-19.369252
cd04716cb64e4116966c3bd62743ef70.jpg,Sweden,SE,67.945904,20.046309
3aa36c7f66ed42acbbf1c669d02c592c.jpg,Belarus,BY,55.192509,29.072382
49034441adda4f689d8151dab37ac7c6.jpg,Iceland,IS,64.196348,-21.222018
392508401c8042b699fab6a6c7e1c391.jpg,Norway,NO,60.049466,9.86315
176daf1daaf942b0bd476d91426cb4cc.jpg,France,FR,49.1228,-1.503591
8299e0f9cd8b450ab631738410712ca9.jpg,Iceland,IS,65.937757,-14.83553
32d3d2538de042bca4a79a9c559692ce.jpg,Poland,PL,51.745468,20.852306
7946ba4e6ed9452e9be2b6073adf32cb.jpg,Germany,DE,53.037142,13.040981
5b22bb42cf1049b193c3408ea80d6660.jpg,Italy,IT,46.044427,11.531352
b47bfe7743e1453c89bac8d4443c427b.jpg,Norway,NO,69.276446,15.971742
d2cb053986f7445d9cc574e3e30e8d92.jpg,Italy,IT,45.797534,13.049166
dc4ac182db1d4169a1f01c2c902406b3.jpg,Poland,PL,51.968555,20.950895
21301ba5a71c47868de0384efab4f0f6.jpg,Germany,DE,52.972402,13.841704
42b70fce68a84a7cb4ff84324302e97c.jpg,France,FR,45.003431,2.555257
8e24db1c1e284e3aa576471ba581bd8c.jpg,Belarus,BY,52.769769,30.757316
60c5619dbed74a6e947a6e01dea2e198.jpg,Norway,NO,62.337188,5.877566
9b97df214be345c59be5a2f22e77091c.jpg,Italy,IT,37.596236,14.131831
283a79a98e8d4b968669495b7df61747.jpg,France,FR,45.845665,-1.156624
c4e0e1fc4dac478bb65b85f89ee521f8.jpg,United_Kingdom,GB,51.243527,-1.796583
f59268e4436341218b5736ab2f5dc416.jpg,Norway,NO,61.797294,10.22406
6658a7e0a46d4a798c7fa27fa7fd67e1.jpg,Iceland,IS,65.909654,-22.988628
1d60e58ff6ce494892f19b38dd4fd7d7.jpg,Norway,NO,60.817826,5.821557
20338f46c9f249e0a5f2a08935b90ede.jpg,Poland,PL,53.026707,18.565428
74c5fbb114ea4db1aa63862eb922add6.jpg,Italy,IT,45.268766,12.299719
97da02aea0a54277a27c59b0c2966c8a.jpg,Turkey,TR,37.378828,36.095251
881d3057717c4e3dbdb84c424d2abb07.jpg,Norway,NO,60.182566,11.413751
d2fd08644cb541adbce83c6b710b1c2e.jpg,Poland,PL,52.84196,21.492498
9bdc6b833a6d4f01842feef02c851253.jpg,Norway,NO,58.612524,5.686175
438137ce4aee4cf8ad4711f770860a90.jpg,United_Kingdom,GB,51.751362,-4.571168
1faf99d2485a4546af309fab9d13ae6d.jpg,Germany,DE,49.779177,11.368432
ac4fa88f9a3d469594b03a43f18bb954.jpg,Germany,DE,53.612949,7.85119
1ad2451f7b99422aaa5620b61400813f.jpg,Sweden,SE,56.598384,15.087387
86051aa239b845438bff6e65863a087c.jpg,Norway,NO,62.460991,6.331576
3121f124e7514ae38bb387367c69884b.jpg,United_Kingdom,GB,56.418167,-4.844522
08868c5599be4a5582a2c0bc69e40129.jpg,Italy,IT,40.570273,16.577622
4413feee4ae54eadae0308298722134c.jpg,Turkey,TR,38.490793,28.055144
f8463dfc4fb44c5fb16d6dcb7829f95c.jpg,Poland,PL,50.759628,20.4284
d3ea1e1dc6a1486ab4f34fea098daabb.jpg,Spain,ES,41.951466,3.091191
2511cb978dab4a48b132dd71a3175082.jpg,Spain,ES,42.774184,-2.908426
ef35ee969f504aac9eb18c4d0190b1ad.jpg,Norway,NO,58.592525,8.862289
3d58b895f9af4e9fb4febc4602bf102a.jpg,Poland,PL,51.547684,22.477425
6eb9e0c042e64d50880c7cc218909171.jpg,Turkey,TR,36.923698,31.247381
7711d8a03e59412590ec993560840274.jpg,Finland,FI,62.839839,30.133034
05fef6dcbaf34d51a15406d68f2e63cf.jpg,Poland,PL,52.666524,21.186827
6a2c5d35a7d84dd9bac5215236d4b1c7.jpg,Poland,PL,50.232401,20.707802
69485f12c5ed4e3983e9aefdec5699fa.jpg,Belarus,BY,53.215572,28.692562
193b36805df748c394f61dfede85a735.jpg,Sweden,SE,59.086278,15.035517
b00232123c0040c1885ddde730095f8f.jpg,Norway,NO,60.388665,9.561476
b28e3bb7678343489730baf28a773735.jpg,France,FR,44.053625,0.200031
d47c9c823cd34529b53bd60ced128745.jpg,Spain,ES,42.790364,-8.1145
0f80ba53bf6d477696860d342fca8b27.jpg,Italy,IT,39.604502,16.69146
9027855d58bf45c49c9351be0bb0bafd.jpg,France,FR,44.492942,5.373397
d28b648a87dd4d4ab29eaf4d67e49529.jpg,Norway,NO,59.110323,6.352322
5b5766eb05e14bbdac52beb2edda9b45.jpg,Germany,DE,49.927481,11.765194
383433b087624c2db0e71effd285246e.jpg,Germany,DE,47.830898,10.29488
e08a817faddf432680c22bca854d3a48.jpg,Norway,NO,68.66138,15.504038
8b73de095460410dbee863a9b49668ea.jpg,Sweden,SE,62.117481,17.430198
5c22383f65e6475f9b69bb549868eeaf.jpg,Sweden,SE,61.410477,16.597688
50a1d6e17e314fb5a42d434691f261a2.jpg,Belarus,BY,54.144475,28.492804
bdea466ecc144c3fbb7e73f9d44d7bea.jpg,France,FR,48.509744,-4.765075
57875a8f3caa41a38a97368459728172.jpg,Germany,DE,49.042671,10.836405
14797e264ef7445da08cacc2aedc80ce.jpg,Turkey,TR,40.647636,29.414427
b22456c81fe747dea97b3933b8b280a0.jpg,Spain,ES,43.633118,-7.600987
416bb5495e91455d8d10a94c20fd6325.jpg,Finland,FI,62.436761,30.030559
acc94a3dbd9d4b309610b0c4168b3f36.jpg,United_Kingdom,GB,51.824071,-2.945212
44685de197d7447ca217bcde7a037c7b.jpg,Sweden,SE,63.429312,14.061881
6f2b46002fc348a98d9626edda13f709.jpg,United_Kingdom,GB,50.338522,-5.097503
b9269bb9436e414d81de312ac480bb5e.jpg,Spain,ES,41.537821,-5.953375
df44420d3f0d427684b50a6bce87081f.jpg,Spain,ES,28.926679,-13.700971
f44c6110a00a40c082e0d04cf9a90e7a.jpg,Spain,ES,28.963853,-13.568601
e9849eb5c2e747f08381e1b6c6f26936.jpg,Germany,DE,53.732006,10.324567
db6b1e5aa8f24c13852cc8a1d1932bae.jpg,Sweden,SE,61.991905,14.578735
f821674dea0344d4a07a0fd0a949c5aa.jpg,United_Kingdom,GB,58.504898,-4.70655
7765dd6681d148889c59212ddc374fff.jpg,France,FR,46.438084,1.08089
b38d0f5d23a74373b5d984643a384831.jpg,United_Kingdom,GB,50.661676,-4.646746
91bb8db7faf948a8b12a8b1bdbc35a9b.jpg,Finland,FI,63.020673,23.818745
2aeaa571c10240d193d00e8d78382201.jpg,Italy,IT,40.688265,8.790691
8f5654ec1b7442df8dfed6f8ef9656cc.jpg,Spain,ES,40.607515,0.280419
5eab2701f41e4fc1bd8a7ba49beb4751.jpg,United_Kingdom,GB,54.326205,-6.443121
6bc485e8a2c043dfa09cd31cf8862dad.jpg,Finland,FI,66.244943,26.159261
697307879c95499ab4ebd4030de74d7f.jpg,Belarus,BY,53.649936,30.045455
0693123b10044a9ca2e74ba32a6abdda.jpg,Germany,DE,52.577898,8.613526
1da95a80c8894af6ae75dae7510c69f5.jpg,France,FR,44.88852,-0.742298
2e98b5a3c1b54cb7b2cb0f3af8508004.jpg,Sweden,SE,65.045315,16.986365
ee61c81ee9094e1da11e7df7e855630a.jpg,Germany,DE,47.841381,8.709072
8c789793daec4d23b3bc0722f8017fdc.jpg,Poland,PL,54.214683,16.01653
60093cb6c3f1452fa5c7f42e0678ce4d.jpg,Germany,DE,51.206794,13.650132
75384fecfce04c368590f5a2bcfac0ea.jpg,Iceland,IS,66.062749,-19.147115
aee3ce54d15b416e8d1c6aeb39e0094f.jpg,Norway,NO,68.33124,16.7333
a31c16ba158b4b559aab38c333a1e61f.jpg,Finland,FI,61.725151,29.392166
bd1b4c862d5d423bb217527ee2f660fd.jpg,Iceland,IS,65.842997,-17.541373
b913e16f62954e33b80d8af2a61506e1.jpg,Norway,NO,58.338168,6.261703
bf2afb328f0442a9b4785f1c18e577e7.jpg,Belarus,BY,53.181685,30.451467
a605b4648d53413f8fad887f8c04acc5.jpg,Turkey,TR,40.144092,26.378509
6617592503a6408281d459bda83dc300.jpg,Belarus,BY,55.277448,29.674207
521f4317755b4b1e8d58847e9911a214.jpg,Norway,NO,60.433986,5.28481
27c472bbcf8943909ad86c3e2c488091.jpg,Finland,FI,68.363119,27.411966
3833ac7976ca44dfb707c8d90b1cc518.jpg,Italy,IT,40.673487,15.974114
9129fcb95bf645d29ff8ebfe25461fc0.jpg,Spain,ES,43.112036,-8.146786
9ca34e8e243840948b5a6112953e93fe.jpg,Norway,NO,70.062762,28.949091
d5e17402e70f4ed9a810664985900890.jpg,Germany,DE,49.562134,10.324151
21215fa75acd48469e6fae1f7e25c5ed.jpg,Spain,ES,42.549467,-8.864157
8fed25a30cb04fe88109da919703e744.jpg,Spain,ES,37.966222,-4.462283
f4c0a744308249a1bcc861bc0165e497.jpg,Turkey,TR,36.599872,33.78626
29335e3d982e46a195f720c5b7e1805a.jpg,Turkey,TR,36.82829,28.785115
711aee5b71f6475898db2b5ef23af815.jpg,Poland,PL,52.51427,21.678668
b61043876f9e48909c57a480ee7e6c14.jpg,Belarus,BY,53.669267,31.654703
1fc2cb4d5846440aa291c55a14b1d78c.jpg,Belarus,BY,52.351118,27.455812
87646959713644e68b04ed25d73c2a3a.jpg,Finland,FI,63.954574,26.838124
09a9e0fdf404414dbad8af0ceb533b43.jpg,United_Kingdom,GB,50.14588,-5.30686
a0357e6e63344f94859520101cf7ac58.jpg,Sweden,SE,58.899209,12.381447
7805a7b90d3247c9bbacf046f87c3bdd.jpg,Iceland,IS,65.223531,-14.349583
8ec82ed733ed46279d36a188b34a57db.jpg,Spain,ES,42.766292,-8.451231
15c20a0a50a14d2680038ac4e56c29cf.jpg,Norway,NO,59.853158,5.349373
607a31109d34409ab2512fcea2115dbb.jpg,Germany,DE,48.695369,10.024443
a4c07eae306140f08db7bc2e3a0c47e2.jpg,Germany,DE,53.689551,7.653415
678d6699602d44cab3f624efdab6716e.jpg,France,FR,46.780895,4.141128
5bea3f26d5dc49a3b09273535a8c3603.jpg,United_Kingdom,GB,57.680219,-4.037137
4622fb64ab414d5792c1885f35f0ac4a.jpg,Spain,ES,28.912315,-13.780146
7d0269af77604f7894f1f46c90f9c1ec.jpg,Sweden,SE,62.862276,15.080281
bca250974d8d4bd9b0a4a526f98cd22e.jpg,Belarus,BY,52.527682,25.580347
fad4b692f15446a988873773e285d6a1.jpg,Finland,FI,66.231306,25.33308
005658d1ba634559a38d1c7ebdbf7f21.jpg,Turkey,TR,39.125923,30.16177
d9cc43489c55411ab9e0f6a38b1164e7.jpg,Iceland,IS,65.468234,-18.725244
fc21b90c3dbf434293f4a43187284cf6.jpg,Belarus,BY,53.07766,30.272276
7efff6a6ef5045ef9c3bdea17bfcb417.jpg,Germany,DE,53.250157,11.54703
e805370ce59c45d4bcecb3ecabeb3f4c.jpg,Iceland,IS,66.009449,-22.641419
4a1fbf593551403487a03e909e4ead76.jpg,Norway,NO,68.467435,22.423452
e68afffe7abc49e79a971cd5f32ee9f5.jpg,Italy,IT,46.44734,11.906221
46b76abb3bf74d05944a64058577ec10.jpg,Finland,FI,65.193534,25.450627
93b7e1adfe2e4967a4420da33a7a939a.jpg,France,FR,46.182598,2.083808
fc7ed0bbd573470d937f363cd71d6927.jpg,Belarus,BY,53.268626,30.658973
ca9018ce48d448f6ade303f26ce599ef.jpg,Italy,IT,46.20776,11.121411
b94e26452c8045ae8c911df2da3a1b7d.jpg,Spain,ES,38.93908,-1.759518
36f80dffffdc47849462b3ebe5e413a9.jpg,Norway,NO,69.103803,18.206969
f3fee8b0ecf540859421a07a4b57a975.jpg,Norway,NO,62.99284,8.942544
452913b228314431a1a817b331793bc0.jpg,France,FR,46.204175,1.202072
6d295b41c0994f51aa77c0fd075ca414.jpg,Germany,DE,52.734003,8.347443
b69786a82560426f9a608280232ccf27.jpg,United_Kingdom,GB,56.676738,-5.24017
41e95c6a6c464c6991ef6df514ff6dd3.jpg,Norway,NO,61.960859,13.008505
813082040c954eb7907cb0543381077f.jpg,Italy,IT,37.83641,15.096152
6486c0c9305c4d66ba88834a24131476.jpg,Turkey,TR,37.059845,30.617627
50ef25b5fa714d0986053be84242e7ef.jpg,France,FR,44.487337,4.674636
12af8ea9b0744424aa78266f99cf87b8.jpg,France,FR,45.830071,5.640525
88577de2d15c4c408be34ecab5c9af80.jpg,Italy,IT,41.177412,9.278804
62bd49e391ee4fd0a5be597fc752d754.jpg,France,FR,47.304451,2.469252
df3900fcd2c7445d9bfd980df4442f4c.jpg,Spain,ES,42.386986,-2.166759
dc139ba7e8c249488f8e5100baf36315.jpg,Sweden,SE,64.31727,15.727648
ab0e5b2bee1d450f80b26a17f801ff0c.jpg,Spain,ES,36.808881,-6.061391
cfc2c672c99c45ee955b963d4e835b78.jpg,United_Kingdom,GB,52.950925,-2.296401
352bb274fbbe410bb8ac227f06bd1800.jpg,Sweden,SE,59.875023,17.194366
60a4763849ff4ceea850f013b2ce34c2.jpg,Germany,DE,53.343782,10.261641
e61f387973654bafae445e9a0e365754.jpg,Turkey,TR,38.443244,42.320859
42e208faa2e24de294da60f83b82cef4.jpg,Italy,IT,44.741579,10.914752
4cdd0cc88db44f10b83459385d13e5be.jpg,Germany,DE,48.357057,11.597362
ef017763bff947f4a6b6abe90f17318f.jpg,Spain,ES,38.40381,-6.006755
a2fea83377bb448d90c93360ac4a24c5.jpg,France,FR,49.840568,3.078557
bcc171fd72634ec58be95c5f06e57aeb.jpg,Iceland,IS,64.362705,-15.33723
4caaf8accba64648b30b5f9c20b119de.jpg,Turkey,TR,40.568817,36.033407
845b9c2359c94ad4b1ace2d4bae72b4c.jpg,Turkey,TR,38.706055,27.029157
511a6e08641445c582cfc3e3dff00c49.jpg,Finland,FI,62.040821,23.663412
b98ba2cb184442d1b6ba1346f1d5e2a2.jpg,France,FR,48.341386,5.406431
46d4a8aec1174c1cab8f6334003d8a9a.jpg,Iceland,IS,65.703013,-14.922327
083559d1008249b1b9e874df157b3342.jpg,France,FR,42.285407,9.121775
89e11dc10b34435999f1960d4450f3f6.jpg,Turkey,TR,37.093204,38.102587
6e1b467e3aec410db464d029bdac0548.jpg,Turkey,TR,38.593885,36.429589
3b581c3dceb646b2a59ec971cbcdc098.jpg,Italy,IT,40.668206,16.703925
19dad164f8c44cd7a55b9afc258289ff.jpg,Finland,FI,63.921099,26.877818
0d37c1fea6804683b8b983bbd9927803.jpg,Belarus,BY,55.103895,29.695055
4670e793d62b4d0e98d9269d51c3c1d4.jpg,Italy,IT,36.773755,14.908386
643d6dc3252944e3a40edb28a7c56a2c.jpg,United_Kingdom,GB,55.29954,-2.939599
a651efd8ede14851b88726af7b2968a6.jpg,Norway,NO,69.151995,19.050857
11bc88a242d84449bef178c7ba49cbe3.jpg,Poland,PL,52.723981,21.322033
f5fcc0ac8e4c44b085411a5120574a0f.jpg,Turkey,TR,40.950058,27.455203
385cf2346fda417291a62b976ce26dd8.jpg,Turkey,TR,39.567235,39.977494
08c10d97567a46fb9cf8d3e21e43e631.jpg,Italy,IT,40.530349,16.486546
ffd2bc92599a467190d60593fd746618.jpg,Iceland,IS,65.667823,-14.990326
7fcfe6bdbd5644c597d195beb496d540.jpg,Norway,NO,68.419775,18.685813
87d78e9569c5461fb65f68a26c6f2dbf.jpg,Germany,DE,47.618087,9.785285
a25c581affc147128626ef104c3b96ad.jpg,Belarus,BY,54.600417,30.442764
c07ff5de72c2475c8c3e2cc394e82cd9.jpg,Iceland,IS,66.070804,-18.657404
4ab2c587856b4487ab1f1abb8078b4b5.jpg,Germany,DE,50.042922,9.331095
6f8cff1ffb564af7a57f479bc000b791.jpg,United_Kingdom,GB,57.354828,-7.375662
16ef83dfb5304587b79f6266c619c627.jpg,Finland,FI,61.113465,23.177325
dce413dfa19646f6accb507d93b1f22e.jpg,United_Kingdom,GB,56.501132,-6.960155
970f814d7155463b80464e74280c260a.jpg,Italy,IT,37.629457,14.118755
f4b8edd537dd46a1b92c6817eb3f3df7.jpg,Belarus,BY,53.524904,31.236663
b3aa49c83425400b945652af54a354e2.jpg,Italy,IT,41.051774,8.940136
f491216b218f4078ac08900bac0a5420.jpg,Spain,ES,40.550758,0.243943
ef1b3f08b9874fc08bba96a581dc11a8.jpg,Iceland,IS,64.144102,-19.694342
144bfb8bd0b84aa3992b1d0413e38b59.jpg,Sweden,SE,63.722283,15.878697
b5fbaa7beff5470ea4f0d4977864d065.jpg,Belarus,BY,52.231507,28.878247
aec8a01e07bf4bc58514ecf41bc23c8f.jpg,Finland,FI,67.431367,23.81852
2dba988afc7a49f78ef5b48f3f22fe37.jpg,Norway,NO,64.763175,14.039326
e6f24d4ba99d468a829596d3062d5c54.jpg,Finland,FI,62.620464,23.862498
06abcdebb5ed4beab73acb1cff919863.jpg,United_Kingdom,GB,50.132999,-5.565709
46cd094dd3b64ed394aa07adf834ac89.jpg,Iceland,IS,65.878805,-17.493162
af7160ee01764938bf5407f839e0d836.jpg,Iceland,IS,65.123306,-13.804808
1d91cdaaa6c84d59b7ac6ac24a0d5656.jpg,United_Kingdom,GB,57.556558,-5.101145
835c5836a09646d5b4404b727c2e7848.jpg,Germany,DE,48.063777,12.095955
12d2f21e29ca44119b849d04f5918f54.jpg,Finland,FI,63.918834,26.879408
b3cba04300614532a456b277833eff89.jpg,Iceland,IS,64.891122,-21.516893
7f4d30d1125c430fb91386c2e5e47c34.jpg,Sweden,SE,60.148883,16.401681
812d882163174fe7b38627dace086df8.jpg,Spain,ES,42.306883,-7.615863
ecfefd71ee634692a9e1f364bc8ef2a4.jpg,Sweden,SE,67.039015,19.79509
8f2c60d7a15a412d95b3972d36ef8c90.jpg,Germany,DE,54.834637,9.260121
c89675b3ee114f8e92e298de61e77f0d.jpg,Germany,DE,47.836155,12.336856
c655967ac45a4264860725a491a38495.jpg,Sweden,SE,65.3486,19.495019
f28ba57d9a88427189ce7ccec8c0a751.jpg,Finland,FI,61.910671,22.662953
58d3f023adfa44859df36c3f079934ff.jpg,Spain,ES,28.049872,-14.330039
18c2d6b8cdac4a0087bcd5dc50312193.jpg,Italy,IT,40.820809,14.061276
8703888589d547838d6734e451a328a2.jpg,Poland,PL,53.824566,15.064171
4ebea882e4f64e70be4211049459051c.jpg,Poland,PL,53.931246,22.399695
5b4643141dae4a31a380c589c7cea4ea.jpg,Germany,DE,51.928671,13.935553
6bd1b81e99ca4c03b13dcbb217380a6a.jpg,France,FR,48.356407,5.639006
05de84694a26477b85651132549583d7.jpg,Poland,PL,51.436566,22.366222
00906204ddc84819a976d80a06e4bcb3.jpg,France,FR,49.418365,5.704938
97c564a26b8a485f8afa180bdce19416.jpg,Spain,ES,36.874605,-2.586271
1b7bf7f2f59b4f91ad34fce05b25b6dc.jpg,Turkey,TR,36.81714,34.566285
f6bf7a4d83884713bb95e19c8276c947.jpg,Norway,NO,70.21878,24.075255
9b8c821f36e340d7866886d52a51263f.jpg,Belarus,BY,51.657872,29.119244
8840fdd055b642e5abe99b6e845a7f45.jpg,Spain,ES,28.778223,-17.908003
cc7154fb9262476992b9e4decc7bac09.jpg,Iceland,IS,64.01236,-20.931901
f4fcffc0794f433dbe0e56a47ccc278e.jpg,France,FR,44.099341,4.628578
68247bec11b2469f8e2a5a708e9a0ded.jpg,Poland,PL,53.297828,14.655551
62480647de4749198cb73e134e68f3a5.jpg,Italy,IT,37.704727,15.168297
068510bd864f4ff2b465cb110c24e44e.jpg,Iceland,IS,65.771567,-17.177925
9aef2ff7825d470fae5dd78dde52b1ec.jpg,Poland,PL,52.165235,22.743178
235ba95f310e4d24bce086a17dea5bc3.jpg,Germany,DE,50.868855,8.822177
b7e19a6ebe2b4b87bbbffef8978e2c1f.jpg,Spain,ES,29.030033,-13.555363
8c04ddae3b954dbb88eabcaf184134c2.jpg,Italy,IT,39.254742,9.064711
19a3fa3b711b4dbf8af70fa6d1febfa8.jpg,Finland,FI,62.186274,30.270081
291987d4354e466b9f23248f974a17d7.jpg,United_Kingdom,GB,52.517639,-0.649752
53d11cff7c814b4e8c0e78c0680a42a5.jpg,United_Kingdom,GB,57.685429,-5.643552
1b9b9a08ca9242409a9d8daa64a6ddef.jpg,France,FR,45.218003,4.133522
2938e0d0765f49f89a53a321c3bde31f.jpg,Iceland,IS,65.620858,-19.363502
019ce075192e4fa39c1cc8398f8c8fae.jpg,United_Kingdom,GB,58.040677,-5.24709
665f381ff4274a58b325383bdc2309c3.jpg,Belarus,BY,52.633636,25.503006
8d0abd0e888843398ec9879b8b44cc0a.jpg,Germany,DE,50.315272,8.780011
7bb97f91b3d841d5af8fc2b55bcce73f.jpg,Spain,ES,36.580595,-4.707666
ac06fffae6b24cd8be3c79714e54a1b2.jpg,Italy,IT,46.69318,11.891429
3db3b91f88794476b7c3e4f4bd88f8c8.jpg,Turkey,TR,39.945716,40.802781
17ad32a9078242e3960f0db6d6a5277c.jpg,Turkey,TR,40.995947,34.647819
f115289d31df4c36b44cbbcfa4ad663e.jpg,Spain,ES,28.653805,-13.831862
05c49f8abdd745cbad341673486cd0b3.jpg,France,FR,48.341266,-1.720121
e2d7cd532c0048e1a59d05ee74e97f0d.jpg,Finland,FI,66.932351,28.907266
9eb98fc158c64f2d9f2bb7ebeba09ed0.jpg,Iceland,IS,64.965791,-22.895596
37fbeb6d58b64db389da90e3406d2118.jpg,Sweden,SE,61.153993,16.880788
44bcc6eaae1044bfb6d7a48f553e54ba.jpg,Belarus,BY,52.611246,30.853699
c623703cedfc4b2cb1d87325305a90f1.jpg,Turkey,TR,41.53093,27.837857
cd4ca38d83744e71a311957354cb85de.jpg,Spain,ES,38.591922,-1.686883
d53e4f6b6df0468a967af8212cf74b53.jpg,Spain,ES,39.736992,2.910084
8d14d9d5ec04444294f095decf1a61d0.jpg,Belarus,BY,55.866851,28.605033
674218920d084e0fbf8a666a01e7253f.jpg,Poland,PL,53.736296,22.358612
33e642bf4b434a16aaf1c761ebbe92a4.jpg,Sweden,SE,64.564866,20.899368
7d4046cba4ae4406863ca2ca0dcd83fd.jpg,United_Kingdom,GB,50.18545,-5.578729
c24e3b0a52fd404abcd6dc33336a0977.jpg,Poland,PL,49.857184,19.364878
6c488de154b54ccc8f48bdc6da8126bb.jpg,Norway,NO,58.220259,7.93342
7aab24a806a7465a84dd72f2ad9178d3.jpg,Turkey,TR,37.010926,28.340427
328ec09561bb49d1ac73966ab4fe3564.jpg,France,FR,44.504556,1.04975
b71395fbdc1c435990c064d32b2778c6.jpg,Spain,ES,39.562354,3.239057
0ef40bf105c3497cacce52bd2300ef26.jpg,Poland,PL,53.293662,19.363324
5957c0f81e9d423f98ea55901a5931bd.jpg,France,FR,46.556241,4.366981
385a8dcb0a74488f8ec1980a531334cf.jpg,United_Kingdom,GB,50.133746,-5.307795
e5287725c2834bd292ea8771ade14eeb.jpg,Italy,IT,41.437702,15.607738
f09cf134672e4055abe33dfdca61e42e.jpg,France,FR,46.507103,6.029701
693b55d035254cf3b472e07f4813f375.jpg,Belarus,BY,52.393926,25.059868
8980299c52e745d690caa071b8fc3f55.jpg,Finland,FI,64.181248,28.88178
c9ad1cf7ae4945cda1676eb81d2ba5ba.jpg,Norway,NO,70.659023,23.669649
c1bcc3c8594e42ea9bfa7de993c9330a.jpg,Norway,NO,63.992221,10.182607
ef7c14a4016748fa9044396a3e3134f9.jpg,Poland,PL,54.701546,18.358303
34261b81ed254991951fe177f398bbb2.jpg,Turkey,TR,39.993389,38.644208
632a063e2842459198a47eb11cb275ee.jpg,Belarus,BY,53.227805,27.292169
15a6f89a41fb46a4adc7109ea20459b3.jpg,Norway,NO,58.908369,9.299821
961b78d2f6074a5b8177a12e70f7c082.jpg,Italy,IT,40.569379,16.577708
db8d4a555a8c4973906eefe8579392a4.jpg,United_Kingdom,GB,58.574835,-4.767275
5b6d43865460447496a4e04f6bf8ca9a.jpg,Italy,IT,43.202012,13.645407
8819a23f306f4cba90c625c2e7ee51f3.jpg,Belarus,BY,54.538322,30.18654
0b3b86592e154ea589941080826d5f68.jpg,Finland,FI,63.16107,25.913248
dff849d8c25644d0b146cf6e7521a237.jpg,Finland,FI,62.954788,27.771278
e78fbca6f40d405ba715fc6e8ac9a3dc.jpg,Spain,ES,38.097347,-0.721066
db23020cb04e4e2ab708c940c981b4ba.jpg,Germany,DE,53.4031,7.565914
eed85940681b4a5b9302b111c5c26cb7.jpg,Finland,FI,61.702628,23.151498
ec000730d3a94c25ba49c270a88b4f15.jpg,Finland,FI,64.002414,27.41969
8e2fe2fc172046f7b7fb20858453a0a9.jpg,Turkey,TR,38.788181,30.524962
3fbd0844d47b45a2b51f57031ffbf2fc.jpg,Norway,NO,59.711911,6.549526
2ec5f6324d3e459b80e197e4b13b586b.jpg,Italy,IT,40.486163,16.302527
e07f3ebdcad84f19b215ef6ea404f706.jpg,Iceland,IS,65.733884,-14.859265
329774374c3847649e5d6efdac341fdb.jpg,Italy,IT,44.236522,9.711035
740e24084a794d308a837b3ca3e34c33.jpg,Spain,ES,36.738374,-4.238682
0dff167782094ca9bb7178784e2ee981.jpg,Norway,NO,58.902943,6.856785
dcdd0882b36b4ee2821ca7be8cbf13b6.jpg,Sweden,SE,56.369755,13.662614
cb5decc726944d33945fc3eeb71cd9e2.jpg,Turkey,TR,40.868218,30.473355
0f9338e522a94ea4ab4de3636c5f43e0.jpg,Spain,ES,38.87021,-1.778505
11c9d87cb56b4552b99b5e9718e98561.jpg,Poland,PL,53.879468,14.577397
a0830a419b484eca952ae98c67b78f5d.jpg,Poland,PL,54.770229,18.401537
56991f0a519541de84633f4dd0b3533b.jpg,Germany,DE,54.118462,13.107262
a2966d565cc84355823fb5215cc97407.jpg,Finland,FI,64.283483,28.015435
e31c4de57f544851b48b376d3eda0a4e.jpg,France,FR,43.142729,0.424442
f75ff49c27ae4b7792f16dfa1ef4f18f.jpg,Turkey,TR,38.732664,34.052067
28cf282e1d5d46319dd2d50f9fb7ca59.jpg,Italy,IT,36.86963,14.454573
7f375dddde754b2cb35c49526ff996db.jpg,Finland,FI,61.656168,27.146455
7597a8cfc4f64258afc967d124243861.jpg,Sweden,SE,60.222838,13.471974
fe57f1f556cd4d589af8c3a070e87e40.jpg,Germany,DE,50.784476,8.121639
ba0949659017442296ffbe702ee9c7eb.jpg,Turkey,TR,36.647997,29.183829
b6050c41ff1c4a93a9882493830fb541.jpg,Norway,NO,59.482232,11.712211
4c0afa34f1eb428599c00dae7d5fe47d.jpg,Poland,PL,53.70956,17.000648
32f4d8fde8f04b52b377155037b327ec.jpg,Finland,FI,67.73801,24.07949
b4b35fbf3c7d496a8f3f38f94a21b5c3.jpg,Sweden,SE,60.694606,17.015753
6e5caeac647441ec9ee17625096324e0.jpg,Norway,NO,59.619452,8.837766
33ad011d39124b2e9b650b84a1dd5b1e.jpg,Finland,FI,67.12356,25.058337
245b67c717e34ed785091738ab850e1c.jpg,United_Kingdom,GB,55.718009,-3.773253
ae2d9c8781094d0da1ff4f192f29afbe.jpg,Norway,NO,70.179302,23.9321
847e9f9f48dc44d8ab392198a64e0162.jpg,Italy,IT,42.904045,12.014887
a0136e5425bb42a8bb0fc0c40222c31b.jpg,Italy,IT,43.755134,13.046593
459148b6fa824fcd8d0c6d94f03141bb.jpg,Norway,NO,69.487119,19.251727
a854564dac9e4d00858900406d5492d2.jpg,France,FR,45.689551,-1.021596
96b22f8c1001421a9253576f6b6cbcf3.jpg,Italy,IT,40.778038,16.183277
14e45668207e4eacb9bc5994e213dec8.jpg,Turkey,TR,39.594631,39.867247
1f0e482238804c2bacce0f1f118e39c5.jpg,Germany,DE,50.495732,12.974145
4d0a6c08843d4b3b8f5fa38615a8b285.jpg,Poland,PL,51.585864,20.067955
1e98cea4e6d647608a81cca8005b0965.jpg,Belarus,BY,52.523961,24.853925
31a18281806c4ac189a7cd54ca02a514.jpg,Poland,PL,52.039385,20.549024
394b5c075deb436da61911ff8d69e334.jpg,France,FR,46.607638,0.604418
b549f50a168f4eb3aa8ba6d68e580674.jpg,France,FR,44.993358,2.544055
6fb229007756437082764666ba72b18d.jpg,Turkey,TR,39.52427,31.13215
ee3cf36be4204f799f365bf0ffa025e7.jpg,Spain,ES,40.73446,0.820519
74bb195247a244d8899adbe27e607451.jpg,United_Kingdom,GB,53.14069,-0.765848
b7c3f2771c134a16a8f3f724f45e9b04.jpg,Poland,PL,50.948484,17.287538
da605cf0ebc5431baf6fb23930d7bc62.jpg,Poland,PL,51.459902,14.943839
9a336af8b99e47c281024b178be50375.jpg,Turkey,TR,38.58438,27.35098
d1c967cbf7d8415fbeb53bfda04acd48.jpg,Sweden,SE,65.038537,17.018265
b0cf7dee9e7b4b3a98a0605e0cde47d3.jpg,Iceland,IS,65.574966,-22.970211
54f3fa1c6e59438b9eda7fbf96b679ad.jpg,Norway,NO,58.625675,5.746338
5ca1b209b7954481b9245e3a20d988b0.jpg,Sweden,SE,65.053431,17.090103
2c36e610567945eb8198499f74d26570.jpg,Germany,DE,50.56257,9.057892
1bd33d64f7c14e9f863d22c6ebefbd9f.jpg,Iceland,IS,63.474913,-18.571192
a8df051e717f4dceac334a4a32768964.jpg,Germany,DE,51.942316,10.468874
526c42fa6efb49a5872ec6c95b98f17d.jpg,Spain,ES,36.861208,-2.638043
a55896edfafc40d7842814ccf6310447.jpg,Finland,FI,65.985036,25.061583
338c4d8a11a54d64acdd40e6c3f0a982.jpg,Belarus,BY,55.35547,29.22418
0f3241f875b046bdb15dfadd11fc2729.jpg,Belarus,BY,55.157076,27.763945
b4fef3da9a37494596f0e8a0dcf8ccb9.jpg,United_Kingdom,GB,57.541454,-6.601144
633a26949bde43019ee17c71c6b66865.jpg,Spain,ES,38.268901,-6.032707
03941a5d67624d7aa8a32f9a1f7fd670.jpg,France,FR,46.190241,2.080769
99410ad31e8a47dfbb21ee21f5d85ee7.jpg,Spain,ES,39.408563,-0.333925
a419b4fd0ff44063b9704bead7faf6b0.jpg,Germany,DE,51.856473,12.039205
8909110dcfe54048a0e889499b483a5b.jpg,Belarus,BY,53.461111,30.381493
5a6e480d5280404c98843bcb6405a945.jpg,Belarus,BY,53.900517,27.997902
e71cd9e988c94079bd799c22229bd627.jpg,France,FR,42.506531,2.651461
e1ec65dde3444629acdb91fae420aae4.jpg,United_Kingdom,GB,50.433565,-4.571904
41f6485dd88040b8b3b5b3ccb0c0082e.jpg,Norway,NO,67.322475,14.617682
bb2252f5b3874160bb53d4b534e32194.jpg,Iceland,IS,64.058995,-21.530906
1c7bd8b432614d6180b53b6da3a747f7.jpg,Iceland,IS,65.40495,-14.648295
1fa397c197bb455da1b4504675b1a64c.jpg,Turkey,TR,36.362004,33.946935
23a4f75a072e4ec287c21f6bdead6969.jpg,Norway,NO,59.631123,9.996629
ae96b33ba99544e7b7e47caf88debced.jpg,Sweden,SE,62.987129,15.149624
21abfbebdb4f4007929e840c02c50fb6.jpg,Finland,FI,65.869549,24.118966
a50be80d6f354ea78c946b54305fd784.jpg,Italy,IT,40.523145,17.196
332c45e6c69b44b2befaf24791e41748.jpg,Germany,DE,52.847888,12.54426
f013a67d45f841b0b294a4e4536af75d.jpg,Spain,ES,28.049119,-14.331713
7dad8605721f49d48b887b49e7f0ce7e.jpg,Sweden,SE,59.705361,15.108296
60b8073f2da94814a65e21d1a5f12b36.jpg,Iceland,IS,65.798755,-22.510126
64b0a3bf8fdf49d7897a499a75f2f0d9.jpg,Italy,IT,38.020595,14.05986
e0f74e96ee524f94a46403a7dd814550.jpg,Italy,IT,40.91812,9.378273
e474730f4ba84d8f9d4b481c9de4a1a0.jpg,Finland,FI,62.950203,25.821468
c1eada98579640ba98f7dc508d65cb9d.jpg,Sweden,SE,66.028583,21.091289
4c40a21734d54ca6ab74f43db7f39546.jpg,Turkey,TR,38.514323,27.960818
679e6703e6514487921afc4dbdbf992a.jpg,Germany,DE,52.479247,9.679701
a77646971d654fcdb5a204cfe8c65c77.jpg,Norway,NO,68.693948,17.993501
70bdde0cbe8e42c2b36e7c750ac274ee.jpg,France,FR,46.809702,-1.337613
b89c0fd10b794f17a8c3eae49f51b761.jpg,Poland,PL,54.116298,22.867048
55d62afb632a4202b11c12839997a807.jpg,Turkey,TR,38.228252,41.06245
8c74c7757429486c8d4c9a58d5695b3f.jpg,United_Kingdom,GB,50.465477,-4.698527
fed9fcf60156498d8c43ee2f86d501e4.jpg,France,FR,47.774731,-1.162269
301dedbef035438696c97ae3b5914b0d.jpg,Iceland,IS,65.654307,-23.252679
af523778074f4fbeb25787f0dd910b72.jpg,Iceland,IS,65.900978,-22.353316
c23e6b05dc474cebb4b21294bf7d8bdb.jpg,France,FR,43.758281,-1.394736
66159cd2331e45fcad8ff53330db44c3.jpg,Norway,NO,65.049269,13.306574
3ee5112c10d2461cbc0da44868c3418a.jpg,Germany,DE,53.608195,7.286373
5503dd1f1f7b4fe1abddeeb714450dda.jpg,Sweden,SE,60.814739,13.429015
52093e3ebe424a848c835092ee8491f1.jpg,Sweden,SE,59.577443,16.845407
d48c23d65d2e4e6194486d22612e58ca.jpg,Finland,FI,68.097884,25.459827
9d4bf0d13584456cb86afced3d09a8ce.jpg,Poland,PL,54.227283,16.347459
856899c038074f8cbc839afd12144781.jpg,France,FR,46.443021,4.146284
11fbedb70d9041cea838f05db34cb8e3.jpg,Germany,DE,49.889983,6.468276
3f7b50a5a2ac48ee9f5c3448cf75eae5.jpg,France,FR,45.079301,0.061473
c01888e40f2c47f09c76bc7ebc4c6687.jpg,Turkey,TR,38.468944,42.465505
5600f6c4a48a44c99bb9ad1a550ff5a5.jpg,Norway,NO,68.248372,17.412452
c1f84afa05d24d8e96f4d0bc2e4281a2.jpg,Finland,FI,61.91961,28.575552
c70f5ea0c00747fc88d2e5419d726d87.jpg,Italy,IT,41.567413,14.805446
d931a092ffe9441ca9b4e95a310f1029.jpg,Norway,NO,65.118552,14.522694
714eee4604e14464b8ba0a8d11a5885b.jpg,Norway,NO,62.544315,6.124137
5123e246fcb64b9d9a1bb6baa2ca2f6e.jpg,Belarus,BY,55.717488,28.585856
530a12aba89244258de83c2525598a58.jpg,Finland,FI,66.840689,28.688462
8592c1bce92343bb827b6d2e363ae542.jpg,Iceland,IS,66.125696,-18.888237
1d832eaffc814b9f99b80aacb48a0d7f.jpg,Belarus,BY,55.101897,30.262836
6b68947e5afb420b8c2081909c90a204.jpg,United_Kingdom,GB,56.199409,-5.509458
97812b37fb654c578d6b2248bd81cb65.jpg,Norway,NO,68.651236,17.690189
90d7863a04a14f4e86a1fe9d2d3ee6ae.jpg,France,FR,45.223192,2.17973
74531b87f0f2424c8e5e39f6b527954a.jpg,Iceland,IS,63.982126,-22.38325
dd8d18d4546741f2963b9ebd1c9c0b6c.jpg,United_Kingdom,GB,54.51044,-3.479725
d9a0b817c1c44668bb449532742139d8.jpg,Italy,IT,37.188444,14.763702
79f2032ec73b42378dd3fdedebe7ae39.jpg,Italy,IT,43.709133,10.614805
1cff8d2686ce4e379b0107f9861ce10b.jpg,Germany,DE,48.239171,11.856685
613377baec2343639fd21a4d130af806.jpg,Norway,NO,71.102416,25.740126
20fbd737b2ef4185a30cd9df68be4100.jpg,Spain,ES,28.500037,-17.847227
725c14efca9248c2a923cbd82e96fd37.jpg,Italy,IT,39.558714,8.878968
fb0c85baf3414d3e9081aa4ccfec6bdb.jpg,Belarus,BY,54.215786,26.352915
9c85e205e6784bf2a34c2abaed5a54ef.jpg,United_Kingdom,GB,52.63502,-1.343146
ad6b86a23a59416c99ece27962549dd4.jpg,Italy,IT,39.913019,15.784227
038bf801b12c483c8bbe81ccc36020cc.jpg,France,FR,49.514203,3.765998
e89e3644569d4fd1a7661dfae27a26ca.jpg,Germany,DE,52.076844,6.813723
4b71214227b34b8dbfb2b110f770052e.jpg,Iceland,IS,63.949013,-22.427366
b1fb95cbbcf745c5a7197245aaabbd76.jpg,Finland,FI,60.319308,25.270864
03f24504e5654a91bb92a7d4fe8845cb.jpg,Germany,DE,53.439991,8.340358
6242318c3dfa42c89e3248d5bc8b66c8.jpg,France,FR,43.936445,5.913326
e5e90be4d651490ca912ea800af3370e.jpg,Finland,FI,61.290735,22.170811
4e8ebd2714694ef3a24ecb6cbaa4e788.jpg,Turkey,TR,38.446744,42.342086
12885d92b8f741298fcd0c39fa3962e3.jpg,United_Kingdom,GB,50.321836,-4.839508
9377a784670247148e52dd187bfbec3d.jpg,Finland,FI,65.569793,28.922892
e27fb3e17d0a40c492d9ff655b5b73ba.jpg,Belarus,BY,55.394973,28.44172
620316c5cac447028810b532b84d7479.jpg,Spain,ES,28.053033,-14.353589
a6df43a46dc244e6ae00b0c91481c474.jpg,Spain,ES,36.748422,-3.511172
d5b298b91ef94878b64f192be42c0c93.jpg,France,FR,41.82091,9.403181
58805ff571404011b9c3cce99a300acd.jpg,Finland,FI,64.193587,28.399941
01a838bfc1014b62bb3669ef272b0678.jpg,Spain,ES,28.928276,-13.652843
68d7118434904f90bf38f4f796e25adc.jpg,Turkey,TR,37.409408,35.782476
08f81d5b8ef944f0a6fd6b0dd85fde4e.jpg,Turkey,TR,36.838576,35.627548
6a806660db6f4fe3917e348ff87933b0.jpg,Spain,ES,28.076307,-14.42836
da5734a548e64e6b90a620b4963172b2.jpg,Italy,IT,45.952691,9.041908
703a3dc490fe44f4ba809a2d295ffed2.jpg,France,FR,47.375226,-0.414861
79fb1d558c1848daae7d8e5e94fe0fb4.jpg,Finland,FI,64.128374,28.104289
dc11c9e70ca0462a974fc1f77b42883b.jpg,Sweden,SE,61.45792,14.875105
85cf8bffa7f04e61bea02f761a459829.jpg,France,FR,48.21379,-4.523894
7c26f74afe5f475fa885fe18b02a33cc.jpg,Norway,NO,62.485978,6.485301
4f2e0e875dc948918b4702577badc62a.jpg,Italy,IT,38.481045,16.518357
07eb572d9b384b6cbe4cee9fe9b1dd00.jpg,Italy,IT,36.815249,15.069422
256cdeabb1d1432a859a014f4307e1d2.jpg,France,FR,49.655832,-1.2545
cdcec128ab9e4d6090dc97684012e2f1.jpg,Germany,DE,48.820933,9.936475
358e44cea1ad402094f9a1bc1bac1a6e.jpg,Finland,FI,62.666242,25.742619
846de83ac8244171a1dad42dcfec41ed.jpg,Poland,PL,49.388712,22.127969
2bc90ac75b234464a14a873ad5fa54d0.jpg,United_Kingdom,GB,52.603935,1.057344
e1f4120116004020acb85e4b4ce3318f.jpg,Italy,IT,45.83152,12.600464
f8fbc23728ee4dc2b9d04a4ab3800d36.jpg,Iceland,IS,64.368309,-15.315474
a771dce46a4b4408afb9acf064ae2793.jpg,Iceland,IS,65.626167,-14.995762
549591777fa74368a66c6a46d2491a81.jpg,Belarus,BY,52.629367,25.510171
40c6f67354e14899bda76a1fa218ee0b.jpg,Germany,DE,52.941441,7.834432
ab8c574ab43c4894b529bc2740b03ceb.jpg,Poland,PL,52.389206,20.430847
7e01f13387ef4f3791224a2fb8ceaf3d.jpg,Poland,PL,49.573315,21.508974
445f333180fc41c08f03478733b2d0c5.jpg,Germany,DE,50.128365,11.095163
a142c979f36146c8a734f2127da6d10e.jpg,Spain,ES,43.371682,-5.375104
9e219b61391c445baaa19752f34ccc6f.jpg,Turkey,TR,40.747462,31.413431
f70e273eee2746eebca72ef434aeffdd.jpg,Turkey,TR,39.547119,43.949012
f582ad89602c42d3bd7bfecce08c9d1d.jpg,Iceland,IS,64.79304,-14.004019
dff1d9125f4546dcb0a70ece41bea886.jpg,Poland,PL,54.163802,20.232255
fdd1ddc66e85414d9aa99ad15d188002.jpg,Belarus,BY,53.089221,25.250501
1b5dcf7d96e945cfac87ab2142bd3c9f.jpg,Norway,NO,66.31855,13.073391
9f44d68c30ed439e9ce57cf3ecd048c1.jpg,Iceland,IS,65.637273,-14.995831
d03e9eef7574451c88dc51cd51cc6932.jpg,France,FR,46.161105,0.171344
6c3b3d80bd4341d7952a18a2f2f3c5c3.jpg,United_Kingdom,GB,50.313677,-4.932781
703938a58dab439eaf69e7db9ac06831.jpg,Turkey,TR,38.236333,40.97692
c9cd6759614b4f359aa928c3c77aa427.jpg,Sweden,SE,55.402082,13.605754
f79314bad98b4a1fa23c2d59c4e8d8ba.jpg,Finland,FI,62.891352,25.813222
d6138129569b4df28ac1d88333eebe73.jpg,Turkey,TR,36.707765,33.13097
ec9cc7d7770642fba736f62953186b9b.jpg,Germany,DE,52.589458,7.395857
ebf3681d51c64322935cd18942e70a7b.jpg,Sweden,SE,65.44812,19.405075
33ee45ccc32c4847b18e8904eaf2b3d3.jpg,Germany,DE,52.08898,13.800782
f6455abaade1452fbc88fa142c48d02f.jpg,Sweden,SE,63.627392,14.751056
ad1006f6f3bc47cab457bc9e3d84858b.jpg,Turkey,TR,39.536942,31.67007
2b95e67e3af44d9aae22494c177cc883.jpg,Italy,IT,40.75062,17.646696
563c8d6a1dc94a4f8988aec1d6e9ce35.jpg,Iceland,IS,63.843724,-22.409829
395e02953e844e9eaab2bfdb2e49dc92.jpg,Sweden,SE,62.200191,17.495495
6eefa1bae4284752823cf82316618c0d.jpg,Turkey,TR,40.421366,30.0416
36c1ae5b4fdc42cb9755245a53393ee5.jpg,Germany,DE,48.019862,12.734615
8d35b816763b426096fa0bb12d58acec.jpg,France,FR,43.754902,3.465007
4cd85665cf3b40cf95c6aca77d092095.jpg,France,FR,49.116224,-0.508314
f0ec0ea39bd64d728dfbb93242949893.jpg,France,FR,49.522354,-1.784818
39cdc7ffa3584c5fb13a2be15ceb1e90.jpg,France,FR,47.534837,1.307801
f3803cce03464517b7c2c6534e549bf4.jpg,France,FR,48.524769,6.227074
5902af5a09364093848070b4d4f26b33.jpg,Belarus,BY,52.212889,27.864871
0ff486f5c76c4ae0abd47f8992983fd1.jpg,Finland,FI,61.420121,22.915087
c918f61d7a694d85b5992d16291187cf.jpg,Spain,ES,41.734647,-3.858999
4f516fa2690e43ceb15e0815ccd0395d.jpg,Finland,FI,61.276248,23.472137
ae716c57a290455a858a2e9f41fe6973.jpg,Belarus,BY,54.649332,26.91281
c1a85e0f5d4743d3b503b307f92ea04c.jpg,Poland,PL,50.62943,16.827918
650558955ea24207bad79712ab77a57a.jpg,Norway,NO,68.440496,16.006595
dd28d87a03084421bc2662597be58ddd.jpg,Iceland,IS,65.718157,-19.375574
2744fa0138024df9b0af43458abe1881.jpg,Sweden,SE,63.819623,13.10823
fb91efbd30884016ac45c95ed357b23e.jpg,Spain,ES,37.636477,-0.904824
5a17c7bb89f14878ad47e5c14da12d12.jpg,Turkey,TR,38.641537,27.442074
e26aaae54da0488b89d3e32a433a0218.jpg,Turkey,TR,41.520366,31.922006
7d11a45cbe4642619cbc256ab9c98a64.jpg,Finland,FI,60.059376,24.265561
50460414b229415fb940de88c0a8cf22.jpg,Iceland,IS,65.03562,-14.109742
ed8f010463b24b1daf17590a4156b530.jpg,Poland,PL,54.199624,17.384906
1cf621d229cd4ebf90b6d1aa1e82ef82.jpg,France,FR,47.977211,-1.203199
c58d9f8ba1ed46d4aa8a6bc7fb536c3c.jpg,Finland,FI,63.012098,22.12502
4f34918abe6f4fbc8c5ffe6ef309011d.jpg,Turkey,TR,40.667486,26.963609
c8d6393e4da34945be538fb977902b45.jpg,Iceland,IS,66.059878,-19.137073
709c66922fba48f19d4499e77abff974.jpg,Poland,PL,52.740526,20.298494
e6582a1002464449a418cb63c0356161.jpg,Italy,IT,40.702331,13.917072
0376b35448a249bdb4ad4b20b3af32ff.jpg,Germany,DE,53.806674,10.4825
c5d7c3b50db14f7db46759ad35c6400d.jpg,Finland,FI,61.8653,27.776802
059309340f9b4e14941788df555956bf.jpg,Italy,IT,40.775881,17.056954
266efd3931274dd5b322fb3613ed6f28.jpg,United_Kingdom,GB,55.310863,-1.948639
a8d39dc8371546be9340d79e88347b47.jpg,Germany,DE,49.643446,6.745526
a7ed1295f0c24acfac1a4b754ce3ae43.jpg,Germany,DE,51.82978,7.737757
be0982f4653344c7b2f8f33ff8c00c9b.jpg,Belarus,BY,54.597116,27.896206
018268d2fd8a4bafbbbe32f8a8303ced.jpg,Norway,NO,64.950148,13.183342
80fb8e25220540bbb7955f3ef79d3c8f.jpg,Iceland,IS,65.278768,-14.418585
7bdf7280e6e54c20a8c01b81d5b8b102.jpg,Belarus,BY,55.114673,30.31978
44e09a764e0047d0987b78267ee0572b.jpg,Sweden,SE,63.720373,16.159448
9426411cb22a48bb880808e313a6c075.jpg,Sweden,SE,60.928301,16.355499
4cb45c988b3b4bdd9c3dcd4c9423c4d6.jpg,United_Kingdom,GB,53.853535,-0.415425
c30a4950b3e54d22a323ff87874bb824.jpg,Finland,FI,66.138562,28.489213
d233556d65e54071882b7536b40e0a54.jpg,Spain,ES,42.968903,-4.979859
319ebb40c531447d9444e83384686f0f.jpg,Italy,IT,44.411731,7.223532
c416a8c8f1e9443fb4d0d431fcafca3d.jpg,Germany,DE,51.713763,6.380922
9bd78cda74d14cdf8b248fb21b7b8b03.jpg,Finland,FI,68.499001,27.478275
d43ea22fe8a246e9b5ccc38435925bba.jpg,Finland,FI,63.878251,25.809625
23d8bf2490324c63a822872b53083e7b.jpg,Turkey,TR,39.01191,36.078934
97896d2991344c66bbdd4227fca2d052.jpg,Poland,PL,51.959381,20.573478
dfce215b8e734003a3962dca2fda2739.jpg,Germany,DE,52.851071,9.176553
c4cb71fb92764073be2433274d6634bd.jpg,Poland,PL,52.492906,23.117211
d7283b877a8445a493b47aff0ff9b736.jpg,Spain,ES,41.596439,-2.519617
6834b94943af4a179c2f7d9ad1145b36.jpg,Spain,ES,42.075879,-1.640609
e8b91ed79d594a0fb7d8dbe04dd044d4.jpg,Iceland,IS,64.532197,-14.555784
d7b1ae4ae3564d849a2dc7981229a2a2.jpg,Poland,PL,49.944497,21.327826
601516ab371c4f598bcbf81d187efbbd.jpg,Germany,DE,51.941015,12.405843
379490ce4040410fac7826ce0f5fa742.jpg,Germany,DE,51.759107,11.671638
1788a45bd21340a8b22d253cc1c9630e.jpg,Norway,NO,63.101936,9.475171
7ac405080ee74015beadfc23398dbc9a.jpg,Norway,NO,67.260253,15.43316
e13dcaca92ef41e5ae090083ac689a52.jpg,United_Kingdom,GB,52.078732,1.336618
572d922c07f546bcab3f6903752c930c.jpg,France,FR,41.587986,9.304393
7bbb166f6ca24e8db9a56394b5f3b290.jpg,Poland,PL,51.351261,22.736211
8b0560f1d9474a81b6c14c4a5b4e7fce.jpg,Poland,PL,53.123049,19.517809
1ebb51ad7b704049bfdffb2e66c3aef4.jpg,Iceland,IS,63.856308,-22.429486
a8303ee8513d4d618b080759fca2dbe6.jpg,Sweden,SE,64.147495,15.245379
20057d73e02f43d8a69d8c5189ffcb04.jpg,Italy,IT,37.967198,13.770073
1e29784c2af042e48a65fd7ec74b9566.jpg,Italy,IT,37.804739,15.132168
1a9c477be12a4d11b979aad489089499.jpg,Norway,NO,60.082473,9.846815
5032e723b1ae44e7aeea10c615f9f840.jpg,Italy,IT,40.21993,9.01629
8f4c9eb6d731463985d2079f0d456f38.jpg,Belarus,BY,53.605371,25.764625
1910306cdb0d4317b0500e32fc66ab78.jpg,Turkey,TR,38.825602,35.640365
fbfc26430f454c11b457caa70fed7b93.jpg,Spain,ES,42.632736,-5.743861
a6b55e0317a54f869afb13287fccb512.jpg,Sweden,SE,57.416652,18.355601
d57f78483d8e4b8dbb03e2abaa8a1acc.jpg,Germany,DE,48.411993,13.316801
46576bba1efc41e8809a40417cdc3382.jpg,Italy,IT,40.58037,16.577038
a7c586007e1148a19da6d801e907d02e.jpg,Iceland,IS,64.290192,-15.088645
6fae3da18149483598450bcc2d800342.jpg,Germany,DE,51.752153,6.239854
f412c383fda146f88dae842e97b8d91f.jpg,Iceland,IS,65.868055,-14.82009
2ed2cc340d204296a8c9e148c8b98ac4.jpg,Poland,PL,49.752054,22.020726
b9fb41ab067d4e5ca789902872d63eee.jpg,Turkey,TR,39.21845,31.347428
771bb90af7f747b99abb9f2ad17b4552.jpg,Turkey,TR,38.725691,35.460687
3f56cd6dd0644dc6bed302e32c987aaf.jpg,Italy,IT,40.556778,9.676255
bbaba6e1a2a54d668d20323e5de5769e.jpg,Turkey,TR,39.562467,44.063764
0069ba77e4454caca74a367303668dd2.jpg,Italy,IT,42.779707,11.124759
54ce20a5ce794cc6abbb23a7b20ced0f.jpg,Sweden,SE,66.594658,19.892573
866bf71488314aa9bec7342f0e0ba6d9.jpg,Spain,ES,43.016551,-8.431304
5f5d72a1773e425085062ddd5c5d883e.jpg,Belarus,BY,53.024953,25.699509
660ad3c00c1e4251b15585c765a680cc.jpg,Sweden,SE,55.590822,14.235687
1de03af923114ab088ef230d7508e028.jpg,Germany,DE,50.59965,11.500986
7109df9423c14bcaa34ba83978e0ab24.jpg,Turkey,TR,37.867859,32.49473
b5e1a219e14f40919560c0546f2edfe3.jpg,Finland,FI,61.337578,21.843519
44caa0e234db47b5adeac1a17f83f6c3.jpg,Spain,ES,28.055729,-14.354486
e8b1719945d644858968aa96b8079d7c.jpg,Spain,ES,36.328017,-5.928258
9b0c3014fd5e450a9b7ddf442492681d.jpg,France,FR,45.374621,-1.08086
a53dcf6b40984150a09a3c2fe2469123.jpg,Iceland,IS,65.0365,-22.753404
484d085b286049a78f99b1e6eeb47047.jpg,France,FR,44.170353,3.694881
c92cbb469b7344369d7acda8fb9271ed.jpg,Spain,ES,41.172185,0.928257
631753e614d347e697de2a5b4cdb610d.jpg,United_Kingdom,GB,56.724715,-2.55703
2b4b56a6392e45b38031f72b6d0961e5.jpg,France,FR,48.62322,-4.54218
27f7595eb98e49189361480a341e5030.jpg,United_Kingdom,GB,58.532714,-4.286441
14b44d59c2a64e988e8c9488fcdafd31.jpg,Spain,ES,38.021713,-4.168902
ea752dbcae55473881138316082bc56c.jpg,Turkey,TR,38.37167,42.742184
abc0fb23eccb4cf0abe71d37de1569e3.jpg,Spain,ES,39.747495,3.165364
79f064016bf840a1a90212a259463c57.jpg,Sweden,SE,64.114084,20.717213
f2f313d9002f41ee9bc64dcb0be0be49.jpg,Turkey,TR,36.226584,36.132054
6b1eea489ed6438c87cfa811c05f5188.jpg,Spain,ES,41.080506,-1.04089
7733f7f72712448fb2c09213a6cfec87.jpg,Germany,DE,52.228871,14.061555
e563cdebc7064b79ae5d354e768ae09b.jpg,Sweden,SE,66.214245,17.255986
034a22002d0d414e9147a873a065d059.jpg,Poland,PL,51.29785,22.142687
c2cf658cd61444058dca4516d24a85ea.jpg,Spain,ES,42.424623,-0.795263
2830c8285ae84b1aaf6d15ea26794ab4.jpg,United_Kingdom,GB,58.631813,-3.228085
9e41b0d5eb6d42e4abbcfd16da19d3b5.jpg,Turkey,TR,40.242425,37.956072
c6f330e4316041358550d690d37671d0.jpg,Poland,PL,53.651157,21.508732
135b104a47c54fa4a89675284fae51e0.jpg,Sweden,SE,56.879623,13.806792
a6dba9d930d6472b890030f738cde815.jpg,Italy,IT,37.856413,14.921862
0bcbbe061b0b4217a98ebe37c9a11e24.jpg,Germany,DE,51.651684,6.355795
675b799b2151428c8d594ff232860e0c.jpg,France,FR,46.750883,-1.658808
af3b62fec2e940ab9ab8e8eef90d58bb.jpg,Sweden,SE,58.548535,16.646527
d2b514e63e494d468ef6f800d635976b.jpg,Finland,FI,65.261506,27.538558
9a9266b03d3240e2b67593c78cecccdb.jpg,Finland,FI,61.197643,25.232576
65377aca196946a7a9c2529e7595bedb.jpg,Belarus,BY,55.896482,28.617981
4e4c3c5c64e6449baa097fee75d5643a.jpg,Turkey,TR,40.99108,37.875621
c31d6f9393914f9288d5823382700f09.jpg,Finland,FI,64.558399,25.681527
1e51c0651be5414d81c678d6ba1a5f70.jpg,Poland,PL,52.670344,16.90103
3574c10589f84e1e93739f8af3fa0708.jpg,Italy,IT,40.90256,16.428411
01f9471bda184521a7d9d773c2c0f74f.jpg,Spain,ES,38.533243,-3.493837
4a7b74f6daa049f5b8a20225d1d221d3.jpg,Germany,DE,47.980245,10.899062
8b79e3ef970e4a35a485bf1de1d08f98.jpg,Turkey,TR,39.142017,37.508772
303b668ac0ef4608a4d2c655317fbfe4.jpg,Germany,DE,48.020281,8.080641
43ffd39193fd49b99d5195eef8eef40a.jpg,France,FR,48.653212,1.963364
13e954455ec84769976cc1c522bfdc24.jpg,Norway,NO,58.785985,9.04434
97e943108a46447691335b790c3fe694.jpg,Iceland,IS,65.731707,-19.641975
59dba2f3c7cc49e08ebcb5167349993c.jpg,Belarus,BY,51.644104,29.102623
db4e4618328d4c4da3f6cc5ea41aad73.jpg,Spain,ES,40.811192,-4.611317
7243886f5b6d4710bf7b834544e56279.jpg,Iceland,IS,64.716348,-14.324656
3d0759ee5d8e406ea796f723c25ca356.jpg,Spain,ES,42.725483,0.960231
d6f9596d72824c699e730eab578f31cc.jpg,Spain,ES,43.64486,-7.603017
acbd209369aa42769e5471b3659e8dbf.jpg,France,FR,44.350657,5.046733
8e64756839c240ef997fd3cbbf55b9f7.jpg,Sweden,SE,55.481991,14.250514
16d7f13dff7842a2aa30932ea49bd705.jpg,Norway,NO,71.115155,25.700046
e6b47c9a811f4e27aefa623bcd1026dd.jpg,France,FR,43.783112,1.428261
d52c8821ae4443ad832bda690d012758.jpg,Sweden,SE,62.915515,18.00268
3f6fd0f151e945a88aad8cbe93353dcb.jpg,Iceland,IS,63.918342,-16.510427
02f49a8f8a614cc1a870d1d9003ec954.jpg,Turkey,TR,39.524323,44.238627
756f898838884702bc74aa81c66525aa.jpg,Italy,IT,42.543579,12.259043
8bed58255c7341e88cba667e1e6eb775.jpg,Iceland,IS,65.990386,-17.379438
9c3f596a97f245a0b42ddd885be1fc38.jpg,Belarus,BY,54.768076,28.446439
2c230395102640d3ad7fcfb616a71c89.jpg,United_Kingdom,GB,58.556016,-3.087444
41b01714577a416d8cc4f2cf3036a888.jpg,Sweden,SE,57.612762,18.557269
ee5629b7a4734230bcfcaa5fcc9fc389.jpg,United_Kingdom,GB,56.324567,-6.362092
cd373f67591f449d83401b393e7bf3f1.jpg,Italy,IT,40.598532,9.694532
08752f31443243b488cae954648c974f.jpg,Germany,DE,51.713992,6.388821
07f9050f4345415daaca53083a814c1f.jpg,Turkey,TR,38.886565,35.590934
356230f216aa4f65a207d97676238e3a.jpg,Sweden,SE,57.251732,17.013225
ce88d4488a9943febed9a71065c740f1.jpg,Belarus,BY,55.978685,28.646452
ae42d17b569549ecba4196bb0f1bed76.jpg,Poland,PL,51.921287,19.385935
c2d463922b0e4135932956e62ffcabb1.jpg,France,FR,46.010833,5.951341
92276749810244359ba783f5839dc6cf.jpg,Turkey,TR,40.956067,40.032044
dfe0f169ae994eef840d9526d9e7df81.jpg,United_Kingdom,GB,52.01146,-4.880304
58bcb7848c31423fa5e21810344250f9.jpg,United_Kingdom,GB,53.650886,-1.736441
04e8af0635b646f587744c71513794be.jpg,Italy,IT,43.013803,11.910282
9d2da6e285284f028f1f5d7eecb2a66f.jpg,France,FR,50.765739,2.758175
98181bcb19fa4c3b995a221a2305c187.jpg,Spain,ES,42.072375,-8.74651
5c9ba3dd23bd4684b4e49dec0665a2cf.jpg,United_Kingdom,GB,50.422755,-4.665018
cc88ff2c6d0145d1b2dd7a7f8c5c2b4a.jpg,United_Kingdom,GB,50.226573,-3.710687
16dab81368634a3fb08e632c1ba6d30a.jpg,Germany,DE,53.997436,11.540971
5f9739e15d0c4713844e92108bb5a7de.jpg,Norway,NO,70.162509,28.571518
42b1194f82d242bcb108046dea5124f7.jpg,Sweden,SE,64.062343,19.035809
4ba41ff7c9594e74a908929e1c195575.jpg,Belarus,BY,53.973585,30.466683
ec22902aa00345d28cf0cd62133dfad4.jpg,Spain,ES,43.390259,-4.375276
376dce1f90994717aa0ae1516ffcc784.jpg,Turkey,TR,40.727107,35.78075
9a7b57c0d5dc4e5899b709b04b76aae8.jpg,United_Kingdom,GB,54.200853,-6.094424
37c03c416c774c8f8d2a6c4110033686.jpg,Sweden,SE,57.057636,12.499418
b70c6ea2992e4c1fa4d338162268046d.jpg,Poland,PL,54.447917,17.321039
77886e9ab5754f3ca33f04e8351d72b7.jpg,Norway,NO,61.95375,11.764537
4b3300fc8f264dc882f088c97ee999be.jpg,Sweden,SE,62.106702,13.385703
d95a26fcb200473d8c62cf8e53a000a6.jpg,Germany,DE,51.71786,9.846006
3c6fd1e5d5844233a5d86f562fd3d00d.jpg,Turkey,TR,38.350516,27.149765
7bfa3892e10b4159a9b5ab66bd48ca73.jpg,Poland,PL,52.481525,21.639197
fa720bc176994310a48ff61a35ee984b.jpg,United_Kingdom,GB,56.837529,-4.712546
42f3b1ba3a694395ae2a5a24e9f079df.jpg,Iceland,IS,63.951738,-16.843062
974f5c1150db4dc09c7a681fd3d49e76.jpg,United_Kingdom,GB,58.548991,-4.68135
6995a507f22e4fa48f6ec689ab6fca70.jpg,France,FR,44.606244,1.960639
e8edcc8b23f44c39bfc4f25dd84e0996.jpg,United_Kingdom,GB,56.883079,-5.049903
65c8055c74ca4de1b37629d0bf9268a6.jpg,Norway,NO,62.02595,12.972693
9aa0513fef5e4e5ba187aaf74e3c5c48.jpg,Finland,FI,63.191106,30.518393
7d361abeb07c4c85b55751e9a56ace74.jpg,France,FR,50.284515,3.662148
5c136dda59ba45cca6153e2ae0124be3.jpg,Sweden,SE,68.229998,19.663377
8d53bb2f84bd4af584f34742762b4578.jpg,Poland,PL,53.351449,19.228265
cf4ae5a256e44bb38e7a3aea4156dccf.jpg,Norway,NO,59.94705,6.584035
aa12f3ccbf31427184a4c6267506ef63.jpg,Belarus,BY,52.516798,24.397048
24562c482eb64392945abb31db5ec7ee.jpg,Turkey,TR,36.831832,34.493747
1527e75841ad4582ae517b7666551689.jpg,Iceland,IS,65.762811,-22.167692
0b63ca52fb5f4527b6636c1eb2d57833.jpg,United_Kingdom,GB,52.330688,1.340647
dcdf46e17b3e4a48a960e3763f212a8e.jpg,Italy,IT,43.910386,7.764451
24de907b02074f2487f182107cf43fd7.jpg,Finland,FI,64.259673,29.564288
23a0386827424c97b10d6ec501e8dbdc.jpg,Poland,PL,53.808104,22.966898
dde14dc6a0a144738a6ff9a8cd20646a.jpg,Poland,PL,51.589535,18.659561
e9e20563cac24776832454c2f510e2b6.jpg,Sweden,SE,62.182355,17.163348
7a19f501deaf434e9ca139167c0609a6.jpg,Belarus,BY,55.774632,28.603931
53ac9f35d368487ab2eeedf560ee59f8.jpg,Sweden,SE,58.070875,12.842856
439d798fd3924042964faa9793219446.jpg,Poland,PL,51.021673,22.656825
fd537341e1df43cfa1794a2d0cc3e557.jpg,Finland,FI,66.602971,28.973661
c991406261134b37aa6638241b667ab7.jpg,Sweden,SE,60.134387,15.676151
62783c0c6ea941eabc98f33911a8a614.jpg,Turkey,TR,39.037385,35.732582
eb5b0a7336e143d18a9906ab28e4579f.jpg,Sweden,SE,66.671413,20.166142
15656ecaa26c44fba6fd9ac590dc2d70.jpg,Belarus,BY,54.365033,29.165801
9095e99b98514904b834fffd2f58d012.jpg,Italy,IT,40.731563,8.816723
db712da765e54188a8ca072c2189959d.jpg,Poland,PL,53.297792,22.454951
4c64a17894694222bd328d5652b44b46.jpg,Turkey,TR,39.791325,34.196772
25bb63b894704501b335ccd87b393feb.jpg,United_Kingdom,GB,55.227553,-6.438043
915d7ea411574146a8fefb96e84d79b2.jpg,Germany,DE,53.094623,10.756645
13b9714998bd4002aeba81dfc96f67e5.jpg,Poland,PL,53.993526,17.961104
21b68f67357e4dcb9728589885494aea.jpg,United_Kingdom,GB,54.690502,-6.12703
8614ddb9ae4145f682e431bf6e32e4ef.jpg,Germany,DE,53.030128,12.617425
04de89624887493e89dfc5dedfb20959.jpg,Germany,DE,52.889452,12.265368
fd7db3ae2b7847548f995d430802f1d7.jpg,Italy,IT,39.062047,8.433358
2286fd6259ab41d3b64e143daefc661d.jpg,Sweden,SE,65.461734,16.795965
54f714c7bbc245debbab2880e84a240d.jpg,Norway,NO,58.492778,5.9095
6256c41a75c64c3bafd0ec31db01299c.jpg,Germany,DE,53.480627,13.226439
6cc4cca0bb354241a6b636c7eb83a559.jpg,Spain,ES,37.248216,-5.396022
35378896d9de45239801d1767bfec244.jpg,Finland,FI,65.831182,25.321981
6b5550e8a6e443f7abbb4069e373142b.jpg,France,FR,45.602265,2.727763
a7d502541a0f44279ea06e4c5fb67c9e.jpg,Iceland,IS,63.832103,-22.492297
33d57a7a9c414dc687780f87b58e2ac1.jpg,Germany,DE,51.796118,13.755521
cbcfcaef15e249369515e0b272e691e9.jpg,Germany,DE,53.291893,9.237803
cd559004fc5f43f38cde2bfde1018df5.jpg,Sweden,SE,56.849456,16.641989
84cd825216154424bb212dc76254f5cd.jpg,Germany,DE,51.07726,10.10035
511513099a5345f5983a8d7622e3b4af.jpg,United_Kingdom,GB,56.517059,-3.763898
c1302b7839b141709a1ef8d6a44bd16a.jpg,Finland,FI,65.889458,25.672381
1e806095c728496596d8f2619344b1e9.jpg,United_Kingdom,GB,50.127402,-5.308162
9881e45c544b4e9badee57435a0ea734.jpg,Spain,ES,40.931791,-3.830881
8741fb202a2f4296891629fc6d0b54e3.jpg,Iceland,IS,65.377849,-14.530702
521af041d9ee43808604bec39a11560e.jpg,France,FR,44.554741,1.100156
ac93b0ca8e1f4518bf5ab67c55dd72d8.jpg,Poland,PL,53.436462,19.843187
d9c5bb43824a40e983a956298fb28d40.jpg,Belarus,BY,52.636229,30.84029
172e317dbae44fe286f51337894a76e4.jpg,Germany,DE,52.044924,11.878366
65fe6b2299e440a6a2a4f3f44289837c.jpg,Sweden,SE,58.649581,12.054396
6310e81d76bc40eaa7192d764bcb2a5c.jpg,France,FR,47.30832,4.112524
bfafeaa4628b4d999629724fffbb34e0.jpg,Turkey,TR,38.7801,33.64036
409c9f09cda041dfa3c0f9a293a4b307.jpg,Italy,IT,39.43589,15.999957
9de8153db73e475ba049af950343690a.jpg,Poland,PL,53.061291,14.953235
20c88c1253654f5184c7e0a2e59b1aeb.jpg,Spain,ES,39.569032,2.775868
81370e484d97465eb13b4e86de163b44.jpg,Finland,FI,65.157292,27.662605
7e1bed0e5dc04ac6b8889f51c929c4c0.jpg,Norway,NO,60.523134,5.302453
f131af7683a747a9ae2ecd1f0bdcd843.jpg,Finland,FI,61.19598,21.710503
83b6bbe4209a4ee88b5c0fd9d078893f.jpg,Germany,DE,50.662183,7.077611
3e3498ed1f764294b40329feea0ca237.jpg,Germany,DE,47.658689,10.740538
02e9f0d9c7194f4aadc7bcecca1e4717.jpg,Poland,PL,49.809913,22.510039
54bbbd38b4f94245a4063e2160861e0b.jpg,France,FR,41.824636,9.402043
6ef79d5a08e54d3ca3c20b17de232cd6.jpg,Belarus,BY,55.461979,29.119113
21c7774ce7bb4661b268d6f959ec29f5.jpg,Belarus,BY,52.213847,31.490019
2c3498d647fd47b697d919eb46f5633c.jpg,Spain,ES,38.953641,-3.50864
396eb45470764a38b02165f070a8aa01.jpg,Norway,NO,62.470561,6.190151
a85e5c7b8df44a9298e31c150df1e839.jpg,Iceland,IS,65.012197,-21.835425
686612a48df54aad8b4651c505966bf8.jpg,United_Kingdom,GB,56.887792,-4.73651
2cdd1a8dae7c4b43891dbe8b47f5e24f.jpg,Turkey,TR,36.467259,34.160102
f99c6db607444a53b1c1c7915c14f8c6.jpg,Iceland,IS,63.946051,-18.654935
e2235ae793784d3baa208007aea5a015.jpg,Italy,IT,37.03828,14.392382
b24864735ae74e95964a700d008a9241.jpg,Turkey,TR,38.371668,42.799228
9b950812414d450390acbc6b9814ad05.jpg,Norway,NO,66.730596,16.011548
57060e4fde8547ff965f7b5ef718d036.jpg,Poland,PL,50.670544,18.027604
f614e7dd26c14771982bc6b390b634c2.jpg,Belarus,BY,52.320203,29.341797
ad8dd60bce024a6c839b4c4d5f4c325d.jpg,France,FR,46.629455,3.709805
a48c358bc78c48b9862bc3a2a3c80c37.jpg,Sweden,SE,57.743226,16.711276
8de6da23c9ee4268bca1a2d25094c7d6.jpg,Norway,NO,62.446761,11.399143
32bf8d193d0a4da6bb0184561e31584a.jpg,Spain,ES,43.352743,-3.930528
549d291ec5514c82ae51f92784c06cb0.jpg,Spain,ES,41.817488,2.730802
1ad9fd20eb38421abea444ec252cb328.jpg,Finland,FI,61.181278,25.629373
94d4e89611724267a9b567236896bd6e.jpg,Iceland,IS,65.593974,-22.956308
9b95f0dde9b84614978c7fda5de449bf.jpg,Finland,FI,63.637319,29.198484
3e09599b48284905973fa19872d8b37b.jpg,Belarus,BY,53.072627,29.964033
af6db44e9d3745e9a0245b58011358f8.jpg,Spain,ES,39.281877,-0.403333
7d4835269a224c78a4d6ca247c5f6762.jpg,Turkey,TR,41.01713,34.610662
f16d74e142b1451ab488617d8987e8b7.jpg,United_Kingdom,GB,58.468328,-4.685517
b98e0b94800a4140aba4e0b1d72c42c2.jpg,Germany,DE,48.657661,13.362701
48cd6a7b1151407d9e71731aeefaf0d4.jpg,Italy,IT,41.802588,12.226858
a3c223df0466494ea31bc443e6ed0a12.jpg,Sweden,SE,65.188021,18.230342
52b05a3a7bca4a47a72f1e7e76b2a12c.jpg,Iceland,IS,64.02699,-20.506727
89c534eda6a74844aa42d82b23eae485.jpg,Norway,NO,58.405315,6.030694
4fd94e7f0f8e4872a75a313a217f62c6.jpg,Finland,FI,66.933512,25.377703
5407ffd629594478858f595f097053d5.jpg,Belarus,BY,52.629622,27.468486
bce1e5e79e4e4f1d9cb7d215e5e9460d.jpg,Italy,IT,40.252844,18.069557
b2596a93370b4ca097ccaac7189d1668.jpg,Norway,NO,60.409667,9.495933
834bf5a7f4f5447a963e1895f2f03e3f.jpg,United_Kingdom,GB,52.743821,0.433933
f9cc9016d3ea4b11b5f51ded1c696807.jpg,Spain,ES,28.91187,-13.783046
93ae9c5181cf49feb74db420874727ac.jpg,United_Kingdom,GB,56.240562,-2.668672
c29b2ce01d484ffbb03ef1227ca6e42e.jpg,Turkey,TR,41.285975,33.78047
3cf5356c050a43d7bc22bbb75915e75a.jpg,Norway,NO,66.805512,15.426712
76e28923263148aeaaf7af6fac3b3694.jpg,Poland,PL,53.548595,23.768023
1ce1d663856e4dfb99e05f0099f0038b.jpg,Poland,PL,54.163186,22.93154
8d514b3a30b349ff90b3b133f793092c.jpg,Belarus,BY,51.674397,30.364853
25ed8bf12eb3484d896bdd3691668b90.jpg,Spain,ES,38.723606,0.028132
cde05db22b3943e4ac3cb2800590450a.jpg,France,FR,43.040346,2.834333
01d314a2d5234c0d824d257ec1266d5a.jpg,France,FR,43.668955,0.535842
5772d8aee42b4ef5af7821a8e4078a8b.jpg,Iceland,IS,64.83312,-13.956256
79b5d00c42d842e38228b35e293f3328.jpg,Belarus,BY,53.062149,27.917112
3d773591511243f39940e32ae0fe656e.jpg,Sweden,SE,64.073764,14.077745
d265fbdd96324eedbbf6243039e74e11.jpg,France,FR,44.629129,-1.157099
d9bd4a9ac3224c498b2aa276119262f6.jpg,Spain,ES,43.124558,-5.171307
2a90d64121ee4436be636d5965f792e6.jpg,Belarus,BY,52.472231,23.949335
98269bf591cb4fae902ba757d5e61039.jpg,Italy,IT,40.634666,8.898934
bf595da5fd7445daa99fe01beae1e23c.jpg,Poland,PL,54.055262,15.50284
eeeec685b83f43cb8af3c3f7beef86f2.jpg,Turkey,TR,41.515127,27.716297
622c9daac697482bb0d6630557dac221.jpg,Norway,NO,69.298943,15.996955
76bba57c9a0c4484bb056d8861d9ca65.jpg,Poland,PL,52.994736,18.514644
a8314f79c4d34222aafbf6656220c5a4.jpg,Finland,FI,63.642007,26.598409
25177c85620e40bd9a0e1f71fc651c90.jpg,Spain,ES,28.884392,-13.832873
a45a34a4e2d44d0f95cde05ec51870ce.jpg,Norway,NO,65.116402,14.524211
e3d64e8c0de84f5598d3fecf5a592b47.jpg,United_Kingdom,GB,52.63924,-3.717811
7e72cd7b46a94f50851493773b173a2e.jpg,Poland,PL,53.733038,21.331534
2557c1401b8a4649ac5adf784257e71b.jpg,Belarus,BY,55.527597,28.815137
34e68c1c751f427393c2212b788363d0.jpg,United_Kingdom,GB,57.139504,-2.795045
bf6eb818345d4881927d64fb0595829e.jpg,Poland,PL,53.172059,14.614218
c0ee96b6a7034f9b914dc1ef3897799e.jpg,Italy,IT,45.262059,11.131776
e33cbae26ff148268b61c0330185aaf6.jpg,Germany,DE,52.113971,9.415716
0255439713a5460394aa4fbf413bb932.jpg,France,FR,46.002457,2.193933
742815144e3449de960c4349b68bb9e1.jpg,Poland,PL,54.679728,18.19492
f05ca01d17e142758dd97a553f160979.jpg,Finland,FI,66.528082,25.844757
59ca02599789483c89c5512e2b67d341.jpg,Belarus,BY,52.986225,29.815658
9d9df8dc934e491ab44796af9464d1b2.jpg,Italy,IT,36.730816,15.030871
c483ab8236984984b7ac60d5f9b86d3c.jpg,Iceland,IS,65.559466,-15.373686
184737b688a2440d8b77299c8fe1f995.jpg,Italy,IT,46.815696,11.729931
9332b260c8dd4f91b763b43e091d7e07.jpg,United_Kingdom,GB,50.116171,-5.419448
fa780a8abe6a4248a5dbab9a05757cff.jpg,Poland,PL,52.693814,21.751113
180c1d4c8a83496286e5ca106066acd5.jpg,Germany,DE,48.817568,8.427473
30e80816db7e483bb4501694bb27be90.jpg,Poland,PL,51.578738,21.78193
f81835878f034ae6943dcf63e9d8b659.jpg,Norway,NO,69.651206,18.529645
561e9649a4304384960bbb45425badf4.jpg,Italy,IT,39.010606,8.384201
0715f79e6f7a4597ba2b634f9593dfb6.jpg,Belarus,BY,55.511598,28.975066
48af540b2bbe4be0b54b6c7f16824e06.jpg,Iceland,IS,63.524758,-18.472145
84fc1d0588464fa5b3dcddb5bac4e7a1.jpg,Sweden,SE,63.096906,15.191861
fd7d89845e414e449d8f7863425ca63f.jpg,Turkey,TR,38.371648,42.803309
78e7c64b0a9c4ceda73024b43e03543c.jpg,France,FR,44.388842,2.040605
25f57d335ba945578ec5ea2fdd675c0c.jpg,Spain,ES,36.751616,-4.038974
617a09cbe83d427bb7c3e413b5c81111.jpg,Germany,DE,54.370456,13.593573
2d6845b1d4c24aa784065c9830fd15fb.jpg,United_Kingdom,GB,53.490757,-0.553824
e9d18f58258d49969a895df1ab458130.jpg,France,FR,47.794766,2.184555
21eaf9824d8843af9f5f82338bc8c269.jpg,Belarus,BY,52.636384,30.840298
e7af92487e3d424788f2ffea2d997982.jpg,Turkey,TR,38.277508,41.09839
0e9cfb53411c4cbbbca8d17f78910a51.jpg,Iceland,IS,65.723605,-14.778215
0286769eb75846c3b56da0fd12ea2c0a.jpg,Sweden,SE,61.664889,16.058077
7088ca21b3144a7aa701979b4fe31507.jpg,Germany,DE,50.869201,10.43737
58ce1e33dc2f4d3a8d19bdc5523aea40.jpg,Norway,NO,58.335695,6.26337
30de04267e524f52bb58b46063ec8cd5.jpg,Belarus,BY,52.294388,31.224907
6028864566084c35b12666b511a7c50b.jpg,Spain,ES,36.853029,-4.445483
69c84de971774cb4826bd1e272928d42.jpg,Poland,PL,50.482974,23.446198
48ed1e0e8ca34d3f813ad8410845aba5.jpg,United_Kingdom,GB,54.595621,-5.686439
aca9fb29a513497e95d0d33100e480a3.jpg,Finland,FI,66.782359,27.330237
5c6839dd30b74577921bfc2c7cf816ce.jpg,France,FR,47.799092,-1.334456
e30bc573eae64321ae13e8f193f134ac.jpg,Poland,PL,51.15941,17.05631
331bf744be1d4371b16d44128371ffe3.jpg,Spain,ES,43.63922,-7.60211
54bce5d230424a27823776ccf4c58a91.jpg,France,FR,48.529572,-4.619243
f06926989acc42768350062219aec79d.jpg,Italy,IT,41.436902,15.589119
dc8cf21d7e0b4595a822591d713b31fd.jpg,Finland,FI,64.078468,28.702842
32b8a6c154f2409eb197eeed5b78a85c.jpg,France,FR,50.156859,1.739208
1e269b4123b34e3aaedfe51012665611.jpg,Italy,IT,37.837057,14.907689
0afc823f538844a1a3ccf522b0ec62a2.jpg,United_Kingdom,GB,53.782007,-2.711086
5c1f1746d12f4ddc929de4843d5f94c0.jpg,United_Kingdom,GB,54.831834,-2.231758
a8607b0d86a54ce7958d2ac409504d4e.jpg,France,FR,44.237495,-1.128811
74c7533dd5de4d3d8f1bcd8572b92a83.jpg,Sweden,SE,66.042989,22.820215
95178d5592104347bb97605b43d67c11.jpg,United_Kingdom,GB,56.206378,-5.513599
484f10dd91d94b40b38ab0548090d651.jpg,Iceland,IS,63.986584,-16.398343
a64395467d65475d8c3c38013794f844.jpg,Norway,NO,70.976823,25.781795
05f96720d56a426e98f1731fa86088fb.jpg,Italy,IT,40.170046,18.465592
e8f7c69c8edb483fb2d620f263afd2cb.jpg,Spain,ES,42.417108,-3.284499
395bb0a00c5c462bbeb5933e216ccb1f.jpg,France,FR,42.539268,2.254169
6cb5d4e4808b400abfee10b0e9ceac39.jpg,Spain,ES,39.56841,2.770324
8943bcd2bd614a3a89f75d2fc6b61788.jpg,Turkey,TR,36.88162,28.636747
8aece060f9bb421a9f4091e6e9998bf5.jpg,Norway,NO,64.562131,12.496298
a6c7821c133341dd89172081498e86bb.jpg,Sweden,SE,59.867246,17.837756
4a9ef0215b3c4fd0a5f76616d1ea810f.jpg,Italy,IT,44.69207,11.305349
8a802adab8ba483281baa7cd99e47ae6.jpg,Poland,PL,53.20664,14.969101
95ac5a12ea414d14acad24051d0afbaf.jpg,United_Kingdom,GB,52.650202,1.724171
41f534acd51c4ba39a9eb02de55e9f10.jpg,Iceland,IS,64.742788,-14.434046
8ca33d79f556490885114ac4e292a944.jpg,United_Kingdom,GB,55.788918,-3.019993
808bba9c5c0d4a908da236dacadfb6d8.jpg,Poland,PL,51.470775,23.541651
5ac0a63e510847fc8b99b35399d12eba.jpg,United_Kingdom,GB,51.979619,-1.391142
8f6720ec79b342519d2104ebf37c7e0e.jpg,Germany,DE,48.384373,10.364397
b3761049cd80463a97f3e031c3493f1c.jpg,Spain,ES,43.165531,-4.370305
d879f45b8e0e44cca64b04fb1ea31267.jpg,Germany,DE,53.480565,8.391376
d89a220c9a7f49c7bdefecffa267b725.jpg,Iceland,IS,65.757099,-19.273952
b9c15299a8e440469836303fa43489f8.jpg,Norway,NO,60.517393,5.212953
322c687cfde0454e95b992ca84e2de1f.jpg,France,FR,47.531332,6.418765
59f92a1648f945d3949f3f465f3ff56d.jpg,Belarus,BY,54.98423,28.839587
81c2782ff2de4821a7b203eca539fb49.jpg,United_Kingdom,GB,50.135329,-5.307912
5aaf9b55ee404f3e98714326710f57c1.jpg,Sweden,SE,60.469698,18.410898
86ad17850ca24b55a75f9681c6eb2558.jpg,Norway,NO,60.628291,9.900202
dd1c0073f09c453996a752332963043e.jpg,Poland,PL,49.908786,21.51994
94846ad68a854084921f54f59aac065f.jpg,Turkey,TR,37.307217,30.376006
752e7d0e381940bcbed2441724d0db56.jpg,Iceland,IS,64.209619,-15.720971
1763e566f77c47468952639dba025cdd.jpg,Sweden,SE,62.480571,14.770064
d7ec4af072084ad5a3aeb2302b727ff2.jpg,United_Kingdom,GB,54.575214,-5.667154
aa5bb6b3475241f1afd655af9d6cb3fa.jpg,United_Kingdom,GB,55.626261,-4.562941
f656844f686a47579acb57e474006528.jpg,Poland,PL,49.670334,19.784017
020df95d2fe541fa88ead414f4f7e361.jpg,United_Kingdom,GB,56.515266,-5.931793
138e1896898d41758522ee55cb539ac9.jpg,France,FR,42.469961,9.229454
1fef5d0d3ec44e80aa51aaa6ec7b0a47.jpg,Finland,FI,68.360777,27.41541
50bb66d00d174d86b8a7a165eab612df.jpg,Finland,FI,62.526436,24.016911
c433dd362db148309588ce6cc5a1f82c.jpg,Norway,NO,62.234511,7.150276
d457de03892e49998d69e0b728171f58.jpg,Norway,NO,58.389774,6.046943
dde5d14ba04c42589d465577c3b458fa.jpg,Germany,DE,47.676588,10.721796
13e6b8a7f6304f83a76eb33ab79df2c7.jpg,Belarus,BY,51.703745,29.147891
fa7f7e3c490a44ef8f81f2823071db55.jpg,Finland,FI,68.35944,27.416946
4eabd2bc45804096a12e6b750d23b9fb.jpg,Finland,FI,67.947838,25.072786
ae75b4fa21be4770b1f767a33ce70ce0.jpg,Spain,ES,41.982467,2.870921
cb38c4d4a54e48f69761d6fe1cb24b76.jpg,Iceland,IS,63.960528,-21.262063
dda142890c2e42b29163ac3647999e84.jpg,France,FR,47.936553,5.940765
f9f5136047f14960b7bc59bb029b7fe0.jpg,Germany,DE,47.705085,10.03544
8c840681c3aa4754bb48817884126593.jpg,Belarus,BY,53.926451,25.246678
f9e9859afaa448cdb8d43609848ae3dd.jpg,Belarus,BY,54.532042,27.867387
d30bbc8108c745c7b6873fd823cdcd57.jpg,Italy,IT,41.397105,15.693285
a63113c80dae494faf37141a64e62e1c.jpg,Spain,ES,37.891619,-4.723106
6b3fe9dff2944a9580f2affcc1df8018.jpg,Poland,PL,53.039459,20.444335
7870e82e9f544591a5f6c2499136aa17.jpg,Spain,ES,42.668631,-5.598399
cab73543f535457d8924aedfa12913c1.jpg,Germany,DE,48.244285,12.845721
cc24bb56a6484ee8801e718a35f8bf03.jpg,Belarus,BY,53.60858,30.387285
7913dec0cedb4f3e81fb57c249518255.jpg,Sweden,SE,67.773348,20.616517
18edda6b502b4a989b7e8209e61a2d44.jpg,Italy,IT,41.394715,15.703408
51d6b488912542bc88d3420fad79a5e8.jpg,Turkey,TR,37.058975,35.77008
112360306825418a81254a7068d2f604.jpg,Iceland,IS,63.470582,-18.589027
bf11dd431c624724b90801316df0fcc0.jpg,Finland,FI,62.599463,29.239587
75ce1f04b9994d2e819744ef07b4297a.jpg,Turkey,TR,41.023815,37.804793
1140eaf096b44173a4a00bd1f627377d.jpg,Finland,FI,65.291758,27.485023
04607137d71a43a59ea0a16e5b23309a.jpg,France,FR,50.766277,2.837808
74ba3481e11a4172a46aa1e3fdd55028.jpg,Belarus,BY,52.825518,25.466509
02d5e9738e0c48819240dd2b4d26af0a.jpg,Germany,DE,52.716155,12.452907
8e5d0939a76b454f9d556fe5339baaf3.jpg,Finland,FI,65.238803,26.453585
126dc9ff2a814993a0f09335b68dde49.jpg,Belarus,BY,53.714018,27.466959
e957cfe939564393ae97132d6a5e56c3.jpg,Turkey,TR,39.564344,33.326767
654d691b84574eaf8f09a95ad80d6fef.jpg,Italy,IT,45.514572,8.822987
45dd66538d8a451a8e160eaed75af595.jpg,Poland,PL,52.668403,16.880072
425822929d7e4e85bdfe1253d93e172c.jpg,Iceland,IS,64.938218,-14.093906
b5912e78f81448e5a23ab7a0062a213a.jpg,Poland,PL,49.613406,21.880444
3db2180216664f748930db2e93168b92.jpg,Poland,PL,53.463383,15.645853
a643279f490f440d901d976c6efac3fb.jpg,France,FR,43.457623,5.007839
bef2c08b68874a95935eaec815355f84.jpg,Poland,PL,49.982188,20.912998
9f37e20e90ba4147bccccf6d018097c8.jpg,Turkey,TR,39.560323,40.03117
54647b12b55045dab470e8d3ce36e39d.jpg,United_Kingdom,GB,50.35077,-3.80685
5e2d280121234ffc92150fa45fd2b4a8.jpg,Turkey,TR,39.368442,33.770666
5832a97d0b414c51b8bdf3c3877865ec.jpg,Spain,ES,43.625927,-7.604067
6d038d02124642768360c5b6bb13e5d0.jpg,Belarus,BY,54.990735,28.868015
d3903dd052504f0ea4ef76cbc79ab90c.jpg,France,FR,47.246236,-1.436118
c9631fe71ed240a7bdc64af4c5bbcf97.jpg,Turkey,TR,39.51939,44.242153
c8cb3e2fb212478a9cdf0f4db191f99c.jpg,Finland,FI,61.654994,25.28434
452efff7a7434a59bb3d4ae35d95f0c3.jpg,United_Kingdom,GB,58.546354,-4.674198
f771324a11fc4b00bed712b308a64c76.jpg,Sweden,SE,57.565325,18.404874
2c53ec5d8f174f799e57c353cd15b2e7.jpg,Turkey,TR,39.62666,40.180863
de0d2204a9874a728f4d9dadb6ef5529.jpg,Italy,IT,37.385497,14.866786
bc2cbec2fdf64886a95e00308fb293ac.jpg,Turkey,TR,41.016651,39.201942
3a2122af5b5b4974846e54de501eb8a9.jpg,Turkey,TR,38.615044,27.668099
4421531570f14623929fc300778ad13d.jpg,Poland,PL,54.212391,17.48138
e5b5b118908b4d049e2138e65259c711.jpg,Germany,DE,50.886671,9.658093
c68ac5f54b0a4597a4bdb14c3fd30a4d.jpg,France,FR,49.678803,-1.310523
b1b1d0eaf839457fbcb139a36cad12aa.jpg,Turkey,TR,41.379008,31.95694
d7e85ed9f6754abfab36844ac3014088.jpg,Spain,ES,39.371854,3.147691
9281cefe2c0a4f3ba8439b654ec0f2a0.jpg,Sweden,SE,65.922477,22.656767
3c8327601cd24c2389cdd1d6fabf7f59.jpg,France,FR,43.172637,5.698183
8a02caa054114e00b05eaab7299ced66.jpg,Finland,FI,61.70945,28.033044
19ed3b73b03d4662950b7a448f5eb902.jpg,Belarus,BY,52.205125,29.303011
25744a896e4941d697457403c57f4184.jpg,Poland,PL,51.31431,23.130998
bb798679a96d4b588e462f708c64e5bd.jpg,France,FR,47.650713,1.122088
bae8c484458e4c5bae9e50e1f27ea8ad.jpg,Poland,PL,53.459805,18.412207
95fcd4addaf04045b363dd5f513287d1.jpg,Sweden,SE,66.056567,22.707692
49e5cead8e0946a08e005607b9b080cc.jpg,Norway,NO,59.016574,9.724087
b0ce98920b654dfeb6ada19b74cffdc6.jpg,Belarus,BY,54.025024,28.292726
24fdbca72a6b4065aea4361c4032e36d.jpg,Italy,IT,41.429915,15.591096
3d20341ac20245279f93676e01640be9.jpg,Italy,IT,40.479531,16.718881
e24779a3647c4423b8b5a93d5077ed51.jpg,Sweden,SE,58.413225,14.819913
8750b34aa33a4093be06c114c5749cfc.jpg,Spain,ES,36.751636,-3.184364
b01505c0d7cb41e09c4d8f0e8df8cb0c.jpg,Norway,NO,67.133911,16.068319
d46f4099498546e6b5805cd68b909f79.jpg,Iceland,IS,64.183756,-15.81911
231346db3e724dcfb1510a856a078402.jpg,Poland,PL,53.643215,16.190676
848c95881e71466e9fa4ca3fbeda30ef.jpg,Spain,ES,37.247248,-3.743202
1bc14d0648d14ab182c522e7c18f677c.jpg,Iceland,IS,65.896593,-18.069207
4b3488ef8b8a4d799a2ca9aab75299f3.jpg,France,FR,45.903716,-0.959794
60071972bf5446d6bf2d2534bdec0aa1.jpg,Sweden,SE,64.111643,20.723022
eed567819a004460a7cb1ab6194c2364.jpg,Italy,IT,40.193129,8.985265
54c8b08768df4bf484c2eb8a18bdaeee.jpg,Norway,NO,60.620862,8.203643
198f19b80f98459d90a326f91fdab27e.jpg,Iceland,IS,64.155791,-19.591778
cddc96460bf84d6296cf69e8a5334a3a.jpg,Poland,PL,49.925468,18.65265
1df38751a4074de9bfc98d16122f8c6f.jpg,Germany,DE,53.771216,8.988784
9ddef74612b8402a81284998e40851ef.jpg,France,FR,44.175908,-1.112129
1ec5d0b50a464c4da8549d618089e0e9.jpg,Finland,FI,67.50344,27.465031
ac9250dbef3f41aba9ee24aec474ff6e.jpg,Germany,DE,52.370253,11.774952
bfe4cb97c6614800b775519c2cfaa980.jpg,Italy,IT,38.11415,14.700488
855deee512564501b269ddd347c850fd.jpg,France,FR,50.198954,3.252086
62657a9ba5b24370b85feb1b170aa44d.jpg,Finland,FI,62.239693,25.829931
7994cac6893f4d8d8f91be4917182731.jpg,France,FR,48.504838,-4.755796
287e39baa43a4c9f9ac1913d6610d6c3.jpg,Spain,ES,39.562417,3.092888
54625e0622e34c3780a054c1a5ffb6b9.jpg,Spain,ES,37.366487,-6.941043
5b408c45d90c44d18ff853177914d8ae.jpg,Spain,ES,42.8591,-2.355799
7cc3084d9ea5491ba06c24acd2f26abf.jpg,France,FR,47.508065,4.3255
266e3b057759429b9be658f3717421db.jpg,Belarus,BY,53.441361,23.930519
a388deb2d1ba491b91e07ac0ed6771c4.jpg,Belarus,BY,52.93188,30.636684
65e895defe8f4bd9927b167e376f6535.jpg,United_Kingdom,GB,58.555856,-4.705998
b970983c33044556a8e780b6a1544219.jpg,Iceland,IS,63.985057,-20.573334
89b73b9102dc46508c6ba0be13d169d9.jpg,Turkey,TR,38.578091,30.216227
218259a560404178b3eeb911d2fbd120.jpg,Sweden,SE,65.371018,19.200598
e443dca363254205bc249816c9df6b34.jpg,Spain,ES,37.876593,-6.567868
38c66e210b004efea996fd8e1f979ae0.jpg,Norway,NO,62.854364,7.137688
af8d77e8530c43cc8433e34db471fcb8.jpg,Turkey,TR,37.026151,37.984238
9a36eabf377b43b4b6df3b8afa1033fc.jpg,Spain,ES,42.112021,2.774026
e3f9602c431746109dacf76b0ea6af50.jpg,Germany,DE,50.683417,10.121849
335a7efb9f294bb6ae95810ed182df09.jpg,Poland,PL,52.070997,22.293914
e98782822c9949029ffd50553514749a.jpg,Poland,PL,50.549568,20.725968
56c6edb8ad25483daa74982bbc63bc3c.jpg,France,FR,46.554869,4.293959
44d37d86ac664cccba2c84ca42955e74.jpg,Turkey,TR,41.465022,36.109403
78ad456b7cf6475c9340da6570d785f8.jpg,Sweden,SE,62.11729,13.215281
ead7386dd36b4cc9a33ebc59762f9f35.jpg,France,FR,49.096856,6.142576
f9a64741027d4d3aa55ddef96f3f9531.jpg,Belarus,BY,51.936005,26.906404
e0bc1db834c447829599723da04dbd9d.jpg,Spain,ES,41.929049,2.729045
7bf3b6587794487aac8a0c99ba286ed0.jpg,Norway,NO,60.259332,6.401557
0b7afd8b5db04ae68eb5410a8899b85b.jpg,Italy,IT,45.411884,7.687384
52f5ef59154b44828aaf357f5c0ba586.jpg,Belarus,BY,52.570355,24.242677
a915159c75ae45a5ba2ed142379bef7c.jpg,Norway,NO,69.620631,23.463896
f373346bf5374ab6b4d315680a48b970.jpg,United_Kingdom,GB,51.938549,-1.343381
36858a27a64f47629f6df066a43398bb.jpg,Poland,PL,51.855839,20.928795
aff6175979d3418aa21491091735fae8.jpg,Poland,PL,53.723756,16.290387
2d5aa113f655469e9575650972d15b6e.jpg,Poland,PL,53.230998,15.531438
e4ca00e3b50c4f15b3ca25c8ba8d90b9.jpg,France,FR,44.775531,1.293269
90655083daf743ec8ab096aa9b8e45cf.jpg,Turkey,TR,38.692755,35.472794
b53e0b4eeae546f5a7db6856cd8476bd.jpg,France,FR,41.980368,8.720721
ebe983680aec4465b2356c64c0066fa1.jpg,Turkey,TR,38.509879,42.278809
9e4508b519664970b02142a992cc8024.jpg,Turkey,TR,40.989609,38.779097
46478ae5a8cd4d0ca530834de2a35a64.jpg,Italy,IT,40.790029,16.940481
6e855b71eea240208aae7a6ebbc9544b.jpg,Italy,IT,37.136291,14.659518
e7aa9da6c6da4549a652039fbd47eea5.jpg,Norway,NO,71.014689,25.887393
83d06603845d4f90a175e0152be0e92e.jpg,Germany,DE,52.818542,9.637454
5c7d00586f724153baada62e26090bc9.jpg,Finland,FI,65.903662,24.10041
cd9fe64b4afa4dd39c0f3297ca4f990f.jpg,Sweden,SE,59.37263,18.198585
0ce1c2f27ebd41e9897a585b7e9a20a8.jpg,Germany,DE,54.153816,10.359162
5c04f092df1445b38a180a066e45c4a8.jpg,Spain,ES,39.450358,3.153892
9d1faf53681e460fbfeda001d90265b4.jpg,Spain,ES,28.141437,-16.456745
b71d57ce2b274bca939b4284bb24aca7.jpg,France,FR,46.870227,4.572111
7ac425ae738d4a65b47758b157953051.jpg,Spain,ES,39.394493,2.941892
9c5269d9cadd461783d6d8b2b0fd8ddb.jpg,Italy,IT,40.916806,9.095366
84c1a29f94a34bbdadc374e90661c686.jpg,France,FR,42.537289,2.546719
a9660b7323554246ace052c3865fcdfc.jpg,Spain,ES,37.987135,-3.212737
69cbbda085e34d31a6d8d83e5833bea3.jpg,Poland,PL,50.182643,20.083175
736664928fe0490bac8a9531c2650258.jpg,Sweden,SE,59.199615,14.399581
4956932095b54009b7763b5ebf4d71f4.jpg,Norway,NO,69.423994,19.277515
6a9804aa52c7489787d016cac12893d5.jpg,Norway,NO,69.637215,18.409121
5aad5e762be84e8db28d8ff0b75c3762.jpg,United_Kingdom,GB,56.758493,-5.781946
9aca7a456c354b3f80c871c899ab8639.jpg,France,FR,48.530172,-4.620303
db9630dca952497dbf0e2cf0ba0dd098.jpg,Finland,FI,62.259491,25.674714
976f9965ef2f4fa88a698c3373febf6e.jpg,Turkey,TR,40.230588,34.767729
97b0321b55a743088b91a7a002b48b6d.jpg,United_Kingdom,GB,54.054408,-0.937117
e44221041c9344498eb42564bd8bee89.jpg,Italy,IT,39.196898,16.063272
d0f6c292d21c49e38ad2f441cdee146d.jpg,Finland,FI,63.315251,25.823853
72d804d39a1945ccb12237eb28bcf978.jpg,Sweden,SE,57.836769,18.626182
697d46b2696043bab147007526db48f0.jpg,France,FR,45.966774,0.204876
7db606f3a36546c8af378f723adf60da.jpg,Belarus,BY,53.195771,27.524467
5cfcfaa8bd324973a56cd9e115344db9.jpg,Sweden,SE,63.412606,18.26598
2beb6991ea92404b9c920bf87bde5530.jpg,Belarus,BY,55.527125,28.822805
e9fc3452558841a7be2a254cc42d0247.jpg,France,FR,43.51043,6.761436
34d187d07fdf4d0c8a00a7cc65236013.jpg,Italy,IT,38.011632,13.258588
f3bcb7030b914ec3a003bfe66ff95564.jpg,Italy,IT,45.763535,9.25114
6e2b93f0eb3a4ebb9abc0f9eec636da3.jpg,Germany,DE,52.009883,7.72661
80693b9cc4bc46a4b371705a6813e63a.jpg,Finland,FI,61.902054,23.706904
eacca64f5dcb4bc49c8b2b6024357934.jpg,Iceland,IS,63.48638,-18.537891
19c94966f9c04edba553ca435d0d36a6.jpg,United_Kingdom,GB,54.845824,-3.042403
b2bf89541a4a4982ace01539cdce6f1f.jpg,Germany,DE,47.772924,8.264256
a32ea681d20a4f80b4954753a86fbbf7.jpg,Turkey,TR,38.657967,36.077699
d508d814bce04cd7aef78f2d62cb4134.jpg,Italy,IT,38.039277,12.705423
ac0af944223c41779d50ffa53754035e.jpg,Belarus,BY,53.919431,25.841653
eb73b251ec3e43fb95301295a7b39ed4.jpg,Finland,FI,62.37608,28.104634
119d856f70554024a34788b5f32ecc47.jpg,United_Kingdom,GB,50.375006,-4.667428
d1c31960b4ba48e9ab22caa5a7fc2c9f.jpg,Poland,PL,52.922097,20.516812
5263b460f2784b39bbf2f77c2731d868.jpg,Iceland,IS,65.818557,-18.236313
da4e06b22b6f4686a4f18d9d33520e54.jpg,Sweden,SE,65.584316,18.574997
c17bc827f8944ac498a5687e2796fb94.jpg,Spain,ES,28.075177,-14.495811
a915062d52604bc596b9f7a3b37d92e5.jpg,Sweden,SE,64.404654,21.494116
ba1f0c1d0da64f2ba0de4daf711ff780.jpg,Finland,FI,63.174135,28.477162
3da708a8916e4fa9b615d6b7cde00c0a.jpg,Sweden,SE,61.37949,14.786972
41df8bc7702f492aa9839ca4c99a5167.jpg,Iceland,IS,65.861742,-17.495107
c8b7e36900864fbba953f6f7bd7a4553.jpg,Poland,PL,50.688506,22.983528
6bb56e4e081641c7bfdcaae1ed46e400.jpg,Turkey,TR,36.380901,34.024324
f5d2f898b5e540e098848d467fb7d14a.jpg,Germany,DE,52.842536,11.331514
59e3e417067f49bbbcbf14f988b32ff5.jpg,Iceland,IS,65.522143,-22.417705
c454b40ff5cf4dca83e0aa223d8230b0.jpg,Poland,PL,50.786003,16.064801
d2f20d31b886408f861b42f9d494eaac.jpg,Iceland,IS,65.752466,-19.65153
9e38ad78d4244546ab8613fb601bc5f7.jpg,Germany,DE,52.93412,10.331489
bc97ab5b499749cf955edbf9a1aefeb4.jpg,Norway,NO,59.910769,5.298652
5b25a8ac59d94a768c268841461963bd.jpg,Norway,NO,64.427028,14.330503
70e25afc311f4c909c488fc27bd7204d.jpg,Finland,FI,62.528151,28.772305
1ae5d0ff65ef4398bf62bb5266ac21a8.jpg,Spain,ES,42.39558,-2.239427
dcb060d5137c4bdd9f8081f1fe5e3bd8.jpg,Italy,IT,42.389363,12.674813
32f04227f47c4d4ca735d6afe9c171dd.jpg,Iceland,IS,64.790832,-14.013726
dc823f33221345868436236d513d8525.jpg,Belarus,BY,53.13244,26.063628
9339adea2765410fabe936c2a29371d1.jpg,Belarus,BY,53.065991,27.86868
dcaa07669cfb4801a8040498e0e4d820.jpg,Germany,DE,53.30387,12.56104
bee763a63ddd4a64a4d594e907b08072.jpg,Norway,NO,58.912374,9.301691
4391dae2d02d400b98aa36290c04eb5a.jpg,Norway,NO,64.948799,14.197176
8a7a18a41d6e40fca45260ac71e3c4f4.jpg,Belarus,BY,52.766799,30.759434
9e4fa0ce82d642899cecb0a9c4a0e26e.jpg,Sweden,SE,62.377039,16.750629
41eea71515c9438ebde0658065b67c81.jpg,Poland,PL,50.119176,22.265293
daa901a53e684896bca20d4763896d5e.jpg,Germany,DE,54.566019,8.54932
f9ebcb09d6924ce7b915013b7ce49cf6.jpg,Germany,DE,50.129647,9.380505
a89824057f6348f583b1bcc3de3a20b4.jpg,Sweden,SE,62.658266,17.261015
7dd47e08e73f4ba8a3cfe185acdd6f39.jpg,United_Kingdom,GB,56.709477,-6.067294
3fe68ef606bd4a3e96d72006b5013f18.jpg,Norway,NO,68.42661,14.668645
15e21b9c70c44e48a2146354f1609f60.jpg,Norway,NO,59.982818,6.565605
2457a360e89b4948a2019907e560c929.jpg,Italy,IT,45.87796,9.210452
c1a2bcbde27d4af58bc989fa8e0523ab.jpg,Sweden,SE,60.658275,12.979428
b040d9e57bbf410ca2deef9ba428e85b.jpg,Germany,DE,52.585376,8.61791
3d829afbd0f0487c86f663fbdebb2f18.jpg,United_Kingdom,GB,52.328031,-0.710231
895d3f8570e241be807600a2a7a3a7ec.jpg,Finland,FI,66.064196,24.757129
898e515756594ef7a5a60a154e469adf.jpg,Iceland,IS,65.950373,-19.411712
63dcf582f40e46e1829ba8d26337ef54.jpg,Turkey,TR,40.748854,40.244176
9616c16033354ea388ce039c23734c37.jpg,Germany,DE,48.974176,8.081471
0808049176b64bfdaf5751a19c216b8b.jpg,France,FR,46.488668,5.723487
b9f21c58d5c241a895db90f734021425.jpg,France,FR,49.924965,4.646958
6c9a62e0b3224cb682003f2156067ed7.jpg,Iceland,IS,63.59552,-19.972527
5a527330736941518b4a531785c3baa5.jpg,Turkey,TR,38.281309,41.098862
d91232ed6ba447f2afde0a4ae5cdcdaa.jpg,Poland,PL,53.246982,20.898107
a1fc904f180a4d499a5918a8c5268967.jpg,Spain,ES,42.242002,2.306202
f013b7c6b1794f8bb384568965a46bbc.jpg,France,FR,47.190351,5.598359
66a67f4217494aef90ec5ed83efe2428.jpg,Norway,NO,61.779958,6.210665
4ef8d44ac5a045e09717428b5040d61d.jpg,Turkey,TR,39.589818,44.055451
13498ce8bd7d4c01bb88f049218bfb5a.jpg,United_Kingdom,GB,52.624791,-1.411929
ebd7601d972d4aaba07e57852b8377be.jpg,Spain,ES,36.861112,-2.552078
7ae7cf3272e748ee95ba3c11424460dd.jpg,Spain,ES,37.817728,-0.819055
b0c001ed9e424825a36ab23de39ef781.jpg,Poland,PL,49.477097,19.671189
3be034518749417c8d3589a01114ee81.jpg,Norway,NO,62.34094,5.870138
96f1587669194e49a391b4d284c28f2f.jpg,Belarus,BY,52.05554,29.432712
193d853305c94ae0b94546413139167e.jpg,Germany,DE,48.50283,8.429962
b66016e60fd742df93066955e9e72f21.jpg,France,FR,42.088504,8.710679
6e611ac7024d438cb31c529930a80f3b.jpg,Italy,IT,42.988745,13.869328
4a70465354bc4d0d8aba7e4efe71c01c.jpg,Iceland,IS,63.687219,-18.348212
eb1e19d0c9674c019786fbb84b646159.jpg,United_Kingdom,GB,58.95567,-3.008018
557c6c61b8834ca4992035cc000d5e36.jpg,Belarus,BY,53.092916,30.511326
f3d68ea3767b4336b1a0e81267832c95.jpg,France,FR,47.101527,5.556237
5480b62f9fe646718de91032259029c5.jpg,Norway,NO,60.334285,5.262502
62f1085393214e6b86bbc2be57277e66.jpg,Finland,FI,60.818839,22.640649
b78ea0e4ee36459589412d02df54e4c4.jpg,Germany,DE,52.216753,14.042077
a63d6f05c3734decbe47ca56e9e2b824.jpg,Turkey,TR,40.311325,36.542728
31f9d2e9c3ce48a3b5d2f83d524957af.jpg,Poland,PL,53.873889,17.48176
a12c295557e04b499c95b1a18cdd280d.jpg,United_Kingdom,GB,55.295296,-2.939892
267c77590cdb437abb546c0de839d6d9.jpg,France,FR,43.941698,5.105108
ba53bf7be3dd469db6a71bd7d43bbd46.jpg,Poland,PL,51.560992,22.015205
9ad567a94c0242449e69ed15d44d92a4.jpg,Iceland,IS,63.646774,-18.419041
e63943f91ea143f6a03c86175708500f.jpg,Sweden,SE,65.301572,16.035351
11c3f2b020594ecba4a988ca9ea12e6f.jpg,Iceland,IS,64.796828,-14.0202
d9a6c561d59647d388df90c66e13160a.jpg,Italy,IT,36.81853,15.051085
f599a3ca3b5149cfb51b36a3fa18fe38.jpg,Germany,DE,50.025091,6.27671
fde7238e1488452f88b3c2c4e0885709.jpg,Iceland,IS,65.614705,-19.35467
51332f71e48f4cbfa5085b06abeeb714.jpg,Germany,DE,52.303567,13.56936
4e977464ce3241bcb2c85b1d41d89093.jpg,Iceland,IS,63.979769,-18.779054
03873c399ab0473898be6b7749405297.jpg,United_Kingdom,GB,58.062623,-5.016091
09b6425fee2b4a72a2d1af4463cfa63e.jpg,Spain,ES,36.733591,-6.089131
eeb123845fc4433aa19235f45bc9f172.jpg,Finland,FI,66.093071,28.414964
4168a19762e0404f831a12df091371ca.jpg,Belarus,BY,52.041552,26.320185
1b0904044b344722bff1e9364a550025.jpg,Turkey,TR,38.443551,42.320676
d7c37f2b40264b089e7382cc15ce1cd7.jpg,Iceland,IS,63.464394,-18.88668
1afc891a42de4ece87248e812e486334.jpg,Poland,PL,53.057406,19.086073
4ed4713e101d468f852882d7f11669be.jpg,Poland,PL,53.288425,15.765717
b8adbd8d97694d5ab7c6ce1256431597.jpg,Italy,IT,40.014238,8.505446
87d935c4eee64f50a914ca33a7a65fe4.jpg,Sweden,SE,66.000502,19.792407
e0b0599d72344bbe80bb417032046022.jpg,Finland,FI,68.54409,26.155781
aa2c108494274dfabd8322d31094c1e2.jpg,Germany,DE,53.477083,8.386283
cbbadb6377324478911aa551702b6ac4.jpg,Germany,DE,53.394086,8.439043
b6be25de2f9945d6ad25f7ec0e0870f8.jpg,Spain,ES,39.354319,3.132359
76e21a48d21f4194bdc73949a230369f.jpg,Finland,FI,61.873685,24.507255
cd4f6e0e1948457880ef28f9d7451a76.jpg,United_Kingdom,GB,56.770255,-2.618448
7b6a2d3a233e45eca333ee693fc46183.jpg,France,FR,43.877962,7.451246
ef37e0cf457a4597acd34475a7a78dd2.jpg,Italy,IT,37.749282,14.075514
412e8b90271d4485af77f1327339df7a.jpg,United_Kingdom,GB,54.870427,-1.641578
053c0335b8024a0ebf5e0455992df33d.jpg,Iceland,IS,66.044008,-19.345947
e1efd3e739b54c8db5642203075b56a0.jpg,Norway,NO,68.472734,15.883281
fa18ff8d981d461eb728e07b0a064aa1.jpg,Belarus,BY,55.299091,30.152382
86ba2d7f32254b7ba13a8cc3040b4fbd.jpg,France,FR,47.498053,1.298743
690fffb604ef4a3a973b20fd27b23957.jpg,Spain,ES,28.780436,-17.962977
9b58b4f868fc42b0a0695bebcb50b556.jpg,Germany,DE,54.539908,9.896519
520272ed8bd84627bb91edb6316aae41.jpg,Turkey,TR,38.552681,28.61241
da30156d477445bf8cb94de43bc38277.jpg,France,FR,47.46486,4.041621
e14ac40339bd47029a0fd238ceab2d66.jpg,United_Kingdom,GB,53.864766,-0.36626
829c0208a29d4fc5855aa679e0fd88cd.jpg,Spain,ES,39.292,-2.203284
3e1ad282f9bf4881a52c7cc6d6303263.jpg,Italy,IT,39.291724,9.587711
012e938238004624a16cf5740c81b0a8.jpg,Spain,ES,39.994325,3.845642
0c5061c0c3ff469cb158ce89ec82ecf2.jpg,Turkey,TR,40.227757,38.027394
a77b8d081b79458e82359427ba096f4e.jpg,Norway,NO,69.378636,24.060428
483684258857410eb2bae58f551d2956.jpg,Finland,FI,67.980089,24.074784
d726f86006bf43a98ee11b328b293280.jpg,Poland,PL,53.138968,19.265042
2d0bd30867d245c385d1be41bc24523c.jpg,Belarus,BY,53.638394,31.569048
8b5d4be6b14e4bfd92d262a5e593241c.jpg,Belarus,BY,52.222396,27.867509
2f4517b8652e467897e11a0169980faa.jpg,Finland,FI,68.348476,27.393953
6dcf98010f034455895eac5312547cd7.jpg,Germany,DE,47.647723,10.484759
b674d81bc1fc4b77940e22828cbd0bab.jpg,Italy,IT,38.020468,13.597066
6af9854812b54cf58de48ade45a3dc87.jpg,United_Kingdom,GB,57.559171,-6.154662
38be77c4de3d49c394a785d457f0939d.jpg,Poland,PL,51.111214,20.875588
9d25d13304a64f3cb40532d850aad049.jpg,Spain,ES,42.535643,-0.386954
29439e30ee2e40f386dabdb6ef85c262.jpg,United_Kingdom,GB,50.318921,-4.926131
a3ee3e16186348efb13e906152fc8b95.jpg,United_Kingdom,GB,58.233925,-4.48139
9af8206ea9ef4cda9f630189eb190310.jpg,Finland,FI,65.677299,29.109101
a88ac2920bce437b93543ac43a53a25e.jpg,Finland,FI,63.689793,29.319848
bf61e1a878d946b481e80266b3750854.jpg,Italy,IT,45.24649,11.006934
2d738efabd54430e86a378b3fbe813e4.jpg,Poland,PL,52.69867,14.552196
3f9035789d174534b1c678f92bcd389c.jpg,Belarus,BY,55.147994,27.730156
120de9b06aea436db952f0ae4bba47a5.jpg,Sweden,SE,63.431467,18.194187
ddcae18f289942d38d179b799d96bc57.jpg,Germany,DE,51.451203,7.824947
bdc6afc440204e6c9d457908661839f8.jpg,Norway,NO,66.419324,14.761382
37641abfe31243c8b5ea2a5c25bad077.jpg,Norway,NO,69.234997,19.336997
72a2046b3d9f4fe3b50bf98c9d4bfd9f.jpg,Spain,ES,41.543066,1.543423
536ecac822bd46159cf960e7e7ceb7cd.jpg,Iceland,IS,65.497602,-23.200692
56fda660288948c5bd2057c3c7655ac0.jpg,Finland,FI,63.151813,28.4829
268879dd3842476f8e49ad95b063b657.jpg,Finland,FI,64.160183,25.799596
c4c960e45c984aa68597ecad8ef51f85.jpg,Sweden,SE,67.437903,22.528637
36d0717960a44efd96c3a4fef69999b9.jpg,Germany,DE,49.177403,8.20596
d778218ff50b4ee98173537e4f6fcb5a.jpg,United_Kingdom,GB,56.8077,-3.446426
2be7703ad1764fccb4485daabf0263e9.jpg,Italy,IT,40.612809,8.328854
ec69ae8b102e4399935ce8fc0521ccd3.jpg,Norway,NO,59.403162,5.334694
a4f44d53ecc84c77b02243b017a58666.jpg,Finland,FI,66.932382,28.909111
61de1316032e48d19f49effef5cd8649.jpg,Italy,IT,38.005871,13.048822
6ffefd7106db479e91ea53463b8926d3.jpg,Spain,ES,40.882199,-5.579537
54278207a86549b5a9fd41459ab61317.jpg,Norway,NO,61.865314,6.273277
a2943bd0d8d04db6ac9b4e6b9def607a.jpg,Norway,NO,69.590388,18.281264
9d69a6d8e4804d6085b67c5c386f67b9.jpg,Turkey,TR,36.79093,31.380989
75a77ebba7c4431f9ba48a7e8ce35c3d.jpg,Spain,ES,36.55719,-4.656322
c8d6f3503ed6467bac8e7028aa1a32c8.jpg,Iceland,IS,64.903747,-13.923183
a1ab33492d26408ba0728576259e7911.jpg,France,FR,49.304136,1.12845
fc9bf866dd674fe4b8a0039fe8d6e3c6.jpg,Poland,PL,53.472505,19.348571
f36f7788a9e44064b03e3c21d4481da4.jpg,United_Kingdom,GB,56.496207,-5.776487
0cbac50e0330481a8010cf9ddf0b483f.jpg,Spain,ES,40.575808,-4.174801
9eb71003b917432bbdb15dacb395d66b.jpg,France,FR,50.202248,3.782629
0c4d978580384ea397396cf93c9c9fc9.jpg,Germany,DE,49.205723,7.076011
edfbdca33e4045eb87c88c30c0f18e3c.jpg,Finland,FI,66.63735,25.538324
e55804f6eec04b39a3aa9fd37259f730.jpg,United_Kingdom,GB,51.173904,-1.423806
005852fdabaf4d25bc087086a51f36ff.jpg,Poland,PL,53.517441,19.013004
0087f52cd0b9428b9b8f1576f3bf91f0.jpg,Spain,ES,39.351556,3.132722
312b3a5711f34c858a38c98e5c88a638.jpg,Turkey,TR,38.216006,34.01376
4e779c5e64b646f480af283cfccf76be.jpg,Belarus,BY,52.237194,27.55566
8b20d3539e2a4c34aac25d0930642440.jpg,France,FR,48.240707,5.480299
c784bcf85a6e430c9db3f934fcc1d21d.jpg,Iceland,IS,65.839188,-16.395865
ebeca6ade3194498b4ef2b15fb8c5fcf.jpg,Spain,ES,41.682547,-3.252902
336908ebc8ef4461bdcc68352889e44c.jpg,Norway,NO,58.689543,9.008273
42a3d5bcf9c3435f94bb82e6bed91692.jpg,Germany,DE,49.276041,8.463965
1d02f349d0314b5e9e4993e1713c840a.jpg,Spain,ES,36.820921,-2.253433
0d170a132bd64ebc8e5308f6e54c3989.jpg,Italy,IT,39.066043,8.440207
2c58d0657f6546abb7c4d4ab9862b0b2.jpg,Spain,ES,38.186952,-0.809817
6845c32454714fbdb12389fc4ade0b00.jpg,Italy,IT,46.648788,11.709369
5e6b49233f4145e7ae49d6f6e915266f.jpg,Poland,PL,54.081659,15.948296
45121b303d7f490ba473d3f8e96f0d11.jpg,Iceland,IS,64.15357,-20.355989
4914cd9b6a7c4b41991cb33f29657e21.jpg,Finland,FI,65.068917,28.899168
e2219dc2157545a3bf4e47f186c6fdbe.jpg,Iceland,IS,64.67435,-21.665322
08eb138b06e5485bb4382c681951e6f2.jpg,Finland,FI,61.728771,29.699428
7d6a6e2aa4fc4fc4a9386aba6962e533.jpg,Iceland,IS,65.045823,-21.097105
488fc5f47127429ebd47a4ea8ead57af.jpg,Iceland,IS,65.943144,-18.426575
3411b16884ce48e385291e49f8e70808.jpg,Norway,NO,69.631632,18.026682
a81421125a4647c4a609c8863001073f.jpg,Turkey,TR,36.945082,31.266611
1b6c9f70ed2b4e78b135c1fd3aa24d46.jpg,Spain,ES,42.558481,-8.791144
6bd7de803e9941c5b87afc1ee10d930e.jpg,Belarus,BY,53.300528,29.521461
42fc0ed08cac40678d1a41f4929fd404.jpg,United_Kingdom,GB,57.747867,-5.631429
bf64cf7c9d3040c5ad870b05b2eb2eb2.jpg,United_Kingdom,GB,52.941544,-3.82647
8a4c6865109b4219883d6032fdfc4cde.jpg,Iceland,IS,64.499487,-14.478084
547fc890d3ec415aa42cbabb47955110.jpg,Poland,PL,51.599964,22.717425
0e64adf5e28a41e9819f47a7535d9a38.jpg,Italy,IT,46.429611,13.616613
c1a402097616404692071cfd6243ceef.jpg,Finland,FI,63.52358,29.022136
c3310661adba460ab8324cf4d729e3f0.jpg,Belarus,BY,52.831895,29.388148
60f60a8cedc34436bc97f350a01ad3ab.jpg,Turkey,TR,37.251083,38.703596
ae1bb27d91ac40f38e1503c65112ab10.jpg,Iceland,IS,65.311367,-21.743107
8a4a61b966cf4694a2c37be8d85dd358.jpg,Belarus,BY,52.064753,27.757462
bc8bd78e8d23430ab1b973558439986a.jpg,Germany,DE,52.743155,7.207171
6936aa29eadc422a836395cd7d974468.jpg,United_Kingdom,GB,53.098157,-1.532503
f9844277936e4ba8af7a4eef28ddc32b.jpg,Spain,ES,37.884983,-4.369356
6f8400c48e80426fa998301de875daf8.jpg,Sweden,SE,58.308041,14.135961
f0eaa80e50d34166ad99e7aaf0b89deb.jpg,Finland,FI,66.160254,25.101915
f63c15e561e04251a79e59733fc79a31.jpg,Norway,NO,61.202114,8.977163
c8a0e1b38d4d4df5807bd7995091fa37.jpg,United_Kingdom,GB,58.557815,-4.70673
c47509fe8154495e904e352dca1ff087.jpg,Italy,IT,39.150201,9.403848
7119f5e9911744d6bdc1914c5aaf9771.jpg,Germany,DE,53.743864,9.527332
c28159acc34341569b730df7f812102f.jpg,Germany,DE,52.038616,7.868371
31eef712fa134fa6bf70e3c97f95a85a.jpg,Turkey,TR,39.657087,34.545756
f225321ffb5145b7ae93f8e700d4086c.jpg,Poland,PL,51.657159,17.780654
c72f3f6e4ab64bdaac4402a4e0feb6a2.jpg,France,FR,50.22624,3.316372
295a75aeb615444d8258c7183596f684.jpg,Finland,FI,67.1615,24.955933
78324d3d48a0454ba3bf7a6d559c610b.jpg,Norway,NO,60.50297,7.966255
66bcaccd0cac433889c8068bfd006966.jpg,France,FR,41.832903,9.403586
649da26c10f24437afdc9861a3029962.jpg,France,FR,43.64727,-0.906021
024c686452fb4bf1830effd5d28a8a23.jpg,Turkey,TR,41.855755,32.819442
60554c4da1154225b68ceca6daba038b.jpg,Iceland,IS,64.708597,-14.317648
25fcbf4a81d34a9cb2971a3a43016c69.jpg,Sweden,SE,60.813004,13.428568
f8954a1729c348629df307918c8a3fcb.jpg,Belarus,BY,53.032466,25.656718
3078131983cd44f6b1e354aab7acc991.jpg,Finland,FI,64.704692,25.572879
fca65da7c8a947fe9d7d35070e98fb21.jpg,Italy,IT,38.021491,12.786637
aaa6ab9fb8594600986f73bbef29fdd8.jpg,France,FR,44.146276,-0.873696
118299a165744d9da8b7b177b083ac6a.jpg,Sweden,SE,66.650051,20.125595
57febd35483a44aaa41b99eb6064ee7b.jpg,Iceland,IS,64.820298,-21.393362
06a126a9fa3248b591188a4ad3cf32e2.jpg,Spain,ES,39.421305,2.896097
3f037904e92847e6803f48ce71756f21.jpg,Iceland,IS,65.615547,-20.645209
e325c0fbbe6448449d31e8fbdf6f6f4a.jpg,Turkey,TR,39.281801,29.963307
5ba340beb7374f3cbf383079566867d2.jpg,Poland,PL,51.33529,19.687185
aeb1549f09314de58341bf41bb9f16dd.jpg,Finland,FI,60.527296,27.547288
60aace7fc748438a9f17f628b7a516a3.jpg,United_Kingdom,GB,50.331318,-5.127511
310f10cca5d24dda9f5eb9fcd7352feb.jpg,Italy,IT,38.173568,16.204609
4a798b0e9ffa49f6bf6978264facf21b.jpg,Sweden,SE,64.729903,20.917551
e19d082a1270488f874cc654dac03afd.jpg,Spain,ES,37.467041,-1.961532
3e34f71c075b41ffb2d03b0bc125b402.jpg,Iceland,IS,64.814355,-23.138469
c4e68dee284844aeb0e0ded040f8d9b9.jpg,Spain,ES,40.186107,-4.989147
575fd5316bb44b528b8ce6bbdaf1815a.jpg,Italy,IT,37.808161,15.130501
76b885c63b654ac78d9013396c6440c0.jpg,Turkey,TR,38.281585,41.098895
74748e9324854b528b28e10610d6c567.jpg,Turkey,TR,36.254631,29.769181
25ce7b989f604b25ad0a33b30cd30019.jpg,Iceland,IS,63.975548,-16.97803
6143be922f6a4aa28a3cc0defaab7849.jpg,Italy,IT,37.948598,12.562969
1c45cdbe8df44002890b28aa9f64c0c1.jpg,United_Kingdom,GB,52.041981,-1.193448
daeead3d3179410d96083b98c86c45ab.jpg,Spain,ES,28.771155,-17.96012
a83ea74ca0a447d1ac2559328cfddb9d.jpg,Iceland,IS,63.853937,-22.44518
543d4a01fa784dde81ab00914e5fc937.jpg,Germany,DE,54.686923,9.007493
e5870650c13f4405b45685f393a930fc.jpg,Norway,NO,62.682976,12.445094
43c85225f2404278ae54c43f1acd7bfb.jpg,Sweden,SE,62.157733,17.449426
c9a14648d29848b08d2c8689d99235cc.jpg,Poland,PL,51.687807,17.921345
2602ab8151cf4e54b20a668520e2eac0.jpg,Finland,FI,62.791735,22.832842
f6528e33d8bd4b7b98831b39893ecded.jpg,United_Kingdom,GB,57.46669,-6.184829
8c75546426c548dca5f2d2d4844a3708.jpg,Norway,NO,60.824691,12.672547
35d40b9a92e941d3821190d9e40207e6.jpg,United_Kingdom,GB,53.794496,-0.071866
4f4b25e8e1f040bb890f29a8cc3c51a7.jpg,Sweden,SE,64.713378,21.154692
0e435cda34014d14b68f540280fb8957.jpg,Sweden,SE,65.039462,21.351213
4923a89129d34ec5a34b2f9351e28371.jpg,Turkey,TR,40.100987,31.035593
c7fb76e947a74568853153ffdc4f1034.jpg,Iceland,IS,65.028916,-14.264416
bb8c893d309949c78607f5ac3eeb468b.jpg,United_Kingdom,GB,57.557255,-3.001561
880616bea3d743d5a9efab41dda628ee.jpg,Italy,IT,41.818022,12.782088
213ba62e23ff4528a1b1402cdf725ca1.jpg,Finland,FI,62.867699,21.710726
72da9571040b418a923390de895a920f.jpg,Germany,DE,51.578579,7.535342
5485715bdc9a480db0b5ce125255016c.jpg,Turkey,TR,40.391804,29.456193
a018353626c8458aa13c1e777ea9a6af.jpg,Spain,ES,40.017907,3.870115
d763d96e10384cbf95c81b639764bac1.jpg,France,FR,48.610277,-4.533113
0201f303a5d94aaca31ca53a3a809b88.jpg,Spain,ES,43.65764,-5.843969
f4d99a3b8c2e40baabcc013eda937444.jpg,Sweden,SE,60.589548,16.330361
075c181e1782453abd4f2fe6f2729b54.jpg,Belarus,BY,55.534009,28.755448
745f1b42d3064c5688496d7807ef7ed9.jpg,Poland,PL,51.349824,22.590907
73ba86048b65458a84eaca7ada69c04f.jpg,Finland,FI,63.644904,27.447163
5a13245540aa4d04805ea6bf1a03b73b.jpg,Poland,PL,50.840575,19.054758
bb0883212a2f412e8e4cec5e6c78ba93.jpg,Iceland,IS,63.541887,-18.454265
be79959af52f4bd0ba23a9d8a6b5aa09.jpg,Norway,NO,63.17954,8.668043
757929daf21045288daace15cb7c8426.jpg,Turkey,TR,38.337116,26.895847
624f4a5b61f04e2db9e2958c8efa9fdf.jpg,France,FR,43.665106,0.566328
283db82b3b674af396ae3cccb6f605c0.jpg,Poland,PL,49.444208,20.299785
8c91739040d54f8e96630f5707903baa.jpg,United_Kingdom,GB,51.571674,0.284424
b4e47626b1e342a181ef0f5674387892.jpg,Belarus,BY,52.975289,26.774521
810a23d7fe504041a62aa87cb4da2b97.jpg,Poland,PL,54.832648,18.287463
88570c16736b41ab8515e9f2fba92b5c.jpg,Finland,FI,65.833478,25.290965
81bd9a992eca4060bfb76d37b87cdf2b.jpg,France,FR,48.14346,0.972931
e655543866614e10ab37d206f6608ab7.jpg,France,FR,47.520222,3.541332
f49d414e432b4017a36e78edd9b6f2eb.jpg,France,FR,43.541191,0.465658
e4bcb9363b79479c8f96871a1598d135.jpg,Germany,DE,48.741984,8.210608
c73822d5c7c747cc906ba303188fbb82.jpg,Finland,FI,66.690956,25.411277
575fc48001e3420b9035e6bd2745e707.jpg,France,FR,43.597519,6.857185
54d6ff3007184fcb8fd7f3d79825acb4.jpg,Germany,DE,52.675283,14.107854
862f76de01d34882a35673a41d6aa9a5.jpg,Italy,IT,40.713712,8.515494
26c7a03a0209452e972bb1da9fcb0865.jpg,Italy,IT,40.983568,8.926632
619f89ad6e4546558ef4abd6cc27e213.jpg,Spain,ES,28.226926,-13.990521
5464b0a76c3446a69969269388a83206.jpg,Spain,ES,40.683782,0.338429
aa282360a6564d6fab6842c74a27a11b.jpg,Iceland,IS,65.878922,-16.535227
5a48b2045eb24885b475cc829f85d8af.jpg,Germany,DE,53.228681,8.657322
1302d6b04d5b4f0ca17fb063b9bcffbb.jpg,Turkey,TR,37.028802,35.442698
e32789acf7424c4fa7522e907b602621.jpg,Italy,IT,43.406684,11.30565
2a1783054ef64133b8b98735bc826db0.jpg,Turkey,TR,40.493223,32.301374
7a7f5a4cfcca450bb078da914e422836.jpg,Sweden,SE,67.143219,20.855925
ffc49647426b48e480478e725a4ef0c7.jpg,France,FR,48.095967,-2.801507
7ed64fdd294b4fdc82a3d3f1a707af96.jpg,Spain,ES,38.76998,-1.704557
5aed9a1566b44fdbba2592bbe052e08e.jpg,Spain,ES,39.134058,-0.305732
0982930ba192417a8f225729b639fea6.jpg,France,FR,48.944331,-1.389314
21da9f65b80242feb060a74892c3cd6a.jpg,Spain,ES,39.122062,-4.133688
e4bd33c0111e490891bc06bfb6790018.jpg,United_Kingdom,GB,51.29854,-2.321852
bfacdd87c44e43da8e8d3a101e94452e.jpg,Italy,IT,37.75543,15.130626
86a322bdd5f243159d9212cc083d239d.jpg,Iceland,IS,63.847865,-22.42704
3a3ea0adcd7947a4966d0c8293157472.jpg,France,FR,48.278033,-4.30159
5bed37cfeb3b4ceaab1f1178def064d4.jpg,Germany,DE,50.38936,7.682787
1d4c37e2338d4d4aa66457590797eb71.jpg,Poland,PL,52.225771,17.352686
70f2529fd031428cbdf5daf3e0764bb1.jpg,Finland,FI,67.050313,28.928053
a08768f585a54b5cbf06cbccef9ec5b8.jpg,Turkey,TR,42.002338,35.092065
7238ad5a13d04e6eb82de997e35e7906.jpg,United_Kingdom,GB,58.501485,-4.644599
09230bb430ae4216a0fb1c0431cdf6cc.jpg,Spain,ES,43.421806,-5.08755
1941e791b0e8448a84d9fdde88d65d85.jpg,Italy,IT,37.119953,14.654696
26ec4b8345e948b48ffbd77fdbd87e37.jpg,Germany,DE,53.092389,13.668023
99ebe7a1c7634e7a966d24420b0ec864.jpg,Sweden,SE,61.9296,17.24552
b60683ef3ebb43f8ad044a9edd1449cd.jpg,Iceland,IS,64.82904,-23.467422
f328355d305744128d1b6ad0091d837a.jpg,Sweden,SE,66.25552,19.92362
ff6e885764dc498295f885afe8c9af6c.jpg,Germany,DE,51.565856,8.197228
339a7d52c1a24dd29bc3c5e4c504d8c3.jpg,Italy,IT,44.56171,10.804194
5630dbf12c7b43589b9fd6ba7fc9de02.jpg,Germany,DE,53.08919,11.275679
856f0dca2fe649e791f602112159cad6.jpg,United_Kingdom,GB,58.501584,-6.2608
6ef62b985ccb4975a336cb31f1ad43d9.jpg,Germany,DE,52.901074,8.415136
da2dad6ddd5a4ff3b5f625eb42ab494e.jpg,Norway,NO,68.890096,18.367388
61added110a6451ea254e65648256ebe.jpg,Turkey,TR,38.006812,27.430457
50d39fade944467c9688d76300acacfe.jpg,Poland,PL,49.965293,21.311014
413a982877f545e5babf5640d6e49c1c.jpg,Turkey,TR,40.474542,43.326374
7ee1e4f86c074a018b417744ce891066.jpg,Iceland,IS,64.834853,-22.881302
3af7b851f8624c1b85c010974185bf45.jpg,Norway,NO,60.267544,5.441657
71c119b7692642d08e1c07413b72b84a.jpg,Poland,PL,54.353226,22.727182
2d38f25597174a72bec0615d8454ab46.jpg,Turkey,TR,38.621487,36.439849
99ae2c52568d4a968bb64a158f9128d3.jpg,Norway,NO,69.462859,19.239782
f08eccc37c874ed8aa0e9c4c32ec4d43.jpg,Italy,IT,40.639182,14.689358
146a223c4eb84c7cb4067693886d6cb2.jpg,Poland,PL,54.613234,17.37637
8ad4cecb9fa04f06a171f4119b17b06f.jpg,United_Kingdom,GB,56.717557,-6.059076
2e7ce7a6290d41a79fed2e90f5e25a96.jpg,Sweden,SE,59.979023,17.101885
52a08b3330d543d7b3d4341ff8b3954e.jpg,Italy,IT,39.323828,9.146098
5c3252e7ebb7406bb0217246a6a0677a.jpg,Finland,FI,63.17401,28.478785
70f3686e51c54be18c63fac13108ccc6.jpg,Sweden,SE,63.289986,18.400588
9d7a4399df224e55b5ec3972f178bd1e.jpg,Germany,DE,52.178399,12.064124
943a5dd699724cc89e6bd17d0ec65fa3.jpg,United_Kingdom,GB,57.172904,-2.709073
a675b13574264b57acbce7e963e9237d.jpg,Iceland,IS,65.683751,-19.605583
6bc67f8ed9ed4f7fab921c3ed796d979.jpg,Iceland,IS,66.005804,-22.935248
baf31be2366441418aa8897937604066.jpg,France,FR,48.149411,-4.235565
60288a2f022541ecbb9df56bc721f580.jpg,Poland,PL,54.231867,16.533357
04ee18e47b0a4e328128a22b0b5f5afc.jpg,Poland,PL,53.671599,21.313249
ae66df2ba76746f6a61e2be4cdb4f90d.jpg,France,FR,46.478379,5.688193
b2250f84a4ac4ad5bb95d5144cfbd6dd.jpg,Belarus,BY,54.516578,26.93071
5298142342f340d398af5499bef83dfc.jpg,Turkey,TR,40.681634,36.551816
f3918e0ce513406bb67d43d12b922688.jpg,United_Kingdom,GB,50.833724,-3.799671
400c59850f884ae4a4a9dfb7582e721c.jpg,United_Kingdom,GB,57.080644,-3.984903
56e4de5325724d92a4e0dfeff2335d24.jpg,Norway,NO,66.303742,13.562544
b7e7288db38f4e7daa543815290ff460.jpg,Belarus,BY,53.187424,28.73116
f87095fc0a8941cdac9ebfc12a587f46.jpg,Norway,NO,59.950803,10.552054
f7c4ba97cfa84e4599a46ac30616d331.jpg,Belarus,BY,52.022771,30.495758
1b85adf59f84480caea8b35a6ae5ae0a.jpg,France,FR,45.529555,4.516941
f47169d2e0934d9bb390b0932e0b58dc.jpg,Germany,DE,52.899441,8.414155
bd8d93aaf22d405aaf4c5dd705f8e06c.jpg,Italy,IT,38.013241,14.373972
7e9a2cc50cfc4664a112469c4bb2c537.jpg,Norway,NO,69.082657,15.563348
dbc786794bbf4f04a5fc3df0bb4cd6ae.jpg,Italy,IT,39.559102,8.888875
6de982f3a6744058b12f6815b095449b.jpg,Germany,DE,51.85685,13.237698
2ec1c2ea474146da98058c4d39b675f2.jpg,Sweden,SE,66.121516,17.411756
50e472e8c51e427b9bc79d578ee93ce9.jpg,Finland,FI,67.525319,27.939589
db1b281972dc48be92e75c210f4fe377.jpg,Germany,DE,49.146364,8.841426
17303e827024477bad92533d2ade7b9d.jpg,Finland,FI,62.913378,28.766222
3993b0b0923345779d57270018ea65c9.jpg,Norway,NO,61.782581,6.205661
b065b7620bbf40d5879ce1f68295f5d2.jpg,Sweden,SE,60.946257,15.688155
c43cb25ff0c242fa9b7a880a16a3f760.jpg,United_Kingdom,GB,53.574519,-1.650933
824c4d9290e341b98b1036864f78275a.jpg,Germany,DE,51.076696,8.63294
c28e002300c74c2287265c6e0733833d.jpg,Iceland,IS,65.604036,-17.202462
1731c7fb77a94a96a4d697118a7051a9.jpg,Italy,IT,46.016867,11.987493
4e4d430668d145848e1532f34b453319.jpg,United_Kingdom,GB,53.361428,0.074953
da68070551404fe097de0abcd29c1d0d.jpg,United_Kingdom,GB,53.846102,-0.636091
ac04d46c63b14cda8ad6fa79b5155c6c.jpg,Finland,FI,60.485013,24.487691
7ab704addfee46db98333a133ed84ea4.jpg,Spain,ES,41.982395,2.882943
d6e57964e6c541f1a2b910b64a508fad.jpg,Turkey,TR,38.696322,35.115604
b165d20435a44270bbf00cffade41d73.jpg,Turkey,TR,41.344256,27.449796
930c8377574e4b76886576a6d74517af.jpg,Italy,IT,38.018031,14.080718
adcee0b97acd477b99244fb182b133e2.jpg,Turkey,TR,37.232682,30.501363
033e6317d30b4bef820a948dc4efcb64.jpg,Spain,ES,43.042244,-4.216932
441acc01a81343fda84cffdca08c5d19.jpg,Poland,PL,49.476253,19.672129
593440894f634002b1d00921186befcb.jpg,United_Kingdom,GB,58.513928,-4.806959
7f0d6c1f9ddc42d2afb1fd58f6db6a76.jpg,Turkey,TR,37.811449,41.229488
45ba5786769f4688a0785fbbae9240dd.jpg,United_Kingdom,GB,54.263745,-0.393683
10fa8f97a0df4ff987b96c94aa6957b4.jpg,United_Kingdom,GB,58.034006,-5.23537
4bcff252abed4ab3a7c668f2f3a52646.jpg,Germany,DE,51.491568,11.57866
45f4fe7c2fc44a769ebb4cdc5112f9d2.jpg,Poland,PL,53.600136,21.043647
bb11441d9db741c1ae22a179f83b6fbd.jpg,Belarus,BY,51.930592,29.25956
4972ec6cecb949209808d5816a165e14.jpg,Germany,DE,51.683241,10.214574
43af3b553ae944cb87c70d8727472e65.jpg,Sweden,SE,67.974271,19.954008
c142ac016d0d4815aaca3f16f8c3eb0a.jpg,Sweden,SE,58.001822,15.750322
60d6a53247c04189aeba0a3246631473.jpg,United_Kingdom,GB,57.156151,-3.879499
d7080d36e6804937b1713cda120047f7.jpg,Norway,NO,59.547194,5.695907
770263a0b89d447db105220f8206addf.jpg,France,FR,48.833381,6.255258
5bba2001bc2a4f4aad8215e4954c7600.jpg,Finland,FI,60.488891,25.104142
4641e1d3f7dd4f5982c3403cddaa7d44.jpg,Spain,ES,38.797892,-2.337173
49c13131a83547998668a05635718801.jpg,Sweden,SE,64.353747,21.104445
9a7c81e35bf14e5c9bbc6f5e971c6423.jpg,France,FR,46.996654,5.695692
b4648d3f0fe24c62b2aa35e5bf83de88.jpg,Spain,ES,40.17504,-0.869698
c4a298f7bb7649638c977cb121d2cc56.jpg,Sweden,SE,62.069346,15.837376
1e721f6c5fb145aa81929bb156164350.jpg,Finland,FI,63.933639,23.436564
78c12674e39849779722129560fc9182.jpg,Turkey,TR,38.203519,30.05099
67634f26f8424114b69c1f41b79ce8ff.jpg,Finland,FI,63.736116,26.70894
d0f1311e2d444d5da5607d75a3bf564f.jpg,United_Kingdom,GB,51.874963,-0.972836
a38188b4377c4a17bec822e5f51b280c.jpg,Norway,NO,69.795503,25.176992
a93194335ce04ae4881c971d8be56cf5.jpg,Norway,NO,65.102115,14.600888
e48fdcbe902e4bf2a0236b225dd184eb.jpg,Norway,NO,69.378205,24.133565
8b623e7c9cc149f2a40d1cf2d0a33c6e.jpg,Italy,IT,40.793291,16.419688
cff94417e670405c9fa817f159b61bac.jpg,Poland,PL,54.556743,18.317263
3bd0d6113dfb438880cbad9d6d12f238.jpg,Poland,PL,53.729954,15.779017
f3e88fdeab58408fb893ca0699536a66.jpg,United_Kingdom,GB,51.408987,-0.592503
e1068c37708444709b5e4c41c3d0a048.jpg,Poland,PL,51.541406,21.812038
266f71458aa445239711e13ed21c6e89.jpg,Turkey,TR,37.050461,34.940723
4eb49ec263bd4bd0a41e357f9dd42206.jpg,Sweden,SE,59.866173,18.137683
adcebc84dfb945f59d29db0e5745d574.jpg,Poland,PL,53.513195,20.685154
0549ff1cb8cc4dc5b234ff5f52be5522.jpg,Poland,PL,50.02902,19.80091
20a274b00713408fbba0bd61fdce4ee4.jpg,France,FR,42.087861,8.71208
96e1fa4e120e455282993567e998d72c.jpg,Norway,NO,70.405211,24.488382
4d2a6cfdb61e4fc89815de0272a4919b.jpg,Iceland,IS,64.716007,-14.324487
061e5dfca3b74607ab295f97e3f05dc2.jpg,Italy,IT,37.805217,12.451233
d51eeacf35f5474d9994227cd7784d68.jpg,Poland,PL,50.822544,16.428628
53bea958d5b74596a31c3783ba78da97.jpg,Poland,PL,52.286545,18.265577
da8f684ed7a145a5a94090bb33fbdc3e.jpg,Norway,NO,61.929216,11.766155
b8f1b1c92bb24b7f9783acc4fd6d356d.jpg,Turkey,TR,37.033921,43.763429
aae0851b5a194bac8385d0b2b310a85d.jpg,Spain,ES,42.038953,-1.601847
56d38acaca8a4274b14dc46909fcd372.jpg,Sweden,SE,64.095247,20.140189
c5618a0fa22d44c2ab6dd681f4564cde.jpg,Finland,FI,62.63958,22.766858
c14380e0d8304578ab83825343dee4ce.jpg,Germany,DE,51.110636,7.812556
97742c1f209345379fd8eb8395eae5e3.jpg,Belarus,BY,55.08743,27.148609
070fa11598fd49f6aaac9a91750e1f56.jpg,Italy,IT,36.777772,14.685586
a34d32c4fab0463ca1869885c04a31da.jpg,Iceland,IS,64.313924,-20.266064
db3e30805a0e4c35bd484c895ca9faa7.jpg,Sweden,SE,56.35992,13.852611
2e4560299d804f5fbd1a89f63a50b620.jpg,Finland,FI,64.25024,29.540679
1b64270937e747e089c43d22d4a46ac4.jpg,Turkey,TR,41.444743,32.712725
8da821e6a83649879a1aab812055797d.jpg,Iceland,IS,64.716473,-14.324796
0cfa6c1e2ca44ea49f74ee8ef4857865.jpg,Norway,NO,69.378812,24.129599
cc95cc5986f54b48bd0071738c58e3e5.jpg,Norway,NO,69.23553,19.354381
1c55200ed2ce4650a516021999c6989b.jpg,Iceland,IS,65.885434,-19.387353
9e9fafb19cd3437b90bb3e3d762ad6bd.jpg,Spain,ES,42.783271,-8.467285
e5c9cabdf6c84e7a8bc06a446a27f950.jpg,France,FR,45.018352,3.149155
67e8066cbc874301b8c1c4c0afc72b6c.jpg,Belarus,BY,55.46987,29.093657
8f44a674fd2747a1b8bcf2db8987ac38.jpg,Italy,IT,44.18213,9.863866
c41872292e9f4515b154575962969a45.jpg,Spain,ES,40.49764,-4.676647
78e3310180de496cbf5cebe31864ab9d.jpg,France,FR,47.543567,3.452662
f08d34517b894676b9e18a82cc750f97.jpg,Sweden,SE,65.054595,17.275649
078278b89fc346ceb7a80ac5ae72f966.jpg,Italy,IT,41.030527,8.970655
facf6c4253ec42a7862972c8d1491e43.jpg,Turkey,TR,37.634792,41.419543
58269b4909014126ba5c63d5326dff3f.jpg,Finland,FI,62.979075,25.819498
5af8835c524b432b979fa8427abd200a.jpg,Turkey,TR,38.497881,36.454068
2039fed113a04d7f89034f4a12c64e61.jpg,Turkey,TR,39.039094,34.550869
109cda5b1a794ff9b4812dee091bc63b.jpg,Turkey,TR,38.931003,36.056874
5ea91c2d7b154e5f94ba65e2f3472ee4.jpg,Germany,DE,47.908422,8.052379
7f6fe0a6a5a54eeb9e4555b696318202.jpg,Germany,DE,50.250311,7.588082
22683bc70b9646a19638f40d325c8e4b.jpg,United_Kingdom,GB,52.064439,-4.314682
355114ac0bf44cdebef7073626b8a4ce.jpg,Germany,DE,51.912806,13.047439
1ffb66a72f7e4f1aac7ae06f1405f511.jpg,Norway,NO,69.418495,24.717433
d4b6a3ab77f844a69fee631637bbf8fa.jpg,Iceland,IS,66.008338,-14.846748
2d4d6203dc8b4283ae1640b70d040750.jpg,Sweden,SE,56.969489,18.183153
ae4702e3cf4a49c09bcc63951434d749.jpg,Iceland,IS,63.8177,-22.541795
b94406d6ad17454da5c921cd6d3555ec.jpg,Turkey,TR,40.8494,35.628693
e65ad36b42ac4a639e7ca94cfab0ac00.jpg,Germany,DE,49.68383,11.287435
5cf8e6b4838e425e8eadc3a8d7481b8a.jpg,Spain,ES,37.788112,-3.843595
a5195f103d0c458a910ebbafee8d98c7.jpg,Belarus,BY,52.69189,24.354945
fa622f38a0d54e5785f3d045ae8ca6b8.jpg,Norway,NO,59.929833,8.929209
e7917ffa350d427fb986d569b41f90b4.jpg,Iceland,IS,65.412002,-14.555716
d353e4cf89b84018824cafea2cf2dfb2.jpg,Finland,FI,63.31794,30.189953
36cb6ba55641406aa2141e7b682b6b28.jpg,Belarus,BY,52.239269,31.266029
0c8be74e4bab40b4bffd8f0add31fde5.jpg,France,FR,45.807773,3.319766
fec7b475684c48659e2169429c7bf6af.jpg,Norway,NO,61.517575,6.64354
1a2b3a7977bc4be0afc84e0c105ebecd.jpg,Spain,ES,41.719467,-2.840767
e6cd216ca4044d788dcdb7a8df804bd3.jpg,United_Kingdom,GB,58.521172,-4.685233
6faa39ed51c349e9bd49167f807959d9.jpg,Sweden,SE,57.177718,14.078164
e06d07d864dc4d979dbd30b18766c918.jpg,Norway,NO,60.042989,9.866692
411c3f4d5d0d4ae2b142402177f14244.jpg,Finland,FI,63.165724,28.086182
524d029287604d00ad0e3da1d29e7cba.jpg,Turkey,TR,41.09496,42.819787
6e54c26f839d48bc8bf1b612115987ff.jpg,Sweden,SE,55.40236,13.156364
daa9ee16549a45bb8c30feba46080dc4.jpg,Sweden,SE,66.592453,19.212588
927132d0037b4b3fb28e25987bd2fe87.jpg,United_Kingdom,GB,53.642053,-2.89203
e09047fab04145d3bc779eb1f6b67418.jpg,Spain,ES,42.131636,3.064628
06b619e4fd1f40658f44a435226f9342.jpg,Poland,PL,53.749904,17.771071
fea10d3ca220457680b3b481a5004e09.jpg,Sweden,SE,58.394315,15.299058
596f057a1d4b4af7a4526bfb4c6aae4d.jpg,Spain,ES,37.325082,-6.834047
42ae498eaff64b8d8be4899bc3a3048d.jpg,Iceland,IS,65.665402,-14.996241
ff62a682757b44b382a67917d6d9c313.jpg,Poland,PL,52.000945,20.672922
ecc55e797ee549fd9f4f231ace69c74a.jpg,Spain,ES,28.078733,-14.433039
fd002b1a083a44c8a49406037b0fbadb.jpg,Sweden,SE,57.652833,18.653089
ae67384d50d44a11b0d7ccfc690a402b.jpg,Iceland,IS,63.878588,-21.22211
df73a69d271b4024ae0877c32269554c.jpg,Germany,DE,53.426505,13.818748
00962bcda8a74486be91dc7fe4986b4c.jpg,Spain,ES,41.103312,-1.168238
137545a07cee4a2ba38534a042623314.jpg,Poland,PL,51.44814,22.611754
296db02d3a8e47728126ffe8f67e1c08.jpg,United_Kingdom,GB,57.486211,-7.252149
9e9481d8e58b472892ba39766977b926.jpg,France,FR,48.789244,3.032109
e54c7f2f13424424b6af8f326f164660.jpg,Turkey,TR,39.781665,42.755866
029b77143bc645849e89ed967a36190e.jpg,Poland,PL,53.979933,16.029387
10c1936ec77347db93ec4a346cd13bee.jpg,United_Kingdom,GB,53.239405,-0.583517
3db9ddd990b14c0e9d0ceb3ec2f3025f.jpg,Sweden,SE,66.161791,19.955699
a262e7630e5f4afd9a5fa7b419fe918f.jpg,Finland,FI,64.918752,27.614709
327520a12fea4577963b4c2497feb981.jpg,Poland,PL,53.7192,21.319966
df62aebb745943f8ad0babad59c3f75f.jpg,Italy,IT,38.151481,12.737976
83e14e96cbe44c73b63258f2ebe088f4.jpg,Poland,PL,50.743407,21.304398
875c70b54f9a45bb80e96a20f3534eac.jpg,Spain,ES,43.346965,-5.019349
c703357b7964466ab7e6ac0c404656ad.jpg,Norway,NO,62.543455,6.124644
575d8a9301c64a0fab0933c949f19dff.jpg,Belarus,BY,51.635535,29.082124
8908ac201a1e4738b95087217815deb5.jpg,Sweden,SE,56.957938,18.302935
206f35da53204a0984af3ae6bf36d19c.jpg,France,FR,43.842928,3.742679
66fac7855a914a958166e31d0b5a050a.jpg,United_Kingdom,GB,50.501644,-4.693468
ac875daf2fd442598999c6d9bcd39d28.jpg,Belarus,BY,52.078902,27.700558
1ae90f5758f24d9f94133e8784aaf386.jpg,Italy,IT,40.570798,8.341528
638b570d219d4978bcac659b4ceec6b1.jpg,Turkey,TR,38.951585,37.547606
9636b37324f4456e8d815496e7bd24da.jpg,Poland,PL,50.849987,20.273811
843ee5cc3ed441bbac06d413e5a8f4d3.jpg,Italy,IT,39.058554,8.428879
ffb7400457c7451ab0c38b3bc7ad161a.jpg,Iceland,IS,65.739633,-23.820766
a7ac43fe24944f93a8020c9ddc0bfea2.jpg,Poland,PL,50.427603,22.746244
e76993a291ca43c49cffbfd3a7927f43.jpg,Belarus,BY,52.41927,24.358441
cdd5b17d57754e939e44b88b07a6a3c5.jpg,France,FR,42.639294,2.445722
f8cb6ee651094039b121b454fd156029.jpg,Turkey,TR,39.775241,30.180514
517e5d0af1084b2c848ab5e6e3353750.jpg,Iceland,IS,65.680334,-17.345093
7400642df39e4f1e9303664bef18f640.jpg,Belarus,BY,56.028255,28.367618
fdf339cd3d71461ead52b221fb91a3ff.jpg,Belarus,BY,52.037737,29.454729
8f49d71593394a0eb108e7a60b2baa8d.jpg,Belarus,BY,55.267192,30.111688
c636314df2a04418849269b0f7d572b5.jpg,Italy,IT,39.490327,16.958532
2b6c51302b1e4cd2984dc7973c35201e.jpg,Turkey,TR,39.429913,35.115984
9b68140af7ab4b29ab42db0c15e096f0.jpg,United_Kingdom,GB,50.341028,-4.657593
1e8ed4a0b60d4bd1afcbc210dab23912.jpg,France,FR,45.363684,6.519744
397fdfdaae78469db47d6156f03ca292.jpg,Spain,ES,38.63579,-3.471639
59e41b5d97374481a5cf5d99715041af.jpg,Turkey,TR,38.659035,36.082338
ed089cdacf1c496e921e9637272d9a0d.jpg,France,FR,48.311644,-1.802849
6b09e9db79a94148904eb47f2d0a107e.jpg,United_Kingdom,GB,53.077668,-4.003143
48165b1480584c638703e1febf0bdc24.jpg,Norway,NO,69.494306,25.481535
670fdf86209243d1b5d7fda2b57d8768.jpg,Iceland,IS,66.033356,-14.805793
73a8bec47aaa4ce5957ed7577447fb76.jpg,Poland,PL,49.809902,22.387182
c994ecda902244fbab270a75cf906e70.jpg,France,FR,48.432297,-4.500673
8c22389be3b54565b2c4552e0c17f886.jpg,Germany,DE,54.261964,10.364753
53fd539294774fb89a8196db140a7b85.jpg,Turkey,TR,39.609539,40.188321
c7bfe55de38a47f1b5094e8090a765d3.jpg,Sweden,SE,61.715459,15.701026
ca92d015467046afaf7c03e006521d95.jpg,Finland,FI,61.928424,29.823781
155c450f4a3e40ca994edc3477bb71db.jpg,Norway,NO,62.234649,7.149116
e7a111058be54975b2c9e53122b1bd7c.jpg,Finland,FI,61.322985,22.767447
9d8c44e51e7f48949a0d07e35cdcbb0a.jpg,Norway,NO,62.667618,8.583245
57841c7558b749cfbf38c2b494ae0d89.jpg,Spain,ES,28.117826,-15.556121
fdfc553f08ed4ac796a9997d3904c049.jpg,Spain,ES,41.101402,-1.187275
26f7c90e09254deeb6b5e1f7c8923015.jpg,Finland,FI,61.191026,25.082632
2bbfc5ca1ab2441b9876dcd8a0638f9b.jpg,Norway,NO,58.804293,5.601954
8ff62d8b04044c209bf7df509d9c9e3a.jpg,Spain,ES,42.197233,-1.429862
3760290f79b048bfb3f4dbc8ef0d258a.jpg,Spain,ES,28.939055,-13.629443
647a07fd0eeb436ca4e98253738d7adb.jpg,Germany,DE,47.844851,8.276853
8dc44a48b7324f549cf32bdcc8ad5dd9.jpg,France,FR,45.545315,1.800104
1e68f9d32e664c39bb49a64b3986fc33.jpg,Sweden,SE,57.686589,18.384492
15fd31d2aa5e4460bf11f8f1b603289d.jpg,Poland,PL,52.399153,20.160652
02e43058f97a47b5a27a340800c372ad.jpg,United_Kingdom,GB,55.984923,-2.896377
0ef93e2fe50b4be2b7112a87d0aae833.jpg,Norway,NO,58.902235,6.855525
957e88353a454ee8a5be620873105261.jpg,Sweden,SE,57.258961,18.459621
ddb99c4f6af942ae98c927eea3b979a3.jpg,Poland,PL,51.270098,23.158438
653918a2252a4471953f8ae1e425cdf5.jpg,France,FR,44.615424,-1.061537
a5e2ce03071c433592928772fc1f8ad1.jpg,United_Kingdom,GB,54.478649,-6.497841
b6a7ea44af5143f3bc3cfee85d58efd2.jpg,Belarus,BY,52.311227,29.335801
4eade06b56374a41b7429e8e8b4d1a21.jpg,Finland,FI,62.026453,24.529548
fc6fc849b1ae42fb8c55be4accf4d2be.jpg,Iceland,IS,63.857511,-22.428911
953692b6464b49e9ace132af6c585a33.jpg,France,FR,44.704727,1.541044
35bd4f50eb7d48ee928ba76bd8c09070.jpg,Sweden,SE,67.297081,19.055061
8f69e95b3e4245018353908fa395e8b6.jpg,Norway,NO,68.192065,16.020364
71cf49eb5f3c4f889d457d28e9797bd7.jpg,Italy,IT,40.269767,9.126023
cc376d0317d946adafd0d85dfc7644f7.jpg,Finland,FI,65.007151,28.839384
eccaae397c6746d19c76d72ac31b381f.jpg,Norway,NO,60.786139,5.988071
c56f4f29defd4297a48a7ef9c1f95125.jpg,Poland,PL,54.702913,18.356784
dfc84d576af94706a678e8dafc9c89e0.jpg,France,FR,45.8433,-1.151418
c4cf0ac195ae4ef5915a84af105da4f9.jpg,Sweden,SE,68.247748,19.517819
8eba751b1d534ae2a1bc5ec1a2cda7bb.jpg,Italy,IT,39.090338,8.387709
454e950162f0424d89949fcc183498f7.jpg,Germany,DE,49.486827,11.373957
8cf744ee7efb4839b2ba54d6d549239e.jpg,Turkey,TR,39.797171,44.110018
28c7f7b671a942719211534bdefc91af.jpg,Sweden,SE,67.934209,20.064282
e2170e7267ee4c33ac13d0457a4756e6.jpg,Finland,FI,63.656614,27.505823
88e305469b8242b88a5afb7fbade43a2.jpg,France,FR,43.674455,-0.975548
47a42e8c6edf477bb016c225b07aee15.jpg,Norway,NO,60.258014,6.229936
051ed89945584dbc845e74defa7874cc.jpg,Finland,FI,63.536019,25.748219
103551157e27452b8b778817f716b6f6.jpg,Sweden,SE,57.768412,15.767987
8b03e1427df04619b784431aeed7bc62.jpg,Iceland,IS,63.849947,-22.372982
b397bcccb50346a38194c162c08abffa.jpg,Iceland,IS,65.480876,-19.281157
f3269eb7a2484c4a9de4d90eebe23fcb.jpg,Germany,DE,52.901862,14.059489
7e459b22e2894589a0579c954d254191.jpg,Iceland,IS,65.242388,-21.769507
4bd5d1f39ffc47c3b6aec73bed097529.jpg,Belarus,BY,52.077872,27.374165
08e73562c05241b7aa55069c9fb40394.jpg,Italy,IT,37.466859,14.964825
ccbc52a3496f4810b75c9a8cfbe62e13.jpg,United_Kingdom,GB,55.885114,-2.653156
b5994d714e954067ba87386f99e0a3fb.jpg,Belarus,BY,52.529622,24.581232
81e0e341216b4dae97e3c69dcf7fc8f0.jpg,Iceland,IS,64.787027,-14.005723
d236a443549141cb97e43f1e141f9016.jpg,Poland,PL,51.501128,23.5424
3a2b85b684ce42db9bc9ef494e85392f.jpg,Italy,IT,44.588406,7.61681
4e43bb2e49434f1096d2e47dd6e0f679.jpg,Belarus,BY,52.795608,29.407099
e96e006d474342ec8b341d4b75790b53.jpg,Poland,PL,53.109642,23.731904
b90f3aa811864e4395d249d1ebd20961.jpg,Germany,DE,53.141094,11.171088
035982c6a0c643b183021b308eeadf04.jpg,Poland,PL,50.115604,19.793347
18f995c0471844008747ab4b44b72fa0.jpg,Sweden,SE,61.153046,16.882433
003e7647a298476f9a6d86b43aa613f3.jpg,United_Kingdom,GB,52.771584,-2.733232
7ebb453e1a194219b33897fa326f461c.jpg,Spain,ES,42.266787,-0.679079
da3cde532fe9452dab654c82f1b5dc7f.jpg,France,FR,43.350846,0.719177
4f5a40ce3bd24f3ead452db1ffa6524e.jpg,Germany,DE,54.601501,8.903466
a1bce705b1f945a8a3d474b597058725.jpg,Iceland,IS,65.62306,-19.368048
16daddea3be04d5f879a0845bb35ff9f.jpg,Norway,NO,58.492973,5.90957
ad74962facbf471da0894df8c71c0b44.jpg,United_Kingdom,GB,57.33457,-4.550224
e74531eeed4f47599495c1080b6ddab8.jpg,Norway,NO,62.332745,7.52968
c7431fc92bb941dfa59e1dac12c7e948.jpg,Turkey,TR,40.470279,31.595921
bbce07154d454254b3b0a63533119e44.jpg,Sweden,SE,55.794979,13.755334
aa9e12ee2eab4309a7b46b09141f8dbc.jpg,Finland,FI,64.393847,24.058792
f4be506630da4d21b46b5d292c10e2d0.jpg,Belarus,BY,55.083097,30.634929
76b75b163dd44fc38a65ccec97b4ec39.jpg,Iceland,IS,65.606701,-20.310419
ae5adc2acac8406280211bb62037238b.jpg,Italy,IT,38.614548,16.347276
f40995ab153f436baf5694fc261cf6e5.jpg,Italy,IT,40.716095,8.495644
344b6b26c18244fabce10b333e8f2f60.jpg,Belarus,BY,55.21089,30.024358
0e34a5c440214680a26c10aae5c6d308.jpg,Italy,IT,40.598043,16.993397
d506c4630cb3423aaa70d905664faf29.jpg,Finland,FI,61.279776,28.7249
a889ba4c25ec494bb635d2ab592e963d.jpg,Iceland,IS,63.850377,-22.440329
2b36a32d743448c19ce6adcbf863a72a.jpg,Poland,PL,50.411218,22.418742
4471a91c201248bb913b1d312a04e7d1.jpg,Norway,NO,62.717222,11.34993
c804ae929c204fc68669136bf3af4e99.jpg,Sweden,SE,66.678486,19.831315
14ea88c026994f128bb65ebd890d53c0.jpg,Poland,PL,53.528839,20.726184
81bd8fb350a44a7c83db1b1de9942668.jpg,Poland,PL,50.299603,19.418888
9ba7a672f2ac4dc58f9adca2af5a5102.jpg,Italy,IT,40.512732,16.476217
a1f391e67f8f49be998c42118f9ff52c.jpg,Spain,ES,37.669856,-0.925546
516e2688e3174ee080908cf880532746.jpg,Belarus,BY,51.907775,29.810411
670a825cfa044a50acd1d51cfbb6fb8b.jpg,Norway,NO,69.650534,18.519711
82b80dcf27b94fadb480557165c78ef9.jpg,Finland,FI,65.579642,28.919944
b746ddbe95ab405ea55586ad24667b2d.jpg,Norway,NO,68.421026,18.683145
d3067e73f7574d7982034d80091d55d4.jpg,Iceland,IS,66.064876,-19.038455
761ee3eaf3ee4a2e89d7d716feb74ddd.jpg,Turkey,TR,41.289535,27.606488
6f6f7c34fc404980a4f94e2b63e95dc9.jpg,Turkey,TR,38.928137,36.061165
cb6bec47c62b4ec7a339146bfdea15e2.jpg,Norway,NO,69.206448,23.687687
1c1e4d667f954ec49a850dcf3b74b0a9.jpg,Iceland,IS,63.831391,-22.504548
6535a2ec0c06492080a24196ddcfcbca.jpg,United_Kingdom,GB,54.703484,-6.095077
22a157d11f624e23a46e66ce9985d109.jpg,Germany,DE,48.769861,13.732103
7bd69406470447c4a53ce066496dceef.jpg,United_Kingdom,GB,51.092875,-3.136217
3e86a3124e584fdaabef60abe84beee8.jpg,United_Kingdom,GB,58.567459,-4.738909
0f99250f67c048c691179d6396bf6e11.jpg,France,FR,45.840867,-1.148554
c2d6d69addb74e698380d8852d800199.jpg,Italy,IT,40.599087,16.174433
856d90f024c44dc9a253c000a65ce77a.jpg,Iceland,IS,63.840899,-22.423927
16e7045e8fbd473ca49d21c75c1f231d.jpg,Norway,NO,58.163771,7.949776
2b5c2b102d0a43e482e1f4cc15a1a08c.jpg,Norway,NO,68.337369,16.349202
4199e165aaf441d3b91b6db8fea6da12.jpg,Belarus,BY,52.083983,27.563951
914b224c060b48c18f4696de577b9fdb.jpg,Spain,ES,39.662993,3.223561
78a41041092143dba884d4dd7ed374f0.jpg,France,FR,43.397685,6.311381
2353a1b6ee934471af7c693149538e18.jpg,Turkey,TR,37.582785,33.942038
74eb6065d5d144cd9748b5dff212dd8c.jpg,Turkey,TR,36.972111,28.698142
d22b960d66fc496da24d9420d07233b3.jpg,Iceland,IS,65.936153,-22.931375
d67d3e6c43bf4d66810e81c3b91349ba.jpg,Italy,IT,40.267473,18.051292
3a6783be6f994b2c95f40226c561fc81.jpg,Sweden,SE,58.706896,13.896556
a88271534f4a4758b81d3e17308a3435.jpg,Germany,DE,51.130197,6.131027
1bc8345cbe3746ceab9fd0366512e2ee.jpg,Iceland,IS,64.835651,-13.811599
f2a6375d32e04080a9f4140b8739f609.jpg,Spain,ES,43.748229,-7.723766
c389c15f458d4f91835d6863e4f5c66c.jpg,Italy,IT,42.035478,14.837423
39360b399e004ffea55fa7b6ab200388.jpg,Turkey,TR,37.344653,41.349896
5514c2748f384a6f9ef70a7b77c107ef.jpg,France,FR,49.093138,-0.25942
edce57aa8fb4487582a7d730c20ecf04.jpg,Italy,IT,46.315296,11.304238
f9b5e737286d4d1d98a5a97962fc2a84.jpg,Sweden,SE,65.704707,18.746816
0dd508436ad0424aaa4ac5f922d5f3a4.jpg,Belarus,BY,53.5521,27.054928
dd7a6ed0221e4ddbacb3c559be95a5a5.jpg,Belarus,BY,55.197378,30.364605
a4633829ed5645518bf5924753c2f136.jpg,Sweden,SE,55.586586,14.158956
72fcd8c1def34be183d5a68c42e080d3.jpg,United_Kingdom,GB,58.531733,-4.138239
bc1503557b5642d9a01e6f3b7aa2d3df.jpg,Finland,FI,68.346501,27.399579
b04f4ef8a98c4c18ba49962ea4bc077e.jpg,Italy,IT,42.163085,11.764379
50c12ec09b6e4fdd914120e193b5d34b.jpg,Norway,NO,58.424308,6.018055
d3541e48dc434cc980813afb10f1b5cc.jpg,Italy,IT,40.920138,9.445438
6d04f362c09a4ece956f81293003eed6.jpg,Italy,IT,41.062413,15.714447
97b61fba8d474771bc781c3d32c709e6.jpg,Iceland,IS,65.23467,-21.769265
4c36c3e30c7a43cdab3e860954136035.jpg,Spain,ES,38.860503,-2.209342
d545ad8b4e3544e7b584e4173ee38e2d.jpg,Sweden,SE,66.390924,20.697868
8de8c8ed6fb84d7f918ef93e815b23cc.jpg,Poland,PL,53.350906,16.431747
66246befa17a426fbc9a80146c2dd7bf.jpg,Germany,DE,51.495669,14.680962
73e4f0cf474f4e80961952a1bc01fe73.jpg,Spain,ES,42.834054,-1.630367
d70ed2a9d18c48bc97c4fd3f0948e6d0.jpg,Spain,ES,39.437633,3.234857
b122ab66323c43adae37e5388ef75905.jpg,France,FR,45.212192,2.825538
e4749d6bf42447b9a5cc1f261d4a113b.jpg,Finland,FI,65.685457,29.12437
ece0eabfc26d4ca4855f04b2ca14075f.jpg,France,FR,47.755922,1.108391
a7ad456b0386466fa12ea6195f4344d7.jpg,Italy,IT,41.111653,9.441256
1e6434e49445414cb0e4e87700768f5b.jpg,United_Kingdom,GB,58.216315,-4.999203
2f5534a9e7bb4fd7bcf53fa8a167b530.jpg,Italy,IT,42.745015,12.071349
b143a34308b948bf80e0247b17693214.jpg,Norway,NO,60.598869,8.481029
215c7c6016e04a34901b7a9ca7df3dd9.jpg,Italy,IT,44.313225,7.211355
1b18a72821064dc087b2bd548c0685a8.jpg,United_Kingdom,GB,56.709687,-2.733217
7b0bed38a3cb4e929b88b9e9cfc59b07.jpg,Finland,FI,62.636716,25.685094
5b59e0f0a1c74c61a5d7cfaa4095f5d1.jpg,Belarus,BY,54.143277,26.533328
9c784dd2debb4269bd96d7db29164802.jpg,France,FR,46.211985,5.662597
13c3424698cb4653ae456d4665370a25.jpg,Turkey,TR,37.177751,34.862019
f2ba047276b74ff895be93455333928d.jpg,United_Kingdom,GB,51.135478,0.174604
bde40322ce6e4969bb21499e8857a624.jpg,Iceland,IS,63.843817,-22.424271
1c974bf2f9cf46b8ab6a6b394386569e.jpg,France,FR,47.748205,3.569187
aa131b562e3d47dabdf81a5c21688f1f.jpg,Germany,DE,53.486864,8.480539
9a141dd97d734c86a3a95961f77b804a.jpg,Norway,NO,62.006539,11.710897
045451835e3f4ae797b03a52f941c174.jpg,France,FR,44.685847,-0.86745
8359204c3d814998b3eb539a181eeb78.jpg,Germany,DE,50.479003,12.973328
476dd95ea00644eb99764da4960cf7f0.jpg,Italy,IT,40.736772,9.103658
e59eccec7aa04c57a27cd965faf6757f.jpg,Sweden,SE,56.387257,14.014869
00e7b198280a4879bb6d1d89e222bace.jpg,United_Kingdom,GB,56.901067,-5.019641
ec18bec59c554cb783f21c13baacc3fe.jpg,France,FR,43.362421,4.872172
b510218ef76744569f68e3d14cb926e1.jpg,France,FR,47.245993,1.990044
73bb2b78be6845f3bbdba53540a3cd6f.jpg,United_Kingdom,GB,57.17607,-2.214259
e02766bb77ad40bea4a9c82cc46a1ee5.jpg,Italy,IT,41.446315,13.929981
102168ae06ee4518b5f50974f6c8589a.jpg,Norway,NO,60.369871,5.251192
5f390e3280d84418910d9ef118b33fa2.jpg,Turkey,TR,38.240835,35.099689
49ef73ac9eeb4be08f94fbd622271e7b.jpg,Belarus,BY,54.007957,28.166794
8b73f1921e9b4a6f93ff5317effa034c.jpg,Norway,NO,61.624214,8.978518
7ff3145f775d461bae5754c1e350a92a.jpg,United_Kingdom,GB,57.170089,-3.774653
3e077f33b1aa4731949c9d3fbc97bf53.jpg,Turkey,TR,40.348342,37.858847
77f7aad7bb06416f897f2d8794007e0a.jpg,France,FR,44.521028,1.55325
91743b3655134d22a1d591dbcfc000ca.jpg,Finland,FI,67.198057,26.67986
dde44d125741404987dfa62faeee48c4.jpg,Spain,ES,42.035623,2.96726
6fcf935ee70e470ea11ee66e8c7459ef.jpg,Spain,ES,41.956977,3.048326
c83de7581f8649f7bce3a88030556740.jpg,Italy,IT,45.861445,13.532614
a0dd4a79f720481b8231287fc6db3da3.jpg,Germany,DE,53.34965,8.126459
8ad58501a64a41ceacdd241259639206.jpg,Italy,IT,37.251512,14.480395
36d9efdaba9f44168b2baed4f94613d5.jpg,Turkey,TR,37.217957,40.618973
6a7b4450cc884106aa0667ebf25e29bd.jpg,Iceland,IS,65.927027,-14.836149
7cac02d3b5754543b6ac360d6350342e.jpg,Germany,DE,53.234732,9.999449
9b42f937a39e4dbd96a46900bbd83064.jpg,Poland,PL,52.906779,14.341461
277b972635804cab851bf4fe1e29895a.jpg,France,FR,44.573644,2.158079
2f1d670716c246e79e2806c7689e0946.jpg,France,FR,46.827573,6.091404
b1172bd5ed0e43e6b373f05088850973.jpg,Italy,IT,43.697556,11.405706
175e887e0c0e444eb34dfc5a3f710cf8.jpg,Finland,FI,63.31275,25.82813
8a42a5f65dea4813ac569db045a4bd21.jpg,Belarus,BY,51.916183,26.679605
b4fcac1158084510a3b939a393a114e3.jpg,Turkey,TR,40.915877,35.640699
ee49763f4c4e4198a46a26fca71e00f2.jpg,Poland,PL,54.412743,16.72552
20c1e9fae6b941b5a20b84ee27481505.jpg,Spain,ES,39.395902,-3.503788
aa9fd6e1ca9848fd876e1ea6ab35e65f.jpg,Norway,NO,66.751893,15.478085
ec05dba4a8314f32864d88fc93de229e.jpg,Belarus,BY,54.516964,25.776136
9a3c3805121245bfb94e6947657d5fa1.jpg,France,FR,46.601816,5.636847
a2e768ebdfae41cdbef1ec191927041c.jpg,Turkey,TR,36.632732,29.152735
611eedb71a3442fea1232768114ec2f0.jpg,Finland,FI,66.876698,25.463651
920d1a6fef8349ff989c3ba93bb65f62.jpg,United_Kingdom,GB,54.861918,-6.249656
8494d2d2d0464f18acfe7a455dc38758.jpg,Sweden,SE,66.315765,19.843308
5b7672710a27499787f7b016efa7f4c8.jpg,Belarus,BY,56.002339,28.64517
35d10d1ae63f4f53a5c5141e0baf238d.jpg,Italy,IT,44.599519,7.760909
02ce317562c24466bff1177201f4737c.jpg,Poland,PL,52.841454,17.986882
f629a323b3814f1c9caba50128a3277b.jpg,Norway,NO,66.317393,13.300788
1050ad2a9c30407cb005d78ff61462c7.jpg,France,FR,41.673453,9.31374
4325382e39ed48778e84ff823d3c52aa.jpg,United_Kingdom,GB,51.779881,-1.995413
e1d5b09d1da645e59e4a7e4429afe94d.jpg,Sweden,SE,66.404121,20.684796
ddf2698f364a40f987a583b1873beefb.jpg,Sweden,SE,63.718918,14.298585
fd2f08d9da914961bc00f4ed68d3f710.jpg,Belarus,BY,54.454921,25.890965
0a76da86a214434e80cc23ce7d97a43e.jpg,Turkey,TR,36.712568,30.560808
1d21acc2c83e4dddacde8f0f20b3b817.jpg,Spain,ES,43.730344,-7.692376
1359c5c5a2e5457a939b1b2fc5a2f23c.jpg,Sweden,SE,58.72199,16.299303
daed0bbfe9af4a4c96868447e1fa82a4.jpg,Belarus,BY,53.530242,30.234568
5090849c05004fe087feb9fbe4f269b0.jpg,United_Kingdom,GB,55.045468,-1.451735
cb0ec58655464d90a331e4edd74d11eb.jpg,Finland,FI,64.842564,27.786258
ee470dd3fcd44fdea92de7192c6ec591.jpg,Norway,NO,68.548556,17.216017
a27201a08b8345e0ab4d618fea81aa81.jpg,France,FR,44.161989,-1.078002
726ea475701e4a2aa30079bc950132fb.jpg,Turkey,TR,41.219019,28.466169
dbf49b88b7874914ad7568d8efcd6e19.jpg,Germany,DE,49.596058,11.629635
16bd673a39e14138a9a80358dff79028.jpg,Spain,ES,38.315256,-0.662891
c2645711c5804e7e8693125703eef092.jpg,Italy,IT,44.219594,9.731962
c5872ad39cdd45d3bd23d565d9181f29.jpg,United_Kingdom,GB,51.408451,-1.643913
2b54d8ce13bb4b2babbcae9e3628531f.jpg,Finland,FI,62.57908,22.030513
ff620bf5ccd24f9f88b97ba6fe3d07c3.jpg,United_Kingdom,GB,51.601605,-1.213626
b1de0ec1714044e59843195c8b82d72a.jpg,Turkey,TR,39.161004,31.254261
1b108fbd198f4490b0d9803de55a1026.jpg,Iceland,IS,64.154045,-21.782347
878abb493f1e43cc845ca70d2508851b.jpg,Finland,FI,62.83153,29.84284
fd2d123dd38046d7b216322b18ca1e4c.jpg,Turkey,TR,36.456401,34.128786
3a40bd58e51e40faa48d2d918a121d18.jpg,United_Kingdom,GB,49.998709,-5.21269
92b52324d166407faa8948bd3c6f1bf5.jpg,Norway,NO,63.579815,10.187053
c38d3c9eb55d4799bdaf30548202db73.jpg,Poland,PL,53.271944,20.220767
5ff9816d9729468aa0e0c775eb502a02.jpg,Turkey,TR,41.396702,31.685663
24d4e99cb53f4c1ca22e10fe2cde2c86.jpg,United_Kingdom,GB,53.137395,0.321755
31beda404ff24ebe9424cbc6e2ba65ec.jpg,Spain,ES,29.044595,-13.679358
aa70b4a35d7f4478bd278e6b6e75b4a2.jpg,Italy,IT,45.401273,9.600237
d1fdbd4677074e58bfeeed3ea8cf2c69.jpg,Poland,PL,50.796866,19.300308
9fb632b9f21341e28aa16710d4238ca2.jpg,United_Kingdom,GB,54.23181,-1.415844
435ea6d31809481a8677b9fa9ae3e93b.jpg,Iceland,IS,65.654048,-19.568319
0e0fcedfdee840c2be2c2ec97667ce01.jpg,Finland,FI,64.280352,28.504843
33f498504e8a4785b5dfb80a81cd1fc9.jpg,Italy,IT,37.173314,14.34317
f4d49565c69e479ba2e5d224edf848a2.jpg,Finland,FI,61.309016,28.531063
d32dc9ce860047f1966700e1dbe6c3ec.jpg,Spain,ES,39.540822,3.236818
34988e1e49fe4ab292b8c193b058c73d.jpg,Turkey,TR,37.352663,41.350078
21217e8321eb47fbace4c5edce87956a.jpg,France,FR,42.466604,9.208585
869709cd5a2d422fb4a5d8885aeb37b5.jpg,Finland,FI,62.955271,28.575472
fa0c2868975a46e283785d1501d74174.jpg,Spain,ES,39.573799,3.111763
c21b266b63d249de95aae8092e96dbac.jpg,Turkey,TR,35.967369,36.034759
34956e92ea6c4deab6eb78cda1123fe8.jpg,Turkey,TR,41.759981,35.217465
134c67f244fa4b1cba8d24932f3fcca1.jpg,Germany,DE,52.049789,10.00103
df6eda55ef4a4f00ae8bca545f2575dc.jpg,Norway,NO,59.693507,6.512942
1830540b7da44bbf94161bd85fdb6643.jpg,Germany,DE,48.790758,11.354066
3d7be63b8af844e59a9abed08911b6b8.jpg,Italy,IT,43.473131,13.453769
9085852649ea48b39b892e98b98f6c2c.jpg,Belarus,BY,54.16981,28.472372
c279b3619ce34b5b8c699e68d7c79ee6.jpg,Poland,PL,50.120978,20.399961
74de821fc8a248a2b789eccca38b4fab.jpg,Finland,FI,61.12339,24.665995
405df5e71b4a4d77a29a22e2cf4ac91b.jpg,United_Kingdom,GB,55.440548,-2.435678
339631c348484d239a48a9d616f4f90c.jpg,Finland,FI,60.611929,24.856437
555b8ce22a1a4c928ff4b3de3c15a75e.jpg,Poland,PL,50.650905,20.961143
e9127288d78243bcaa8b479bb0bddedc.jpg,France,FR,49.512661,-1.290838
275b29b599d64e62aa5aa6457a5eb4e0.jpg,Norway,NO,58.424937,6.016844
7b5f1688e2d045a58198840523faee8c.jpg,Finland,FI,67.105949,28.825053
55711f3841904305bd8ac2cc6e9466e3.jpg,Poland,PL,53.172981,14.583945
96f2b35248784c69bf54c584af9e7de7.jpg,France,FR,48.191396,3.449985
e3884ab289e94ac5aa660b1edbd04118.jpg,Italy,IT,37.43956,14.959847
4e150508ae9c448aba24afc4d02a2ca6.jpg,Poland,PL,52.062701,20.281456
72d0599879b646759beb763d0257d100.jpg,France,FR,45.006966,0.375337
707505a48d7340e3b3059b285b8d9fc6.jpg,Spain,ES,42.892322,-2.135828
4098e543eb954a13afe30c5af88511c0.jpg,Italy,IT,40.823563,14.380019
dd8fa34216e44561a916ddedf3836ea1.jpg,Iceland,IS,65.447901,-21.902775
319943dcac094d0da1a1efaa5b4297ef.jpg,United_Kingdom,GB,50.466347,-4.434402
bc72941f14fb40adb91d7412ab7ba39e.jpg,France,FR,44.14806,-0.986995
bba315802cac4d13949c6aa3a5110a42.jpg,Germany,DE,52.905559,13.597154
fff07b52c14d483890acb3cdda6e6f26.jpg,Sweden,SE,65.641953,19.68753
9048da90105b4fcca1ca9f31cbaea2a1.jpg,Turkey,TR,37.916352,27.271414
4abee447b1684564aca95600242d931d.jpg,Sweden,SE,57.555419,11.950585
bb878c00d2b945e1bc4b02d196bb069b.jpg,Iceland,IS,65.979514,-22.85889
d8845e20af1a4972b64f3824ecdf5be0.jpg,United_Kingdom,GB,56.345831,-3.469585
ced986feef3f481a8a5a8a4427f5b488.jpg,Poland,PL,51.646708,21.904922
c39be3a6627840049fb4f720df71a171.jpg,Iceland,IS,64.824226,-23.542114
6d938b6b77974077a900b872d0c3c3e5.jpg,Germany,DE,54.11295,12.568495
787c8ad2560f445aa1f85bf0b12f8643.jpg,Turkey,TR,36.633191,34.344399
945e11a8e97f4f0fa5cebf7bf1f05d45.jpg,Iceland,IS,63.832662,-22.48974
d2d5d8bc8d9b4cd9a95955add9b7c599.jpg,Italy,IT,45.986305,11.979803
b9afbc0d07974e3fabcd2b4da62776fb.jpg,Turkey,TR,37.102339,38.169775
4b6369b167d244a4b8ee1a7605c39b32.jpg,Sweden,SE,57.693462,18.559936
6b229521ed7e49a89112270eeeb96402.jpg,Finland,FI,66.668381,25.441364
0693de559a1f4e60a4c7e7ea619de42f.jpg,Iceland,IS,65.99501,-17.378977
78044eafb0014712ac716c12273f61eb.jpg,Sweden,SE,66.564894,20.012352
95eeed993f5f41afadfbc612ebb97428.jpg,Belarus,BY,51.677604,29.129361
ee4938a137124097864cfde8b2bbac50.jpg,Belarus,BY,56.002778,28.645259
c4fa7cabdccb4c2a90ea13fd825d2b2d.jpg,Germany,DE,52.010784,13.66717
0191c550b02f4c549021a99173d0517f.jpg,Italy,IT,40.963253,14.836677
cad6cdf0ea5d4e0da046ba8a179cb23d.jpg,Germany,DE,51.301835,7.023162
3bc3b451a1c64fba8ac6219588122c0c.jpg,United_Kingdom,GB,50.373914,-4.958151
d706947c6c404a579c7d2f051bb47a16.jpg,Sweden,SE,61.43173,14.855809
a1d72c6f07174c3cac8630978c1b11a2.jpg,Turkey,TR,40.307029,40.120247
bcdc1b6fac53495285951e1fb8cb9e1f.jpg,Belarus,BY,51.648639,30.4409
ea59f149dfe9467aa48051acc66ab59c.jpg,Belarus,BY,54.659489,30.436626
764eafc98b77491b8701e5bafcd15bd7.jpg,France,FR,45.976683,5.407342
b87365f30cd64aeea500bed54a9b7481.jpg,Sweden,SE,65.327492,16.635541
180037e5904545158a714dabc833029d.jpg,Turkey,TR,40.191378,29.106164
f9fa252d1e6d4fc9b98b557b349245ad.jpg,Sweden,SE,63.818499,18.826901
8bdfaa56731442fe99aa789607380531.jpg,United_Kingdom,GB,52.225115,-0.225277
f2ed201d69b841c68ef702998eec1d5b.jpg,Italy,IT,37.664873,14.859964
a468208741694941ba19d1075a34fd51.jpg,France,FR,48.239126,1.067804
6733b4dc349d43a09d54bec34ad36900.jpg,Finland,FI,61.193146,22.500203
239328d8e80b4db2bca93d22e08204fd.jpg,Poland,PL,54.788806,18.378749
28a41a7987594bfcbd61f2c37aa316db.jpg,United_Kingdom,GB,50.287389,-4.987159
fe0a4999d99a42b38ba57d1fdf8d38f1.jpg,Poland,PL,53.796838,15.015389
ef4957f5f0e74c9486a48e551e549796.jpg,United_Kingdom,GB,58.50169,-4.341871
a92e4714745e4b4b83063896629fd27f.jpg,Germany,DE,53.815747,9.572399
a64653e43e084fc8a52488564111958b.jpg,Norway,NO,70.627782,25.360843
dcf6ce56f5ef4cfcbb80f1abee5057ac.jpg,Italy,IT,42.918409,13.889585
4e1ec80cc93a4314aa07ab0b88c0ebed.jpg,Turkey,TR,40.818525,30.443636
f10f29bbbdbb4987858f4e80b0214457.jpg,United_Kingdom,GB,52.250937,-1.999214
424a75e1f02a4f72ba24bb154e7c6b69.jpg,Norway,NO,69.699748,19.003698
3b62470d3ddf4acda8116ab6144397c7.jpg,Spain,ES,40.006393,3.882051
705316e9c0224198957a18e6f1f0fe9d.jpg,Turkey,TR,40.086548,28.355228
52df4bfdfc79442fa235fa79e4363406.jpg,Sweden,SE,57.286316,18.385241
584b970a330f4886ad03b88ab1986ce1.jpg,Finland,FI,63.015746,21.531076
ff9f1101d1c34e7ea86a83329a9db6da.jpg,France,FR,45.034663,0.475515
488ca10cc6f444498de348ceddd3012d.jpg,Spain,ES,41.924559,2.850483
ac65ef5195374bc69ab02b6f8d52bf97.jpg,Spain,ES,38.922759,-2.947073
2185e4d7728b4fbb8182c04d66c28f39.jpg,Poland,PL,54.299092,22.482157
f0bfad0068404c04a991aa2d21983564.jpg,Poland,PL,50.378046,18.303696
547310d1029e4009b09804e1665c124c.jpg,Iceland,IS,65.2768,-14.415082
7fef46d5e8804788b1aace77038f8901.jpg,France,FR,45.96757,5.430747
aee20a907e584c2db219c12a4075d2a8.jpg,Belarus,BY,55.491046,29.045592
bec8455f86b845118f8d7403fc8a0e19.jpg,Sweden,SE,61.813616,14.676518
3bba6d6880be4f519f8408903183f604.jpg,Sweden,SE,64.660321,15.633511
9b2ca5b6bbaa4d8ca5501fba09a764bd.jpg,Belarus,BY,53.278618,30.417545
dbb4d047f13f42f6b9fbc20aee8967cc.jpg,Finland,FI,66.857063,28.716738
be4194e14c14472cbde4fc3309eb1b87.jpg,Sweden,SE,63.183149,15.500758
2f5ae300ae614e86a83153269657868e.jpg,Germany,DE,51.459403,14.229138
cff5594dc0634a31863b4fea1d5e247c.jpg,Belarus,BY,53.951475,30.467951
46dc8a54a4b7414098eb59488ad993dd.jpg,Belarus,BY,54.421805,29.029361
ae2371b16a6349c4a035f42799e4107f.jpg,Poland,PL,52.788137,14.489191
55e27b12cafe4c4e941ffd09173808f8.jpg,Italy,IT,38.651099,8.350504
404185f49ba7464bb41a9fbd1f4e96a5.jpg,Sweden,SE,59.082749,16.852421
048a5da0d7f747ca8a4fbf75101235c6.jpg,United_Kingdom,GB,54.42974,-3.463255
688671689c61415698ed68ac05d37a3a.jpg,United_Kingdom,GB,58.531851,-3.12821
85310e8f88b14df894e9dab49d5ff228.jpg,Germany,DE,51.843039,6.80309
2d029d4070f147f3b04027ed7faf7705.jpg,United_Kingdom,GB,59.10687,-3.323266
ad54f49597614f13af4e5ff8cf17baab.jpg,Spain,ES,36.776369,-4.106447
93b5b1fedc084d48b91e1b21babeeea1.jpg,France,FR,44.649895,6.62544
140a60b95e404214b9147f6745bcbd39.jpg,Turkey,TR,37.25257,32.211046
fc57f74ede7b461185c18d7554d1ad04.jpg,Spain,ES,42.19732,-0.315043
30106d06de604b748d96012000125dd5.jpg,United_Kingdom,GB,56.519081,-5.851202
9713b6e62bba42c0858d84d8cfaf0eb0.jpg,Spain,ES,42.835696,-1.649348
eeef2db395184ef889cb60203e0acece.jpg,Italy,IT,43.632844,10.598848
a2cbc7b9373f4a91b1395afee4ffb43a.jpg,United_Kingdom,GB,52.225477,-0.993327
17c259ed7978417195eb4ea24cd44a77.jpg,Iceland,IS,65.518156,-19.572061
de25ce0337124c778bdc464324c400af.jpg,Turkey,TR,37.868235,41.148929
bbab17d93cea4f52b22f47afab6301ae.jpg,Poland,PL,50.200852,19.78557
345dc05a2ad64ae385484e71c06977bf.jpg,Germany,DE,53.192195,7.7251
5819a195536540889ad33023d51c9fd7.jpg,Iceland,IS,65.739495,-23.820412
d96be400177943f0befae1023bd082c6.jpg,Italy,IT,38.133823,12.734652
41b3ce157ae84b48bad7fcfc0d2b5bc9.jpg,Iceland,IS,63.839884,-22.427676
9fe11d99ff414fe59e1ff34b6ceb6cc1.jpg,Germany,DE,49.229025,9.690034
824a96db591e4ae2bc677086da8d16c2.jpg,Italy,IT,43.234149,13.528038
ae608f2b8ca94186bbc2d51eba04f6a1.jpg,Spain,ES,42.436649,-7.705097
62a11eb1996a41a1b41d478c5612b991.jpg,Italy,IT,45.622212,8.860589
5eef17fb27d445a5970f7e672f30f1cd.jpg,Iceland,IS,65.588691,-20.650596
ab27273934414b7ca0bb4b3fda369fa1.jpg,France,FR,47.544324,-0.607768
3153ad0db98948ea97ef701fc7b3546a.jpg,Italy,IT,43.768213,10.352405
e6289173c66b4451a2fd5bb01db6ab3b.jpg,Germany,DE,50.53322,12.858854
6028a87cc456480caa7ec2565c60abbe.jpg,Italy,IT,40.987765,9.134418
f0ca21f3e4bc4b98a28a5088b15e5b7b.jpg,United_Kingdom,GB,53.608758,-0.238837
c30704c668b34745afdf340d9634b081.jpg,Norway,NO,62.229945,11.777898
828323c60e284c9ea66f1776ee86a89d.jpg,Sweden,SE,66.054581,22.804161
ba80b796e7b84fcf9b19ca6e6249fd42.jpg,Turkey,TR,40.952462,27.477399
94bf936aa36e4f2ba22a75f20cc9b1a9.jpg,Turkey,TR,41.443647,31.83006
963c8bb568644d89a556603bfe947f37.jpg,Spain,ES,37.133307,-4.74244
21653ff365bd402db5ba763ddd4b4ad7.jpg,Spain,ES,40.242464,0.191044
32fa52d4e14e46778dfd779ece2eaa84.jpg,Norway,NO,60.613676,6.35752
b6d3613dfc89478b83abca45b830e422.jpg,Turkey,TR,39.942946,43.991309
f01d0b07371d4bc184b89b9f4e752d1d.jpg,Iceland,IS,63.430568,-18.769079
fa09f2730b7c4d9bbb85e8683a0bcd66.jpg,Germany,DE,48.766381,13.729983
fd4a2d36aaa34c9d8baaaa6424729ab7.jpg,United_Kingdom,GB,58.541589,-4.675013
b1179f5768c145d9b4ba5e72b3aa58e1.jpg,Spain,ES,39.446441,3.236446
f10e20a9d99d4b37b52af4a881a4193e.jpg,Iceland,IS,65.564624,-22.482616
63f09ba10bf44b2ca89e7294362814ad.jpg,Iceland,IS,66.564181,-18.018397
3d015cfcc39c40ad960c71fffbedf184.jpg,Italy,IT,46.587292,12.846839
cbbac95e196d45e29862ab141380120f.jpg,Spain,ES,39.488512,2.814789
145bd530daac4edf8976bdbbd7b20a66.jpg,Poland,PL,50.410322,23.428899
8589e97d80474ec4b2c33fa57a4b03a5.jpg,Turkey,TR,39.697756,34.394158
22d429ebda654085a70fed1f94747a40.jpg,Norway,NO,61.014441,9.20456
44c1a84201f149b8b512884d4ac4a613.jpg,Sweden,SE,59.919194,18.925024
ece7e93ecf314c56b2e8f2de3f755881.jpg,Sweden,SE,67.193841,19.412002
5835ee6edb4a4320ab7ec8b36c42f65f.jpg,Turkey,TR,38.839054,27.717747
3aeba74ebd264dabbf0cbe136116ade7.jpg,Sweden,SE,57.834935,14.084359
3f7be1ca40924325a132f4141fc133ab.jpg,Turkey,TR,40.095731,38.404532
5aa619b0e691400386b2f7774a46ba0d.jpg,Italy,IT,44.686585,7.20671
1aed7b2c0a874aad8d6352321f19c27c.jpg,Turkey,TR,38.648827,28.980457
e977d35ac3f04d58ad7ac5031928dfaf.jpg,Turkey,TR,37.511912,30.543635
9bd0f76d73374d5eb0a4207db200ba51.jpg,Finland,FI,67.075143,25.077841
0552d1ad3eab4975be13402ceba4cf84.jpg,Norway,NO,69.074718,17.547244
9793f53ef4f74b4f98ba95eaf22f14b5.jpg,Spain,ES,42.291636,3.208021
368788d50299444f911814b27bd52c05.jpg,France,FR,43.467876,3.342624
bd6850c9f6bd41298b789080f35929b7.jpg,Italy,IT,45.733815,13.748154
4b7c809e1e1c464f8a5d2bce68eaa026.jpg,United_Kingdom,GB,50.341822,-4.658837
99ee45d59c0b408bb9a0db15bfb7b850.jpg,Belarus,BY,53.688484,25.606208
badd65f7dc474d4b92098fefa986fe3c.jpg,Sweden,SE,59.143595,15.166211
4128a7d6c1924516ace06c456a88ae50.jpg,Spain,ES,39.861441,3.19788
be53531b1dca41d4b794bbc052d28944.jpg,Sweden,SE,60.263741,15.234399
9399d6a3555b4aaca8cc342cdd65b96f.jpg,Turkey,TR,38.754891,33.083116
15a11fb3d97f4b6ca1644f50f849408e.jpg,Sweden,SE,60.419515,14.777305
417d0df3cc8f4a11af2df487b294e316.jpg,Italy,IT,43.891483,10.520337
2e27371b1fff407db51ff172cecb70e6.jpg,Germany,DE,51.57148,13.903785
159e8ab6619b488b8c112ceb9fe957ab.jpg,Germany,DE,50.923088,12.574041
84e49f3a8c4647f49d9578538b831dbf.jpg,Turkey,TR,41.062521,40.779305
cbba5e4b8a4b490595c3b6eb626eaa44.jpg,Poland,PL,51.387745,23.158787
9b019120ab624f06a8b9ba2358188824.jpg,United_Kingdom,GB,58.510915,-4.80936
98ed1aaa3f07497f9629d240adbe9a11.jpg,Belarus,BY,55.205567,28.756769
db2477067c0748feae622051d5ab2aec.jpg,Spain,ES,38.094182,-0.712794
be62a69c2a944b658d585c3295d84c59.jpg,Turkey,TR,37.193641,30.254571
8ddedbf716ba405c95bf257305348a64.jpg,Italy,IT,40.991622,9.138444
f178c3efaa49411eb24824d0909a8fbe.jpg,United_Kingdom,GB,52.030172,0.795777
ffb055f03321493489b8b4de0e990c8e.jpg,Finland,FI,65.841099,24.513913
9adb6a28385d4c9c902c7994141bd4a4.jpg,Finland,FI,68.360408,27.415987
4aa0d89ab1c24e9980fd316cb28661c0.jpg,Norway,NO,68.504077,16.912181
f66ba110ae2e461686280088bcec4fdd.jpg,Germany,DE,53.097555,9.929222
e0b5239d5ad74edca1d186c9011a5642.jpg,France,FR,48.865113,6.231911
953bcad070344616a8e8ae6839ed88b9.jpg,Norway,NO,64.719726,14.043608
f197d01d00f341d88149dd8bc992b603.jpg,Spain,ES,39.640661,-2.331965
9c026977c2aa4330911db8b3c89282ff.jpg,Norway,NO,68.660639,15.531064
2256987df64748a19edba5afa5391075.jpg,Iceland,IS,65.496183,-23.955158
a70fb62461d4468080097b072defc914.jpg,Spain,ES,42.205774,2.756201
c96f99461a7f445286ef93601d6394ac.jpg,Poland,PL,53.386119,22.583956
072dd6d632bd4ef3a2f1969e0cb0e62b.jpg,Finland,FI,63.610009,29.190994
e843fa5cd4cd4e72831e15d74760e2f2.jpg,Iceland,IS,63.958355,-16.859442
78d5f96acd7446b1b30becd71656eca7.jpg,Sweden,SE,56.566563,15.437204
242af8f742f3440698882c50e170b10b.jpg,Poland,PL,51.484899,21.609688
200061848e434f19a696c54e923ad257.jpg,Germany,DE,53.186977,7.764347
1bf51dfc0c3e45e28e1a01ea5775ef79.jpg,Finland,FI,67.541653,27.919456
fc7a991b5dc043e7bec336fdb8e8a690.jpg,Spain,ES,38.743157,-1.682322
81bccc68df7f452c8274ae04ab8581c4.jpg,Germany,DE,54.060049,10.145483
f0f9e8647c704bf1b611cc3d617ca274.jpg,United_Kingdom,GB,53.896559,-1.64877
d4892f54dd8340688c8ebd3ed609c669.jpg,Belarus,BY,53.578153,24.318129
f4193b37084d4946bec790557b074b57.jpg,Turkey,TR,39.16591,30.142768
4615ca9c68664a18b39e4d4eae5e916a.jpg,Norway,NO,62.46913,6.287115
6b942c6ce30e489e8fc1de62a0ac3fde.jpg,Norway,NO,60.233549,9.601124
071fddde5d0d483e9c20bfe13d8bb640.jpg,Finland,FI,60.527143,27.549274
76027a34e5ae4dacacd7cf950c65ad17.jpg,Italy,IT,37.553554,14.289008
fc4d39a3ae1f4e108564771fadb90e76.jpg,Spain,ES,28.723326,-17.789903
2f9a594736f4471cac05ce7e5a42ae16.jpg,Norway,NO,69.693444,29.370987
10d238bfcb384b938d9668cc07ca0942.jpg,Germany,DE,47.675617,10.406114
4c8d9d83b6924894ab78a8ada8fdee3d.jpg,Finland,FI,62.158051,30.057539
53ca1823a9944003b67f1862f13f7676.jpg,Italy,IT,45.151314,7.805021
fdfeed4450274ca282157457d2ff5538.jpg,Turkey,TR,40.786514,35.678883
f0497f2e37b94f72afe23b88f47fec3f.jpg,United_Kingdom,GB,51.194001,0.782273
d9140e2023834d4fbf0ef3756e84bee0.jpg,Belarus,BY,52.981241,26.936207
ac23e89217744b048b48abddb7b8cf80.jpg,United_Kingdom,GB,53.386774,-0.76904
cd5a44711164425b918ff074c927d78e.jpg,Iceland,IS,64.925304,-21.534835
c454a9c85e5c47c88863a50e3a5c6e68.jpg,Poland,PL,53.239749,23.146864
165f710811d14b1880a2dd9ccdebf906.jpg,Poland,PL,51.699425,21.005155
a9c99a7147034b99afe6ff7ce7c01598.jpg,Turkey,TR,40.012662,32.715546
308767b7cbf244fba81098da920c08b2.jpg,Finland,FI,65.531504,28.520274
1653f793a6964b2095846cd87714867d.jpg,Norway,NO,70.407415,24.492517
b77179a473f84f09887b6c457df3407f.jpg,Turkey,TR,40.275004,27.156026
d75f9ad5eefd40fa83cc8c0eb6e2c98e.jpg,France,FR,45.672626,0.006687
6e50a6c45b3b4522b7785fe548d63662.jpg,Italy,IT,42.558701,12.371049
774ca18eda3e4e42b3fe19a9ddf080c1.jpg,United_Kingdom,GB,51.988309,0.684649
b258d616631d4eb38255f746355adbda.jpg,Turkey,TR,37.483791,30.564502
96d9d19920f24158a4f9061b64eab858.jpg,Sweden,SE,65.719496,18.695764
1c7985bc37d84a0ba2309ab38b73226e.jpg,Poland,PL,50.755842,20.886815
b3e4802c9d4347d1960a955c5035199c.jpg,Finland,FI,66.383732,25.871219
001c2dde9a32436ca4192d5015a4af8c.jpg,Finland,FI,60.84178,25.545941
a03c684323614940b986897150697de7.jpg,Turkey,TR,38.690588,35.61452
f5ffb413270b42ae86a4b46c15bb9147.jpg,Sweden,SE,65.578918,18.557762
1ea7477b824b4183bacab03d7c53acc2.jpg,United_Kingdom,GB,57.266733,-5.763897
fa8f985668e44ea0974b418c0b0ae8d3.jpg,Sweden,SE,61.392244,17.173692
6ab01b7ca79a4809b0baf9bef06348fc.jpg,Turkey,TR,39.557206,40.037589
9256c7a478594893a5337d3d32e5ca28.jpg,France,FR,44.474481,6.315997
ff4243fd3e1243ea806145136d814915.jpg,Sweden,SE,63.975928,20.09416
e13969995b2b44acac26106d36443adf.jpg,France,FR,49.085006,-1.48232
4e6b0f3044fc42f9b27873d3b237a999.jpg,Iceland,IS,63.454804,-18.641392
66b8f17fce6a4cabbe9f58b067e16314.jpg,Turkey,TR,38.732503,34.052343
396a6d913161430dbc04463013721c37.jpg,Iceland,IS,66.015164,-14.8935
c5271152651c4f76a6d6fa1b4652e16f.jpg,Finland,FI,66.069208,28.875043
e25aee94872f409f84fb1808dcd0c80c.jpg,Germany,DE,52.715939,7.691909
86684afc29fb460f9498380b5b8615d3.jpg,Italy,IT,44.446661,8.076016
21b41764126147de81d719accccb750a.jpg,Poland,PL,49.340849,21.723146
32386b2fdd9c4a0d907699e0d65e3384.jpg,Spain,ES,39.186763,-2.12374
ac2f847aeeff48d5be2c7cf1927916ef.jpg,Iceland,IS,63.513897,-18.484581
fb69d60e54e845af8506ceb1a0834090.jpg,Germany,DE,48.301738,10.963977
03e2bda4d68f46a0bd56093ba2cea011.jpg,Norway,NO,62.239873,11.768325
4a6a2ae146834129bdfc4318d9f4083a.jpg,Belarus,BY,51.634304,29.086037
a3928a161b1c4e1f8beec90d6bfcc972.jpg,Spain,ES,42.116313,-0.068642
1cc3f0eda01a48d7a176e5852e3fcd15.jpg,Iceland,IS,65.405577,-14.647046
6961779065224675a4d6b49c8c8fc8a0.jpg,United_Kingdom,GB,53.864711,-2.820451
1a22e1b982d14e7cb9347eea4f6e8e5b.jpg,Norway,NO,59.022242,9.719295
ad35ddf23dae430684bfb6f1780dfa87.jpg,Sweden,SE,57.647849,18.636977
ccb89daa468e49b8b655b97a3b67b35b.jpg,Germany,DE,52.776367,14.052741
03cc568ab0ff44b99ddd24421bed6a5d.jpg,Poland,PL,53.172641,23.041911
7bd3b8d0b4a04f039355e34730f63828.jpg,Norway,NO,69.443907,25.301104
eb4e4b5f83e1461ca7bd99998ddbf627.jpg,Belarus,BY,52.648692,25.48476
66ae147ec1ba4dabb77d1114ade4eb6a.jpg,Poland,PL,54.322859,18.85807
1a88612fe24645b99ac5a56cc929a141.jpg,United_Kingdom,GB,56.117396,-3.479219
4827d63ee5584a5683b582f6a69f8694.jpg,Finland,FI,61.496873,24.624596
e2b002765a404cdba073d0effbb7ea0b.jpg,France,FR,44.751957,4.868869
8db395c0e4414aabb685035da8d903c9.jpg,Turkey,TR,38.335079,26.895946
ff118951725a459b99cc1acaf77cc8db.jpg,Spain,ES,39.700225,3.101041
e6af44a21a624b079e5381e87deaffa7.jpg,Sweden,SE,57.033669,12.379459
5996fc01205a4f1ba3eb5611347ca0d3.jpg,Italy,IT,43.510225,13.266156
4bc02f2a1a21419d9f5f623773664300.jpg,Sweden,SE,65.882163,19.462928
5f39b9b20e8e463daa22379354ab1aad.jpg,France,FR,47.36085,-2.101569
312bfc6e809b4fbdaf7c8247eb8bd89c.jpg,Belarus,BY,55.858154,28.605743
d897fd1f91454061ab6836ae44ee5c64.jpg,Poland,PL,49.979629,22.021666
bd137b536b4246e1b7159b892aa4cbb2.jpg,Sweden,SE,59.176348,16.211198
cf0271799a29476a832fdb66950a8f28.jpg,Spain,ES,40.217411,-3.591323
9b1080409d6d44e9807ea377627f2f83.jpg,Italy,IT,38.650811,8.346251
3be28a15522c483d9813daba1d491e60.jpg,United_Kingdom,GB,54.092462,-6.173371
6decd53a63174a3980ad1d03c58a8f69.jpg,Spain,ES,38.3433,-0.568651
73e846ee54784a078f8c6f804a569d3b.jpg,Iceland,IS,65.811202,-22.518352
2ac01eb1b84f46729dbf015269242ef2.jpg,Italy,IT,46.159143,12.836418
5c80824b7d8c4a71bcfa9ddf834efec0.jpg,Finland,FI,66.005837,24.702322
f08a271baf0d43b2a865e9c5570e4c65.jpg,Spain,ES,39.391765,3.189861
0c8090c6b72a4779aa908b00f36f61f1.jpg,Iceland,IS,64.822637,-21.388155
5df11daf818f4b24b47fe1262b558fa7.jpg,Belarus,BY,53.475745,30.3643
69482c585857462288b7df95b1015c2b.jpg,Spain,ES,28.780737,-17.936621
3bcd298129b646179010038f9462d081.jpg,Turkey,TR,38.34327,26.863905
971fc4df80c84f7ea5897f3688a4bf29.jpg,United_Kingdom,GB,52.145155,1.259349
92fe8db89c54424c9657095a432ff42c.jpg,France,FR,48.598309,-2.824497
2e9fe5c715e944dc8ec9f356de35a396.jpg,Norway,NO,59.685614,6.508011
df710be349cb4c54b623d3986b3b40b6.jpg,Turkey,TR,37.918798,29.11447
f869c569dec34ced9302190d476e9119.jpg,Italy,IT,40.899013,16.436571
1c103957bd6e4701affc7e1f5f108573.jpg,United_Kingdom,GB,50.258712,-3.82438
ba6c4a5656ca49a387e8bd69b2852f35.jpg,Iceland,IS,64.903645,-13.937835
282b469440ed49a2b7bf8935b2fe922b.jpg,Iceland,IS,65.469095,-20.508172
8dc3c12fc05a4f8eb558064d044c83a1.jpg,United_Kingdom,GB,57.327991,-3.698684
bed8c29f30bc4399a43c0fb5c7bc322e.jpg,France,FR,49.29135,2.453289
7516df3eff874dbda1c1c83717067dff.jpg,Iceland,IS,63.950486,-16.831054
73723b6e62fc4532b5d375bab911ac60.jpg,Belarus,BY,54.500752,30.066451
cf1763cb5b244a0ba9ff89d86963989b.jpg,France,FR,44.63269,-1.160036
4c7654ac423f4620a40f1a0eef7a484e.jpg,Norway,NO,64.609139,12.589056
1678b8ac281543f39d1d60eaf8fb39b9.jpg,Turkey,TR,39.474552,33.536262
c4cf52b905ec452e9510a36c2a2a4e16.jpg,Poland,PL,51.460447,16.121583
258b967008a54040a6c47be847367f36.jpg,Poland,PL,52.691226,22.540962
6a1e0156c0634931ab02c6db242581da.jpg,Turkey,TR,39.195469,37.284151
b0c6066a50d44e1daedfda1c90fe4f43.jpg,France,FR,44.271386,-1.18401
60e1c19d0efa4bc183e3792e965a450e.jpg,Sweden,SE,62.623657,17.406909
6cc3afcdc0a9421e889f6bb0368eb01a.jpg,Italy,IT,46.118991,13.336305
19a1eb53b48549698ba29db113655d3b.jpg,Spain,ES,41.762404,-1.119712
3beb89169f704d7caf8d7fc7b9d8b8fc.jpg,Iceland,IS,64.882839,-13.810714
71f9948ce5de4dcd974c07bbf61f2ebb.jpg,Turkey,TR,39.872546,44.06372
d971ddb9c5284e26a15510c7a772fe2d.jpg,Norway,NO,69.036203,17.883708
5cb5b235c1654d41b9d48b720de07eb4.jpg,Germany,DE,54.445027,11.249409
316b8973bcda4e1da72a7892dbace087.jpg,Germany,DE,54.141228,12.002187
f768debe872c460f9e1dd3c2f815df75.jpg,Iceland,IS,65.519301,-15.447447
1368adb8117744ba9ebeca9bfc35dd97.jpg,Germany,DE,53.860053,10.328226
f002685eb00a4146b7a01283f5f08e2e.jpg,Germany,DE,52.655824,7.274623
6242c39d23754da5b52d27b1c2321e29.jpg,Norway,NO,58.254256,7.517902
a9bf1b26e31145a3bb7fdc54edd20df5.jpg,Germany,DE,52.099402,12.456277
edc9bc9e93944fd3b72671411e076736.jpg,Italy,IT,40.788417,16.420007
ee31962dc8854a95aa55edda497f223c.jpg,Norway,NO,67.158153,15.470315
ec1dd11036564ad89639445da7d64bf4.jpg,Finland,FI,64.36857,24.023755
64203472b62d495bbe28ea6f5b2c01d3.jpg,France,FR,48.067272,-4.568772
3628046bebfb445fa81b1dd4de24f528.jpg,France,FR,44.093315,-0.499746
e90a81568d744b6888759cd519396580.jpg,Iceland,IS,65.965858,-23.063138
5144cb76d5c84fd5a61f4d19b3e8e5c2.jpg,Spain,ES,36.879965,-2.592287
563b96a714ec42d69b4806b1b8f1f233.jpg,United_Kingdom,GB,54.468262,-3.551462
08901cc0307b437e885d9c4f61a2414f.jpg,Germany,DE,49.829537,11.383239
742162b854794a449639b9cfcfc96edd.jpg,Turkey,TR,39.740085,42.935207
7ca634597e23400bbb077e0b6e43f8e0.jpg,Iceland,IS,63.917892,-16.511339
ce3c773acc5a49e3917a0164f66fb720.jpg,Iceland,IS,63.962427,-20.648708
df3b5f063b2c48a58c722940706b5575.jpg,Norway,NO,64.112188,11.321017
ada63ec923d34c21958663f7094b46e1.jpg,Germany,DE,47.681787,9.933334
d3fec2508afd419fb03acbbf13fd6f78.jpg,Finland,FI,64.022299,29.462077
6e36d06704df4cac8f56dc2cbc92832d.jpg,Italy,IT,37.137432,14.312501
734bb652ee8145cc8695a634099cedb3.jpg,Poland,PL,54.259701,18.250377
2932f044a2d340358fab6c9e8b17eba2.jpg,Iceland,IS,65.742277,-14.843945
16548bc111e9455aa749b24d5154dfdd.jpg,Germany,DE,48.085524,8.341286
f849452997f6448c9c2960010ea5b9e4.jpg,Italy,IT,44.586404,7.752267
4d9561af2cfb48e0bf9c43f7c0d98acd.jpg,France,FR,42.961222,9.400118
b93b15fec1dd45bdabb2a8745b716fb3.jpg,Germany,DE,47.805091,10.264952
b106125e66b64021b7af43511883a5f3.jpg,Finland,FI,67.120353,25.066537
3cbc96d4b43d48a0ac9612e2805d4b09.jpg,Turkey,TR,38.47864,30.249796
c274370f183c4540aecdb6aa30bb3385.jpg,United_Kingdom,GB,57.985951,-4.483702
6e9920288b7c49faa254f70a138e6325.jpg,Finland,FI,65.991433,24.686412
c207d14618f345aca6dbd23a3a0f2d75.jpg,Sweden,SE,67.245686,23.267129
b916d042af4943fc8f4cb77be09b177f.jpg,Poland,PL,51.135537,15.399941
0a53e35c8aae45af9f1f8b9c0416805e.jpg,Belarus,BY,52.219465,28.715956
a015f3210e5b4f05a190ee2ddfd1102e.jpg,Norway,NO,63.23496,9.775107
2ddc35db117548e0a257c04c7b5fc5ea.jpg,Spain,ES,41.539384,-3.203965
924dc9e6197643e783f284dfead1d2ac.jpg,Germany,DE,51.240002,14.931397
e5fcb395030f494f9cec75ee6195f553.jpg,United_Kingdom,GB,54.636326,-7.65409
32c5c34c55b34a029670fe3605cabdf4.jpg,Iceland,IS,65.759239,-23.871757
fc48f26351e749e3b840ab8a03439022.jpg,Italy,IT,37.741958,15.146813
01a2220866b64047ab36bfcaa2e850fa.jpg,Germany,DE,50.457473,7.179745
a4e4a7e64ce546d49bcb05648aa7edff.jpg,Iceland,IS,64.421101,-14.602915
3493c5da33ae40a8b4c6cbab032d254e.jpg,Italy,IT,44.955409,7.202041
af3f21f7378a4f8894834450d80535fb.jpg,Turkey,TR,38.73891,35.35651
dede5e43c889411dab1270a8b3ce1477.jpg,Turkey,TR,41.694752,35.355652
2da0f13e6f564748bb8027f2a3519089.jpg,Italy,IT,41.549988,14.692774
e4e24f30925049728052b2e9c4c6b185.jpg,Spain,ES,39.552361,3.345915
f20f6b4b381f49baa31b1b82e9f59ded.jpg,Sweden,SE,60.484807,17.421063
b1a9e45b7bd74671a84bdc70e7456c20.jpg,United_Kingdom,GB,55.159541,-2.207734
4339c72539124e16a77594a163e6b131.jpg,Iceland,IS,65.561614,-23.18269
c4ba3d007ddd4b488c50688f684b6a50.jpg,Sweden,SE,55.547789,13.758219
1f6d477439f04d47af39522411e84c35.jpg,Sweden,SE,59.979023,14.61904
04b61699582f4503be8d910e28046bf7.jpg,United_Kingdom,GB,54.593792,-5.695874
db043bb520214f8b9b1b70ee4ee2f322.jpg,Turkey,TR,39.561066,40.029479
865f1e8cf5324b1b8b44612988ca1e07.jpg,Italy,IT,44.543646,10.942637
d6d5aa0ecc0a4720925b5d0ed27afff7.jpg,Norway,NO,61.77811,6.214931
0fe113ef6897421c9d8948af227e0f71.jpg,Belarus,BY,51.63326,29.090205
807dcb258ca04609988d53bea6e4e178.jpg,France,FR,50.90448,1.80958
7c36e8288de34cf4a18cd9b47880376d.jpg,France,FR,46.414257,4.433881
b88cb6c9c84549c69a17ea5193cca448.jpg,Spain,ES,43.412151,-5.207642
563fbc9725ce4b919ee293ec9a13c14e.jpg,Finland,FI,67.544548,24.391902
03ef4145ed7e415a8c0776372d330f54.jpg,United_Kingdom,GB,53.147811,0.172069
c5b70965fd524173a87c22dbd92f3be6.jpg,Italy,IT,39.22574,9.125288
465fbef9ff354483b15e072571d9cf85.jpg,Germany,DE,51.448111,10.67327
0886888ee7b744bc80ae7b10ce051c53.jpg,Poland,PL,53.981866,17.070246
9e5f8e1390d546858cdc98fac985fe32.jpg,United_Kingdom,GB,50.404452,-4.55773
8ef0acc41fd648739db81a9ce846c32c.jpg,Finland,FI,67.479148,27.941209
570b50ac4e1b49ab81e349f3200c7527.jpg,United_Kingdom,GB,58.494448,-4.838445
4070aebd91a34015aa84bf4a0c90e65e.jpg,Finland,FI,61.549304,24.068956
4e196240f9214ca785568533fdad96f5.jpg,Germany,DE,49.700818,7.392852
6978ff9f560b4179a34b00f2bdbcf038.jpg,Italy,IT,38.999769,8.419701
892f235a2c2b486b87c2c4c8fc2f384d.jpg,Spain,ES,28.67346,-13.907615
7b18be668d1943609b2a2e89e1692690.jpg,Sweden,SE,60.694435,16.023354
b0738ba5f27041ad9067841505efd8e3.jpg,France,FR,47.437329,6.723494
b6890bf0d61244e081e8c69f945d2f10.jpg,Norway,NO,58.939517,5.574043
671d4f92f9df4a99a04461e6cfd30a08.jpg,Turkey,TR,39.872539,40.645649
60384eab246b42c4ac9269bedec63731.jpg,Spain,ES,28.929767,-13.701559
abbefd08d8a343eb869852f06aeb7894.jpg,United_Kingdom,GB,55.63851,-4.595552
7f61b4200ff64230bd174e45d8cd6174.jpg,Finland,FI,61.802653,24.444865
16f216f3eb1245b4965b85a7cfda4f22.jpg,Germany,DE,51.198221,10.530916
18ada711e7194cd3a78530e37589a807.jpg,Italy,IT,42.58768,12.706383
486ea24ae5654234918e8e1c4727c9e2.jpg,Sweden,SE,66.674849,20.165057
1863f05e9ba24f8f986b914bf6739e2c.jpg,United_Kingdom,GB,52.327509,1.494786
5f755cfe7d2247e092ee66bdad535ecb.jpg,Poland,PL,53.176312,23.226686
4d96fe33d42841eb83390b03e8c6379b.jpg,France,FR,49.011569,-1.428763
bfaa3c67f8884a6da495324500b9e5f5.jpg,Poland,PL,53.553129,23.7307
1ac1f368525741abb183dd145475d77e.jpg,Germany,DE,50.296588,6.502155
b965c5e29c9e4fd682b47b285764a4ec.jpg,Norway,NO,58.085241,7.808552
9327cb2fcdbd4b6f8d86b020f5c38578.jpg,Poland,PL,51.383318,22.457828
c37eed289a2b49339a1c68872d4d6e3d.jpg,Sweden,SE,65.63316,15.531155
df7c21089b3e4dd2b3739cff666be0d2.jpg,Italy,IT,41.001592,9.235135
0178f2f56de942f2bdc7976c3174084c.jpg,Spain,ES,43.036498,-8.797333
4edf4ec4758f40a59a98e1aad2154427.jpg,Belarus,BY,54.773036,28.184641
a929a6ab62c9495faad31732d8314c25.jpg,Belarus,BY,53.130191,26.07328
b0c85e59665c44d6a799fbe8643250f9.jpg,United_Kingdom,GB,54.978127,-2.312856
3f0a0373a5824424852864160aa95e66.jpg,Italy,IT,45.568071,12.763666
c0c77ed313024921ae360658bf47bf9c.jpg,Poland,PL,51.613886,17.733664
011ad31d608747d2a606e95e15766468.jpg,Spain,ES,43.728035,-7.716684
408980c5215647b2b01e2f0f61f2f111.jpg,Finland,FI,61.307578,27.466825
f8682ce554554893a81054520115248e.jpg,Iceland,IS,63.826339,-22.646448
cff4aa4995f14f47928fa7e3b64cfa9c.jpg,United_Kingdom,GB,55.453742,-3.500029
b4a0ba9c227e49509d789eb7cb902520.jpg,Spain,ES,28.050318,-14.358446
e4154c678ddc4e268d5843e5feb44fde.jpg,Germany,DE,51.64054,12.589013
f1916fc655494aeeba9f808623edac19.jpg,Norway,NO,68.335733,22.928728
2d39c42173fa487d8453739d6d2456c0.jpg,Spain,ES,40.419082,-6.125988
b3ab90b7afe347c4973152e790cd5808.jpg,Norway,NO,70.102049,28.635123
a0838c234d99462a894f8a701c5cdc39.jpg,Sweden,SE,65.031811,19.407549
fa74e16baa13466f963f568131afe72a.jpg,Finland,FI,66.51086,25.908271
84ef7cdd77cf4a12b2584c45101e4989.jpg,France,FR,43.769003,5.406966
934c5f351e1048b9be12c0b0fd891410.jpg,Italy,IT,43.792224,11.513217
21dda74df71b4f1ebc3cc5eaa4025eea.jpg,Germany,DE,50.963286,14.933365
60bfe810f9ed4b43af1c1d4bb014e9fa.jpg,United_Kingdom,GB,57.550062,-5.521379
4d51735b36d144259796cbb18fb7c2f1.jpg,France,FR,49.186167,5.809514
a2bf157f560b4574b3f36986ba704b98.jpg,Poland,PL,54.317714,22.658353
5a09ebf88f484e968b9698af0a315fd4.jpg,United_Kingdom,GB,53.385987,-0.768089
3b9676bc0f25446496b1c6e88b3bea9f.jpg,Germany,DE,53.380435,9.685406
fececfb0b98d4e43be4f43767620b8da.jpg,Turkey,TR,36.935248,33.27189
3b73cc942fcd4643b8630b85f67a8a81.jpg,Italy,IT,45.356371,10.750228
612da8e5ad9f4d86b1336bb12af91dd8.jpg,Sweden,SE,56.370137,14.543536
bc7426e4bf3a40c2a1296f6426186bec.jpg,Spain,ES,41.947476,3.120049
63021b7dfa8043ac80a11df6e52399be.jpg,United_Kingdom,GB,53.185413,-0.592806
3fd6a85557ff4ba3a1ba5c63311d602a.jpg,Norway,NO,64.134881,13.91503
b69c5a6c84cb466488575959b5eb4287.jpg,Germany,DE,50.833789,10.429341
9dfdbade880f4068b8420862368474c6.jpg,Poland,PL,53.258525,18.671283
8b1f1b559e674d98a3fca14741e18542.jpg,Germany,DE,51.752342,13.888441
051c6f37b6004dd4accc48cce837a2e3.jpg,Finland,FI,63.404421,25.644565
b02f1831c3eb442e98f4ccb1c917b222.jpg,Germany,DE,51.981521,8.044866
8927d92b64e6438b8bb58faecd2459ac.jpg,Norway,NO,68.522875,17.154944
b9a2d91679884c16beeda9e347d9ee2a.jpg,France,FR,42.369339,9.529649
b7e07f17c0864496a64a5f8af7af9baf.jpg,Finland,FI,62.30716,27.96757
2202039b53ba4702bcb7440dda08a517.jpg,United_Kingdom,GB,54.993113,-3.620875
ef08a8b6ee61477397cf4abeb6060a64.jpg,Germany,DE,53.346478,10.635902
c7dd6c807c7b493b8ef578fafb9ad372.jpg,Belarus,BY,53.575135,24.339688
43175447ee794e1680d525698e9f2057.jpg,United_Kingdom,GB,57.978209,-4.538804
83d384686efe4dddbac3f368c9a9e753.jpg,Finland,FI,61.133682,25.633391
cf301554d546481c9ba4036f137f4928.jpg,Belarus,BY,53.021904,29.709603
833d2c2b6fe847d7a467978c482b35a1.jpg,Norway,NO,69.44072,19.239649
1ac7a969f91e412ba81debf5aece5e9a.jpg,Iceland,IS,64.292675,-21.424226
e176ef04f3d84676a6541d1f61ed62d8.jpg,United_Kingdom,GB,57.557305,-3.001711
3cb2ba9514714406b0f8e852e1da4bb3.jpg,United_Kingdom,GB,55.951783,-5.432024
e048c696fb18497eb220b35f745bd11d.jpg,Belarus,BY,52.468177,27.474117
e3e64184b67e4845a21c155e6a11f907.jpg,United_Kingdom,GB,55.569415,-3.087947
73990d89e2684d3b9a680d5798a5c1b6.jpg,Poland,PL,51.707041,19.483812
e4fa0d4f05a4482c8433dcadc7302eda.jpg,Iceland,IS,63.814322,-20.113456
ee82f1ded2d94fc59fdfd6b61a2a50fe.jpg,Turkey,TR,39.149782,33.291651
982e176371044fc2bc888358e54d27d1.jpg,Norway,NO,60.092855,10.951193
25b7ede6b51c4fb59cc8b2ff90c2fed9.jpg,Sweden,SE,67.143007,20.794396
377ff6f38efc4963b079a391d67b31c7.jpg,Finland,FI,67.50503,27.742282
235577a1dea8491da64fd108815848d8.jpg,France,FR,46.188391,1.933822
c75939874a064dfa87120014839b0139.jpg,Belarus,BY,55.835571,27.927842
223ad69404974cf995bc5ad82bbb077e.jpg,France,FR,45.191673,4.876267
449461bb72704ee2b85b2f8ca32faf76.jpg,France,FR,48.818064,5.022291
67c9a7980e5043e9adbe81e63bc33ec2.jpg,Poland,PL,49.034874,22.353636
b2e2a0f9c40b4ba0910c9f61b50cc460.jpg,Italy,IT,38.247468,15.453243
543637a1d31049288ad84b6db4252ff6.jpg,Italy,IT,42.153776,11.921385
c1290e401e984551a4bc064b0817a93f.jpg,Poland,PL,53.363876,16.263603
c907c80e603c49feaf4fa0f9ddcab2e9.jpg,Germany,DE,52.21886,7.087109
e797a8fecc7a41088259a79c9879b707.jpg,United_Kingdom,GB,52.667677,-2.85926
2b6819a569ca4509873858209f2355a5.jpg,Spain,ES,38.298615,-5.950485
a84c5868c1e143d59f05ffb7ab5cb47f.jpg,Spain,ES,42.015788,2.711862
4c9a76f251bf4e6189816caa683fe080.jpg,France,FR,49.422375,1.05173
aa4aef2d9e524f70bf4a2abf2cc788e1.jpg,Belarus,BY,53.201033,29.13893
0beed69c7baa43af836c3e9550a57e89.jpg,Sweden,SE,65.635883,19.671551
cc5b5e8aa9f04385927956f585fe5dfe.jpg,Belarus,BY,52.922412,30.643774
7bb43e7e64bd44eaaa4701318398316a.jpg,Norway,NO,61.108933,9.107127
d69b624c8e0242709bd8644d7905b6ba.jpg,Sweden,SE,59.830573,17.998021
4690cd5186d444a5b6836fcfa02a4ac2.jpg,Norway,NO,59.664269,10.872223
561959572d854ae49426efe58e367876.jpg,Poland,PL,53.495405,19.912589
2ed7d3c714da461c93c4340601255fdc.jpg,Finland,FI,67.538957,27.921249
662f4e3e06734148a8e6da2d82ebce97.jpg,Iceland,IS,63.566805,-18.446399
f22513b3d0144efbb775e987f1c0376a.jpg,Iceland,IS,65.730156,-20.215983
56cbe68b9eaa4960bcdaee127c4de200.jpg,Iceland,IS,65.989281,-22.943668
32404cef73304e03a7f2ac852b46452b.jpg,United_Kingdom,GB,53.383523,-1.434972
1d5d49ad65474e5e8ec3b4c4485b99d1.jpg,Italy,IT,39.227277,9.125825
6ba1d8b5c59148d7b7e73d9211a09e72.jpg,Belarus,BY,54.410293,26.06306
fba4dac576fa4b9c8e10e3cc6b23eb86.jpg,Turkey,TR,38.81942,30.691664
4fd0e4aeb450408690c86d54a2280a87.jpg,Spain,ES,39.501628,-4.214675
9bf18fe0e1c447888bd4fee2517e6f17.jpg,United_Kingdom,GB,58.498734,-6.255557
d8a4e4bac9264be786e47cdb5ddf51b0.jpg,Germany,DE,47.838156,12.335204
fe366f89cb694c74a9a8207040eb112b.jpg,Norway,NO,58.489714,5.904369
a0d1ff5ca1144090ba91d4c964818043.jpg,Belarus,BY,55.588243,28.666912
22bb33e9ed2c4f16b7099447c6374d48.jpg,Spain,ES,41.877716,-0.768746
07405f14d6484710949ff20e78cdbe65.jpg,Italy,IT,43.559906,11.323641
492645f87c2f4249812ad780f3d88851.jpg,Norway,NO,64.188751,11.919524
da4215b7574648b59f23caa8b7e0771b.jpg,Italy,IT,38.018268,14.063273
bd472654755d468a988c571d8d0a8c5f.jpg,Turkey,TR,37.207007,33.067103
eaf1b8f7b84c4a5fba21a4a5fb9023d3.jpg,Italy,IT,46.43282,11.210057
4c0e1abbefde4f059e44f92e5306a5b9.jpg,Italy,IT,43.81813,11.231768
ef60e63afaee4f8e918194c68a22329d.jpg,France,FR,43.36477,3.17846
cd89f25493e0428abb4d390de992c3bc.jpg,Italy,IT,40.936619,14.324999
9da823da1fa34784a4aa7e279db7e60e.jpg,Iceland,IS,65.578864,-22.13482
dc75c7d2ba5647e7a401d09df9f17de7.jpg,Spain,ES,43.744959,-7.693173
0417f7e29a564468875c73edaae482fa.jpg,Poland,PL,51.349278,21.054446
3763ab3dc6ee4b1b8765e27976c3198e.jpg,Spain,ES,43.729027,-7.718543
16416931b1cd4f37a2af64b7b80fe286.jpg,France,FR,44.591233,1.959399
1fc6d892c8bb486ba1d3e27ae40b5b0d.jpg,France,FR,44.642677,-0.978022
9a8c929833914244aa88835270af845b.jpg,Norway,NO,59.334749,5.43913
d66a9867b4914bdc9a6f78fa1ace2fab.jpg,Belarus,BY,51.97453,23.946428
74266ed23145438881f37fa56d6ff791.jpg,Sweden,SE,68.122348,19.817573
ee9d2773566048ecb5fc9ab875297910.jpg,Poland,PL,51.283682,18.192478
c632448d755b40a69363e1183db9142c.jpg,Finland,FI,65.185258,25.479174
540d4c7529ea49e8840fb13840435196.jpg,Turkey,TR,36.817293,34.565584
95f2a083d45c46b1882773e233a6da62.jpg,Spain,ES,42.771244,-5.038867
b88c1d8201024156bba8bb3c49cad1fa.jpg,Spain,ES,28.778991,-17.962548
1da59a54301a406d96226e6e6a4ea312.jpg,Finland,FI,60.582499,22.730124
427b835e348f4a999767b79c5f0002a0.jpg,Sweden,SE,63.267603,15.568664
b7d89099b9614637a590cd6a82ec4aee.jpg,Germany,DE,50.686509,11.159992
08e8e3fd7a3c4904819b35cebfb7270c.jpg,Italy,IT,37.855,14.943735
816f43106e244564ab1c5dc986c9d099.jpg,Sweden,SE,66.107855,22.848107
f2d1b4e96c954484a61fceb697c5e46c.jpg,Spain,ES,38.757073,0.104518
4b5267f5f0c24d7392d29a74f61ba9a9.jpg,United_Kingdom,GB,50.330334,-4.813976
49b2355f194d455b929ffcc6c155a552.jpg,Norway,NO,67.102071,15.470053
466c6893c8784e0db887fcaeaf22aa7c.jpg,Spain,ES,38.75797,-2.897876
5baa703d40554ee0806c0996e90c8266.jpg,Iceland,IS,65.841824,-17.295279
c19f7011acbc405994165695531c741f.jpg,Finland,FI,61.28127,28.806198
54d59490ca434b01a35c1c9a2961f306.jpg,Finland,FI,63.445952,25.643092
0e8e17cf889e4fca9bd7f202a66abe1f.jpg,United_Kingdom,GB,54.655349,-5.675576
f32c94c24e45430e82785be7a53951ee.jpg,Spain,ES,39.998115,-0.586682
7bb2581efdc448048aa42de7056cd1e4.jpg,Spain,ES,39.520292,3.28774
b5061840c83e428fb6c0a584819a0cad.jpg,Sweden,SE,67.943184,20.361402
7b5008c0d7ee434aa4a9cbd1856e3b37.jpg,Poland,PL,50.821065,22.736292
ea95c2c5689042c6a89d3c5e9569ae18.jpg,Spain,ES,28.776841,-17.911587
b536feff6a454562a045219f78407b15.jpg,Finland,FI,64.870536,27.679736
1ca063a018df496eb57753d26dcabbee.jpg,Finland,FI,64.82365,27.941439
574dd11413284e40b43ef877093e129c.jpg,Italy,IT,42.061759,12.534816
a51ab4b73d6c4db1ae44a398f8f1dfe9.jpg,Poland,PL,50.930164,22.253328
a8425c1337a849d588c43ff2ef14242e.jpg,Germany,DE,52.412484,11.745119
e2b16b46839c4f34b53d02364e7bceaf.jpg,Spain,ES,36.788237,-4.718055
0c75a9da43284d178846b4253470452a.jpg,Turkey,TR,40.515468,31.619226
78a10aa2930b4c23bc06a1bd03cf3327.jpg,Belarus,BY,51.638285,29.094991
c984731a42b142a1acc5a2fbfe0d6c3d.jpg,Sweden,SE,66.201122,19.953642
2932c990cc98427ebd567f7b99d35c14.jpg,France,FR,47.625203,-2.995025
c2b51b4444e748449c95ad85610d1f1d.jpg,Finland,FI,67.886607,24.00856
69a888cb3c934cbba3d699469f51e5fa.jpg,France,FR,43.582194,6.635795
17133ef5675446898e4810c0b918e9b7.jpg,Germany,DE,50.036314,6.259586
144ef71d46d04f5ab012ec70e63bd8b8.jpg,Sweden,SE,60.223352,13.471216
6def02a7dc414ef6a5862ebc17c197cf.jpg,Germany,DE,47.665195,10.185483
473648cecb804f679d810fe4145d0108.jpg,France,FR,49.646897,-1.244611
d83268cac5c24e6984d2ab2f01310df7.jpg,France,FR,44.77395,-1.120704
c6e9bcb94a1243e6884d1a193d18b0f7.jpg,Poland,PL,51.284343,22.524664
dd461b890e7b43d5833acc6efe774b57.jpg,Turkey,TR,37.212149,40.085185
d6381b42cc664583a5fe92be44feb14b.jpg,Turkey,TR,41.060967,42.845395
c0fb71a5df894890bcc03052b6f3ec96.jpg,Spain,ES,43.13162,-6.073977
5e841d586a774f0689c348b08c147a63.jpg,United_Kingdom,GB,52.915544,-0.359086
fc49ab8dbf0941d6934d7f6b116f382a.jpg,Germany,DE,53.271739,10.105549
749f2c62088340c299f29c041dce8fb8.jpg,Germany,DE,52.934502,10.33105
8c7fcee57b6a4a60a90c0090a3af2ec9.jpg,Germany,DE,53.014535,11.179931
aa640d7385834298975dd1a4aea2c6ac.jpg,Italy,IT,45.652006,11.388946
f5e8ceb7285048b996b81751f3087141.jpg,Spain,ES,38.681827,-0.051148
e536d777ef5a43a5a13af671eb5bbed1.jpg,Poland,PL,50.515252,23.491901
d2dd8120f30b4ac6a1cc6ab9ab09b610.jpg,Italy,IT,46.72315,11.939884
69ec0fa1a988474db3db954bda5c6017.jpg,Sweden,SE,66.39426,20.695077
d2d969367f3f4c4a93be4019a231b751.jpg,United_Kingdom,GB,50.361511,-4.612973
19ec5a4b75a5492083052d8a0eefa8a1.jpg,Germany,DE,53.665707,12.784076
5b38bedcafab4dccaf54824c0a418854.jpg,France,FR,42.89183,0.37322
7a09fe0833864ec09a50ce98c14006fb.jpg,Norway,NO,63.331146,9.916129
5a3a38e011034ca19a6077c1ad1b77df.jpg,Germany,DE,52.650957,10.888984
2d4b92b9223541b1a92015bc5939a09e.jpg,Iceland,IS,63.911098,-20.603066
4a2f7b6515084375add5c68c81b759eb.jpg,Poland,PL,52.511746,20.645253
7e37119aac77426a9fa9624bfa0eb777.jpg,Belarus,BY,51.895484,26.862559
7239085819194fbeb079b1a5e8bae751.jpg,Germany,DE,49.447038,8.782049
d43b77b51cc7419e94165d032399279b.jpg,United_Kingdom,GB,57.132194,-3.932493
532ebea3682b4b119bf42a3a57c20ee0.jpg,Poland,PL,53.393314,22.424097
7cc1753eac6549ed96ba3be40da37508.jpg,Iceland,IS,65.58802,-16.940502
52af17359be34c61a35edb7549b3a8d3.jpg,Italy,IT,39.222473,9.1914
32cea9c8cffc4c9499ea2de1a79e5d07.jpg,Poland,PL,51.39295,21.102648
c7ef6a6c8fd34871b764a14be9f8d184.jpg,Turkey,TR,38.376561,41.088999
ba2e6896129042248dff98276e82df3b.jpg,Turkey,TR,39.111804,35.682034
3fb3f1190c7c4056a7a71911fcce0a20.jpg,Sweden,SE,60.383603,13.294023
2ce71407477147ce990eb4dde3d5dc13.jpg,France,FR,44.118076,-0.057828
4be7a66add0142d6a84bfa6011166404.jpg,Poland,PL,50.385045,19.301235
da7f750935a14a20bbd10f646f9e765a.jpg,France,FR,48.793436,-1.514373
cee32f6ba9d5472fac8b052f7cb1f396.jpg,United_Kingdom,GB,56.200391,-3.131263
43d290974cef4c2bafe0d623f44ee2f4.jpg,Finland,FI,62.506848,25.686576
4b7362c646c14b13b26c6937fff9ad5a.jpg,France,FR,43.504551,1.149117
626ff93687e14d4482067257572ebbdc.jpg,Italy,IT,40.080701,15.740663
b7845d69e559472fba4ffe449fc99864.jpg,Turkey,TR,39.533479,31.09653
1f4ee34eee904d848dbe08da9686c5da.jpg,Germany,DE,49.782965,8.409053
1db0d2ebba654419a77bb8d97b0b7367.jpg,Turkey,TR,39.794864,42.554342
da489b132532478e84f1e87deaed43d5.jpg,Italy,IT,44.965162,7.185361
2145a302fc124d459434bec351823b0d.jpg,Poland,PL,51.235949,22.498242
e56636da022640eca2038de90d1a2023.jpg,Finland,FI,63.057574,22.110661
3d301a86d6c84e869b2341ea215e03cb.jpg,Sweden,SE,63.875165,20.662774
dd86788fcbf547beaacceb805aa2e01b.jpg,Norway,NO,69.304892,23.876597
f197f56479624a8cafb47892dda3a165.jpg,Norway,NO,60.53028,5.156333
bacc6a345a3f41a58e35cb8691e12068.jpg,Germany,DE,53.115205,12.088526
c0dda294a8364d6d886087b852cef6c9.jpg,Belarus,BY,52.213974,31.486914
aea72eb765b6413ca755daf9dfa660b2.jpg,France,FR,47.525681,3.684241
8cde5ac94a464be487d41deeda12913e.jpg,Iceland,IS,65.813049,-19.328448
3a8cf6d45d194ebcb938cf7e68d885bb.jpg,Belarus,BY,53.454697,26.679343
220b4b1a61c246b0ac0030811267ffa3.jpg,Italy,IT,43.309292,13.639213
fc8938dd79294142a3558b84dde9ea55.jpg,Germany,DE,54.021061,9.004831
15c7be2c77264c8f8873098658dcd02f.jpg,Belarus,BY,51.649546,30.440048
3e1a6883e1f3410c99771e5066678fcc.jpg,Germany,DE,54.559499,9.595981
0d2395abbadf48aba39f3a721daf5759.jpg,Iceland,IS,65.749283,-19.706234
3ebcaca0a13742b7b6064cdc5c795151.jpg,Belarus,BY,55.314532,29.494894
616fbaec68974fbda121ddef021e1715.jpg,France,FR,49.833129,2.073239
f9d083cdddee487d80365345fef908ac.jpg,United_Kingdom,GB,50.631298,-4.09741
0ef8793f4a4f4f9b85105158d9c7d9e9.jpg,United_Kingdom,GB,51.827793,-1.004549
797b1b195c614fc69c6053afe0613199.jpg,Poland,PL,50.431655,18.610298
12e0994de06943b3aad08914ccca56c0.jpg,Sweden,SE,57.486195,15.026928
0843c62b4096470ebe073c3aab4420b1.jpg,Italy,IT,44.708228,8.164091
48392bf0408f43e7abb8fab1704bdddb.jpg,Italy,IT,46.48805,10.280229
ee86fd243d844d02a53bdbc494be42cd.jpg,Iceland,IS,64.276197,-15.032096
9f5ff1ece4bf49a4bf5077bc6a40289d.jpg,Belarus,BY,55.814841,28.602642
aaa502aff0d04743b686518e5973f5e7.jpg,Turkey,TR,39.142632,26.838121
270b5703255d4885ba822206da37362b.jpg,Poland,PL,51.493983,23.54388
3892940b073748599957ffc87586b069.jpg,Norway,NO,63.7239,8.836455
dbe0294e238f487c87e9fd2fcebb886b.jpg,Poland,PL,49.343511,21.718802
572d42e07c824661ba6209a383896b45.jpg,Poland,PL,51.704219,15.607054
e2dd8d15a47141a58e0e934838a6cf75.jpg,Italy,IT,43.8111,10.727295
d019b5e9baa14fd8936d3667b2f41b8c.jpg,Spain,ES,41.897049,3.144593
214101e188c4415a8486757e3b26b5b2.jpg,Sweden,SE,55.527148,13.983926
efe65d9a8c4e4d739051507c1783f3b3.jpg,Poland,PL,53.025056,14.898744
3696efd0486d454a9bc2eb81c0928260.jpg,Germany,DE,50.451678,9.139756
013dab95aed1425185b471f4ec69f0ca.jpg,Sweden,SE,57.972152,16.238288
b6111e9b07294e05ad2e2092ede67aab.jpg,Norway,NO,69.267725,23.859078
4ae83c39ad2c474ab92c6e71d7f8b38f.jpg,United_Kingdom,GB,57.094426,-3.149748
d2cfb82d0a494f3198fb0f25fd652d6f.jpg,Spain,ES,42.789596,-4.904219
b972ccfeccb341eea12b14e35eb2af12.jpg,Norway,NO,69.466425,25.477901
1efe36b5d935430abc99e99e5b1f00b6.jpg,Turkey,TR,37.227253,39.796071
6167a80d6d2f4be39495c21dc36be60c.jpg,Belarus,BY,54.559428,30.454213
bb99fca4ab9d4dd4847846c3a85bc760.jpg,Sweden,SE,65.670617,20.250252
d9f30b8a022a45efa4ffe33fa2aec1c5.jpg,France,FR,46.185313,-0.979341
867ca68fc8584f39b37657abfd719e5d.jpg,Italy,IT,45.682616,8.479904
0f96e27a49454116b6b3f8ce84252f48.jpg,France,FR,49.249601,2.586671
64449580db8546339c7816a692375449.jpg,Spain,ES,28.050793,-14.356028
496823cce83c46c4acf28f2990e7da42.jpg,United_Kingdom,GB,57.258481,-3.572591
75120b6c6c154a74b42e4ad805d3439f.jpg,France,FR,48.930283,0.806903
1d4868b595cc4158a183639c3bcdb0ae.jpg,Poland,PL,53.360994,19.775542
12e979d72dd546b09d39a73c0b0dae28.jpg,Turkey,TR,40.017124,38.604448
db7e3d09cd3f46138f8ece95567581dc.jpg,Finland,FI,65.454064,25.380149
f6bf9fc2cb184442aa708722575c000a.jpg,United_Kingdom,GB,56.843272,-4.71192
d9e5159de1d645989c3065699e801fd5.jpg,Norway,NO,61.7496,6.361047
afc1c809b90747279b4ba2a05fe7f456.jpg,France,FR,47.525253,3.570431
dee952aca0b74b9db4dfb03da6de35b1.jpg,Belarus,BY,52.161358,26.090681
6eed389be0924d8f9f5fa3cdbeaea418.jpg,Norway,NO,68.831645,17.373688
c5a853fd0f1442cc9943ebef7081374e.jpg,Spain,ES,39.758108,3.061792
7fa776454db24996a48a4d346388c363.jpg,Poland,PL,50.099361,18.16786
f6129ed314a7430595cd822a2d0a3395.jpg,Belarus,BY,53.074939,25.264171
d1de978b93694e0984d8aa16e63f8f89.jpg,Finland,FI,65.533409,28.87899
70858c8d9b574942927af81fdfd6e0de.jpg,Norway,NO,69.065081,18.461958
4e4083129aeb477d8bfbcc207cd1cd2c.jpg,Iceland,IS,64.919492,-13.93514
b27e97e47ad04d9ba3ff9aa2dd5bf6b8.jpg,Belarus,BY,55.887978,28.546971
f4e7e996d6434d38b1de083ec405bc07.jpg,Sweden,SE,64.369532,15.369096
01615a38a6d54005a77a7aef896b5b9c.jpg,Italy,IT,40.534118,17.482498
a509691309034b2b92fb422c6ebef07d.jpg,Sweden,SE,60.283559,17.945113
3b1d0f89f0614768881a4e3f080a66b1.jpg,Belarus,BY,52.488209,24.926014
f4d919e2033a4848971f7d7779629b58.jpg,Spain,ES,38.24058,-0.599177
90a1352dd7e74be7b5a1863ebad64b6d.jpg,Germany,DE,47.673277,9.811938
e9bc8716a1824d6bbb311acc8baf49df.jpg,France,FR,42.628014,9.356277
69c8663e04dd409ab8c53256b460a5ed.jpg,Italy,IT,40.65669,17.630735
d97fe6ec7d274979bcc85573af2a7cdb.jpg,Italy,IT,37.305372,14.653857
a6a1b8c67dfa4c2b9caf5f0cccfbb809.jpg,Poland,PL,54.785546,18.407208
99cbf90cedef4b259c11b598e8877be6.jpg,Finland,FI,60.569793,22.8602
b41b4b3087234b43b2c8b2204d7b8c22.jpg,United_Kingdom,GB,54.364968,-1.361226
f69ae7ebe11747b5adb8b686cd7e83fa.jpg,Poland,PL,53.595567,17.822527
0dbc1cda213b446fb9f6f97c7d4efd8b.jpg,Iceland,IS,66.059589,-19.136052
565ad493b46645c68de3ead89f066b93.jpg,Finland,FI,64.384379,29.050382
92c5a31731574d28a3aca2d8cb9c1312.jpg,Sweden,SE,63.917194,15.240991
d21120ed4d074f2c98be3ce32bf4e0a5.jpg,Belarus,BY,53.378681,30.394388
e14da463ea9b42e5919b92828f95e7c8.jpg,Italy,IT,36.948878,14.603721
e310b5a1f58d4ff7ba2de9d5cbd161ce.jpg,Spain,ES,37.698318,-3.3798
2a5fd9172a7840eabf2dee514fc46a7b.jpg,Norway,NO,62.676144,8.562279
e39062e6555345ba8bd2c517126fe251.jpg,France,FR,43.682663,5.095597
dde6f58ecfa9432eb049e084083efc78.jpg,Poland,PL,53.467173,22.665945
4b22b45a094840ff8deca548fccd23c0.jpg,Belarus,BY,52.676982,30.817168
e8c446d3257144f29cde066349981db4.jpg,Norway,NO,58.689663,5.597417
0052dcb578f74ec9b8915d16979c8ae3.jpg,France,FR,47.520819,4.324779
a8fb145158eb4e8897fe1a6b2fa2bd8a.jpg,Sweden,SE,67.845502,19.516311
39e999d726594a47aa4af2a8922b26ab.jpg,Finland,FI,62.52898,22.73356
33ee62c6417b493da766eafe888099fd.jpg,Poland,PL,51.249482,20.375315
1370cfbaa5c6471583fe303e68fef0e0.jpg,Spain,ES,38.99189,-3.388267
a9f1eaded87e4e0cb4fbf0eceaab6a79.jpg,Belarus,BY,52.612203,30.853534
e5a03d773890494a86bdf7d57a93bf3c.jpg,Italy,IT,44.463488,8.035675
29a8996ac80745b6815a45f24f4a3700.jpg,Spain,ES,39.576326,3.142679
614c470a111844d1ae2febbfe77b1e21.jpg,Finland,FI,67.889171,23.996242
61fcde6ba8d74abc8ae232a70b446dd8.jpg,United_Kingdom,GB,56.202521,-5.511486
c4171ed0a338429f91d1abeadeea9716.jpg,Norway,NO,70.672751,23.653047
cd65644423234323bb048c9852f83b79.jpg,Iceland,IS,66.079514,-16.757216
9ed44fba1b7e4311a46c06114799ae21.jpg,United_Kingdom,GB,50.508131,-4.746179
a3c62d8755c24468aa02fca28d18c022.jpg,Spain,ES,40.575921,-5.031685
1036d8f3a68344f299b9451dbfd79b11.jpg,Poland,PL,49.816805,22.183074
0dc54f57769d4075aeca71924efd659e.jpg,France,FR,48.797528,6.017837
2dd9c3ec80a74511a6ffbf7d7407228c.jpg,Germany,DE,50.543333,8.101098
63b286ca705642678712d58761ed1190.jpg,Belarus,BY,53.940111,30.468523
b68ab346cb8f4a25829256730051f229.jpg,Iceland,IS,65.212108,-14.605302
d1acc711bf514867a84822607143c7a6.jpg,Sweden,SE,66.473153,20.319885
dd23cefc5f174c3d91fd7c2d76cac63e.jpg,Germany,DE,52.116332,8.205522
6922cbb2b1704b8bab342180644f5702.jpg,Spain,ES,39.612813,3.32499
f65346d9696f4f429c51d6545ae71157.jpg,United_Kingdom,GB,53.262527,-2.877454
16dc5bf774744ac8b4239150c97ef086.jpg,Iceland,IS,63.630728,-18.436014
d8aaec5f7c714a99be5e81dcd9e74389.jpg,Iceland,IS,65.546459,-18.074114
e843a08a15904b80ab24137bab20e64b.jpg,Italy,IT,39.175228,9.380768
69a3a724853d45298e8f2a0fa1dbe604.jpg,Iceland,IS,65.675744,-20.684976
5d468a16a73244888adeaedf000cf69e.jpg,United_Kingdom,GB,58.507605,-6.259072
9320e37e08974233a3586f0d13dbc4c7.jpg,United_Kingdom,GB,58.504171,-4.571285
914c231eb9f14f7ca2e40648783e7d93.jpg,Turkey,TR,38.201675,41.479896
c2e2316e374b43d1a310adb32cb31e36.jpg,Germany,DE,52.727113,10.411996
44b07eb619f2428f96bdb032473354fb.jpg,Germany,DE,54.639823,9.750953
8a28c6fa991b4ecc951c0fe2ec9fbcc2.jpg,Norway,NO,68.375271,14.460021
e32953e6fa3c43c78726a67deb6d179b.jpg,Iceland,IS,65.500389,-23.451071
fbcb9519525c42e8a37fb2a9aaf3e303.jpg,Germany,DE,53.742047,9.336188
c041b6efaca44623a049152191c84c5b.jpg,Spain,ES,41.147517,1.013315
90d0ad739f9f45a2b94db63aa6ca7cb1.jpg,Italy,IT,36.868314,14.657917
f91fc8648cce477bac9c4240d0813a75.jpg,Sweden,SE,64.354768,16.684909
6aaf66d11db94d67999ad43eff5100b9.jpg,Finland,FI,62.289691,27.019037
7947270b17c74e0ead67354790840d82.jpg,Belarus,BY,52.138815,26.096308
ac94ad5d19524386bb0c15a8e1529e81.jpg,Iceland,IS,65.876272,-16.500175
38fbc5893b5b40d9a7c1cfa5d7698c6d.jpg,France,FR,46.374316,4.188939
8c6db06b37794a3285442b3f93d7881c.jpg,Germany,DE,50.595767,9.515547
f2fc82b306d440eb98fa92aafc9e58ad.jpg,Norway,NO,70.189191,23.992714
bd22e36ff5a84b578057b270f00c5b9d.jpg,United_Kingdom,GB,54.558802,-7.254872
73020128ddd24201b514f92f421edee9.jpg,Belarus,BY,53.187543,28.730799
d28b1a0322764a42bbc6a4772977a9e3.jpg,Turkey,TR,38.550772,35.184035
0600c77f10de4ff09d55755a2b6f7e5a.jpg,Norway,NO,61.685757,12.001238
8603d9a2446048e187b43e4ec99e806d.jpg,Norway,NO,68.406321,16.655861
f64849a523cd4ddf80afe53d66fe184a.jpg,Germany,DE,51.390768,13.376489
648e34fbe88f420fbef33ce4d8a34f15.jpg,Spain,ES,39.512192,2.767183
f87ee743e3344748b5bf37507c9289de.jpg,Poland,PL,50.741745,17.345065
3e715bf437174d1b9a42df9b1570a5e9.jpg,Turkey,TR,36.085495,36.152501
fd4c9b6fc7cd4ae78ecba7f4ad8affb7.jpg,United_Kingdom,GB,54.91698,-1.543543
958b96d8876944518e0df85271f276a4.jpg,Spain,ES,41.720909,-3.184258
501eff2de0af40d3ac71b6becb8e1ee1.jpg,United_Kingdom,GB,53.54084,-0.045194
9c3137556d2c4915a847c9f992acf148.jpg,United_Kingdom,GB,55.259696,-1.892847
4ea8781b8b0245c0bc8f16ddae1f3ec8.jpg,Italy,IT,36.863404,14.730773
8741e9847a24405f988516d410c5a381.jpg,France,FR,47.76826,3.936872
517028db5ab442e4800ce745836436be.jpg,United_Kingdom,GB,51.944389,-1.183564
4341895ca1fb4feb995fb10d0dd332a2.jpg,United_Kingdom,GB,50.395363,-4.92397
4af2b71be53e4eb58433acedbb01e3d3.jpg,Italy,IT,39.097798,8.365427
92936f82c41a47d0b5e5e8cac3ee721c.jpg,Turkey,TR,39.550074,33.220289
23e6ff535ffd44c1b015ee47552a22a2.jpg,Spain,ES,38.832412,0.06347
4e695c00dbd046f68f632659e6be94ec.jpg,Norway,NO,63.094208,9.28287
f540aa42058642e580b373e0dfa65b74.jpg,Spain,ES,40.236013,0.140438
2e261e5f2a734464b8e0dfaf200c4b01.jpg,France,FR,44.187302,6.042735
1b0672facf714ee7afcc5b58a3d4f20a.jpg,Turkey,TR,41.361898,26.949945
9f9f9f2b640643bf9efb7d48c1beaac8.jpg,Turkey,TR,37.045993,30.621952
f186244eedb142ecb9647df72b1f1ed9.jpg,Spain,ES,40.96348,-5.756353
28db44d4e6e549c98ed6634d8e4b7955.jpg,Germany,DE,48.970225,9.863937
c86af391c8224572bdc1e7b09faea18f.jpg,Norway,NO,59.74147,6.66121
e05c79a3a5014d4c86a27c538e3ae8d3.jpg,Belarus,BY,52.23129,29.306069
425c12f148124fdba35ddf5c3f7a0a83.jpg,Belarus,BY,54.112503,28.346867
90e2b5b8e3654ab7828afd7cadafeb2a.jpg,Sweden,SE,62.814665,13.08409
5a6a9bec29c549a1984e39b891fcb099.jpg,Spain,ES,38.744243,-2.878849
ed3339962b904534bce968f39cf329e7.jpg,Turkey,TR,37.228447,30.503555
cac003c3e5cb4f2989c2954de43ea239.jpg,Belarus,BY,55.839809,28.608745
7e21581ac7f34bc19ad95a992d8aa671.jpg,Poland,PL,51.954862,21.573184
2b33bea8bfd945f0809995a7066f61da.jpg,France,FR,44.776565,-1.05512
e881e437106d4f32b5c61883f9f49506.jpg,Italy,IT,38.013572,14.985728
48d909041cd44967b9910ea08cb87789.jpg,Iceland,IS,65.738626,-23.166166
3fa67db005e34a55bf89b44ad8a0900a.jpg,Italy,IT,42.396003,14.334747
c7a3348421a344e6924c6a6da1ce83e6.jpg,United_Kingdom,GB,50.336847,-4.64219
f0d76725c03d4ff2a93fd65a2595865f.jpg,Poland,PL,53.50781,22.569973
73cc300fd1694495b1d5210db764e9fb.jpg,Norway,NO,65.091453,13.331197
f263ffc062a8470d8e08b02a4e121276.jpg,France,FR,47.347926,-0.457613
0ab351d2784b4c0a8600d942274821b3.jpg,Belarus,BY,52.887352,30.670181
736c07df7b5441f6907dea5085f129d1.jpg,Sweden,SE,57.778784,13.293008
d6a716b768ff4513ae61aa127076bcef.jpg,Italy,IT,37.742168,15.143908
716d7adf61c346dba2e1da6471f0c5e4.jpg,Iceland,IS,65.53059,-22.41357
315f854510b0408b980dea8963cd6355.jpg,Norway,NO,59.368081,9.843168
7d8fe3401cec426c8f78e81e90ad11d1.jpg,Norway,NO,62.196623,12.946773
42ddd2bf3e71428ebf9152124c324b4c.jpg,Norway,NO,59.013299,6.895682
d85d293a48834dc4b2b94e8f2e708000.jpg,Turkey,TR,41.879808,27.988952
343c22d81784457cbf5531a0164a657f.jpg,Iceland,IS,63.843902,-22.41503
df13603d6ab94e3180048a4bbc382d0e.jpg,Spain,ES,39.99515,3.845783
5c27a767528f4d49be7a5eae773c18dd.jpg,Germany,DE,49.649627,9.166706
ce64b8549cf74df28e6764169cbf9148.jpg,Poland,PL,51.521863,23.076633
5d0b27dad21f40289e1026dfe9f5ebea.jpg,Germany,DE,48.499029,8.422719
7bdf988a624042e587a0ffc1bf77a8ce.jpg,Finland,FI,62.751925,29.85952
419fab621dcf492882c079eb01e8044a.jpg,France,FR,43.697751,-0.377
d7ac6c81699140788468e77ad7f8623c.jpg,Norway,NO,69.29608,16.004599
9b04b465accc4dddb1ae90cdc88110f0.jpg,France,FR,48.56658,-4.517927
24e4bbb4334d43dc92755e4b17cd79cf.jpg,Sweden,SE,61.661723,16.059412
0e519c0648674921be7f57dc6f490a14.jpg,Belarus,BY,52.665017,27.459763
f68f2e4a2f3144b1a962c23e52686d36.jpg,United_Kingdom,GB,53.633915,-0.715546
c8d64dd3be644a5f8da44aff52c2e12e.jpg,Spain,ES,36.849494,-2.621772
5cd93a021a4741a98ee86f166b98ef56.jpg,Italy,IT,44.456408,10.653324
0c4afdb6610c49cca1892b89bf38a93e.jpg,Spain,ES,39.35609,3.122808
f95cf57d2ece43f8b2c9f5b7006d5c6b.jpg,Turkey,TR,39.010222,35.928438
8c753ea382ca4f0fb11a60c7cb072856.jpg,United_Kingdom,GB,58.572695,-3.073367
36140f6ed98c44b68ee6a79b6efd8fb6.jpg,Turkey,TR,40.182597,39.434952
7c635f9f95f24358bc593bea231c187c.jpg,Belarus,BY,52.028638,23.79877
e4491d147be04feeaf3d1c0e5f66a842.jpg,Germany,DE,53.473662,9.029707
e02e4d99efa947a89520314a84301fe4.jpg,Sweden,SE,62.704429,12.524822
da074789289b4069a34ecb99875456b7.jpg,Turkey,TR,39.656469,34.536289
dcb80be8c1484a4c851374406513d2d3.jpg,Finland,FI,62.949782,30.097127
5081b9ac7d7d40fd934d5b84fe97ab54.jpg,Finland,FI,68.432631,23.501496
83723914484e48e48b1d2d821edf97ac.jpg,Sweden,SE,61.760309,16.928792
7352c45198cf42e0a892145ffc7fe6c1.jpg,Germany,DE,49.49781,7.45484
915633d5a300494cad8a84e6022659db.jpg,Italy,IT,36.729164,14.837922
eefb228d74a047a7ba4998050108756c.jpg,France,FR,42.90757,1.39537
0fcf8fc120ce422e8a62cf4ee74cda37.jpg,Belarus,BY,54.185632,28.473198
88fded7dec7a4937a8ae20b5d5536f04.jpg,Finland,FI,63.144731,28.238901
dcb436f6f23d467f8737d5465844bc2e.jpg,Norway,NO,58.449026,6.005917
0e0d3ccb670e4a41b94158ce8652cb2f.jpg,Germany,DE,51.621192,6.319655
7998dd0eec87475c9caff95a8776806b.jpg,Poland,PL,53.296035,22.455261
a2dce87789f84933b54d17504420651c.jpg,Norway,NO,60.779111,5.867994
f791354e5bbe40cfb16d222fb2a24374.jpg,Germany,DE,54.377429,8.729493
b993f4c63b5d4fbaa9156069b7bc4618.jpg,Spain,ES,40.514723,0.251152
df69458f0fc247c2b856e9e512d97b09.jpg,Germany,DE,53.307476,12.35975
c5671a60d59c47d39e6304e2b9c3e7f7.jpg,Finland,FI,61.029319,23.163216
b32daf1df7794b2dbea689c5d3b44c69.jpg,Iceland,IS,65.569417,-23.17837
593e70fffc7a4cc195fcb39a7adc6810.jpg,Sweden,SE,59.343457,15.833518
8da9d6e20047454eb2039d902f282ef1.jpg,Finland,FI,64.124499,28.123653
a10a810208f841bea9a698703c44dd92.jpg,Finland,FI,63.349379,30.012586
e95e5907d216495b9d1a2d4def7d052e.jpg,Belarus,BY,53.733242,23.818957
ef6b23c5bd6a442aaaf8b8737add6dfe.jpg,Poland,PL,52.937182,17.389882
030ad95e5847450fb409ddb0ab7da4ae.jpg,United_Kingdom,GB,56.260214,-4.931949
63e057eb1a3d44b89abc349ef1862ed9.jpg,Turkey,TR,40.711754,35.970284
8904fc4e4c2749f28d2e41b7cf2f683e.jpg,Belarus,BY,52.063951,25.552393
5ed1bd8039614f7982cf664922efd1f5.jpg,Turkey,TR,39.082056,29.463706
27c6e79e0e4545379aeb0a88a2c361a5.jpg,France,FR,43.58033,6.520467
c937058a4e8c402fb0b4313cf15ec6f1.jpg,Germany,DE,53.551028,10.468131
d4fbddc3f3a54286a4b94ffd447e7ad5.jpg,France,FR,47.829062,-4.206835
1fd682ff04da4dba81cca31268661f17.jpg,Turkey,TR,37.434354,30.554588
baa9feaa212142f09ef32dc12ac9a420.jpg,United_Kingdom,GB,57.913326,-4.058455
00440e61758940c089a060199d0820d0.jpg,United_Kingdom,GB,50.37843,-4.942082
781e36c087294890a48f338c5a798e88.jpg,United_Kingdom,GB,52.522789,-0.167534
894f7310f4d6460ea8b70122b6dc56e0.jpg,Italy,IT,44.818645,11.662675
5c45d89d495e4b179961dd5719dab5df.jpg,Norway,NO,59.914545,10.338974
dd2d7dc7b8e44c2cb66348e37fccd251.jpg,Norway,NO,68.694383,16.559588
9daaa8c95deb466a90492dafd54dc83a.jpg,Germany,DE,48.687349,10.341128
c9cac0d0cb714dcaa16086f660d1dfac.jpg,Poland,PL,50.720034,20.673634
852cd3d35aca44f1be70dfbe75f8f740.jpg,Norway,NO,61.861721,6.095785
429c3d387f3a4916851da4e9c2ce1f40.jpg,France,FR,47.971248,2.78064
ea1a755afc9c4ae49b887925c8f3c797.jpg,Norway,NO,59.81384,7.214647
4b4faf799a1a4d7d9c272d3b3626c4f8.jpg,Sweden,SE,59.202594,15.069845
989a3a1dec814ef3945f3b1ef1037742.jpg,United_Kingdom,GB,51.005936,0.773272
05620bec498949b1849896dc3ac88f13.jpg,Turkey,TR,37.223707,39.870056
26d950554952476b811a43c819b4157a.jpg,Norway,NO,69.202923,23.681219
90bbb9b1036540b88ba14dc788c99b1e.jpg,Turkey,TR,39.615923,43.7202
976f78ee1ebe4441af5bc1665540f734.jpg,France,FR,43.572758,6.804976
7ae71a31a5b142418d87e0ee7672a86e.jpg,Poland,PL,50.394373,18.682511
cc941f82c76d4113952f9c3df0859570.jpg,Poland,PL,53.165173,18.16467
c21de4cfc10248b1bc3f860dee8a8dbf.jpg,Finland,FI,60.746034,26.129088
24562a5b70774397ba48cde2e9c85596.jpg,Germany,DE,52.286476,14.281298
5fe802ffb6ba4c2c893e92c3d9152091.jpg,Iceland,IS,63.929596,-21.3398
92e4c71d7df04e0cbb1de79abec3da07.jpg,Spain,ES,43.171861,-8.3686
a9760c77c4b444f2a2a7ca6667f2e581.jpg,Sweden,SE,65.585511,19.426047
0b526a2aff29442ab50b46210a9a8cb5.jpg,United_Kingdom,GB,59.025661,-3.272149
d8a755ced1fa4dddb8765ac0e5fa6b43.jpg,Poland,PL,53.35988,14.698634
f49e8f542d1b474dbda6ef0a67453d2c.jpg,United_Kingdom,GB,56.771373,-5.021736
b442ed50db934dceac7bf688c5cb5ae6.jpg,Italy,IT,40.054391,8.577498
a97758969f77413fbd78455df85e2996.jpg,Finland,FI,60.909591,26.289136
9ef7504123074ac2909d5fde40ce5ee9.jpg,Spain,ES,43.363021,-2.667998
7fd3f8f8a09f4b5c974206d6df9453df.jpg,Italy,IT,39.991429,9.610355
cbbb5128500244fdb2eff4100523b502.jpg,Italy,IT,43.168271,13.650407
f1adc04c754d40659d7af24d0d4e30f0.jpg,Turkey,TR,41.558776,41.56653
bea8430e81a2401c9d5976511766edce.jpg,Spain,ES,42.858055,-8.19622
5d65183cf4e64c15b7302c0688cc4c78.jpg,Italy,IT,38.637448,16.371711
a635d1be8fff46218301b301d5541284.jpg,Finland,FI,64.444237,29.413344
cfd7606d53944cb2b1aa63cf92ae5b9c.jpg,Norway,NO,62.997499,7.935194
edf61bab03744a09aff310ffb08c5e64.jpg,Iceland,IS,63.952233,-16.844779
d9c047d65c9f4301a78365ecf75fbf87.jpg,Spain,ES,39.413151,3.137122
f5f272a187824f118717fda93c8f178f.jpg,Norway,NO,58.378269,6.119991
48f789b07e2a4fe2bdae3157c89baeee.jpg,Spain,ES,39.364515,-0.653788
23c8987d414944e69f74a9e3ddab3f0e.jpg,Iceland,IS,65.543556,-15.990341
affaa8ea7ab548ebab5e4947af1bc852.jpg,Germany,DE,53.503283,11.834907
1290ca17007c4973af2751b257d696d9.jpg,Norway,NO,64.736661,12.827589
d566aae5d22b4d6c9a9132c3aea9713c.jpg,Italy,IT,46.046887,11.00508
f6489e0823f648afab80b9a1618b00b2.jpg,France,FR,44.034086,6.08792
af0b998e7cff476eb9c3a3bedb2691ae.jpg,United_Kingdom,GB,50.337254,-4.643967
d1d61c77349d4697b21dda054bed16cc.jpg,Iceland,IS,64.838712,-22.572601
9fd927ce69ec457691d2c809d1b44bee.jpg,Italy,IT,40.917523,9.378381
bf76c303bf504d149d83a2a9a4e76ee0.jpg,Iceland,IS,63.437073,-18.770742
2e051688f9c9439d9228d26f1ea04ed7.jpg,Iceland,IS,65.614702,-24.220018
54ca6bc07db24c7a879be1a39c33bc34.jpg,Turkey,TR,36.187582,36.192725
b3bc4c0c4fea48a197ea25fbb766b4db.jpg,Italy,IT,45.763221,8.677704
37b4f6f825b04391bd5f9f8bdd526b66.jpg,Belarus,BY,55.528486,28.798667
15c45a20066941d296bc1b4dfbf64b8e.jpg,Spain,ES,42.737937,-8.852663
9a58772677ea486e99ea3dcef6c06bb5.jpg,United_Kingdom,GB,51.800631,-2.010241
9093a497190d4061bd9b8280359c1369.jpg,Poland,PL,52.430364,20.737443
b82b61dbf9a94241bad0bd3e640ac4c3.jpg,Norway,NO,62.4708,6.185923
5915a4ed109c4d39b3879c1b44d03622.jpg,United_Kingdom,GB,52.754424,-1.133479
232f6b82dec441dd8d5126bc0a5f3f8e.jpg,France,FR,43.483449,5.68614
59709242a7e74b0c85c5168665e005c4.jpg,Norway,NO,67.298007,14.789943
d7fc3b65d4524942b672082f352b78b9.jpg,Germany,DE,48.127169,12.317079
c2f5a08a91464fe9b0fed2ec3de6f605.jpg,Norway,NO,59.586895,5.299061
aa4b60c0d93647b78dd0f3b7ff333c8d.jpg,Germany,DE,47.646983,10.486856
bd57e423cdc74190a1afd8f24cb18d4d.jpg,Italy,IT,38.433531,16.43485
91454d7a758b4b1c9d023b7f4508cdf9.jpg,Belarus,BY,53.622429,24.729773
deb432b59e034bee93e295d3a81ab0a4.jpg,Germany,DE,52.204555,13.185441
802814339df74effa54d2f942245a135.jpg,United_Kingdom,GB,50.400495,-4.629452
c9191ed6b5a8449090c5958b794e214e.jpg,Norway,NO,61.750603,6.342939
846e510486b345529a01611223c436a2.jpg,Finland,FI,64.414732,24.123588
50925c28edba4bec8c460b273fc5d225.jpg,Italy,IT,38.217675,16.248982
2008f5e0a7734ae8b3f3c1e083d1851e.jpg,Turkey,TR,38.132628,33.531928
db04a1df73254dc7869fd15f5e9c573e.jpg,Finland,FI,63.108517,31.121627
cabae459ee164e8899c3fc909a3655df.jpg,Norway,NO,69.689056,18.858549
51935f90d70a4d08a6866629619942d4.jpg,Norway,NO,69.297262,15.993282
1779426c3b3645ea926cfdffd3211944.jpg,Norway,NO,62.558255,6.127336
db310de6adeb4f4b8b296b0243c38f02.jpg,Norway,NO,58.822524,6.023049
52baf6873ff049cd94f768fe471f8045.jpg,Iceland,IS,64.768751,-14.467744
65c2ea3b19e543f7a8cba41347aea06c.jpg,Poland,PL,52.154218,20.195148
cf9dc1c38dc64417a129ddc767284b9b.jpg,United_Kingdom,GB,54.919466,-2.2687
2f3f2edd6e3e4cebaf4f2b4107205acf.jpg,France,FR,44.094448,-1.318053
901e08dbef0e4444ae425f2df42e4ee5.jpg,Norway,NO,70.9886,25.750461
1b15f16bea0d4a38a149b286da48bae6.jpg,France,FR,48.997651,2.283905
f074a87333524dedbbb60cf46a165539.jpg,Spain,ES,38.804812,-3.012269
bc44bae49463459ea6d4037a2f5fc150.jpg,Finland,FI,66.267209,23.710344
907b408aaeaa4a18933cf4b8173129ee.jpg,United_Kingdom,GB,52.427237,-3.792601
fc3470ab25d244689eedb244973f5cdb.jpg,Finland,FI,66.303521,28.861826
8357dfa5cfdb4ac5b1949f8a32c61abe.jpg,Finland,FI,64.410855,25.8208
d3d667a31ff947d8a23052db0365782b.jpg,Poland,PL,50.862499,17.141652
6438ebdf04264c17b66f63d7829cc48a.jpg,United_Kingdom,GB,51.977629,-1.555235
c312fab61afd44a3a9a8f64890eb2a96.jpg,Poland,PL,52.415285,20.754915
1a80cc1b924e47bd84923408ee2420a4.jpg,Turkey,TR,36.535977,33.454614
034b1c2a3da14970a76f120adca7c174.jpg,Turkey,TR,38.427501,42.128318
4915e69674d345539b4898342d8a8785.jpg,Iceland,IS,65.697332,-17.032212
1475e382e9064b228b3f2072eec64f48.jpg,Spain,ES,39.650529,-6.893954
e59145f579314201aaf50dfcc21fdfab.jpg,Belarus,BY,51.857816,30.011153
ee83aa85bcd84671bfeb111f1b8b4847.jpg,Norway,NO,70.180935,23.849721
1c02335e81274f6b847ab9576b81b242.jpg,Poland,PL,53.584296,16.220974
052e388a2c514058bb0af6164217b122.jpg,France,FR,45.775878,2.936163
c5d8f69d4c434a20a34355f0d7d2157d.jpg,Iceland,IS,65.300048,-15.286266
e13cbfb55de94b0ba825be52225a0c4f.jpg,France,FR,47.890379,3.239056
d45ec253f39245d18958764f9f43302f.jpg,Turkey,TR,37.571929,41.384092
155ad3bd15b44fa69b5b7423a45ffb50.jpg,Finland,FI,64.82915,29.449727
8725b2bcb234448280234ebf65e1102b.jpg,Finland,FI,62.847344,21.699506
2d36fb18aef64d94b6e17eaf0fb9ef9a.jpg,France,FR,44.55499,5.872598
e892258a514248cda62728c4606a6e5f.jpg,Iceland,IS,65.930809,-18.113784
3164a981332644cba01457a90ec3f99a.jpg,France,FR,49.115878,1.867653
c8db80bbb78b4b58812840c1973377b1.jpg,Turkey,TR,36.843423,28.705681
2a8a11d496904531bf999fc4ba192a8c.jpg,Italy,IT,40.600154,8.323913
034522568c2b4a1aa0ee9d3cfcd16ceb.jpg,Sweden,SE,55.617004,14.199052
bd405f3e56994e5281a410a07882245e.jpg,Spain,ES,42.441843,-7.706388
39fe4220fa1049ee8d4a597b6ff6ccbf.jpg,Turkey,TR,37.253162,34.799557
9b3c6b9a443347f08e53f2967f193a25.jpg,Turkey,TR,38.584397,30.226801
8cedf59b490e49de9fc1c8270055db8d.jpg,Spain,ES,40.121653,-0.741161
40d22cdca4fa46b498425e60005c31b4.jpg,Finland,FI,60.996162,21.981878
7cfa80427f8c4e37ba1ce7902f38ae51.jpg,Sweden,SE,65.609963,18.981421
eadea5becf984b6680c1522eafcda57c.jpg,Germany,DE,49.562775,9.892691
e2c9aeeee7ed4cd0b5ea2104820eacbe.jpg,Iceland,IS,64.608729,-21.744727
dc64387355b64b1085e70c393ebe1bbb.jpg,Poland,PL,50.319569,18.945857
256056b757a8459da79c6a7ef7095436.jpg,Spain,ES,42.009427,1.716789
64f6c202bb9c4da893641d55f8250ac8.jpg,Norway,NO,61.375302,8.813035
5934e94fa65a4109a16adbcfc2bb8c24.jpg,Turkey,TR,37.228693,39.672141
e0d150f78c2c457895a733259eeb1176.jpg,Spain,ES,28.974354,-13.748667
95ff9ec642c848e1959caa3870d67657.jpg,Finland,FI,63.655323,26.611841
d7f7ff70e74649c38fb9bc2e5a63a055.jpg,Sweden,SE,64.12108,18.964557
f7b7aecbdf264663814c760f09276378.jpg,Poland,PL,54.238702,19.528148
c1064cd9e3aa4000ae37156bf648e738.jpg,Finland,FI,61.814422,24.460896
f42a635dc0594a4b84075399bfbc3d80.jpg,Belarus,BY,54.558931,30.45421
0ddb618eb4ee47e48ccd6563369a0eba.jpg,Belarus,BY,51.992676,30.469642
21cf108094064c6eb61e1b18cf71dc1b.jpg,Finland,FI,60.305007,23.805664
e6f7797e24634d72a7121dba11dce635.jpg,Belarus,BY,52.254585,27.793529
38c4ac8828894c7dabbd4431b3b60b8e.jpg,Belarus,BY,54.41224,26.048687
e6621d6b1bd3454d911c34294d852228.jpg,Italy,IT,40.941926,9.04993
40d816161bd448cda014d4d8597f43c4.jpg,Germany,DE,51.026717,10.35973
b5663c9450a0447e82ed25a4d8d86d32.jpg,Spain,ES,38.186114,-0.810082
0a1c6edbef834a5a866f4cb496cce194.jpg,Iceland,IS,64.929349,-13.698526
e6730a9f3ea44acf9baa007f764cfb37.jpg,United_Kingdom,GB,57.687397,-5.595695
cc5762019393485a8059be225b191d7b.jpg,Finland,FI,60.780857,25.027647
4a4df1ad1dd542feaf0ff4633d7253da.jpg,France,FR,42.211866,8.656618
b4cd1277737744e9b04073fb29877b50.jpg,Turkey,TR,37.5436,27.348292
22a27c228b344788924c6d48c1e5ec7f.jpg,Sweden,SE,66.106757,17.477635
4e94c45601084d46aeb3d18109ddf1ef.jpg,Finland,FI,61.349159,21.647828
d76c7e6121974c759096e78d19523910.jpg,Germany,DE,49.326302,11.078486
c9974fdc2f5b4ee5bd7638128b6f9f32.jpg,United_Kingdom,GB,58.495459,-6.234026
980a9332abee4ba6a2ab5ad028ac2957.jpg,Spain,ES,35.881251,-5.506237
1ac80e0ccfa4458291b8934c2c526ea3.jpg,Germany,DE,53.349565,9.371726
b22d6192ec864f6a972057a270b6df1d.jpg,France,FR,47.933668,6.475264
9e5534e4f21642eda86754f07c30b386.jpg,Belarus,BY,54.121541,26.599128
266541d519f34c0bbe72a1e0993e3f56.jpg,Turkey,TR,37.859038,41.105254
a0b06d379aeb421ba1d72802891df3f1.jpg,Poland,PL,50.479941,18.552559
00d2012ffeea43e491f51f2a17dc02be.jpg,Sweden,SE,56.223308,13.58875
ecc1bccb8bb9414880747b39cf339578.jpg,France,FR,44.154292,-1.011627
a553488352ca47c795029db2351ee4a7.jpg,Finland,FI,64.709324,27.758713
e88d709e6778475a9b0736cbbf0d951a.jpg,France,FR,43.695075,4.540955
6781979427274818b5bef99a5b635e03.jpg,Finland,FI,60.584207,24.251295
f57ca2a365194b13ac80453b37e5cc5a.jpg,Italy,IT,44.297099,7.447193
9090b146022a45738eaab09b36ea477e.jpg,Norway,NO,68.569323,12.697176
0d4e8dd6419244b6895775e0a3812ea3.jpg,Belarus,BY,54.489111,25.836298
c3113bc27c204b61ad188f9a99f79cd5.jpg,Norway,NO,69.443947,19.236886
d71851dcc5f34c5f812d4b0250941052.jpg,Germany,DE,48.488715,9.880833
cd800fd376724e9982f384a4e5e02d5d.jpg,Iceland,IS,65.631008,-23.291513
fe4e8d1b09ac4e3ab485a99fd1f48906.jpg,United_Kingdom,GB,55.480661,-2.849588
c9215fed6c034d56b592db4dcaa4278b.jpg,United_Kingdom,GB,60.777798,-0.826542
3b1862f36662422482cbd8c66e554ddc.jpg,United_Kingdom,GB,50.424598,-4.668645
20428192e7ee45f2a4590d1fbb89692a.jpg,Finland,FI,63.679958,26.351708
0ff79ace2f1544ac804fe3d2cf37533c.jpg,France,FR,48.479253,-4.557957
d6f3ec535e344e20be2cec7eac2465d9.jpg,Spain,ES,29.104045,-13.469375
a104382a1c4a4030b8e6d9d2d6b3d50b.jpg,Italy,IT,37.967095,13.772779
ccb3e30d6c1a42c1ac226feabc57cbad.jpg,Italy,IT,44.529318,10.89839
e376b40a256e45639365d8c7ea7bf738.jpg,France,FR,42.762955,9.46738
1b66d66e6a964e8c860784cf4e11a252.jpg,Iceland,IS,65.907205,-19.396411
821c4db0e35d4d379583653128c7e316.jpg,Norway,NO,61.846566,8.598131
d170fb61ffea42659ef1625e9ff5179c.jpg,United_Kingdom,GB,58.543023,-4.673232
14d799a23e7a45e383615262f8307cb5.jpg,Turkey,TR,40.324315,37.607316
94ce3b435ead4606b06bb0119e15867c.jpg,Poland,PL,54.160756,22.818042
c34e20f2c8334aae9704c913cd9e7b38.jpg,Turkey,TR,38.645923,34.905729
bb3ad36da27a42f1a6025bbdd24c0a91.jpg,Italy,IT,45.37427,10.699576
c3c4fd97c6d84d66899fd5b095220bdd.jpg,United_Kingdom,GB,58.50786,-4.810098
55b8508c8c2a417bb3da0389eb1a23eb.jpg,Germany,DE,52.556188,14.225522
4ea5f1a7a390432890c06ad5ddf9c8a4.jpg,Belarus,BY,55.332986,29.38598
8a29adcf5886485197a55e44e54cd1dc.jpg,Turkey,TR,38.988194,27.845868
d7c57dabd2eb444d9787b4b841819541.jpg,Spain,ES,42.920351,-8.203875
2bcb4f3aced947ec8d92c5b8a64ef1da.jpg,Belarus,BY,53.59576,30.370383
f16818bdedcb4bc8b34bae9d651f72db.jpg,Italy,IT,45.264543,11.767353
7c3f93a70a984ca38d03605f1111eb42.jpg,Turkey,TR,39.745047,42.870755
9ea0dd1778604a0892430080a15eef5b.jpg,Norway,NO,69.428441,25.078536
2d413baf3f6142bcae35d06bd52dadeb.jpg,Germany,DE,52.694084,8.9186
b83af8ac28d94ea7b50a0b7a53d01b8c.jpg,Iceland,IS,65.060186,-14.025438
7a24310b00d2482c9eb0b304a69ccd42.jpg,Belarus,BY,52.13798,26.096416
d8bddcb31d6846819fb1db5f96c46cfb.jpg,United_Kingdom,GB,53.275012,-3.550139
5ec398a34fc843c4aa1966e94d5d280c.jpg,Norway,NO,61.810566,6.151639
b8faebf1c0d64eefa10bf0899df2ec1f.jpg,Iceland,IS,63.923894,-21.359713
28b11dfafbc1419aa2ad6353c93fd58c.jpg,France,FR,49.38389,0.589043
e95fe25983584ce1a0a8611ce1862169.jpg,Belarus,BY,51.712439,30.349922
a891979202314953b02b395ba0bf076a.jpg,United_Kingdom,GB,55.792948,-3.213811
5e824409577f4b66b7349646ed3d2c57.jpg,Finland,FI,65.747505,26.579166
dbf865f29a2c424d8b2061fc5f890966.jpg,Belarus,BY,53.247073,29.444726
7c7125c6eac84354881a8a9a1234c1ec.jpg,Finland,FI,67.554637,27.897383
22d3648aa08445df94642a29372c26d3.jpg,Iceland,IS,66.06306,-17.342783
a780e4a6b82f45b5a55cac97846eadd0.jpg,Norway,NO,66.659162,16.158711
9fd793360f4c41259af345ab0a62041b.jpg,Spain,ES,28.052437,-14.363509
234167d3129347f890bae0e65342f476.jpg,Spain,ES,28.9583,-13.570205
6983441be7754cae86de9d590f17f8e8.jpg,France,FR,42.086544,9.496937
a3cb80440a0540aea618db22d846c9cf.jpg,Turkey,TR,41.016711,29.27001
b1f24f42a8db4a458cba3e70eb0a5dfe.jpg,Poland,PL,53.799178,20.078828
81b0e55831024a5ba5b6d80bb77f08b8.jpg,France,FR,43.786895,-0.936213
2d376fe3d8c241c3bca5d079fcf684bf.jpg,Sweden,SE,60.005599,13.330053
5cee517aa5684231840cf24b60bf8e37.jpg,Belarus,BY,52.270312,29.320298
ec9ae4c57e5f4a6bac3f3018de5ffbdb.jpg,Germany,DE,49.178872,7.524534
582b2e1f8a124f488027eff8e8aee417.jpg,Poland,PL,49.548284,22.183546
d5c75a2c01434716885a037266208949.jpg,Belarus,BY,54.628375,29.088931
2ce7bac5cf5a43ca9a718ebd871f5b4a.jpg,Norway,NO,68.391602,16.641245
0852d5996c1a4ecabf483b18d6f032dc.jpg,Sweden,SE,67.839996,20.691851
7e0f270f68b14c10bed3a4dd8fc88acd.jpg,Germany,DE,51.846054,6.158205
6fe2b6ef20684531b219124abf1a2f4c.jpg,France,FR,48.28086,4.127953
73c44db3d40945bd95328790604a2101.jpg,Belarus,BY,52.413007,24.339019
b6b30a5b78e84ff3afbc7a0a8b7c8a12.jpg,Spain,ES,28.500504,-16.197217
e7d9cea1d6c149e8bf1055017e4aaa81.jpg,United_Kingdom,GB,54.850177,-4.315069
689ba8f39fc446beb3e8463e638bc953.jpg,Norway,NO,67.069381,15.382024
9412fe9cbc554fcf9b7ecb6d481f346b.jpg,Turkey,TR,40.169176,26.367686
8dd6cb1b657442fb951a956d977e5441.jpg,Belarus,BY,54.114087,30.458509
6b533c56ab034f25b8a8c6d7ee9ae861.jpg,Turkey,TR,39.250585,30.903112
2f16ccb416ee4f89a359f63c9640fc28.jpg,Finland,FI,66.231336,28.820952
a5cb18904a4944d6ab865b611da32100.jpg,Italy,IT,40.283859,9.144591
ba60762cfa7c4ab7853277140858031b.jpg,Iceland,IS,63.888817,-16.624079
501c60db93cb4b73846dcf0b2109cc80.jpg,Finland,FI,62.001527,22.507885
7d1dd1a3f8e24f89990177f889ecc86a.jpg,Turkey,TR,37.229629,39.689374
a4102b5c3eaf440b99ab76e560f2cee1.jpg,France,FR,45.552667,0.175833
a184e96d34e142bd9f5de99471b60c37.jpg,Norway,NO,60.565676,5.358534
4af197ce4534472692c80829e1335a6b.jpg,Spain,ES,28.670361,-17.80403
7712abf623af450f90b3d0eecf45f539.jpg,Belarus,BY,53.893714,27.338725
7b9d310c25c7427695a62de25f4eab06.jpg,Turkey,TR,39.632693,40.178891
c4714208d9ab4240889f29869955310e.jpg,Poland,PL,53.051852,20.436047
b7f68508911849fc94ef7624c260a5cf.jpg,Poland,PL,52.610269,21.494867
91ac382332d146bb86aa513d8dbe056e.jpg,Turkey,TR,37.928251,41.632534
10b0a4828d0545c9955605fbe290de85.jpg,Poland,PL,53.387679,23.45866
eb03a1863d7341d0b4074a76556d94ae.jpg,Sweden,SE,60.221507,13.473628
25d7897b3e6d46c58e1a41b6b6ff9882.jpg,Sweden,SE,58.188564,13.593602
679b1ecba6c643978899b59550ac92a9.jpg,Spain,ES,36.912708,-4.170116
c462058b02b24aa18c892d6814f64b5a.jpg,Italy,IT,40.764531,17.29263
ba2c533561ec49d491f65d98d23f5990.jpg,Belarus,BY,53.186159,27.342766
b794fdd066e645dfbcd9d0351800289d.jpg,Spain,ES,39.412506,2.902598
e6b33a9754464ce384ee1cd8ecb36b9a.jpg,Finland,FI,64.076247,29.192025
6856bb4986a647f7865296e8e39876cd.jpg,Italy,IT,37.869502,12.493394
5944fd3257924f6aa48fc4e0b859147d.jpg,Spain,ES,43.363381,-8.308468
2bdacb90307f496c9e0c6feaee8c950e.jpg,Germany,DE,51.443089,11.900586
fed373ea9ecb453aa99c3c1040c70e94.jpg,United_Kingdom,GB,58.544871,-4.673834
854b33efa8c14f5b9261d04f40b264ea.jpg,Iceland,IS,65.608042,-23.781837
fcca4d9c9b20464a85998f444ac6029a.jpg,Norway,NO,61.225185,5.823877
5c2d35be56c940529362caac0c106c82.jpg,Italy,IT,43.261186,12.687915
f32dd195611e40829f3edce67e273139.jpg,France,FR,48.205362,-3.820791
03efe1a361d24c62b80def6441993ce8.jpg,Sweden,SE,59.130476,15.114625
e49db5a0e94d47558086272d8eb667a7.jpg,Italy,IT,41.100397,9.45562
26ef4eb97bc94259a61b96ebb8844955.jpg,Sweden,SE,57.023095,16.82575
629750f5ad814d3f905a30c35d8276d8.jpg,Iceland,IS,64.857774,-23.909782
66d94dbecbf04cf08551cd6be02d530e.jpg,Norway,NO,59.895929,6.479414
84a0ab8ed62f4d3a884a5fbdf7924092.jpg,United_Kingdom,GB,51.955147,-1.826222
9f3962c6fb3e4587ba53d7cdcbc980d1.jpg,Norway,NO,60.814143,5.803621
80b4522250f74527a792bd130705be31.jpg,Belarus,BY,52.62256,27.470244
c3f5065e1ece4416b0e6fbd5e7b052c0.jpg,Poland,PL,52.44037,22.918828
faa5a8b99a3d4bc094c6970892f4aa23.jpg,Iceland,IS,64.779538,-23.644818
7fd2477e02274140a5690a91b99a67e4.jpg,United_Kingdom,GB,55.483453,-2.690683
a9b79796ebd64d8a8ca300724e4b2ba7.jpg,Poland,PL,51.078533,20.378458
cf3d481ab45143f0ac1e2d2da2b4d59f.jpg,United_Kingdom,GB,58.497978,-4.484153
4c010f7b36e44c2b82169d92cd561659.jpg,Belarus,BY,55.77786,28.602544
cfa59dfffd0341bfa716731b415eff7d.jpg,Sweden,SE,55.778662,13.813182
e7dccb5929c1495b8f459c74c64311c4.jpg,Germany,DE,51.375299,7.231962
e739210db7fa4c0ea0b2b61fcf9a2726.jpg,Finland,FI,61.201091,27.981701
237b963f619b4bc3acb3e1513918592b.jpg,Spain,ES,41.630391,-2.515324
6cb19d03df7242b384621c28f76e0738.jpg,Sweden,SE,62.160904,17.456813
fd2df341542f4f37af9cca5835f02ad6.jpg,Germany,DE,51.855968,9.616165
fae278a31f7647bc881cff8d15a2842f.jpg,United_Kingdom,GB,58.528227,-4.21013
a39dd77b5ae347d6a94c9fb2bcf47436.jpg,United_Kingdom,GB,58.279209,-4.437166
5f565518449b438b8902d26d29e136d8.jpg,France,FR,43.567578,-0.817382
eaac55db2aa247949c38a20831a236a5.jpg,Sweden,SE,58.864398,16.642665
800c813af037431e928d9c4f502a6214.jpg,Sweden,SE,67.964824,19.976606
adada265911b42daa014b0a1e1b71616.jpg,Belarus,BY,53.853226,30.30094
a9f4175f8bac4ca69b04568c6f3b8052.jpg,United_Kingdom,GB,52.53476,-0.197656
f4328be6e48c471eb2f58d18b7ffd5b3.jpg,Sweden,SE,56.055586,13.340688
cbcaa6ca914a44028aadf065888ad0a2.jpg,Belarus,BY,55.228763,29.98036
12e5fd329caa4a78a3bff562731199d4.jpg,France,FR,41.649835,9.20827
9752e03c3f93437d8b1add8badb63753.jpg,Belarus,BY,52.902924,29.309302
e0bdaa53c08e4bc881e4d765f5cb928e.jpg,Spain,ES,43.255797,-8.865562
25ab8396ef7f41b784c54f48e25ce100.jpg,Norway,NO,67.162673,15.48651
50263e59b5bc4393af46bee3b41d97c0.jpg,Norway,NO,67.251914,15.429909
35763494ee904739827e528d833ed4b3.jpg,Italy,IT,38.65265,8.266919
a284bb5c149646d888f0059b21640789.jpg,Norway,NO,60.545229,8.23731
d0493c99f1e64535bc043e4d4a60d77a.jpg,Germany,DE,49.750467,8.528452
bf3fca6b85e045d9bf27196583994cf6.jpg,Italy,IT,43.196428,13.780567
9884077494114ca2b66b9395fced3ea3.jpg,Turkey,TR,39.655192,40.184981
b71d95ad7c7046798702f95f5c1567a8.jpg,Belarus,BY,53.545808,23.784002
efbe131e5ca24ec9b4b5fe65bbb77c79.jpg,Iceland,IS,63.463021,-18.61233
20469796d2424b1e8189e28eab6a85dc.jpg,Iceland,IS,63.424003,-18.767209
a345b49efe4c4811a2576785d1f9662d.jpg,Poland,PL,53.420427,19.543763
4bc87b870fe24739964addd951dbaaa3.jpg,Spain,ES,28.068589,-14.418014
e652adffc35743619f5f215bb1b0ec3f.jpg,Norway,NO,69.629725,18.968395
3ea0eda9be824a9680a449b3d7e01794.jpg,Poland,PL,50.754494,20.284491
d1cd6bd791284884be1d10cef7ba8eaa.jpg,Poland,PL,49.867404,22.268105
162c790b10204e2d8d32e3cf3a9d38c7.jpg,Poland,PL,49.652752,21.183051
617ae0c2ebfd41529ee30fa2cf4906ca.jpg,Germany,DE,49.605606,9.639243
cf22ee9134174fe580d2fdfbc68fcb79.jpg,Iceland,IS,63.917507,-21.360853
08c8549f87e04e22a880855bab2267d6.jpg,Turkey,TR,40.104911,29.467789
95b7e92d4b54428a92d40247a09076c1.jpg,Iceland,IS,63.842857,-22.439221
5883d39fee034eeb9a55d354e6be2cb0.jpg,Belarus,BY,52.031283,29.46461
94e07104fe014baab069191ee058fc89.jpg,Turkey,TR,39.472752,33.604247
23784eec959142dc8491a1dd10a71364.jpg,Iceland,IS,65.717725,-23.710202
7854cd1ea3fd48ab8b6dd1b138c175b0.jpg,France,FR,44.239828,-1.127176
c38856319e154aa184880d3bf2e859ed.jpg,Belarus,BY,53.919451,30.469573
4c913ce068404bf9a9fbea09cfc1fbd2.jpg,Turkey,TR,40.18315,38.079731
84d9cfb1006f4382a3706e3fa30ef6ff.jpg,Spain,ES,28.982436,-13.744076
0ad57f08cbdd480a898fa35bbb967b36.jpg,Finland,FI,65.81924,26.549113
b007b12609ad4cd4a72237203a80d785.jpg,United_Kingdom,GB,54.26768,-7.538676
08b0bcc485d345e6b1a464052512d97a.jpg,Italy,IT,44.630656,12.240758
3268fb6f872c49fab7a7d86bb1cf0e09.jpg,Turkey,TR,36.330829,33.661533
83475fe2995f45f5a8ff34a9e61f9c0b.jpg,United_Kingdom,GB,53.703286,-1.605167
8e7436b979144cc0888148e1f55cbee1.jpg,Turkey,TR,38.675343,29.249467
0d2f4d3c5b6e4b4ca11fc29561fa7d31.jpg,Iceland,IS,65.461626,-22.169696
7ae2fbcd015243b4b93ec0857c80d451.jpg,Iceland,IS,63.549462,-18.448875
8f88ad341253457484e1f0c340ab01c4.jpg,Iceland,IS,64.838396,-22.442455
f3c40e0266ca4778809b2d5e95bac9e7.jpg,Iceland,IS,65.168712,-21.057501
0bf728691c3e408e934b2f2c1efddb78.jpg,Italy,IT,39.605362,16.679942
9b2b9f0a58c74d6ba53d9069189d1ae3.jpg,Italy,IT,42.869567,12.397525
d7579180096d47dba2894ca0042c697d.jpg,Poland,PL,50.291373,22.248856
5b679301d550499492534b720627a32f.jpg,Italy,IT,36.824433,14.973957
bd0f52a5e285432a936bd92aead5d185.jpg,Turkey,TR,37.521559,36.997576
6b54708d9cf64960a4b4f3700240a012.jpg,Finland,FI,66.106675,24.810967
c8beb4643028447090006cfe8f8db2ef.jpg,Spain,ES,28.049279,-14.345004
744c32383f264fbbb6844a5da918d24b.jpg,Spain,ES,38.323799,-4.979309
fef949c0ed1b4df5bbf6834a983dd4c1.jpg,Finland,FI,61.992931,23.014117
a86e55596a034708bdce58b98b213f6a.jpg,Sweden,SE,63.843369,14.375885
8cb44f683bca416292efad8e93d31b1a.jpg,Germany,DE,49.423292,11.185826
ed2e23301a3e4390a8fa1d7d7850f1bd.jpg,Germany,DE,54.543482,13.533462
c2a8eafce592417d9f2f598d1c266bb9.jpg,Sweden,SE,62.618604,15.658652
da7750ac57854d98bb101cd27f1fdb28.jpg,France,FR,49.450707,5.882982
c84431e4f2194059b1764a1a9ce16088.jpg,France,FR,48.601527,-2.979748
571d9d34d25548d59b6720b1e018a96f.jpg,France,FR,48.367242,-3.789908
f5502109d8e04eaaaa4506101cf1578f.jpg,France,FR,49.414637,1.04436
c684fbe377e045d3969c4e46c843d2be.jpg,Iceland,IS,63.854989,-22.448342
0b89b2882bf7436e8eca0440582e0a49.jpg,United_Kingdom,GB,60.776725,-0.826717
beb9def5756647d4b373f4272913c37f.jpg,Iceland,IS,65.813487,-19.328868
602c0bae33614d21a112c31aab2a8cc7.jpg,Sweden,SE,57.335909,18.484797
98aad3a021cb4a92927d84a6c09cb618.jpg,Germany,DE,50.302569,6.529345
afef9eff19794fcd82fcb2ec09e06cfb.jpg,United_Kingdom,GB,57.806826,-5.151205
ffe62bcacaa64013a35ba11dbf5d742d.jpg,Poland,PL,53.152705,14.355501
1ce88b9aa9b84831b9d42fecc6123b6e.jpg,Iceland,IS,63.544487,-18.452315
8044c67826174b54b5b23f1ec36df0c4.jpg,Spain,ES,37.332484,-3.276836
f10ad5b8ec794b0aad0b26cf23f3eab7.jpg,Poland,PL,53.935259,15.435788
56e2ba0fc90a41d694a9f5737682214f.jpg,Belarus,BY,53.258407,26.98964
104a126a4c954fc99b70455879e26710.jpg,Spain,ES,36.696693,-2.788844
92fefa5dc3864782af75d1157886952c.jpg,Sweden,SE,63.952457,20.022037
fc722dbdfec24e5287331fd22ee2e345.jpg,Belarus,BY,55.92554,28.647401
2f35b8fbfb2a418488b05a9cd6dff992.jpg,Sweden,SE,67.852909,20.948671
54a3cc1a6cf74ec988cdc4b9b3bae2ac.jpg,Turkey,TR,37.305125,30.44581
844f5fc6662a42a399008ab7f5b6a2c7.jpg,Finland,FI,62.613854,22.442443
1585ce8c2805411cbdd5fbbe0f14b610.jpg,Belarus,BY,52.2617,25.68012
ba389401beaa45ba9cd911126cb0ac90.jpg,France,FR,49.667399,3.264503
279cf119e757476e8a2989066fdf5eff.jpg,Finland,FI,67.615641,24.58289
6a21ced790e348e5a0c3392d5e922ba8.jpg,Iceland,IS,64.832545,-23.950144
091173c7aa354e3a9c04990f5c6670bb.jpg,Germany,DE,47.657545,8.223481
bde6bbbad25b418989de964557c97914.jpg,United_Kingdom,GB,50.28046,-4.990212
f954e528f8e94a37b5a4366237187d5a.jpg,Sweden,SE,63.829296,15.617103
bbb0b81d5f6243059c1807ada45b05fb.jpg,Turkey,TR,41.188229,26.664603
134c6eced64a4626957ba4b9c6e39110.jpg,Sweden,SE,65.615011,18.969683
704bdb1b6ab242899d1a615efc152e4b.jpg,Norway,NO,64.039022,10.047686
0aa4ffe4e3f844d596c65d3336536344.jpg,United_Kingdom,GB,50.466304,-4.700678
0d73f9fd3548419295b71d86d2983d90.jpg,Finland,FI,62.296603,29.843026
c85051920e8a4af9a45b61138f3b7f59.jpg,Germany,DE,49.341053,11.973974
42d8136a80934c73ba4a370b68519f7e.jpg,Germany,DE,51.170003,7.680249
2b597e1bd2694fc8bf2c893996b5cb96.jpg,Iceland,IS,63.467972,-18.598068
3bce02f5fd964b7c83390713504eadea.jpg,Norway,NO,59.608639,7.41652
83e945a8da60476abb53dd5adbcf2330.jpg,Belarus,BY,54.048763,26.800842
8114ea8dc537487c9f21729989a37fee.jpg,Italy,IT,41.429254,15.599621
a9c43040f5464188b1b73ce5f5029e6b.jpg,Turkey,TR,39.478228,33.875835
5370e9b8fd7a4fc185b1dd0b3851e8a6.jpg,Poland,PL,51.820743,19.28101
57222b4a493f48a4b844f6accd88c3aa.jpg,Turkey,TR,37.688848,30.348155
136ca674ddac4466b5bf9370b3c2edca.jpg,Germany,DE,50.406464,9.297596
499d4c55384d4df6aaa207a178c2fe10.jpg,Germany,DE,52.823001,13.940233
fbe7333abd59467a92d49829564adbe2.jpg,Sweden,SE,65.378445,19.451469
174f76bbb1184fecba1e4db69562f7b3.jpg,Sweden,SE,65.398465,16.128006
8db39ed2c2204422aba27e4c71698f8b.jpg,Finland,FI,64.426447,27.622723
cb92f926e1ed4da58bf7695395c44341.jpg,Sweden,SE,64.238333,15.865835
ba116696439849ff84aed86e83e50ad4.jpg,Sweden,SE,59.980547,17.157321
3dfa28f1e3384509bb172bde9c27e141.jpg,United_Kingdom,GB,58.537429,-3.117629
dd8ef592678942df903bddc16558e57a.jpg,Germany,DE,54.129983,9.065803
b2b3cdac6f704261aabffb510af6b23d.jpg,United_Kingdom,GB,52.083831,-0.246744
f365c77afb0e407fa66082f6ccc7cb89.jpg,Finland,FI,61.742984,22.139353
80654f9f8cc0488d93b7319bc308e8a2.jpg,Germany,DE,49.251349,8.613812
cf659504227440158518092b2076d6a0.jpg,Italy,IT,44.258403,10.028962
5ee9502387744542bc1dcbcff4795e61.jpg,Turkey,TR,41.343285,27.45257
6d1c140e0b3d4eb8bf881ae93df8c15f.jpg,Germany,DE,51.963929,8.263869
ffcdbf8199b642439253e80a5eda0b38.jpg,Finland,FI,64.746363,29.495029
7db420583d154826831e8f10cab50f9c.jpg,Finland,FI,64.126339,28.06992
a46680e6fdc649189041565314518d7a.jpg,Italy,IT,38.650966,8.355067
3f9976004b2d4ebeab6789d42a63f3a1.jpg,Norway,NO,69.512747,19.252462
d9c845779dba405c91da0a3628aede7c.jpg,Spain,ES,28.703118,-17.778465
8cf33f5553e34801a02a166367757a88.jpg,Italy,IT,41.193919,9.183134
ea4a97bcaf0f4fc6b4573d3c4dcbc499.jpg,Poland,PL,53.186151,23.258711
d59b93eadf3542eb9cd2e5a558af9aea.jpg,Norway,NO,68.470405,15.178729
8464d075e90048f491cbd759ea2c1f62.jpg,Spain,ES,39.49673,-0.495994
02e0c2065d3449feacb4b0b81eb6e89e.jpg,Norway,NO,58.999442,6.087284
fdf698d2922b43a38a0e21981e1f4bce.jpg,Spain,ES,28.070307,-14.420452
06b275171c56453aba2b0f0db055965b.jpg,Turkey,TR,40.101248,31.548031
1bbf4ed3565c47c1838e761a1df30d31.jpg,Poland,PL,49.876104,20.242047
a6449b70df0a4e72b929793240639f52.jpg,Norway,NO,63.301408,9.74615
a0f277a8d26347e6bd3a4383ddae4984.jpg,Spain,ES,43.369474,-5.534352
866333ccb0534e60b6ae68f1357face0.jpg,Finland,FI,63.20799,30.949348
d435856fa92840db83aac6a70236d0a2.jpg,Spain,ES,41.65757,-3.485564
3c298cc3607e4cf6b93544143d76d953.jpg,United_Kingdom,GB,56.588056,-6.177545
22071298286e428aa456f22eb2d4a419.jpg,United_Kingdom,GB,51.831776,-2.985666
004ebffb76f84ed8aef5b1dd8cc3764d.jpg,Finland,FI,67.124174,25.056933
ddeba4e2976a4561b61cf4cf6d1ceda1.jpg,Belarus,BY,55.441259,28.657214
c572746d778e4d1783fb32eaac4e1ff3.jpg,Norway,NO,69.142503,15.751813
fcc82a502a9a432eba84a8523cef8137.jpg,France,FR,43.445493,0.31345
298f78ce987d462bb206a3f244eb720a.jpg,Iceland,IS,66.169234,-18.902905
f5ffed05a730491f84a825911db10aba.jpg,Norway,NO,68.694606,17.994821
3a77cc5462cd4e1c8941e5f97d912a4f.jpg,Poland,PL,49.654955,21.269644
69f00ac93bf44a5983cf6120122400e7.jpg,Spain,ES,40.643455,0.307422
643b4b8791ea4c1db1d1cff9fa1aaddd.jpg,Turkey,TR,40.012655,42.210837
08938aaf72fb47409d9e20fef15b5bae.jpg,Finland,FI,62.485458,29.946798
b3a9b3f44f3543f08fac79300ca53dfb.jpg,Italy,IT,40.89018,14.352884
ef84cfe774684ea9b732a2dd0ae140a3.jpg,Finland,FI,61.27953,22.096408
7e1e4117c98d41739553b09135828218.jpg,Italy,IT,40.94695,17.183093
e83568f4c11a4832b6ba8446c602c3c9.jpg,Finland,FI,62.963819,22.58867
4f0cf94955d54eb18188c9bff5fe90b0.jpg,France,FR,47.962593,0.291386
69440c67ccf8422c82d71e551d8e385f.jpg,Turkey,TR,39.540534,44.001591
6a382095ec5248bfba883e002322b850.jpg,United_Kingdom,GB,51.185739,-0.116534
fd9c3dc73ccf4164a9440460de022fd4.jpg,Spain,ES,43.728484,-7.687987
d9a35e5e5c5c4500b07adf02d46b2153.jpg,United_Kingdom,GB,53.145725,-0.760296
c08b541a39844157ac4e35268d17b083.jpg,Poland,PL,51.730112,19.630377
f6c05aefc8524a1d9dc0e573e4d64d8b.jpg,United_Kingdom,GB,58.504294,-4.501795
7a48ec4d2f9f424bb3aa7cd4b3509a8f.jpg,Spain,ES,41.947239,3.124821
8e94d1f508e549eead05ceb32e4d6018.jpg,Finland,FI,66.105934,24.810868
2e70de8a31224a19b1b80572c522297f.jpg,Italy,IT,45.357325,7.931644
10275b4a626b4b0c8d8e23510d837651.jpg,Norway,NO,70.087116,20.045707
7bc23e3743f4414d81256f7c05a27829.jpg,United_Kingdom,GB,50.361676,-4.668444
8c8a412c4aa24bd892f430fa6ad1c191.jpg,Poland,PL,52.28413,18.843314
0134dedfb9294095a1f335ce4983d527.jpg,Norway,NO,64.4127,12.327412
d326fd57d2d243e18ddce05c00daea1b.jpg,Iceland,IS,63.93396,-16.447924
f641d44e7f4840679e48dd160b65a4e3.jpg,United_Kingdom,GB,56.777113,-3.407191
8322832ef038490b9c8338385c3c1ccf.jpg,France,FR,45.151805,4.384477
f2153ddbc7eb4f2faf7960db1b6bac5b.jpg,Norway,NO,67.312948,14.534319
aa14a237a34e409eaa7add6551292e6a.jpg,France,FR,41.744882,9.405779
074aee7fdaed43439ba507bc144acdee.jpg,Italy,IT,36.861193,15.109957
c8f7a4b8bc854fb7990c06b00eb10f54.jpg,Belarus,BY,52.212085,31.533958
aa18f50e75594c86b12365c9266cf3d6.jpg,Belarus,BY,55.381749,29.110177
96fd4d9b134a4b0c8d3b7e65dbf919d9.jpg,Germany,DE,48.713101,13.142827
fb690ee86298461eaefa632774658342.jpg,Italy,IT,44.7331,8.365771
d8fc2164165f408291dbceb588d2b346.jpg,Germany,DE,54.63829,8.851427
376fb561a9fc481f8093d9c020593675.jpg,Poland,PL,51.637279,22.765666
5be5e2c40e1f4039896474d8bf8380fb.jpg,Spain,ES,38.521515,-0.616833
2b31073ac3444ed3abb24f28b8fdd3a1.jpg,Germany,DE,51.216348,9.893292
1115d287c68644789fc0c54284adf80f.jpg,Sweden,SE,61.443729,17.123278
a9fbecfae4c642cb8ff2e0670a3cd4f5.jpg,Finland,FI,66.657346,25.485262
6e053b67ce054f0190454bf0952e2d4a.jpg,Spain,ES,43.410494,-5.207877
f2aa4074e0d14a59b9bf906af4b4e0e7.jpg,Norway,NO,67.068108,15.382515
9e32b722b5da4465b7b6604017289d40.jpg,Iceland,IS,65.644345,-22.571875
468f0f3a3bb24a58a1978acd20654eff.jpg,Belarus,BY,53.538152,28.25623
44f88dafc469493b9951760fea87d138.jpg,Spain,ES,39.882023,-4.019389
888032c378e24c7b873862d7facbfcc9.jpg,Iceland,IS,65.914164,-16.396201
25d001b5ee8d44878c6646125ed8f091.jpg,United_Kingdom,GB,55.573007,-3.624345
85dc18b0990f4a0c8c1d419350d0981f.jpg,Italy,IT,41.607126,14.28395
d64ade0b877847ed993412b8550163d6.jpg,Spain,ES,38.53533,-0.623838
bd7ec79a7c054017a7312d23d1623bbe.jpg,Iceland,IS,63.427581,-18.768528
292388f2c8164fe181f786d8a8c377d3.jpg,Finland,FI,64.777926,29.348593
c17cea89597f492fb7fcbb660e0763ba.jpg,Norway,NO,69.283075,23.871701
99d00c411f954a97a41a4aa489f7e8cd.jpg,France,FR,43.465404,1.181204
7959f970dead408ca817e3b0288de270.jpg,Sweden,SE,59.663743,16.92875
7da171414380419eaa39945e62dff419.jpg,Sweden,SE,66.574306,19.957606
dad75529acf444818e0b48e15b6e147e.jpg,Belarus,BY,54.738382,28.081374
3593f0fca9694b28ac1e2f76acc93a0b.jpg,Norway,NO,62.493369,7.673348
9c33f359a5c2499b997d947248a03255.jpg,France,FR,43.442281,6.078668
19f752c77c584f77b2ba6d999b3cbb8c.jpg,United_Kingdom,GB,57.465333,-4.520768
f409c343e4d84b36b02fc7a7de6d7418.jpg,Italy,IT,37.74387,14.830348
f206b807a8a449adb89145deaafb92ae.jpg,Spain,ES,38.751334,-3.390746
21fd19df38fc442c98f9d82220f93d56.jpg,Norway,NO,58.097743,7.001151
61c33b7314224820974e08f9cee4ca35.jpg,Germany,DE,50.701858,8.645782
d90ae26177ab42d7a1739feea16d4bcd.jpg,United_Kingdom,GB,52.479605,-2.899058
58cadc07049a40f7ae0f419e0a68bc0a.jpg,Poland,PL,54.185701,16.090026
c6bdf7b7903e40ccbcfcaaf1eef68ede.jpg,Belarus,BY,51.638658,29.095422
625abb5eae7945cda47c8b92b3072aae.jpg,Belarus,BY,52.215612,31.511348
e607c1b7d9bf48888f9953190e3bcb3e.jpg,Germany,DE,48.65206,13.164891
a011f86446124fd2ac15983aad1e6318.jpg,Poland,PL,51.392458,21.773709
2f56d0e2f2544484852f3cd69d539e1c.jpg,Norway,NO,68.096722,13.245256
8e769c47bc734737b0c415c4bb845edf.jpg,Italy,IT,40.560951,16.408526
5d4cf60f6031445c9480c63b3f2b4ee9.jpg,Finland,FI,66.289368,26.038715
2baf3c187cd848af9f69abc43f7cbd27.jpg,France,FR,41.470449,9.225225
1e9d16dcfaeb40788afbd75b316715cf.jpg,Italy,IT,40.092176,15.731892
596aadc2640f44778f0ca67fe6fb032c.jpg,United_Kingdom,GB,54.276313,-0.421806
4fbbe789903e4c30836c68f5350eabbc.jpg,United_Kingdom,GB,57.907453,-5.169603
91f4eaead9df4602b06f3a2f1d7e9f51.jpg,Belarus,BY,54.698617,30.442176
54f684b34d38418780f09459233f8901.jpg,Germany,DE,47.97772,9.295304
88a82cf91173486f82c85ec421579819.jpg,Italy,IT,42.787413,13.429497
45f86f1d6b974ba59f729caf9e3c064c.jpg,Finland,FI,67.50209,26.06033
0417da48c4cf41329b52d73f9393b56a.jpg,Finland,FI,63.918825,29.182165
fd84a6ec9319410fac588fbcaac4d54f.jpg,Spain,ES,41.115125,-3.847091
9408c509ca8d40d49d12a48057d1d813.jpg,Italy,IT,43.495397,13.162527
998840eeeaaf4d7ebad157366820d58d.jpg,Belarus,BY,55.481654,28.81624
82e199268bbd4225aebe6c24e3a9c34f.jpg,Spain,ES,28.502986,-17.847634
eaa4eb4c0d9f48d9af1c4a94a2d4118f.jpg,Iceland,IS,66.034041,-19.361062
cc995c430c2a4d1cbae122cfcd7f53ae.jpg,France,FR,45.373897,-1.079638
8f85ca4dedd74cbcaf861c071aaf8cf3.jpg,Spain,ES,36.579329,-4.70816
05ba57cfd2624c32b205ca8744f24792.jpg,Finland,FI,65.435701,26.853744
285270386a1e4826a31c89c1b3e10c03.jpg,Spain,ES,38.328932,-6.046175
92c17e0984b646b1bee77f752ca51bb0.jpg,Germany,DE,49.14158,13.150177
36f2364f4877413ab3b01f2acae2de50.jpg,Sweden,SE,56.303683,12.767631
e41e06f452804f6aa294a40bc189c32f.jpg,Italy,IT,40.558185,15.391558
3a51900beb064df8868381195855dd38.jpg,Belarus,BY,55.740606,28.592215
3e3ae442277b40e0a49f908e9d6479b1.jpg,Belarus,BY,52.939448,29.293456
9df84ea264c14811a70b5b22a26092d8.jpg,Turkey,TR,37.839923,27.24608
a55064e9acc9401089e205306133287d.jpg,Finland,FI,67.143533,25.010679
25a472cff68a497f9d00ef9ec5299b04.jpg,Germany,DE,48.227792,8.167681
401da4fcb3494c09bf05d4cbebfe29e0.jpg,Italy,IT,43.890694,10.476425
767ecddb4c1447f699a2810ae005bd92.jpg,France,FR,47.212777,0.071246
c352ab6b058c4fc8ab4894ca41e56703.jpg,Spain,ES,43.273342,-5.597113
d37dbb1e53b14a2494a7744588e948b3.jpg,Turkey,TR,37.511398,30.548993
de2e2f7016fa43b2a31921bd25964ad1.jpg,France,FR,48.504377,1.974034
15780478756c45d2a93f1121a9a7da49.jpg,France,FR,48.469003,6.925506
152e6c2bff394bd295c3e209dbce401f.jpg,Finland,FI,66.341746,29.083927
35e90275e2e9419db173925f3a90bdf6.jpg,Germany,DE,48.051635,12.119969
584de4b90b2a4a6bb857d5934dea058d.jpg,Germany,DE,50.891988,9.993804
f45d363d946a49838405f0d1719b4cdf.jpg,Iceland,IS,65.245466,-14.440706
387f94b7227449d7b6b104fabb9b9982.jpg,Iceland,IS,65.555348,-20.656337
c6546f6b76a6425ca9b37ae5c0f6c603.jpg,Italy,IT,41.754373,12.913302
490c9d5d6bba47e6a0832eb06adf0015.jpg,Sweden,SE,58.103369,13.835063
e01be665c8fa4523973dadb76742181e.jpg,Finland,FI,60.239856,24.046441
0c0be5e4b92146a58350ea47671587d4.jpg,Norway,NO,68.227348,17.441107
3317738ae20a4dada700a238245ee291.jpg,Norway,NO,60.167333,9.699319
40e6419049c742b1a13ad79ee1708e6d.jpg,Turkey,TR,38.248852,41.02359
ad85c4cd2c5e475d89c8c3dfbb2bbab5.jpg,United_Kingdom,GB,58.4826,-6.263755
204cb3aa156b4871bf4c150c40cab738.jpg,United_Kingdom,GB,50.33687,-5.120444
bfb1491be3d8459ab638bc6df3d7e280.jpg,Turkey,TR,41.917706,34.582727
c58c06b6d5cc4d36a5941303f7f67b7e.jpg,Turkey,TR,38.372008,42.737787
cf25ef451a70479e99e8d87cb2862a7c.jpg,United_Kingdom,GB,57.77739,-4.092674
2a406ef5503a4568b166e2da04ae2ded.jpg,Poland,PL,54.294721,22.650151
f0c044e92f1a44b18b19cabe497d20bd.jpg,Iceland,IS,65.227033,-14.571014
5bbd41fd5c0d41108f537e45bb4be47b.jpg,Spain,ES,41.755253,2.798435
207e5dd876cf4189b0120a09dda56a56.jpg,Poland,PL,52.560982,21.082013
bd8150879a9c4ce4967e2ef8d16a4ec5.jpg,Belarus,BY,52.016769,29.288228
57c6b009a2274362bab34f13429b78bc.jpg,Poland,PL,50.494027,22.356792
5d2bbca369664a95819884cb8a318711.jpg,Spain,ES,42.027822,2.977389
ba461c6cec34475686f4389bb3b9f6ab.jpg,Spain,ES,39.947188,-0.56801
8c004a8c31d545b8abdd2802e318a8e8.jpg,Sweden,SE,62.2577,17.471562
89b7187cb9234b24b41c67af7e69072e.jpg,Belarus,BY,52.584972,27.471658
23cebf03e2ba4dc1b479faf624e65cdb.jpg,Belarus,BY,54.427992,27.893968
7631ce4d62094b3cab47bcddb3d55004.jpg,Poland,PL,51.725976,18.003765
3e69e92f74814e85baee0fa18b77212a.jpg,Finland,FI,66.932528,28.895161
c6db762243634a69940dfbc08c7ce562.jpg,Sweden,SE,60.452449,17.161412
3e0bafe5481843908e5a9dcbb4cd313f.jpg,Poland,PL,51.248668,18.540473
b5c48e895d534dfbb94825cd49d52863.jpg,Poland,PL,54.075742,15.637246
6249c774729b4bf9b3993a19494c5ac5.jpg,Finland,FI,68.093805,25.451975
c507dd368d714e7ab11d2f1a206c71a6.jpg,Germany,DE,48.060954,10.024301
85470a823bf54b6ea17c94a2fa6743b8.jpg,France,FR,47.135668,5.59369
aef4770194bc487dbbfc75784b58ab6d.jpg,Germany,DE,49.269064,9.011042
27dee0ad5c854078b5ad9bed3235a3fb.jpg,Spain,ES,43.118106,-4.776254
65ba2e7403174d7fb1e6fd21a0766d6c.jpg,United_Kingdom,GB,57.783214,-4.090049
fae676f29f5b48c4bd636898ad5e4073.jpg,France,FR,47.5104,3.741117
5a6a1875431142eaa8682c72009ec2b0.jpg,Spain,ES,39.424602,3.150363
ffa48afbf6b344cdbcdf48579c6e42d2.jpg,Sweden,SE,59.400386,15.366067
ecbe36d5a5ef46619b6202671f63c752.jpg,Turkey,TR,40.887482,27.095766
18b88af6b34445e5aa92f0d62a6c5382.jpg,Spain,ES,28.943769,-13.797922
4ff38e3a6fa841b5854a6361a889f195.jpg,Norway,NO,68.613993,16.516442
4ebb4f89b2844499846aae516e1d0393.jpg,Iceland,IS,65.856794,-23.439946
7cd889750f314da7b43891e3963ddfe8.jpg,Finland,FI,62.650267,23.2805
1380217e8c904e76b9b690641716b869.jpg,Norway,NO,64.026499,10.077253
fed364ef19614a4b8df8bc6a19ef57b6.jpg,Turkey,TR,38.120623,27.345683
26321a3985bf42b5845efa8eb9eb58d9.jpg,Iceland,IS,65.487117,-23.26191
b3fd1fd8880d4b34bda71fee9d13a0a3.jpg,Iceland,IS,64.932154,-14.05935
f17a21ef63544e66b94db583fb87a84b.jpg,Italy,IT,44.455987,12.016259
fc4d0780a1ba454fb04c6fccf437f75c.jpg,Iceland,IS,65.539738,-20.340426
c4da6674ff26447c83f9eb397618ba04.jpg,Turkey,TR,37.308875,35.87748
650a0ecbc3a3412a881b295058d7d2e5.jpg,Norway,NO,64.226292,12.079898
531c8712ec4e48c4a53e76d9a8820107.jpg,Italy,IT,40.595917,8.377185
f6c1231fdf9d489298d27db079a62730.jpg,United_Kingdom,GB,56.209178,-4.382868
5ee9cd6c53ea482b9f0250bb05936d3d.jpg,United_Kingdom,GB,55.782219,-2.215803
5aa0c4eba96a47e188da67e09e104edc.jpg,Turkey,TR,38.271186,41.09903
b9d4dfb7171441cf89e3df8ed3a6fa6e.jpg,Norway,NO,67.297864,14.786064
2083317f932a4b42a8c2b743b2a77b49.jpg,Turkey,TR,41.481949,32.60924
73ca97fc24b240c0b4a6935c077ff8a3.jpg,Poland,PL,51.276147,22.951713
b261c1d1da624c988dd138b20b4cfc80.jpg,Spain,ES,40.79926,-4.466284
66d32734ebca4cc69f632ba0261ed8f0.jpg,United_Kingdom,GB,58.500075,-6.258564
e6b4595d9e8d4525b8aa000d47904f8e.jpg,Sweden,SE,66.591643,19.260226
22d92b62491146ef9f6a7add2d1b0d69.jpg,France,FR,49.364641,-1.187889
bdcc88a8899842079c0b4c4da56b8be5.jpg,Finland,FI,63.198933,22.811163
37af5fdd70664eecb3cf782724ad2c3b.jpg,Germany,DE,52.510465,8.39983
b978bfa0f3514ced99f810f40d2f64ab.jpg,Turkey,TR,38.13274,27.378646
dae04dc70c844523aa241312417d2a76.jpg,Belarus,BY,55.115881,30.517368
c681e2b5ce46438ab03fa022d99d4842.jpg,France,FR,47.936168,-3.478184
6f77b99968f54a23b003cd68f68f2c95.jpg,Iceland,IS,65.442743,-20.580636
90d856ae76f64b2590ab824496b139a2.jpg,Spain,ES,38.407039,-0.551021
192a0590c5cc4acea6078f022e865f74.jpg,Germany,DE,51.985405,13.926269
495e74aa04de4677acf19ac5022da8c5.jpg,Italy,IT,39.066218,8.458155
24ddb99739c640c2b7b6752c5df710c3.jpg,Spain,ES,39.413275,2.901878
d454157000b0415b864a445a7de74afa.jpg,Italy,IT,40.466279,15.539392
9d9eb40e2c7b40058fa8320ec88cfd4a.jpg,Italy,IT,44.431704,7.793345
eecb1453cfd246798e6912115044c096.jpg,Spain,ES,40.806906,-4.539404
aa793d890fc04ddfb88f19834b4c6920.jpg,Norway,NO,64.093354,11.524856
01237c2c2f254c609256cc01a6f4944b.jpg,Spain,ES,41.724769,1.426922
3c27162498b8483988fe6538ed85b068.jpg,Italy,IT,45.573062,12.248754
5c2e27ccce0d4afbba07cca14e141fa2.jpg,Germany,DE,54.023799,9.282638
31a32521b7d54e14a660b500a27d5a4d.jpg,Iceland,IS,64.883816,-13.818665
68363c3591b646a392a52971efb5ab1d.jpg,Italy,IT,43.313828,13.639389
873fc2ebdd634823a10e73cce7932699.jpg,Italy,IT,40.59346,16.157511
87f34c027be84da8a3df5a622129a27b.jpg,Italy,IT,37.742061,15.140207
90aa79a1a9314244834948c0259300b9.jpg,Norway,NO,63.012362,8.525577
9e4c9641c8444e2faa11bbdb6208543e.jpg,Spain,ES,38.679685,-3.062568
2b4dd520ae8143f899426b75a8df1dee.jpg,Finland,FI,60.145893,24.154315
e921b24bad9e416dae28f89f167f1d85.jpg,Finland,FI,68.862675,27.18628
7bfe38871cfa45dcbc590bedbace4181.jpg,Belarus,BY,52.643996,27.464947
5bfc5feca961479b87520e938120cdfb.jpg,Poland,PL,50.830596,19.069896
6019c7f244914bc794df193d376dfcbf.jpg,Finland,FI,63.122292,22.573384
247a5964b5e5495e8dcaf47b2d5c28ad.jpg,Sweden,SE,57.466247,18.305007
7494f1a3e1b948de8104315f7c285433.jpg,Sweden,SE,67.292447,21.079796
f12c13ee9fb544ab942b9b37cfad0c97.jpg,Italy,IT,39.000255,8.423055
0ca525c5da1546449018defe42cbf74e.jpg,Belarus,BY,54.014187,31.041907
1e86614717af4d51ab60a153137e59aa.jpg,Iceland,IS,66.099395,-16.883186
b9e53452a17f4e4080c468c544300100.jpg,Italy,IT,45.411804,12.159605
a6db341ea9e541159904f0b248d1a21d.jpg,Spain,ES,42.768897,-7.515129
b36c864ed14c44b0ab42bd7740bd927e.jpg,Turkey,TR,37.39624,35.776859
d171ba1d4bf04480b42efa58c33dac43.jpg,United_Kingdom,GB,57.530361,-4.271472
4c0585aee5de458eba9c60d3a2f9c57e.jpg,Italy,IT,43.498535,10.724185
c5911ad1d298414e90c59b1eec637d1f.jpg,Norway,NO,58.905061,5.727537
4aa287b825e641348e471c69870869aa.jpg,Sweden,SE,66.991871,19.83667
5f0acaef615b45e1abcbab8395dcd28e.jpg,Spain,ES,37.908469,-4.053255
8529017f9e06438caa2ab10c074068da.jpg,Spain,ES,40.451703,-4.685186
2ef33219a05f4d3099bad3ac26e39d26.jpg,Iceland,IS,63.861373,-21.901124
b897a3513ad94a19aa7ae973ddb6aa1e.jpg,Iceland,IS,63.84916,-22.210397
216796a5d5314babbb60b042717c7ac1.jpg,Sweden,SE,57.264275,16.142632
1640c720e16947e386f7c36a3f5fa568.jpg,Iceland,IS,63.842889,-22.402544
ef4b449e1d244bd3a476bf591f45160d.jpg,Sweden,SE,65.548518,20.057447
98cce45934b94f738b0be72b470a12e8.jpg,Belarus,BY,56.027359,28.354016
281f44e3f5424afe87ae1a5e0976855a.jpg,Finland,FI,62.929162,23.038082
9c0c92af3379454f94d3c1b833271cf7.jpg,Belarus,BY,52.080309,25.558226
a071ff25acfc4457b93091e0ce8ffbe7.jpg,Belarus,BY,56.033711,28.376573
2b1550ac27af48e4a3ae09484a0e1f97.jpg,Spain,ES,42.062302,-3.427818
3c1100e8b0c844c7948b0386a93b1290.jpg,France,FR,49.619285,1.521688
38bf79aba0404841b6dea9c1d8f57f60.jpg,Finland,FI,64.657272,25.61598
49e4a74405fa485497b4d2de8ba64923.jpg,Italy,IT,42.293354,12.687949
257c43e894bf4ed48ad8a6eb23adfd2c.jpg,France,FR,47.302233,-3.08681
056e72f9141a4f52ac338fdfd34d42f5.jpg,Turkey,TR,39.434617,30.677406
164852ef1795466ea7d74c893a4d82fd.jpg,France,FR,42.738458,-0.00898
0b2faa4f68a64d43981e9a15d1e532bb.jpg,Italy,IT,41.222383,9.189538
4e91b8acb02541b4b40c6e24f532eda6.jpg,Italy,IT,41.966591,14.917197
74c29e90863e40aa849c8d9f7f384168.jpg,Turkey,TR,39.598656,40.185145
3a362023c0c64c65863fb65b00d067c1.jpg,Iceland,IS,65.752881,-23.8606
2d42c7d7db514164b153a04c635c26a2.jpg,Norway,NO,59.675637,9.635643
6ed284a9b6544b62811adf0fb6a80481.jpg,Sweden,SE,58.751127,15.562821
d0d3319ceb414b0b9f904a4d805e45a4.jpg,Turkey,TR,40.073148,38.54619
4e4f82ecf4404e219eca242ad734a7cd.jpg,Turkey,TR,39.903426,38.796714
86237b3ba1e94b32a501914e1e6df196.jpg,France,FR,46.921401,4.192012
b415ab09842847b0bdc812361ceca98d.jpg,Turkey,TR,36.878162,28.636278
11f5105981854d03b7288e73c1f6602f.jpg,Belarus,BY,53.846884,30.336635
566a118bef174b199aca2d4faba7f76f.jpg,Turkey,TR,39.72593,44.131507
55fe85c134104bdc8698785294b5170b.jpg,Belarus,BY,53.529282,26.249698
e61bb6a41cd24c449e79105677ab63d5.jpg,Finland,FI,64.154122,25.799014
49dde64acddc4ecba020d27a42120bbd.jpg,Sweden,SE,61.66414,16.058122
88912fd1d2344a8e8e121d17b8f88832.jpg,United_Kingdom,GB,51.640981,-2.483109
d11f61b7948646aca9401c75ef0d02b1.jpg,Turkey,TR,36.495563,33.967135
c2b6576b96074f5bb14ae9c8717d316c.jpg,Turkey,TR,37.604919,34.741326
dcad58841c9e4d16a52f76f56cdc08c7.jpg,Iceland,IS,65.427686,-14.613669
9cae9643229843f4a2ebc16d4905d89c.jpg,France,FR,46.885916,6.236643
c19694f0ac144a1881041eda0efc5a76.jpg,Iceland,IS,65.560905,-22.429463
b450698da0b6433abdc7298c40eba20b.jpg,Turkey,TR,36.410027,33.808137
9c954540774842b28e9a4faf61c13e55.jpg,Norway,NO,70.297101,24.175768
7cd2092148c94dcf8ed71acf868f5584.jpg,Norway,NO,69.217684,23.770756
ed2a14db10c247ef8287ca34490ebe14.jpg,Belarus,BY,53.086223,29.381603
e5ecf7de99aa4eb4b2f9a88b22f060dc.jpg,Italy,IT,37.595268,14.130346
9c12836067404d3dbe39ccd1536407aa.jpg,France,FR,48.553248,-4.699288
cbc200b001bc44d0a919a05722eed2b2.jpg,Turkey,TR,38.817606,33.908362
d4c42c72d27a40e4b619ac0f5dddfcb7.jpg,Finland,FI,62.557253,23.862313
927f1cb1b25f4aa9b3450fca1246656e.jpg,Sweden,SE,66.330461,19.824736
78e89bde59bc4a3eb47d9baec259edca.jpg,Turkey,TR,38.472824,27.598781
37f68dd24ec1488fa9f7a74e533326ae.jpg,Germany,DE,51.317257,13.623711
5ad289791adf4d6c8f8658107dc77d0f.jpg,Italy,IT,41.077739,14.714217
b440b113c7f84af68159897ed775638e.jpg,Sweden,SE,57.48945,15.023168
2c3c58c809de4db0bfd9b3e4a3df7382.jpg,Germany,DE,54.864727,8.871304
42c3d8347d6c4ee5afc2edc256d530d5.jpg,Spain,ES,38.322666,-6.137035
dae7d317dec14fbc9cd3bcf9a2cc44f6.jpg,Sweden,SE,59.972889,17.697901
08b54238fcd547d89f19ab65de38e95e.jpg,Germany,DE,51.033131,10.436047
89faeb4e1cb94c1d883b94eaecfd84ac.jpg,Germany,DE,51.465042,13.180692
c4d84d2520714c3fa5669617b24b0559.jpg,France,FR,41.634377,9.231767
bb3a612364bd429c9a8fda3aad96e06b.jpg,Sweden,SE,64.435616,15.12416
2288688b3aa94d00a7487dccbe34b2d6.jpg,France,FR,48.378409,6.14214
4fc5cb136be74c5f920861f30f455eb2.jpg,Sweden,SE,61.361226,13.53489
097bbe7da3d0460c86d1334c6f500270.jpg,Iceland,IS,63.550959,-20.076156
9afe4aba31504dc9b90ba3392d6fdf41.jpg,Iceland,IS,65.42946,-20.593079
a9e80f137cc14c57aa3f52b83b0e8b08.jpg,Norway,NO,69.37418,24.232841
9c14eb2fd7d94ae7bfa286b4b375cc46.jpg,Belarus,BY,54.513904,30.500189
8d002b3fdc074969b18287aba20cbd0f.jpg,Sweden,SE,65.230798,19.511493
9a346f22fc9647c9ac4ebca65ad32424.jpg,Belarus,BY,52.239056,31.443447
8bdfd57658bf450bacd830168bad49a4.jpg,Norway,NO,62.053501,7.248536
1812b172a150450488e5a12acf576cf4.jpg,Belarus,BY,53.200885,28.69736
c6deec21b0d94741b88f333637fdb653.jpg,Sweden,SE,60.189463,14.75753
0d942a3ae503404a99e9c164dd703f9f.jpg,Germany,DE,47.589539,10.334677
4b8582d1963e4d11af8d82073d0ced49.jpg,United_Kingdom,GB,56.438233,-5.26918
1e8880a8ed314cc4bebff1b8e8bae561.jpg,Norway,NO,58.476945,8.873414
01204bb1cc974cebb6b59957b76bc699.jpg,Germany,DE,51.46135,14.74825
75c2d16dd7fd444bb4053f3f373a4080.jpg,Spain,ES,42.034048,2.45752
0a9e4bfb45c74d69afa1595cb75794b4.jpg,United_Kingdom,GB,58.514496,-6.259057
87256039f750448583db12c56685fe6e.jpg,United_Kingdom,GB,54.701701,-6.100977
1a61baf3785d43c4a08a028305528b48.jpg,Sweden,SE,61.487966,15.834431
9058da307ba545d18d698e7d585b00a4.jpg,Norway,NO,61.858666,6.525563
970b85d63f6041da8ad37260ef779150.jpg,Turkey,TR,37.528436,36.917013
54f80087756d4be486b355d10259ee5f.jpg,Sweden,SE,57.952818,12.567001
4171cae3f6a948748b5b1363568f96e8.jpg,Spain,ES,41.639021,-3.604182
170c885e899149c79852ca65beb489b4.jpg,United_Kingdom,GB,57.180236,-6.063209
84dc159fcbe4499abf285f8189a67823.jpg,Poland,PL,53.019846,14.684518
567b0aee47ba4788b7181c6e3f74bb16.jpg,France,FR,45.151862,-0.805173
29ba6df7c26043d385272993daea6fe6.jpg,Spain,ES,40.804594,-4.345912
1472de9e62ad4882a0b90fb6578e38bf.jpg,United_Kingdom,GB,56.615307,-4.59474
33d09338b5e44b5fbce47689505392c0.jpg,France,FR,47.189441,0.105315
0241c8cb9e7845c0a58ba7a608fe289c.jpg,Poland,PL,50.670538,20.29991
862c9b5438d14616941a7b70b0cd5737.jpg,Norway,NO,70.664387,23.691224
7df88c66e4194044a757f51e7e9d2722.jpg,Sweden,SE,58.680935,14.646972
f342b3e9487a4aefbf02427d75f6f472.jpg,United_Kingdom,GB,58.619004,-3.274935
2acdaf5a47264c8e9289286537a6f758.jpg,Belarus,BY,55.279425,30.326543
7d54c4ef016640ca924f388a4cc98596.jpg,Norway,NO,60.422335,7.723457
ff6eead17d6f4cfb952ac4a0cafd2e22.jpg,Finland,FI,60.560735,22.447208
14ba37ba659848aeae8c54fc3a056627.jpg,Italy,IT,46.170857,10.344228
8cb707f2e105472db9c39a017294f9ce.jpg,Germany,DE,54.902839,9.150451
69fe764d473f4cb19324c51cc9905a9a.jpg,Norway,NO,61.580103,10.062454
b983f79da77d4ed4a8778c8beec6149c.jpg,United_Kingdom,GB,54.6626,-7.338633
b0a6905d2c4841318ad11d878a13a548.jpg,United_Kingdom,GB,53.614534,-0.293931
a2efe4f6611e4143bbb6ee2faca37046.jpg,Turkey,TR,41.441869,31.832301
889f5eec8df94e79bb8bf5118816e81a.jpg,Norway,NO,60.16893,9.693394
a1cb905331fd4717b0d4f2ff003a73ad.jpg,Sweden,SE,65.057496,17.222034
b0708d30e9df46d2bcffe717ac83a3f4.jpg,Sweden,SE,67.700508,20.771144
0ff0c158d00b4c1cb0da72c3ec70d8ff.jpg,Belarus,BY,52.470551,23.641035
59c65cc9be1e4e45a402bbc11fa9fa83.jpg,Poland,PL,53.02475,14.663969
d550b11573104f89a429eca6bcb4701f.jpg,Iceland,IS,65.608191,-19.353538
a5255890d11445fd8f55a69e040f43ba.jpg,United_Kingdom,GB,59.942297,-1.292977
6af049878d8b4225abf721bbad0ced8d.jpg,Finland,FI,65.975273,23.984325
b437722129f64a689aa5c629780af470.jpg,Turkey,TR,36.135199,33.193346
7bf419dcb70f479ea37c7583ee42b8eb.jpg,Norway,NO,69.262594,15.960649
66018b75d94b4e5fa2a55fbf03db0289.jpg,Turkey,TR,40.851512,35.626371
bcbd4558b1014b75bc367af28f36abc7.jpg,Sweden,SE,65.341524,16.14451
468430c32f8a4843bd17e998e71add20.jpg,Italy,IT,44.509457,9.793595
b7f88cce4b7f41a09621cd6f561822a3.jpg,Norway,NO,66.783132,15.467021
560ac93a5ad24a03ba3c691368839e53.jpg,Iceland,IS,63.849054,-22.433356
348036c06def49738501803e4d72d6e0.jpg,Finland,FI,62.626092,21.526014
2b0ad3a356d6406fb89204f05f68a1e5.jpg,Germany,DE,52.234691,14.626627
7a5fe3e520914c23932c958d5740f048.jpg,Sweden,SE,55.610175,13.959864
d6ddec6f33184784830150ea1efdbc22.jpg,Italy,IT,45.30103,11.14327
81443e1a0ba948d98c68bcabe41ce98f.jpg,Italy,IT,44.686069,7.20804
c4dbbaa14e39429d8ddc8e81efe8c934.jpg,France,FR,47.71508,7.403642
e101b6acda894b26a74a9cf61384f579.jpg,Norway,NO,69.696694,18.974472
a917724db6ce47808576b58af1cf33af.jpg,Germany,DE,48.119155,12.329083
45f804ab719844b4a5d0be66c90e5962.jpg,France,FR,48.554479,-4.656976
b98bbdb2098c4b519bb02bc91257b8cc.jpg,Turkey,TR,40.981471,38.768047
a5dbd83c3131434a8f28bb9c140ba9d5.jpg,United_Kingdom,GB,55.576085,-5.196192
abc892742c224e9dac58b6bb0aeec3db.jpg,United_Kingdom,GB,53.890239,-1.626234
ab4e227946a840cebc2300fcf1dc43fe.jpg,Turkey,TR,38.73468,35.57489
1546329914944c47bd6bc25b8da1853d.jpg,Norway,NO,59.784593,7.309337
d249474c5f314dc180a6c6d5670de506.jpg,Sweden,SE,66.085372,17.539422
f9535ad87a9b4f149b4ca209a5ad002d.jpg,Finland,FI,61.959233,22.8661
ad438fcb63564fb6b146d0dce9d7e505.jpg,France,FR,49.801249,2.043512
156064a5ec414fe6a08419b7aab6886d.jpg,Turkey,TR,36.910706,31.173239
084ab83b221f41af9be65b0e19070d5d.jpg,Turkey,TR,40.511476,36.146334
f2b8efea02ef40d08f7d0c477ae69031.jpg,Spain,ES,41.977911,3.025598
097826c071494dec8b21c6651b815e3e.jpg,Sweden,SE,59.3638,15.381951
c8bd5688de2e4ce084bfda7a92e67cb7.jpg,Belarus,BY,52.346379,25.983258
ac1c823943f64892a8f19f72eef8b806.jpg,Sweden,SE,67.855012,20.621583
178de2c1ae534814850c82c7916bf588.jpg,Iceland,IS,64.835899,-22.80558
f1f4860b8d12402087d5e2976d9f364f.jpg,Iceland,IS,64.28486,-15.057169
1cbc234e527f4c0baebca8a2a607b390.jpg,Spain,ES,29.001438,-13.544938
617bc02fd9c6485a95cf303947924081.jpg,Poland,PL,50.220824,21.505372
5d5dd4729b2c4ad6a0cb65a7c4b11197.jpg,Sweden,SE,64.242514,15.856424
6c3bbe1ff4c84d8cba460c07c513046b.jpg,Norway,NO,59.04094,10.046059
9b642c319d6f4860ae31e75da69a6d36.jpg,Spain,ES,40.921562,-4.256722
7f8b06df1b8341918b31f51413e0b7a3.jpg,Germany,DE,51.332183,10.492773
4387a3d31ee44d75a34b0e9e2ca133a5.jpg,United_Kingdom,GB,52.627365,-0.269235
b697f7ccca3b4a2c822eefdf7f526164.jpg,Spain,ES,38.719957,0.062116
fea55ae4baf2444fbbe6d27f40a8afa0.jpg,United_Kingdom,GB,50.137199,-5.307606
931ef94faa414e0da7b324be41fe5030.jpg,United_Kingdom,GB,55.590178,-2.586019
3ed51c3164c44ba6b6a45cadf8f612f9.jpg,France,FR,47.552516,1.539215
f0639914825143a9b871aeca977f5a08.jpg,Norway,NO,68.856004,17.984385
70129fa37a0a42318c7d3d25dda30d45.jpg,Norway,NO,67.261597,15.425236
68a30f49deed43c6992a164e57b3aa95.jpg,France,FR,42.98385,1.571075
269d73be92c9488083271fb730dc25c8.jpg,Italy,IT,43.897766,10.735458
66af189368cb4dd09a131f7d084458e3.jpg,France,FR,47.33744,1.702782
dc7e1952c3f3469d9a05cad69eab38ac.jpg,United_Kingdom,GB,56.84157,-4.711865
1b1f46f7d36f44ccb6c3f58f93903975.jpg,France,FR,48.570357,6.70657
3f91cd99eeff4df29d41822de4b9a8d8.jpg,Sweden,SE,64.183107,15.989083
8f0c81d594f346b9aae71417acdc0539.jpg,Sweden,SE,66.579899,20.477323
57ffc3899690411c9761dfd3c088553e.jpg,Italy,IT,40.113997,15.751762
bac3a624cfa345b8918de150bf344ff6.jpg,Belarus,BY,54.120284,28.221065
a64889e5442344daa14514d27c7f38ea.jpg,Belarus,BY,54.218213,28.62032
8580af39c59949018bcb73344dace037.jpg,Germany,DE,50.583676,11.648885
4f87a8ed2cca4716931c272780d46d60.jpg,Italy,IT,40.256574,18.284981
a0d0b693fa4d44f8a5f6d84236abc6b6.jpg,Finland,FI,61.892303,29.797767
937faab21e294ad69009c85dcc58209c.jpg,France,FR,48.1022,0.166088
b7f5b26200f24322bc10b3a575eb3912.jpg,Spain,ES,28.052552,-16.600723
d9bc5ff6684d4c5db3a8c9c804452095.jpg,Sweden,SE,65.302917,16.766547
86f0ddb71b1640c29a14d59b7cd48e34.jpg,Belarus,BY,51.92111,29.704705
91c1630908ad477f8d27daae8088eced.jpg,United_Kingdom,GB,57.914782,-4.059769
041d2441f5374cfa8838b04acbc3d85e.jpg,Norway,NO,69.219544,19.314335
1cb3937c93334b7fa039fe67a23e6fd3.jpg,France,FR,49.25027,3.368665
2d63b309d7ab4b3bbb1fec0dc3ed4764.jpg,Iceland,IS,65.555067,-22.363214
8e1a3ec4f3e242b99c232985fbed983c.jpg,Finland,FI,61.183006,21.961342
665098909b5242bc842acc7eb6fff6ad.jpg,Poland,PL,54.077492,15.635424
645a9f15629c408f97e23c3e540351a2.jpg,Germany,DE,50.807634,7.169985
cc4a40188a1f4ce3bdddba97cab4c137.jpg,Turkey,TR,39.614541,30.850101
cd84b4cbbe8243d4a42ac58666a55141.jpg,Norway,NO,64.56366,14.051542
561241cb34f34107b7827a6b9d277095.jpg,Italy,IT,40.182213,18.085153
626f1c301f5e4d3f837ec4cb13fb7e97.jpg,Iceland,IS,64.824301,-23.964661
8c34a9143c9a472a9bb283310ee0952f.jpg,France,FR,44.16342,-1.031942
37336dae0e0147b0ac032c9aee967795.jpg,Germany,DE,47.533195,10.865102
3cd7576b456b464ebf7d1682a73972c5.jpg,Germany,DE,51.038639,10.443183
d9f6f21c3844480d814d6a3501fa0852.jpg,Germany,DE,51.681152,11.283396
cebb95ebfbb64e66aa9d2cf53f8da3d2.jpg,Italy,IT,45.683671,9.827046
23d1604ff3584eb1aae5df1fc37eb7ff.jpg,Germany,DE,50.291061,11.291966
b3274e2930f8421a9f244465992d5dab.jpg,Poland,PL,51.04334,20.41802
a5b437edcb0b4921af41936995c110ec.jpg,Sweden,SE,67.576976,20.878916
bf9bb8795df2445aa19bccecdd623bbd.jpg,Germany,DE,48.366369,8.980725
5974510192c044deb4a3c873ebe2fee5.jpg,Turkey,TR,38.637717,35.866037
6c3274cfc6c545f597dc5895368d2020.jpg,Iceland,IS,63.840114,-22.429127
051210daec1749d6abedd84a5b386716.jpg,Belarus,BY,52.520251,24.638502
e0c7197ccc424913b759de3ca0eb2fac.jpg,Spain,ES,39.859379,-3.993268
ef335ef39cdf4c468381f0cd33712328.jpg,Turkey,TR,39.111223,31.173357
a3e754bdf1a0459d838e2c7370193be0.jpg,Iceland,IS,65.476516,-19.2753
60e23adb910c44b89dd09c265610497a.jpg,Spain,ES,36.836365,-2.631628
3d4eb26eb52d444c8e55f0fee84ab131.jpg,Finland,FI,61.468155,25.147703
9b097c20defd470fab9e324d21289147.jpg,Finland,FI,61.630466,28.220323
f39eba766a2741018ec8debf4adc9eb7.jpg,Turkey,TR,40.6396,43.140839
4cc5ac3cf5ec48899032f0f32f41710c.jpg,Belarus,BY,55.707782,28.450978
804fae2f48e0416c93af5cded9f70974.jpg,Poland,PL,50.645644,21.072279
bb9571c6312648f6b124546f34042369.jpg,Norway,NO,66.690785,15.429968
8d05e6ec63e042188f0db1c19cfe6561.jpg,Turkey,TR,36.708295,33.129364
453dbd86e3bb4e48bef60175cf47d525.jpg,United_Kingdom,GB,51.635913,0.308871
2f950ce7e5604b16a4831263eb8345a8.jpg,Norway,NO,60.551417,9.136315
765fd0ed9e1d43eb954a70e4f08c614d.jpg,Sweden,SE,64.742749,15.802441
8907b053ebf3434197fa1a0f10f992e0.jpg,Germany,DE,53.824837,9.593526
10c6a71477114b6191e4a74522241c4b.jpg,Spain,ES,37.696448,-1.701581
56166560adf14c22bc63def31428ea67.jpg,Iceland,IS,64.744258,-14.437627
ee70aa45d38f4bd2a423cacb43588cb8.jpg,Belarus,BY,53.310833,27.234816
83fd9bf617e847d8900e14a73a7057a2.jpg,Norway,NO,69.255771,15.957097
4b5bcc07649e4185816ad87ea152cb3b.jpg,Finland,FI,66.115534,28.441219
b9142ab075114a00aa248de42936d84b.jpg,Turkey,TR,38.391233,43.188035
205b619be35b453b9de25f1caf63d432.jpg,Iceland,IS,65.941434,-18.130607
00937a4d0d6b4653b84e010a74a70afb.jpg,Sweden,SE,55.735412,13.860623
d953c3faa2a245cf91d00b67fe6a6d6d.jpg,Norway,NO,59.779968,7.312403
54f43909126243a5b2530e727ed04f09.jpg,Italy,IT,42.812222,12.05325
07e2268d364549ec9c2c93b77d88c87b.jpg,United_Kingdom,GB,57.386212,-4.696607
042c08df840a4c739149122c891e1489.jpg,Poland,PL,53.366503,14.817662
deb52e9dae734b84ab2232623360f8f9.jpg,Iceland,IS,65.448396,-21.904555
27b4b3f8e05649bba7ecd4e73909f559.jpg,Turkey,TR,37.567868,41.379056
1cd86fae99314d85a456a6a5c5377857.jpg,United_Kingdom,GB,59.093421,-3.321005
8ef878b370534109b9809f1429d4cdb8.jpg,Norway,NO,65.676054,14.168402
135947a797904efb94c9866df0ee0e00.jpg,Norway,NO,64.641555,13.822004
b8d2293920034bf682c5aa72dd0f0fa4.jpg,Belarus,BY,52.772357,30.755418
ea18e5c50b584c72abb5171ca8617051.jpg,Sweden,SE,64.255506,18.056481
f941328325964d9d8e21357ccd39a591.jpg,Finland,FI,67.139356,28.717167
2b541dbd35c44f74b233f486c9fe7747.jpg,Poland,PL,50.436426,19.690969
d6a8bdca603c40b5b147f8381680bb38.jpg,Poland,PL,51.593643,17.674859
52a124ccac944a1fac6b52fee45fe576.jpg,United_Kingdom,GB,57.031435,-2.419138
6744c32f29444076b8bb2808b1766e4a.jpg,France,FR,47.388925,6.193236
9124389c947e49aba2fbb8bc8e99f081.jpg,Iceland,IS,65.491134,-23.309672
ed7193c0e23b4e5b8b2e81a6fa9bc1d5.jpg,Turkey,TR,40.755159,39.620403
9ab2c09fce7748b2a3c8afa0ae97b5f4.jpg,Germany,DE,48.635987,8.202713
01ca771cd492488aa068bdf46f79b6e9.jpg,Iceland,IS,65.492488,-23.648453
70305cfb186c430db0677b8ea578452e.jpg,Norway,NO,69.145047,19.050475
36faa5f83e964fa5ac26edd87e2db374.jpg,Finland,FI,62.851369,27.698972
2de85535c4b642419489e1356775eacf.jpg,United_Kingdom,GB,51.292805,-0.295012
8412b488e58a4bcfa2aa9aa278730668.jpg,Turkey,TR,37.828839,41.082187
bda4d037515c4f3b8de85460533a1828.jpg,Germany,DE,49.591092,11.622326
35dfe69ab56b4902a9c321ff21ce94a3.jpg,France,FR,48.47549,-4.579769
097943d29b294cd0bc4dab8afb128c04.jpg,Turkey,TR,39.227694,33.030882
ea4c329625a7482e8246460a07f73bff.jpg,Germany,DE,52.905445,10.719542
ff6b33adb8ac4bde9ec7dd3e56951971.jpg,Finland,FI,63.175531,25.73665
4769c7db9dda4ac1a62b15d7e4bb1148.jpg,United_Kingdom,GB,52.798446,-0.429254
3bada2a22d6a45b59068820ab2bf5a76.jpg,Norway,NO,61.078851,9.129676
40d5838f0f2e443dbeb69dc5a358fd42.jpg,Norway,NO,69.429075,19.270192
c5185cc2ff2f4a52b8911cd5a857935d.jpg,Spain,ES,39.564296,-4.236263
b0f0fe66d90e4c51b8bb5ec93611689a.jpg,Spain,ES,37.564146,-4.298141
1f8c3c79465245299140077597121835.jpg,Poland,PL,54.721762,18.31907
18a05ee1438e41e1a0e792462bdbc7a8.jpg,Italy,IT,40.939751,8.864987
c16dc873635742ec8540906652976958.jpg,France,FR,48.616235,-1.364078
c2a01823b6d24fbeb0e3f16ed1f8615d.jpg,Poland,PL,53.636443,21.094383
a6344033a4f9423b8b2dfbe7999f4be0.jpg,Spain,ES,41.242587,-3.820675
92b878ace32d41579178b33839b202b3.jpg,Norway,NO,64.836724,12.993865
9bd89edd48024492b67ad81b802a7713.jpg,Norway,NO,60.607641,9.070547
5ee2bcfc065e4582a6fab283b139acf8.jpg,Poland,PL,53.752754,17.775208
02c6972865ba4b38911fad8198854591.jpg,Italy,IT,39.046161,8.424981
adaa6a86ec7344a28fd2f35cafd82e91.jpg,Sweden,SE,60.492783,17.424146
fc9ba81cf924427db7efeecad0684274.jpg,Germany,DE,47.898262,8.094647
7f48d99ed974432db3ec337194b7436a.jpg,France,FR,46.34976,6.105462
c0d2a119fc954cf288ed8eb579072ac6.jpg,Sweden,SE,58.024496,13.000754
aaaccc90a5994527a15b62bae46cb697.jpg,Belarus,BY,53.602233,24.566546
9c7861d1b77e46f7bd8eb20e477e1adf.jpg,Spain,ES,28.079542,-14.485114
893bbd90459748c983c0e51663ca16bf.jpg,United_Kingdom,GB,51.650422,-2.371041
bbc2d0eeb83e4a0498ec7be663e7fe8c.jpg,Spain,ES,38.171952,-0.864267
e3b6e1e5e8fc4b17820420d02f2f51dc.jpg,Iceland,IS,64.420061,-21.5914
6ba94773690540f99da75a0c40794abe.jpg,Spain,ES,39.554201,2.703213
c65306fc0a304d6eac4395bb02fb16b7.jpg,Iceland,IS,65.037289,-21.093766
94977fdd82164a8db87bbc816933d827.jpg,Finland,FI,66.856983,28.716797
8e1412518e5842e2a1d0c7ba343f9157.jpg,Belarus,BY,55.260661,30.112753
b09c19609f254624a7f326f302fcaf19.jpg,Belarus,BY,52.355726,25.023144
44871a7802f942f79096a9b401f4abc8.jpg,Norway,NO,60.084317,11.182648
d11c3479bda34406886cbe36f165b8de.jpg,Finland,FI,61.543878,24.303675
77c8e92b955e4e789b7a26a4815968f0.jpg,Sweden,SE,60.737041,16.555975
19f4565014c34ff488eac9c36898b8b2.jpg,Norway,NO,68.572229,12.698163
b734489151f7493fb1388fe80e5fcc3d.jpg,Sweden,SE,57.576635,18.383688
e237bcb1cf5d440487fe1fe81946bc94.jpg,Finland,FI,62.189011,29.909463
978fe8e7e9aa4594b850dacf0f854d42.jpg,Belarus,BY,54.529284,30.725436
eef431b527b54cb98c77a089ba7cb6ef.jpg,Turkey,TR,36.327722,33.431529
18c3c17653714856a79a131b44c03333.jpg,France,FR,45.37206,-1.078116
3e2744336e8747eab26aa93cea5e0b5b.jpg,Turkey,TR,37.113243,38.283123
965bd037bea7443d872af74e0f2d52d0.jpg,Turkey,TR,37.233542,32.228785
27bc5f84bc724be29b3c1e74c19fdd02.jpg,Iceland,IS,64.813266,-23.950678
59030ed948af462495304cb9f1fb0cd6.jpg,Finland,FI,62.930238,28.068443
fa8a3393e99741099a8c6b5e267eea15.jpg,Italy,IT,41.167784,16.742211
4d3dc4ed08d54d97b229b9c315070e63.jpg,Norway,NO,62.972573,7.306313
9c623c71f50845638166ada34f9e414d.jpg,Belarus,BY,52.774372,30.753937
d221b24cda17421d88b1cbdada907cd8.jpg,France,FR,47.282038,-0.236546
def9b53d62214aac9e368f84f31acae4.jpg,Norway,NO,59.21619,5.454634
c326d09f2e724568bf4fcf789f9efb53.jpg,Sweden,SE,58.178218,11.476442
46ef229b61f240ff82df8496e798b671.jpg,Iceland,IS,65.582832,-20.051701
600cc5715ed440758bb13d7d3c798ded.jpg,Norway,NO,68.678589,17.915426
472168a1177a4a2ebd3d6fb52b018152.jpg,Belarus,BY,54.400628,26.096383
a799385603094faa889cb127c5a6512d.jpg,United_Kingdom,GB,50.440984,-4.719669
839988ee46954e358859690468b23b27.jpg,Norway,NO,59.600829,11.189035
b9d327cff778474fb4d98b6893e5c915.jpg,Italy,IT,44.124608,10.006682
2cc198bd70224a8081d4158f644efb12.jpg,Spain,ES,41.207535,-6.270961
e1c0ece1abbb45d19647fbdf26b08d82.jpg,Turkey,TR,38.185375,30.063727
e1a7a13f8d5a46c8bbed6864cd3cffc3.jpg,Italy,IT,40.841882,9.649482
61f249d1ab1240a19a688c03c8b43a2f.jpg,Turkey,TR,39.577224,39.944916
0d07ddc16cac4de58e2d85891e55f943.jpg,Poland,PL,53.087998,20.518187
b1939a52553445ca9302a8172ea7dee6.jpg,Germany,DE,52.850521,13.989279
02378061d432447d8dad9cd970ba7368.jpg,Sweden,SE,63.528253,14.736579
eb50bf7fb65a4ec69e4319587ece7653.jpg,Sweden,SE,61.796364,16.330615
cecb48f62a224fa0bff0038d0acabe02.jpg,Italy,IT,41.610458,13.55007
2964e3c174684e67b3ff0e052e432940.jpg,Sweden,SE,64.445967,21.521434
dd7cdf92b5bc4faeba255ae565a040d3.jpg,Belarus,BY,52.082157,27.448349
d03bedec6fde467ab8be806751a16b4c.jpg,Iceland,IS,64.533274,-21.613773
2805bafcfc9e4290b1f6336ebe4ac597.jpg,Sweden,SE,65.414853,16.527094
9f25a5637ea7423394e422b6e14c05d5.jpg,Italy,IT,45.79368,10.942612
4b239e91a4b447e69ea2b93181e2ca4c.jpg,Poland,PL,50.561307,20.209516
833ec3d9ac7441fea18346e136152681.jpg,Germany,DE,53.18952,11.678114
2db35f1eb4ab4312ae7e0af4d5dbb554.jpg,France,FR,43.627323,-0.928263
7f224d375dbe4f949d193725f00831a8.jpg,France,FR,43.802707,-1.379171
d1a2935d23524f818eb0d80c2284ec1d.jpg,Iceland,IS,66.17751,-23.443202
a43eed1145a84abd96cb08edb4dc033d.jpg,Poland,PL,52.328847,20.620727
201443c427f844afb17e24da17798f12.jpg,Finland,FI,62.40754,30.087501
1e7c8448d45448c1a1bb5ffdddedf684.jpg,Norway,NO,64.037518,10.04995
e423e167f47549cea51b3f107db9f6e9.jpg,Spain,ES,36.995387,-2.690404
42f0c73fd47b4f16a6c8f796eda3800f.jpg,Sweden,SE,64.811529,17.513959
8062ea74be7c46f19767f21b52dda5fb.jpg,United_Kingdom,GB,55.442724,-2.446593
c7c0003f13ff44e689c57f3a314d6d11.jpg,Germany,DE,51.5737,12.42988
b5db67ece1a94ce5b2c559a34e9adc9d.jpg,United_Kingdom,GB,54.345099,-6.647312
560a4ca0db594e799e41c3a6b383b7f7.jpg,Iceland,IS,65.848037,-18.202018
57fce20494db4d478478217bc11bd875.jpg,Belarus,BY,51.694414,29.138182
eaad98ec139b4e6197032a09e4c2df50.jpg,Poland,PL,54.451978,17.244233
9740a24e251e402eab9e257ec7608857.jpg,Finland,FI,62.606023,22.749685
d9e6f52cf80146328ee47965fabd34b3.jpg,Norway,NO,68.441166,22.477791
909a492a50fb4da1bebd03e1737e410d.jpg,Iceland,IS,66.105122,-23.074456
28961e764c6248e598e6df4e0ada0eda.jpg,Germany,DE,53.221308,13.389592
1be431ed96954724a3e260eb00e04ad0.jpg,Belarus,BY,53.518425,30.2718
66aef91fffe54af69db7c5e79eac8790.jpg,United_Kingdom,GB,52.248985,1.493489
be0ec5c928814deeae1741c01be03247.jpg,Germany,DE,48.372023,8.031302
fc846adf827040a5901e9c3b22c69f55.jpg,France,FR,50.355237,1.733259
f06977df448f46938511ce925a18c868.jpg,Italy,IT,40.585226,16.337901
529a87ec52774692a1cca23415104d73.jpg,Belarus,BY,53.005676,27.456991
2a77208882a043958043b04b2319e6f8.jpg,Poland,PL,54.62042,17.806495
dd4bd7228c1543419094820a59e2f1fe.jpg,Turkey,TR,40.170891,31.300425
b4d83995f9e24801a8fb18abbc129f73.jpg,Poland,PL,53.737002,21.607902
d4b38ca7d4b64afc9f8164b3ee8d9b9d.jpg,Turkey,TR,41.22102,36.521873
63ac856731d147c0a07def0072f4bc50.jpg,Finland,FI,61.241717,27.078652
9dc61300b78f40169d18363f62fd5e84.jpg,Germany,DE,47.898617,12.176085
cf4972cd0b8f4753833ee183def4bd8b.jpg,Turkey,TR,37.755613,32.715222
c350a5d8e2844ccea6229496839dde0c.jpg,Belarus,BY,53.721923,32.024923
84f8dc2800684712b4c4fa5191e84722.jpg,Poland,PL,54.177344,17.500245
cf6889ddc2f848b990453b36f8f4f059.jpg,France,FR,44.632143,-0.846068
f76c180ff6db4ab999c4975ddb59e460.jpg,Belarus,BY,53.069735,29.987999
01b8c8b205c6494d998861669217921a.jpg,Sweden,SE,56.885884,14.229187
bba87b91cd13423fac0f0911138a5694.jpg,Norway,NO,59.69452,9.765323
1bc9a389f8f24f90a1f5844ec962b961.jpg,Norway,NO,58.899947,5.613494
b11dfaeeabe041be8b68dbc4b1118cf9.jpg,Norway,NO,63.239134,9.509742
79e5205d47474c6088fa807b38276711.jpg,Turkey,TR,36.164977,36.135129
a8b0bc5bf5a94f79ac0f0daad3092414.jpg,Germany,DE,50.705494,10.422536
aca190e0235c4ab9b001c00e41ad3fde.jpg,Turkey,TR,39.532817,31.099073
9e7e239edb894aff8c2456c9264d1ce9.jpg,United_Kingdom,GB,57.346107,-6.383926
c579f500f5624fc1a5fccf16df2da661.jpg,Sweden,SE,60.054563,16.710262
1ca4174cdf6746f29d16c35a604006e0.jpg,Poland,PL,49.630833,19.916428
212f530406de43d8ba27bd3127f52d58.jpg,Finland,FI,63.34256,25.60384
85a2333d2ccc469c8535ed5b5a1c72ed.jpg,Turkey,TR,37.866998,32.491757
dcbbf1fee34648268e7ef69d3d0e9762.jpg,Finland,FI,68.025868,26.985819
33af968b86de4ac98b3746acf64c4722.jpg,Norway,NO,64.721576,14.039206
fe22ec8b200c4c69ab84e0df9761fe79.jpg,Finland,FI,62.364718,28.095367
62ee5aa89fd84a5eb3401b17ae2fb70b.jpg,Sweden,SE,68.248846,19.516152
9a58093c5bc44da7a829d4d7364f96bb.jpg,United_Kingdom,GB,54.123416,-6.235751
82059b7d30ae4f23b881549dba87e70a.jpg,Sweden,SE,56.03989,13.06349
dea72f2fe49b49f3aff2a9602410bb30.jpg,Poland,PL,51.445416,22.022853
4a08c1fa8533450484855060e6b41ee3.jpg,Turkey,TR,37.022185,30.176414
2a776375956b4b739626b14608a40a54.jpg,Belarus,BY,55.845742,28.607153
495e1495274f45a1a17abe19f17c83ff.jpg,Finland,FI,61.637853,29.568197
bc059c7ae4b44ffe812425a5135bd460.jpg,Spain,ES,39.057264,-0.596209
44d60e5ec4f64395a99253349224e382.jpg,Italy,IT,38.859747,16.609788
1aefe08adafe461a9b1048da67936ce1.jpg,Iceland,IS,65.804252,-17.566427
1d89727a3a74485699b5b58c8627e69c.jpg,Spain,ES,28.078552,-14.490019
a42803a147b848ed9c411914df7ea418.jpg,Finland,FI,64.256342,29.171933
29b9edd2b3cb487fa88c7adcc2fd0989.jpg,Turkey,TR,38.754117,33.850617
fa301e586bd24c4ead8bb22b52193393.jpg,Spain,ES,28.436264,-13.87063
f66fffaea7aa47809204e2cec79980ce.jpg,Finland,FI,60.7015,23.536228
b962fa01dd4b4baeade27dbbf8ed9433.jpg,Italy,IT,45.04196,11.542332
a641b93d23574405ae2dc7e20d8d9657.jpg,France,FR,43.402961,6.281749
f7c0ccdc2efd4790a1a2d03d3b388c70.jpg,Norway,NO,70.29884,24.179638
694eb4ab22c344c187d2a54335b16aa8.jpg,Norway,NO,63.444777,11.690101
1f27bf5ecf6246879f379df68b573d02.jpg,Italy,IT,44.750111,10.916461
9713fef8d78b44ca884e3fd89ff68d42.jpg,Iceland,IS,63.837571,-22.437923
3da3d648f59146ee8709eabf88a1998b.jpg,United_Kingdom,GB,55.951012,-2.497866
200163d1fbbb49dd9e6639586c8574e6.jpg,Poland,PL,52.590765,18.989648
9e705debb0744178b6bdd6e5c73606df.jpg,Germany,DE,52.448097,12.508369
cecd1f7dd65443589db30d4274681429.jpg,Germany,DE,49.624782,10.533024
037ab50be65b4e639db067a24267c0c8.jpg,Turkey,TR,38.476248,30.251048
e9f24df3c39c44e6b106502c810d1968.jpg,Iceland,IS,65.851187,-17.489915
b3cce84d1e334091a5dd3452b6b34fa3.jpg,Germany,DE,51.003275,14.411943
6ab89b421ed64f5c9398a70b7991bd56.jpg,Poland,PL,50.597929,22.41422
79d17514920e4da8b84b9b61d9a844f9.jpg,Germany,DE,54.06844,10.218448
63420e02f9ff41889873e5b30e082637.jpg,Iceland,IS,66.007947,-14.874095
7492980d51a549348ebbd946267652af.jpg,Belarus,BY,52.286438,25.992935
8b304d7d96884817ac6afa503352b72e.jpg,Turkey,TR,38.252545,41.016081
49647dc63b0a433bac377411d5df4d3f.jpg,Poland,PL,53.652491,21.184921
657350dd333f415cbab579c4397fbad3.jpg,Sweden,SE,55.755608,13.536118
369259f582c0418586f9ac0429f68f57.jpg,Iceland,IS,65.013299,-14.114524
db86b267ba4b428abd2c91790de4d243.jpg,Italy,IT,42.268391,13.500218
e90a2190b7ea41079b641dc0e1d4525f.jpg,Sweden,SE,59.994644,17.713114
720fe66c90f64ef3b8afedd750b61f00.jpg,Spain,ES,41.660931,-2.504293
354991772318434d9109e8a3d46441a4.jpg,Germany,DE,51.854688,14.489142
cf4274c4fb704cd7a57015d230520c8f.jpg,France,FR,48.128611,-2.181528
69a49f72758344cf8c5f6caa90484dd5.jpg,Sweden,SE,62.558781,14.308742
05550b4621dc49928cbb6059972eca9c.jpg,Poland,PL,53.604102,21.047086
88804c1dc28e4823a352b237b3934c8e.jpg,Belarus,BY,52.37505,27.460804
dac315e5720f453b95065c60bb87f369.jpg,Sweden,SE,57.475968,18.623502
1036e28d562f4e70ba1bac8d972c5a95.jpg,France,FR,48.431734,-4.535243
f6ef04b61cec4e33bae7d83a5cce54bf.jpg,Poland,PL,51.706416,21.022276
44289fc632f54d468a5808d4c01a802b.jpg,Belarus,BY,55.827938,27.94152
b5f081e6734f4c6294da8c0cce322f1d.jpg,Norway,NO,69.603791,18.283336
0989cb2a60184aeb9a3553303a95fc9a.jpg,Sweden,SE,60.080713,16.013748
0ffe21c87e59451cba54d87756832c62.jpg,Norway,NO,62.396274,6.193328
d037e264248b40c5bab80930cf27654d.jpg,Italy,IT,45.733933,13.82301
6a40f6bcd61c4bf091af3cfa380751c9.jpg,Norway,NO,69.60293,18.052288
684ec929545c4d35aee40ae881cbe5e6.jpg,Iceland,IS,64.876734,-23.950222
f40baf064e5c4904abcb1f19128088c4.jpg,United_Kingdom,GB,54.832713,-4.605536
bee531509ef247dd8a7c370fa1e5a16b.jpg,Sweden,SE,56.2453,14.063098
bf44012d64d54958a59928c7be9fe011.jpg,Iceland,IS,63.843061,-22.405268
2f5d84785e7b4d1286579bda36d1d847.jpg,Sweden,SE,62.964914,15.849462
6dcc57e8eaf34f9abfa46af0c18c827e.jpg,Spain,ES,28.652656,-17.929139
6765e7d602b942a19897c059c44f87df.jpg,Spain,ES,29.123607,-13.467053
9fca12b4f3864491a1bb73bab68b149d.jpg,Finland,FI,63.487282,28.303028
a33358cdb6b54e9b8e3c4804bd947006.jpg,France,FR,42.177576,9.529494
b914123b602e44b09d53668bffe72e5f.jpg,Italy,IT,41.040805,14.734124
8ad0dd33785542e287e1c5f38e349ca0.jpg,Germany,DE,47.688948,11.000433
133b6e151a6642b78cf80b9a66ec99b1.jpg,France,FR,49.087573,6.13898
92f2491f4d2744bf983e7cbc8dc1de7a.jpg,Poland,PL,52.094312,20.56517
55642068b98b411a8a53cf77231249ff.jpg,Belarus,BY,55.107721,28.758977
e6048e1c5c6148b594abef0b0e7b7a8f.jpg,Iceland,IS,65.248194,-14.356785
05bb10f8738f4a008667dde7aeb929b5.jpg,Belarus,BY,54.501517,25.876029
212270b517504f6e93b7676daee61b11.jpg,Turkey,TR,39.248501,30.901392
25bcb2f91ba44e5ba6898e5fdf470352.jpg,Norway,NO,62.056898,10.723747
53f5d2e3b9b54b0fab32fe0beb40cfa1.jpg,Iceland,IS,63.467559,-18.891662
062ba9f2d82841ec93fc441df69677e2.jpg,France,FR,44.650906,2.271396
6f3c5ae2802f442fa5760a3cd11c143a.jpg,United_Kingdom,GB,57.221215,-3.268252
b9593bd5c1914f1fbdde46eb1c5eb3e5.jpg,Italy,IT,41.801957,12.227082
a6f57f1b193a4194b95cdfd31db60209.jpg,Poland,PL,52.045399,20.544355
7d8e332668e3480b983c461b06d6e453.jpg,Belarus,BY,51.659761,29.120256
6cc884794520433fb41bb8cfa5dc30b2.jpg,France,FR,50.822033,2.670371
64ec025bad9f4b94918f172f28a4eede.jpg,Turkey,TR,36.511396,33.721243
7eb0dd3189f847eca81c4bb91b93ca57.jpg,Spain,ES,39.371857,3.011853
74380ce68d07493cbf2a60232c968a2d.jpg,Poland,PL,49.729022,19.328733
6fe32289ead548849b92ddeffe7008fd.jpg,Spain,ES,39.073245,1.536917
6c212a76c42b47b08901f5f1cf1694cc.jpg,Turkey,TR,40.415788,39.548064
de6cdabef18f4cb88993f56c6dfcf13a.jpg,United_Kingdom,GB,50.357493,-5.092295
aaf2b5a3590c4b8ba7165a2a153be80c.jpg,Germany,DE,47.988627,10.476559
b6a4ee8d445240b5abde88ee66841a03.jpg,Poland,PL,54.187498,17.434092
6043f37340fc4684bb86987ac50c9635.jpg,France,FR,43.189635,2.606075
497ac899463c47a6b85872cea6a23250.jpg,Spain,ES,43.656494,-7.599338
a2371b2a380d4368a1755fc68f5454c6.jpg,Germany,DE,50.212763,11.144669
8e71d5e1ccf040a88f5fcb9441161b67.jpg,United_Kingdom,GB,54.338769,-6.342118
9450923063724607b9e63e6b12c6d5dc.jpg,France,FR,43.752959,-1.380459
92c6df64f73a485ba535f84f19ac7d78.jpg,Germany,DE,47.995991,12.007422
99687d3ba5a544e6a1cb97b1ebf8bfdb.jpg,Sweden,SE,59.267134,16.70921
b176710dc98245f1bcf6b5245f10af97.jpg,Finland,FI,63.600648,28.018747
3ac1973107304b179deece2e98f97f19.jpg,Turkey,TR,36.922274,28.280009
96b6dfdfc730405eb9c759804937a542.jpg,Germany,DE,50.588855,9.311462
6358fb0883a0451db289f215e8d8ce54.jpg,France,FR,44.267301,-0.897674
e0ece58801e84fd9a4d2c9fc96287a80.jpg,United_Kingdom,GB,53.122552,-0.743857
e4afeaf3f7c0444ebf75b30e4406cce2.jpg,United_Kingdom,GB,55.693739,-3.563796
b96936ba76fb44a39894ccf8fafc42a1.jpg,Sweden,SE,60.458932,14.736934
459fb2b64d98456cbc126f3b6f1d6446.jpg,Norway,NO,68.129061,13.395933
b83afa3880bb4948beb2f72d0c442a8e.jpg,Norway,NO,61.974067,12.991275
931eb1fcdb2a4bd79eaf5a039a8e85c5.jpg,United_Kingdom,GB,51.852888,-5.100313
474cb50379184cc6bb882b2e91748ab6.jpg,Iceland,IS,65.414802,-14.569327
72d90b17cbd94980abdb2ebf80f98ec1.jpg,Finland,FI,61.673612,27.049963
4dd67396a753484ab969d281f713f806.jpg,Italy,IT,43.233988,13.758248
85a55a70f3874ee8a94188c482c75d9d.jpg,Norway,NO,70.987527,25.7548
b6ef4d5b20174562bc2380f3f225242d.jpg,United_Kingdom,GB,54.84405,-2.236807
a58454858f374bd592625f74fc63c0a8.jpg,Sweden,SE,65.293765,16.276208
afab1a6dd2054f469827c6a0f139e6bc.jpg,Poland,PL,50.408685,23.429446
b93617aa28864348b68a570591a64d5c.jpg,Turkey,TR,40.392365,43.408347
71ae4078900e468683714371970e0b82.jpg,Poland,PL,52.06282,21.374085
a4190073422141a1a9e62bb15d30c04e.jpg,Italy,IT,44.602761,10.501339
08952adbb6844320bd4fac03208d3b63.jpg,Norway,NO,68.247469,17.412896
2a7ea52aa12646b383602afc81701cb4.jpg,United_Kingdom,GB,60.777512,-0.826345
079d02d4b35347b48b2b254f27831092.jpg,Turkey,TR,41.619874,35.574191
ff78a75ce57e4f83b236f6990da710c2.jpg,Norway,NO,65.100592,14.602914
cbad05dfb9b74b168e8753fe561eb86d.jpg,Norway,NO,67.321139,14.622719
02a71b085fcf43c0a221177eee9831f2.jpg,Sweden,SE,60.156197,13.536888
7f5df1ddd86a49498c9b36ada9397b83.jpg,Sweden,SE,60.02624,16.218432
63f8b2ca185d4715bf2fb7676cf72d65.jpg,Norway,NO,69.465926,25.47615
4f765e902d4c4b00b6276b20b3a117d4.jpg,France,FR,49.20051,1.132026
59c2dbf45dae4a61a4ed3b12b5a11f4c.jpg,Poland,PL,53.033603,15.373936
78366bda8c774e63872ecc52031d5d12.jpg,Spain,ES,39.857179,3.19553
4fed5bdde12d4b61aba083f67fcb5545.jpg,Poland,PL,51.149424,23.576359
8a91ba79d19c4e268e913cac4e12115d.jpg,Belarus,BY,54.187906,28.532601
b5ff495de48d472b820f59859be5a1cc.jpg,Turkey,TR,40.384961,39.71299
0552a2f3597b41e4acb8c7dc460ce711.jpg,Norway,NO,64.702727,14.059561
6dc52fb6cd1b47498d296b83661cf6e6.jpg,Germany,DE,53.000128,13.868698
156bb9b2b4b6498f8350e83c0ebcebe1.jpg,Spain,ES,38.320639,-0.513346
3760bb719f214c7eb93d0f3b5017b708.jpg,Norway,NO,61.718288,9.532794
5d6bc5b61a414677b501d7f66d4a1013.jpg,Finland,FI,61.693866,29.687774
3ca85bc6aeee42a385f9224041847673.jpg,France,FR,47.97629,0.830089
f5216d4b162d450d839dd7d8fae8b32c.jpg,Turkey,TR,39.06583,27.853095
8bce910418fc4a3dbeaee73d2cafc814.jpg,United_Kingdom,GB,50.377206,-4.464514
d2090a6a5e424034bb0a6dd7bb7ec084.jpg,Italy,IT,45.401837,12.14855
264e4fe27cd747e397fbfde6ee7c8594.jpg,Spain,ES,38.70182,0.081773
e203fae269c04894a23eb9b04c41e38c.jpg,Italy,IT,42.394402,12.666454
7f8e58e187a54e3199ec30580d57883f.jpg,Iceland,IS,63.946844,-20.682292
a1e83fd898564579aff9a51abb432459.jpg,Turkey,TR,39.593058,39.871287
8d617d45a5f041e49f63740f72aa4d02.jpg,Iceland,IS,64.839332,-22.576228
dea227c03f9b4b539d877e04c3ef6fba.jpg,Belarus,BY,53.587528,30.362386
3839e87d9b134206a55bd5fbfa313a26.jpg,Norway,NO,62.331679,7.51906
db06f0b29d6542d2afca4166c2ac836f.jpg,Spain,ES,38.324859,-0.537684
acc090e9bc624739864ca5f3841c5264.jpg,United_Kingdom,GB,52.260196,-3.08199
b58d4101efa24f9c8814092fddb30ded.jpg,Finland,FI,67.491632,27.817059
717f4f13bb3449beb2fcada520f72abe.jpg,Turkey,TR,39.811804,44.085104
65fc7cb4796147b28d59f15d95d12254.jpg,France,FR,49.589714,-1.681619
7ca5da5f6de5439d95ca94702c09fa3e.jpg,Italy,IT,43.960102,7.717214
aa08dfe6a2d24d0d8677e166334aac01.jpg,France,FR,47.220166,-1.833826
2111bf5fbc4544b08b379703b4215962.jpg,Germany,DE,53.766891,9.012731
b4782030bb9b489fa8893240513474e7.jpg,Italy,IT,40.912198,9.416038
85c43339f49f400ba34b0d05cb313278.jpg,Spain,ES,40.632187,-6.563168
25352433cf2e458684e190f8cc954ca9.jpg,France,FR,45.070601,2.579257
f2921e410505418fad687b4f43c2a332.jpg,Spain,ES,38.369385,-0.704071
9ec11fa3dcaa4f09ae4f7d4bae68d66e.jpg,Germany,DE,53.440169,8.447693
66a6efd25f2447eebbb6d6572c31ef30.jpg,Iceland,IS,65.564971,-22.192136
b8582680f37440b691698a44004542df.jpg,Sweden,SE,60.414853,14.779892
245e7598dc6c4f75a4556bf469422b48.jpg,Iceland,IS,65.800975,-22.538915
45e9929ad19d4d248048541acf0c25b9.jpg,Sweden,SE,65.048335,19.070491
24a8be8548954b4dbbb24bae44f37def.jpg,Germany,DE,51.883493,13.951599
b0b7e6c0921d4cb2a76889f0026ef58a.jpg,United_Kingdom,GB,56.501966,-3.350105
c764746b4dd44b8da2969af8316eaedd.jpg,Iceland,IS,64.191878,-19.32861
55a5a03c3666459589dc01a559292784.jpg,Germany,DE,53.558582,10.36746
1a0abdfd981b46338093a1cefc1b32a6.jpg,Italy,IT,45.255009,11.304303
b1e1540a84f74f5ea0b3134b4b6e58f0.jpg,Iceland,IS,64.828025,-13.935836
447513ec939e4d45b3efe2d331273b0b.jpg,Italy,IT,40.912551,14.544998
458b5ae7ebc24bdfa4ea5f02291ce7b4.jpg,Italy,IT,41.550205,14.12204
8a865242db4b4d85997dc74558cfbc6f.jpg,United_Kingdom,GB,58.282545,-4.443699
a0438af3699b40c98bc20af71f23094b.jpg,United_Kingdom,GB,55.690846,-3.893328
ccc8fd7f45744e039693cb55d8f3784c.jpg,Sweden,SE,57.565984,18.404016
2b0b47ac87404ce2a42adadf1d00df68.jpg,Sweden,SE,62.159805,17.454101
c5235560bfb44af2ba53e56cb79f02e6.jpg,Germany,DE,52.152133,7.681115
aa3513c6499b4834a37ae99a0299fa3d.jpg,Turkey,TR,40.581937,35.651773
9072639c294a4ffa8c2cb1e82d4f4f77.jpg,France,FR,44.460269,-1.09402
6f97cdd8a4904743860f790fcc665733.jpg,France,FR,43.280181,0.109793
9313470b86c34d2093365cd0d11e815c.jpg,Italy,IT,41.851262,12.786974
b1ae9a9990f442f0b2547ffc28e0ee9b.jpg,Turkey,TR,37.528353,29.791778
82f88ec891cc415684ddb6e004413505.jpg,Spain,ES,38.828085,-1.751089
ba3f3842065947fc845e01ff50d764be.jpg,Germany,DE,52.052615,8.702091
aabab79796794843a98f8276fe841207.jpg,United_Kingdom,GB,58.481955,-4.876698
428a559cb1014fb2a0690e9a9436821e.jpg,Spain,ES,39.765064,-4.072511
9fdfba7e8d814b1fa4c823e7a7c27134.jpg,Sweden,SE,59.692034,15.51265
60ad2cf52bba45beb388b826bc1afb1c.jpg,United_Kingdom,GB,57.264332,-3.333366
ce55f228a0a549cda0e5af69869b51bf.jpg,Spain,ES,36.619581,-4.707008
faf72188e7124158a677a8691301b5dc.jpg,Sweden,SE,67.284707,19.121459
0d9ed343104c4f58be80b1b9c4182c89.jpg,Turkey,TR,39.559239,40.033464
7b5dda4dc4aa46069a9a4debd7e7c4f9.jpg,Germany,DE,53.440619,9.945042
e8ab3935358f4308acd4efc98a9051d8.jpg,France,FR,48.572815,-4.509819
67ffef82ea624669bfc698d3ce8bde7d.jpg,Italy,IT,45.147205,11.042821
cf23764742664df08aade55ad512749a.jpg,Italy,IT,41.367971,14.021304
f03bced455e749dba45b8135f92ecd98.jpg,Norway,NO,69.513817,19.252509
4dba768ddb2741709bfb2e78ef1f24ec.jpg,Spain,ES,42.432153,-7.703815
5632fd150804465785139c089fef871a.jpg,Germany,DE,50.355211,7.518331
51be8744ff5b4b68b638ba337d4bca2c.jpg,Sweden,SE,67.739085,20.668919
d04ad6c5200c49f484086ca65055cfa8.jpg,Norway,NO,68.402442,17.471848
b348679c116148469093200b29addce6.jpg,Germany,DE,50.854895,12.468843
7822de31b700465a89b468aa7cbb9770.jpg,Italy,IT,45.866912,13.180943
bbb38542b7394e37af6fb055dd8280e1.jpg,France,FR,43.271279,5.683453
fd9ed9f6619945e4b36dc04e0b49ae1d.jpg,Sweden,SE,66.379676,22.69366
7fc05dd939b5441ba688c79eff9afb7e.jpg,France,FR,48.388625,-4.630203
40e6d234b3a549e9af0b254d858c8d7e.jpg,Germany,DE,50.279833,6.590511
8dbe933f34b04aa299cddde5059e39b7.jpg,Iceland,IS,63.662148,-20.106536
888ee0b8cdbb4aa6835d1580aec8bd48.jpg,Belarus,BY,53.617119,31.510237
6c984ea6e59f481cb72d0f1082a2d779.jpg,Germany,DE,50.466695,7.609582
b9ec286cb1344ec59519dc136c520a15.jpg,Spain,ES,42.978351,-2.233785
f2db3b2978dd44e8b1979f7a1c9ee9aa.jpg,Turkey,TR,37.977557,30.287003
e61ba178d4a84f95a130eb67bf6fdcfd.jpg,Poland,PL,53.187499,23.261098
3a2fddd4d6344cdbbabf31c6e2bbfe01.jpg,Finland,FI,61.29681,28.765172
0e7251646da247888031f56b22277969.jpg,Italy,IT,45.709286,9.873363
73577ddc34574900a5f907d49479e86b.jpg,Finland,FI,65.699168,25.161729
01978ef358174653a2a83b2f0bc5c205.jpg,Spain,ES,42.543759,-8.797509
e0b42abee91940a09e83989c8d7d2d57.jpg,Iceland,IS,65.916609,-22.965922
6317d9d71b02446eb6c0c51abb625b39.jpg,Poland,PL,53.435936,19.84439
cbf75d52d54d432fbd68ea7d01aea6e3.jpg,Finland,FI,64.178159,27.766957
69fd961873844b4897c4cffdcb63cd81.jpg,Norway,NO,60.169705,9.687661
c6046e55f47e4b6fbeb2dfcdaddbf817.jpg,Finland,FI,62.214179,30.096282
2b8956d1c0de4b3aba9fe692b6c12690.jpg,Italy,IT,46.447868,11.905943
441727e3878f4625a71d1ebebe84f484.jpg,Spain,ES,38.409107,-1.565166
d1d9d904a2834100b66abffef04bd2b6.jpg,Iceland,IS,64.146204,-21.802118
0b83a649d1ec466eb57776cbac746848.jpg,Norway,NO,70.440607,24.594686
05034ec566f74ff69bdfdcd143fa18eb.jpg,Italy,IT,39.014463,17.162415
39a36cf8ad88496f8a379ba5be60833e.jpg,Germany,DE,53.405743,11.598151
a0528c71ce87443383db865598ab91d2.jpg,Spain,ES,38.144099,-1.127657
4f8fc88af2364e8899ec81c4ef8fae31.jpg,Poland,PL,53.767071,22.965163
d87b693a9c59493bade17473d93b2a1c.jpg,Germany,DE,53.746572,9.296206
2d18fe69ec2241188d2a7469b613db29.jpg,Poland,PL,52.234214,17.385475
44060e0b05ab484b97d6dfff46372740.jpg,Poland,PL,51.943577,20.214282
a0a1559a605a419c92c89cc9c83fbb19.jpg,Finland,FI,65.746946,25.263152
ce562e8b050f49e487d1b67e68e2be07.jpg,Sweden,SE,63.838317,19.74977
da7c17d2da2a4ceca2797edc757d1d37.jpg,Italy,IT,43.157811,11.753665
58beddf8e5ec424ea1bce51f603878a3.jpg,Germany,DE,51.781754,7.28534
9c741496697c4ca5b9a98d9fd9fe3c3f.jpg,Italy,IT,45.36597,7.901622
f31e138d617a4be38ce5e408710f8ccf.jpg,Norway,NO,60.242275,5.367856
bd662ec478234b14adb1369aec93b9ba.jpg,Belarus,BY,53.044577,29.567911
cc812aa4b6924ee98605c450fbb27b0a.jpg,Spain,ES,41.426208,-0.12885
e4bd18e2368447ce8c90b382165a3619.jpg,Sweden,SE,56.936349,13.06866
81074b6af15a4b82b24bbaf2d8514a89.jpg,Norway,NO,59.393949,10.735482
de601ab2439140a2aaab161edc304b08.jpg,United_Kingdom,GB,55.524645,-3.096576
3bab09815fab45c5b42c95216a7d4f21.jpg,France,FR,47.852602,3.597091
e0d8e4c16c1046ee9bfff7765c5e0eb1.jpg,Norway,NO,62.557737,6.114056
e3f871f13fa54d5cb46b58962d14cdfe.jpg,Germany,DE,51.231721,14.666123
170dbd2c128b477eaca748b90987c596.jpg,Sweden,SE,59.659705,16.613077
f0c19ec6b1f640679fc83d47cc4151fd.jpg,Norway,NO,62.469676,11.337035
675506586e384873873677d745f76d2d.jpg,France,FR,44.99362,2.14673
8fb512f6aa684f199d63f3e2ea09e1e7.jpg,Belarus,BY,53.510827,27.381564
63c81a921f764cb2bfe119d15db5304f.jpg,Spain,ES,41.241776,-3.779279
50d7ad150bae4d688dff0aa74cceeab6.jpg,Sweden,SE,60.569152,12.690098
ec6d8ddca4bb422b8742f9ef13daf9a5.jpg,Norway,NO,59.846655,5.35532
9f3ede3fae7f45a08fa99b7ea976b1d3.jpg,Spain,ES,38.850565,-0.495731
0cab38b04be143e3b68e1e00185ff1d1.jpg,Finland,FI,62.924687,21.745879
8bcc678546154bb39c8fb936b5b8d46a.jpg,Poland,PL,53.620308,15.154359
912555bbbcf14dd6968ff8384d2450c7.jpg,Italy,IT,39.446695,9.641534
6e546039b1eb449ba31ca153a7759980.jpg,Spain,ES,40.456357,-2.544307
c7653718fabd4532a0d863bf1e3a058b.jpg,United_Kingdom,GB,52.408436,-3.837765
26c950d11f9f412cbda7d52102206ca7.jpg,United_Kingdom,GB,56.436811,-2.912038
8c9465e3df39426a99cef501d9db86b2.jpg,Norway,NO,69.502923,19.250518
2a89eaca428c48ec8cd15bc902e67358.jpg,Turkey,TR,36.571673,33.291105
72ab1a08c8574da78b15770cb9aa5f51.jpg,Belarus,BY,53.051938,25.544566
cef3f698ba5d4f6395c492e3093f0fa9.jpg,Sweden,SE,59.837076,17.521568
c6896bcf462f4e24a657fffe4458c4ff.jpg,France,FR,43.31846,6.354939
f9000805c4b9476d9d959ec6b6841348.jpg,Finland,FI,67.14385,25.010443
e4f20108674040ac97f854287514c8c9.jpg,Norway,NO,66.292976,13.767733
bdafd053d1dd45ffb7093090ab18f1ff.jpg,Italy,IT,45.698114,11.76909
1d1e872c3d24497b8c2ab349f44d318a.jpg,Sweden,SE,63.996555,15.276591
6dc28fd407674f7cbb5055988f20462b.jpg,Norway,NO,65.189994,13.372584
5273a3b794874be4bbdfef39442d16d8.jpg,Iceland,IS,65.764413,-14.825045
ce7b8cf6c58343b292db9d5baf5415cf.jpg,Finland,FI,68.372554,27.412926
76ba6cc7f6f64b779e7afdd13ee32832.jpg,Iceland,IS,65.355285,-14.919775
5a5db6c4680649bd88de106dbb7b1009.jpg,Sweden,SE,55.862868,13.749743
1763ab04bfbe4e7fb386c291ee5d751c.jpg,Poland,PL,50.488038,17.569168
7dab8497c6e44c4fae3fbaeb02310c86.jpg,Iceland,IS,65.680993,-23.198784
b9fa3793434e452b8e75c76c74cde809.jpg,Italy,IT,41.022638,16.845639
aec27abc623e4d95806f3036b68c3752.jpg,Norway,NO,67.251469,15.429435
26c82e34adca44e5bc8ed042da8a6682.jpg,France,FR,46.505743,5.742976
fa6d854151c84d849e6030794bbb3b1b.jpg,Norway,NO,64.042543,10.006046
d858de9923094758ab3d089abc5f6c02.jpg,Turkey,TR,37.04994,27.38825
470b3df39fde4759a3cfe349698f9849.jpg,United_Kingdom,GB,59.060786,-3.334604
b2d4f930189f462aba1760fb662b46b1.jpg,Norway,NO,69.084995,17.550297
8f3be91572de470198f0021011a1d811.jpg,Sweden,SE,56.205823,13.619855
a03d4573fb2d40faa4abdcf161d87357.jpg,Poland,PL,50.661393,21.845422
a22a4f1335c34355897bafc7301fabbd.jpg,Finland,FI,63.307775,25.625051
668a5c2133084ff28aa8fbcfd56f1542.jpg,Belarus,BY,55.083012,26.87828
f90c590242584a65b12f0bb428d7f49f.jpg,Sweden,SE,58.420005,13.77128
7186328d14ff48bbb5e82d457cde662e.jpg,Sweden,SE,60.642675,15.948403
014ecfcea3b749d0b14ac4213e47de50.jpg,United_Kingdom,GB,58.506131,-6.261553
ed1969ec59a441598b7915b05641f3a8.jpg,Germany,DE,48.786504,9.687913
8884f168e2df4867a6c8abee91d6082c.jpg,Spain,ES,39.570213,2.829393
72a7cf0664b444bc98a2eefc276f10fd.jpg,Norway,NO,69.779384,25.169283
3ca1d39aba1441f58a3273679243c097.jpg,Turkey,TR,39.204046,30.715234
2e519f606f2e4fcc8ba03731c1e5c67f.jpg,Finland,FI,62.256307,23.748561
b9d22eed6d8847339d4bc87c2079eeaf.jpg,Germany,DE,52.755508,8.007032
1d2b10ce194440b0b73a6c0c2ddedde6.jpg,Germany,DE,49.087048,12.401995
0e679a749f074a46b25154b12ee4c903.jpg,Iceland,IS,64.838157,-22.569522
08f21379df8840f89d3d689708a2d832.jpg,Sweden,SE,62.363082,13.781983
3bdebd5497c643eca37886b498dfa867.jpg,Norway,NO,58.390813,6.084916
f391dc748a2044fb892424534fd9077d.jpg,United_Kingdom,GB,52.12557,-1.414392
509786f6488f4eab8928695e42b8c4aa.jpg,Germany,DE,54.199539,13.070523
5e2c56e3adc948b1afa6eb9a28c8baae.jpg,Norway,NO,59.575635,5.705112
20b7a4eaa6574bebb194f7a142d3b327.jpg,Finland,FI,62.138249,28.550666
eb38317b5ad140aeb06b8e01b42ebb9a.jpg,Iceland,IS,63.847514,-22.420016
05784411cf3644069aa39771da9908b1.jpg,Germany,DE,52.49548,11.026611
83d2ce7196a74cb383c069fa7ef2a2c9.jpg,Finland,FI,62.554176,22.838149
8e58c8c9418041d9a2491845022b0493.jpg,France,FR,47.545296,1.306969
63b4ca099ee846d3935c23de9e003bd3.jpg,Turkey,TR,36.406902,33.810349
b602cb027b2e400ab0ca4b6ca7f6d55d.jpg,Sweden,SE,61.71596,16.844332
126a605ad8cb4d519007cdc399f70820.jpg,Finland,FI,66.994231,25.249841
63d9608f39234682b9990bb3bd86a197.jpg,Poland,PL,53.520456,18.97656
da6c601bf5b240d2abd15dae6960ce5f.jpg,Finland,FI,66.296821,28.869785
ab3d4c57cb5f4b618d1aa703ca57f24d.jpg,United_Kingdom,GB,57.196967,-2.717285
d22acf34ac2a4ea78709e3979819517e.jpg,Finland,FI,66.516713,29.053126
2081af566dc14fa4828464a253364006.jpg,Iceland,IS,63.701118,-20.213115
19c4a6aa3d4443d2aec3c7c4c2b69b57.jpg,Iceland,IS,65.572723,-20.654239
ca761d8517cb4eb783623f0779aadc66.jpg,Spain,ES,39.514096,3.283268
b83905d3e48b4bbb9fc3c9d49ccc5f22.jpg,France,FR,43.992876,0.057227
c3a93e4a8e884341af0abc19edb56b5e.jpg,Turkey,TR,36.857952,30.623418
523c8a5fe8654463931f705b3747b95b.jpg,Spain,ES,28.498568,-16.206482
46749689365f4e73a846a5db9722f612.jpg,Iceland,IS,65.485469,-23.251026
75c5038ebd3349e1a8a4109eea9ea35d.jpg,Norway,NO,62.555558,11.321415
25261d18df6c452eaaab4cc097c37ac3.jpg,Spain,ES,38.665632,-4.182748
f313fbee5c604448a891498b24c2ffbe.jpg,France,FR,44.184237,0.029006
1f9f7ed3b1ef414f9669fbc22179429a.jpg,Belarus,BY,52.084291,27.536428
3432f44a52c24f3c834bf9f0f2d98935.jpg,Finland,FI,64.9382,28.787112
00d4d532911b4b98a169f0ea1b7a2c3d.jpg,Italy,IT,46.826268,11.935988
69b2c09dd1844321a3ffc357e007c8f1.jpg,Belarus,BY,54.153845,27.111581
2941224309a94f7e92da65daa5e32868.jpg,Poland,PL,51.482222,22.082534
850e16dc64804dcb9c396774c685011f.jpg,Norway,NO,68.434071,16.007621
0048aaf4799e4812af341787e23beb84.jpg,Italy,IT,41.138182,16.765977
3181514292ff4787bf8842e6407ec03a.jpg,Italy,IT,37.518268,14.129578
5ab91dbdd3e346a3865b9b0be2f7d228.jpg,Belarus,BY,53.734126,30.452856
e64eae517fe446099ca6a8ffb1fa0a39.jpg,Italy,IT,40.68621,8.3798
11be69381d084aa5bbdc98e676d8c6fe.jpg,Belarus,BY,52.776318,30.752613
0dc35990126c49408a55bdd131aa7c1c.jpg,Finland,FI,64.224445,29.361985
d978f798d54745fa83aac497be818b41.jpg,Turkey,TR,40.982598,27.491377
e2e9706c3e2e4fa9b30170f0fee15dae.jpg,Norway,NO,67.046747,15.237464
275b19a7417746ff8a56695f7154d942.jpg,Turkey,TR,36.898373,28.272613
87a9c80df4354589b2f4b9581ac26b5f.jpg,Belarus,BY,53.769295,23.839714
1883be9485264aa8b77b4b7aa27bd83d.jpg,Sweden,SE,56.947266,18.157056
083afef289d544919c959c5e8464eff5.jpg,Norway,NO,61.537406,9.946608
5ca8274064624421a1ebfb3f981e35ad.jpg,Italy,IT,39.003166,8.396459
8bc9aa58fa464f4daafd67533cd9d6a9.jpg,Belarus,BY,55.271661,30.330927
af5f28010b3142028518f403342deb18.jpg,Sweden,SE,62.374068,16.78331
ac9d86afc35340dc96346f9c96989f86.jpg,Sweden,SE,60.13121,13.509109
09742083ef3840b2915faa812aa7f9cd.jpg,Turkey,TR,37.305121,30.448507
b21d4246a19646bfa6169a10e88d1c52.jpg,Turkey,TR,38.647272,33.978291
c63f424278da40ceaa136f5991e24923.jpg,Iceland,IS,65.575295,-19.343319
8d884f5f6ee24ee68dcbe7e13881e1fe.jpg,Iceland,IS,63.430275,-18.768956
b6719d28c76449a7827c79844df9d54e.jpg,Finland,FI,66.261153,29.302348
4423ca07772d415b925eeb7438712312.jpg,Spain,ES,37.051734,-5.929738
7e90abd8b7c748bfa8deac81523eb212.jpg,France,FR,45.024511,1.977663
12d9d642f661440cab463e1ad5ca8e36.jpg,Germany,DE,50.857133,9.985912
f1090e0a750346938bc81576699371a6.jpg,Finland,FI,67.491003,27.976054
6fc1b4701065479e8fc5b71091043679.jpg,Germany,DE,51.552957,12.337423
c66905a7a286484682641b7dde49c4c4.jpg,Turkey,TR,40.40643,43.364708
930a05ff17e745a29072439642879dc1.jpg,France,FR,45.596228,2.928819
38421bfe18d24d78b0c4c40df2003a52.jpg,Turkey,TR,38.251625,40.977917
ac3f5a6a6a9549ef8d1b500a958b77d3.jpg,Belarus,BY,54.246893,26.328196
6f74d4f7f048422eab16a2929d3ad8f9.jpg,Italy,IT,40.921129,9.093526
7f5103b135c14622b13b48a5fe4c7def.jpg,Norway,NO,69.369434,24.32151
4fc2f06a8d6545708659018cb6c66b61.jpg,Norway,NO,67.384493,14.632202
f624726d944e471b9b90c65ee8d51c78.jpg,Sweden,SE,61.647764,14.799222
da1bc6f28dc6430180499dd5fee91f1a.jpg,Iceland,IS,64.609046,-21.719617
82014ae6a43a4092bd161da9cc86533a.jpg,Spain,ES,42.018403,2.707649
2d69db2de3e640d8b7bdf79d38ea14da.jpg,Norway,NO,68.563295,16.432742
7ac66eabd0ab48bbb084c88596032035.jpg,United_Kingdom,GB,52.331536,-3.042645
c4f4ee14102044e38ba6c87524c44990.jpg,Iceland,IS,65.047173,-13.916627
64b1182ebf9040b8a9f3835fc7184d16.jpg,Norway,NO,68.548384,16.196959
2b450f3fadc1473e82cf1299efd1c2a3.jpg,Belarus,BY,54.791226,30.414827
a54140a9d552414db4266a1fd8031998.jpg,Italy,IT,40.194826,8.987326
da706dfa6bd44128a97b14b659962ca0.jpg,Iceland,IS,65.556807,-22.410746
5ef14357b2d140829a0157e9cc0293a9.jpg,Iceland,IS,65.768288,-16.399688
05e2ae7175d14e0d885af4c840191eda.jpg,Germany,DE,50.399316,7.84631
4e1227c3cf2341e6aca1555500ba4e9f.jpg,Italy,IT,40.772062,8.85737
8cd851e919c24b3ea4c8f5bac52c65a9.jpg,Finland,FI,62.972748,25.819001
4f5470d45f914811aa2f3731278fcb16.jpg,Norway,NO,60.947073,9.350303
506ec462589c420183b949f562f2584c.jpg,Spain,ES,41.690568,-3.776182
1110ef3e08404ba499942cd995e7f8e3.jpg,Spain,ES,41.606105,-3.056588
306ffaffc247415c8fb74dc82d951240.jpg,Finland,FI,68.355338,27.399412
af6869f1d21548fda69c9d5a1a6cce08.jpg,United_Kingdom,GB,55.083213,-6.355413
c147b17e02d14a04a35a7f510d7e2ab3.jpg,Turkey,TR,41.149647,31.948945
b597ac082f304c3ba9b1c9eb390566f3.jpg,Iceland,IS,65.362214,-14.866272
7c30cf5193fe46c783d805b889395d91.jpg,United_Kingdom,GB,51.787022,0.154028
3af9d4fdc8184f43b7eb7f6a2a075bcd.jpg,Spain,ES,43.623597,-5.80019
65752065ac0f4e30ba1550b0425e2fee.jpg,United_Kingdom,GB,58.564902,-4.741442
32a8bc6160bc4cb6a58a8b012f30938a.jpg,Poland,PL,54.777025,18.237397
2caf6ca78b6244cd93b4f571b963b644.jpg,Belarus,BY,54.472024,30.503969
7c6198e1046d43c79f20e6bacf13f12c.jpg,Belarus,BY,55.966783,28.646306
c14e51a7a4af49078c392e0517a0993e.jpg,Spain,ES,39.379797,3.225874
d5b49dfb2aee4bc2bd4c534af909a2c4.jpg,Sweden,SE,64.157467,16.037874
3e14f972258e437fadd91b2dc4694b4b.jpg,Italy,IT,41.045929,8.969737
443115031c82428f855d65575feb1fb5.jpg,Iceland,IS,65.354701,-14.937294
2c71e9838127427c8a5e69aadfd32126.jpg,France,FR,47.602684,-0.335128
1e1f6245faa042c1bbf23907002a7223.jpg,France,FR,48.387093,2.125488
77373c9a3b754c5294e988812b0a3509.jpg,France,FR,43.941326,5.057642
2cb5b2c85d794f4faf980218dd47e37a.jpg,Belarus,BY,52.157202,26.091599
4abd3570a9af459899cc7d4f68ee7da3.jpg,Poland,PL,53.249277,23.148083
4255102bd93c4ac3bf2fa4573348d69f.jpg,Sweden,SE,60.065633,16.139518
6d108596f9654fb1b21e0c6a6d529a31.jpg,Iceland,IS,64.80067,-13.991081
1ef1095d42a84763861b3d4e8fe11535.jpg,Turkey,TR,39.207999,30.701662
9118c406ba7e4e3dba45e4b502ba207f.jpg,Germany,DE,52.819171,9.637205
81070681383d4225b3ad213ee6dcfd45.jpg,United_Kingdom,GB,50.394877,-5.075635
123f8643cb34457fbb7e122dde3357fa.jpg,Turkey,TR,37.577486,38.946254
4fe84e7f571a4e30b4abfc2a7eb7dd1b.jpg,Finland,FI,68.379037,27.409327
49b65c91ac5d419e8ba080a6a7f565ce.jpg,Poland,PL,52.944761,20.487399
d70bed8332ed47d183f25eb784391f92.jpg,United_Kingdom,GB,51.700303,-4.712679
645b432a3eed49d193fa6d7c890a954c.jpg,Italy,IT,36.870597,14.451284
e4f23bd956d34641af704c577a23ea85.jpg,Finland,FI,63.061953,29.79972
7ff7ee8353ba47818f4b9ae7c60b836e.jpg,Turkey,TR,40.164124,38.080937
e9f2cf3a4afc48c4bfcd9fb31af66cca.jpg,Belarus,BY,55.210578,30.143778
f47eb825d21d442caebd34f3ab23fd4e.jpg,Spain,ES,40.448252,-0.224204
41cf026db8b94f68959099625888bab4.jpg,Finland,FI,67.826049,24.829041
4afa66c7da3c4284b8e0ec00c77f8491.jpg,Sweden,SE,62.069561,15.836988
79b4788025fd40ea82e991ddcca3a09a.jpg,Italy,IT,38.743536,16.483534
93c3456eccfa49559085b18043a10330.jpg,Germany,DE,49.093376,7.882327
304c4c5925c8451ebbc3185cafd56498.jpg,Sweden,SE,63.894731,15.282526
b6c932ae269d4e7fa8f675ceb40fe8fb.jpg,Germany,DE,52.329533,10.205829
6eef7eb353034deb9351af2b3d3afe70.jpg,United_Kingdom,GB,51.482422,-2.085375
243c2a96ec9d42d9b72fad8d37142dfb.jpg,Turkey,TR,38.758216,27.907255
223f690c117f4345ab2d6bbf2dcd3380.jpg,United_Kingdom,GB,50.502509,-4.693525
aa366d0825a8460bae71130f24f295d1.jpg,Poland,PL,51.458339,22.453319
583a590dd95c4612952068a9bca0af2f.jpg,Sweden,SE,65.291475,16.284454
1f53755055a647b0a530b64fbcbbeadc.jpg,Finland,FI,66.099693,23.920341
37d57266425c44efaafa9398b6a8bc74.jpg,Turkey,TR,39.342938,32.918283
f4e79bf77cf24d86bb3e8526dc9116a1.jpg,Sweden,SE,66.373814,17.001689
9639c891a45b4228856e42f27b1500e0.jpg,United_Kingdom,GB,56.082221,-4.520416
d35a5e602ef74a4da146d6ec01cae98c.jpg,Iceland,IS,66.075201,-19.195748
213f929eb5ce44cc8a0ef21084619752.jpg,Sweden,SE,65.576782,19.246709
609fc22847d341ed917640b39aa7ff89.jpg,Sweden,SE,57.287064,18.186874
78f71fcc71634166b50a68f3d018c8e3.jpg,Poland,PL,52.930359,14.45134
6f77711698714674aed505206c45a910.jpg,Germany,DE,51.4969,14.307091
2559637850ef4173b098944f04e01b2a.jpg,Turkey,TR,39.988068,41.520383
2eb08b46de644edb87f91257d443f99e.jpg,France,FR,49.696319,0.53088
1e2d3ce2259e46e0a03b1bb46356189b.jpg,Poland,PL,51.732649,19.625978
a5d5d49effd846ce91073680da6ef3a0.jpg,Norway,NO,64.487949,12.347914
82e9f20547cf45dab501709998810bd1.jpg,Sweden,SE,62.258956,17.468233
5f3f25114f084be58bc7f47bd2cb1d6e.jpg,Finland,FI,62.906381,21.452183
f9043d401d0b4968976e4a3916360302.jpg,United_Kingdom,GB,56.184237,-5.473365
c53cc669bfa3425384e047269e61be3d.jpg,Germany,DE,50.868542,11.253451
caa81d8e18274645bd5636a1343c6ef2.jpg,Spain,ES,37.648457,-0.786052
f961b421bbd54f9baa732e42336d9b47.jpg,Italy,IT,43.746334,10.693265
8ebbd7bfb3224bfda299b960ff2e98b3.jpg,Iceland,IS,65.179211,-21.496417
75728f07e40340a08100634b547da30c.jpg,Spain,ES,38.550228,-2.980345
e1194bcbdea749e4979eaf451b811c69.jpg,Iceland,IS,65.275728,-14.444835
5e6e81eef9494250a51c7266cab85708.jpg,Finland,FI,61.486386,24.670022
f10fb1e1fc3b4a2c8fa2482edd58d8c4.jpg,Iceland,IS,65.807262,-19.323321
9dfcd9bf58004a86ae0536ba0c78657e.jpg,Italy,IT,37.833132,15.13862
f304bef6daaf4480b328bdd0e0c90504.jpg,Italy,IT,37.715341,14.038502
9d126f0a09f149a3b559215bcd38dc9d.jpg,Belarus,BY,55.035073,29.332589
bf8bfcc0214143de8b8cfc9e13a68a16.jpg,Iceland,IS,64.986093,-22.805461
69807988fadd4c6a83bf8fd677d26b22.jpg,Germany,DE,50.743487,13.334097
e3ac0d483c274551b0dfee57e36863af.jpg,United_Kingdom,GB,58.481302,-4.667057
6db5d86fc93f4db2a57bd23c302fa653.jpg,Iceland,IS,65.538285,-19.908374
4fbfd7ab4a48463ab93e4b0ba9ea8574.jpg,Spain,ES,39.383733,2.998294
98312312eb6b45df86f114d40f49f2fe.jpg,United_Kingdom,GB,51.382712,-1.199315
6ed2a6fa88b54cf9870860f6faedb3ad.jpg,Spain,ES,39.512541,3.281414
80ee8239670b4dc3b3eb715f8f8576f6.jpg,Sweden,SE,67.837657,20.495744
1b7ad5d9e67143bab430a73c33ee514f.jpg,Turkey,TR,40.738613,31.696477
a4a81b8e9783485fa0ed76ccd5a02eed.jpg,Norway,NO,69.800536,23.236568
41567d286d3d4a10bf92261ced6f3a5e.jpg,Spain,ES,37.243922,-7.319286
7f8df816d7c0434fb5ec2a5b3a10343a.jpg,Poland,PL,54.778922,18.236675
5c2466da5a8e43df87eaed837fffe323.jpg,Turkey,TR,38.397965,33.513222
4257940f54884ebcb4398c016596f22f.jpg,France,FR,48.371873,2.388112
66d47a047638482eb4b09f508bd42903.jpg,Turkey,TR,38.324337,43.18817
bd90c1c76ce34b52899d20791f16d7a7.jpg,Finland,FI,64.817401,29.338791
3dfeee5f7c51481f89fe047cb537b771.jpg,United_Kingdom,GB,51.073222,-0.081736
2331a50e97f04883842d2b2d71769f5e.jpg,Finland,FI,60.520931,24.361798
92fe2c87182f44f0bd2f48d10dbbb498.jpg,Poland,PL,51.435748,22.381817
c6a1beebe722478ca4c989b56ee08cc2.jpg,Norway,NO,58.995221,9.581974
008aaac423a34be6bf455d8433560fe5.jpg,Iceland,IS,66.01157,-19.387095
40a966eca2a54e7fa352a5f8f4aaa151.jpg,Finland,FI,67.144645,28.69638
dae6f38df03a4bdc95d670fb7311443a.jpg,Italy,IT,43.236229,13.755899
8d3dc4b60d0c4c098542134bf7d8e6b7.jpg,Norway,NO,62.060226,7.258702
5ef00ce6a2df43048339efe309f4ae80.jpg,Finland,FI,62.890771,21.22455
2e837faa0282474d8844d00d08270e9e.jpg,Germany,DE,52.83536,11.051674
25ebd48114cc48c2be765fe3a068b4bd.jpg,Poland,PL,51.129701,17.098093
e5b86f1b2a774c85a7539ced3f6a8a1b.jpg,Turkey,TR,41.072815,32.549707
68684822146842789352f8ab1c099f2d.jpg,Germany,DE,49.779885,8.410665
433ee5299c194834b53ae022b8d831cd.jpg,Spain,ES,42.78306,-8.467047
39f5f86da7794cbaa772b96b78d38bc4.jpg,France,FR,48.477796,-4.564584
89383ab8d73149239deaa8fcab831c0d.jpg,Iceland,IS,63.943798,-16.801992
efeb98dc4d564ac4b9109959ed070f75.jpg,Finland,FI,62.568713,24.466897
26ead912f57847b98c7403f478bd24a8.jpg,Turkey,TR,38.144117,27.329551
f32aa772d7cc4eebb68d0320bfd201a4.jpg,Sweden,SE,66.259218,22.278281
e0482846fc694c099c2000a8fb83d37f.jpg,Italy,IT,40.55956,16.412218
2e5c8887e81e446281769eafc80d5e18.jpg,Norway,NO,63.437116,11.726786
b043fe8802494810ba2709eed878942e.jpg,Italy,IT,40.696279,9.711771
4f8866d8257a42e488244c49752ee96e.jpg,Iceland,IS,63.629313,-18.437822
d4f204e8d68b489c87ac34f7ef4e5287.jpg,Italy,IT,37.836407,15.120188
6a8b9b87785c48c1844af07a83002933.jpg,Poland,PL,54.300536,22.633293
81f6f4c375f8415fb89211f0d925325c.jpg,Poland,PL,50.797647,21.165974
0fc3b69c6d5c4d14b472e05ce66d5365.jpg,Poland,PL,52.695279,21.122538
c06822960ff64cab832b81a32bcc1048.jpg,Turkey,TR,36.281794,33.482903
a63501b41de04ec0ab8e71ca7ff491a1.jpg,United_Kingdom,GB,52.63891,-1.254396
29431cdd74674f088d92c37ba901ddc8.jpg,Germany,DE,49.022165,7.870251
f505dbeb10864263a959b1177eabec70.jpg,United_Kingdom,GB,55.188557,-2.177198
a684c83ca8984cee84c9bdb6599ddeb6.jpg,Spain,ES,42.850424,0.736042
1b6d941f27374694b5c70a5e9b147eb1.jpg,Norway,NO,62.016135,7.359863
87b8cea675344184835c758c98044e00.jpg,Poland,PL,50.002377,22.262985
1be62a25c2014d099de6caf29c3ba376.jpg,Italy,IT,40.800269,14.07726
0ed07647a9c94cd5aaad8c2750af6494.jpg,Finland,FI,62.902019,21.211909
7f2f5ea4250d49738f10dc946edd7dcf.jpg,Norway,NO,66.315559,13.292764
98cfdb2aa208434098f8212adf0c3def.jpg,France,FR,43.528238,6.927551
dadb9ba799bc4f188ce63919707caa93.jpg,Belarus,BY,55.20902,30.147288
36babaffd34940dda7b0af7e5552b8f1.jpg,Turkey,TR,37.064461,30.616619
dc0bad6b03024865b7f4f5d847733a59.jpg,Finland,FI,62.635205,22.429143
fe849b0a0f7243b895ea792b107f6021.jpg,Iceland,IS,63.889683,-20.784484
4c37f2aa8f2c49a1a7cf0f7a402b7efc.jpg,Norway,NO,62.539636,6.126605
60265652cade4605909ae49d6c02e0a3.jpg,France,FR,46.568469,5.993139
220fdffbe755474ea4eeb42f6c26da78.jpg,Turkey,TR,41.093368,30.55773
15543e72f73746abb99ac34fa38a540d.jpg,Poland,PL,53.996756,22.465873
a0a626946bd64108a6ee6cca73d05f78.jpg,Poland,PL,51.969015,22.365206
c745df6da9834378bc65592b0e47c1ac.jpg,Belarus,BY,52.211255,31.537906
8ad016978b444b08b51945130dd00368.jpg,Spain,ES,39.048829,-0.243978
a8e54f085526471597ef2907bd7d4991.jpg,Poland,PL,52.325643,20.854815
4406879e83ed457582fb5764cc8de5fc.jpg,Norway,NO,58.345181,6.318823
3ac0f97435c24412947d704efa005ae0.jpg,Finland,FI,66.838861,28.680561
5c558fb089804628bd324ce4df4f89c8.jpg,Germany,DE,50.184997,11.309542
7d30e9f331654414b160bb6885c3db6e.jpg,Belarus,BY,54.19014,28.587532
f794ca7012494b6fa68aec7601a94ef2.jpg,Finland,FI,65.413605,25.397876
4eb54133327246bcbb01a2c93b65e7c9.jpg,Iceland,IS,64.743611,-23.807534
8403197fac7849e48134084dda6b3f28.jpg,Spain,ES,38.638337,-3.474335
06148a313b5a4ef19b7b84eb0c000b1e.jpg,Poland,PL,53.283219,18.8963
86b684b774cf4646adf726475c1b5d8f.jpg,United_Kingdom,GB,54.86836,-6.249402
3e90622789ed4b128cdde6a9ee9307b0.jpg,Norway,NO,64.103934,11.54029
e4d8873f32df4329b0c842f73e8ff41b.jpg,Sweden,SE,65.981779,21.601562
5e603b737b854588a74586dc55d98579.jpg,Germany,DE,49.426614,7.651493
48cd2aca6b8940dc9c917b5462e7be08.jpg,France,FR,44.687391,-0.537311
f1f1a71ba41349a49503dfda4d4698df.jpg,France,FR,46.087008,4.087836
b6088233090545d18b56226ad176a4fe.jpg,Belarus,BY,52.980358,26.912436
f0abbedd3a264fa3aeef15e739bc56c4.jpg,Belarus,BY,54.177744,28.471877
b5bba91ed84b4067b98de745ff51df26.jpg,Finland,FI,65.526213,28.574539
a07ee3d019a941d69a2a53dc96b9f28c.jpg,France,FR,47.834133,6.434561
6558e889119740bbac59e02751801ac3.jpg,Spain,ES,38.482631,-0.602481
d6c1d619758a4e6399aa3c65809f0c0e.jpg,Belarus,BY,53.201203,29.138262
b9a9f0e92fa541c5aa08759647bc70d8.jpg,Spain,ES,43.313204,-8.421903
45678d3b693540d0acc9691eadeba0a0.jpg,Iceland,IS,65.491837,-23.458891
c03e1af85ecf4c8bb5c7615596860e91.jpg,Sweden,SE,67.09855,20.960342
8272ca093f9d4e328053e6ede03db1a2.jpg,Sweden,SE,62.913665,14.157175
e19e51270d964951960a753582d32db7.jpg,Belarus,BY,53.815977,30.772536
c261b6824e9a4fa9953fe03b3e921d3e.jpg,Belarus,BY,55.06955,27.385304
45b8f987527148ac805f971a3a51acc8.jpg,France,FR,48.37847,-4.601458
4f18445c57494ad286b57b701b79ee07.jpg,Norway,NO,69.30772,23.879711
9dd92734904b4e29bdaa7902d069a1cf.jpg,Germany,DE,52.242936,10.826642
b93c4b794f0e4b8d97e45738285aa268.jpg,Iceland,IS,65.595258,-23.774501
7540e184f7a7400c944b08499064f4ce.jpg,Spain,ES,38.904918,-3.390347
3330bf71cbbb495c861c8bae65422ac8.jpg,France,FR,44.614127,-1.103238
2da643024076408691ec9d6dcfb32ff8.jpg,Sweden,SE,64.095004,20.754648
0f0630d092ac463cb751aa1fd5626ba5.jpg,Germany,DE,50.457037,7.061218
2fcc58a5d46a4141b14dd5b54e30d28a.jpg,France,FR,43.776769,-0.945641
586e1a9fba874ee3bf047f32afa41105.jpg,Sweden,SE,66.051526,17.840445
c05644dbf52e4c4da0fb82207a4b4b76.jpg,Iceland,IS,64.988235,-22.655239
a3db55b4329f42d391992ed1f1c45e89.jpg,United_Kingdom,GB,54.030452,-0.960102
e294fb25c1484068b30e7063cc61a3a5.jpg,Italy,IT,39.605324,16.67456
71f2738341574bf68fb9f968ebb6317c.jpg,Italy,IT,41.090202,15.232416
0e64f3c9307c47faa4413faf92ae2953.jpg,Turkey,TR,39.329365,27.62046
c5f672da62a44c0d82399430d99da01e.jpg,Germany,DE,52.967924,12.439271
6ff9604b2c6f4c279189bf95e00f7d5b.jpg,France,FR,43.600697,-0.800645
fa3e94a85cd44427952918a449fa6711.jpg,Iceland,IS,65.5135,-23.701543
ada5e03aa03c4bbeb5990db8f4c3faf5.jpg,Norway,NO,64.479814,14.169416
1fb59fc6c4ee44b9bbe3a5db8ceab7b8.jpg,Iceland,IS,65.988457,-22.943558
1cab2bcc4dfd4e02a2c2948ec0f09b23.jpg,Belarus,BY,52.359167,30.632976
4c30a79e247a444bb87a5ac9a30ba168.jpg,Italy,IT,42.82017,11.760386
d6c0e40b2a8644efbf5da0ab0d888b7e.jpg,Italy,IT,39.220807,9.187497
9bda7fa8204e4bacb525bf359ca8ffcb.jpg,France,FR,44.986662,-0.745127
9bb86b166f5249efbb7c9ce3c33162f7.jpg,Poland,PL,53.746728,16.614275
d454c41c7af64770b61312af3fd83c42.jpg,Poland,PL,52.126161,21.198164
54585300333746b28fee6264099b9085.jpg,Italy,IT,43.514813,11.242886
36b9c3f0beaa4f41beec380c31d98be7.jpg,Spain,ES,29.134745,-13.46356
e61df44c2b2c486e832a97845b809f08.jpg,United_Kingdom,GB,54.868984,-6.249519
42f2d7b445e44eb995137c62f23d1571.jpg,Finland,FI,61.09517,25.178308
dff71121f98f4ac7ae8683badbc34ea5.jpg,Norway,NO,61.756879,6.262234
876017092fa240b59fb8287922a37f9f.jpg,Germany,DE,48.108602,12.334797
dcbedf545b754292992b28e9a0572f4f.jpg,Turkey,TR,36.167091,36.131945
1b177a2a8b9044d7a9f6830440b5b831.jpg,Turkey,TR,37.816475,27.274587
3bfc08911d344f96ba5e1f3765a55135.jpg,Poland,PL,54.0757,16.198357
b49a956354ab41399170a4e2e03a5453.jpg,Poland,PL,54.587087,16.912196
47a1be52b77741278a0ade82ba18648e.jpg,Spain,ES,43.622729,-5.800413
50fd7caee67d49db90f06e7a25ad954d.jpg,Turkey,TR,39.162499,31.773711
a1fc68f22bbb4407b1db39f5e5956e65.jpg,Iceland,IS,63.439364,-18.771198
7faf4ca4a71b4f68b5f6b6b6a59b6aeb.jpg,Italy,IT,45.644045,12.08884
63aae00d022c44778bfbe4c3c4c29b3e.jpg,Belarus,BY,53.604489,27.464654
b3c157a90b8e44a3b36d63e24cc7bc08.jpg,Finland,FI,60.821778,22.444644
aa2a76760d1e4b1dadf197bcec69300f.jpg,Norway,NO,58.223122,6.815027
fba5f90c8ab04bf4a346521da7d8494d.jpg,Turkey,TR,36.50259,32.080001
50537e6c4bac4ae786426f3de267dd5f.jpg,Spain,ES,39.66495,3.267195
6199efe016b544c08a7a5282f1b5f226.jpg,Finland,FI,66.662138,25.463644
0d92a782a296458aa3523db4508a3250.jpg,Poland,PL,50.638338,18.479008
5c76e24837254538a15de406c0b8a87d.jpg,United_Kingdom,GB,52.152337,-2.11075
b03fc50ef675462c9cc24e0a1d4aa8fe.jpg,Iceland,IS,63.530374,-18.467368
462d6afbba474cb0a318dd907d7c54c2.jpg,Belarus,BY,53.324103,27.09584
315f2b2574174e06ac26d369eab3ad12.jpg,France,FR,41.888574,9.393459
9c60e3ea74e64600a02dd113d0500a75.jpg,France,FR,50.834187,2.051282
400338bc013e4091be6da8d33a701fe1.jpg,United_Kingdom,GB,53.708658,-0.122285
b41d0eb27f61486c9dea3cefb5663b9e.jpg,Belarus,BY,51.63395,29.087356
d5fd155652bf43f59520db050591a788.jpg,Turkey,TR,36.934741,35.398728
f65eb9ee4f8d4bf6875811e46523203f.jpg,United_Kingdom,GB,50.76747,-0.80844
4e59817ce0a54aa6978751ef60bf3c70.jpg,Sweden,SE,61.787617,17.186259
32281ca23b3a4ca794520fc2ca2f0dba.jpg,Germany,DE,48.848998,9.64221
54c0a2fdc7e5466b9aed3bd2e351b5f2.jpg,Spain,ES,39.548292,-0.442968
8912b4aad37547dd977b45b4718f90a1.jpg,Belarus,BY,53.870101,30.163003
e28d0cf62ef140f79088240fabdae06a.jpg,Poland,PL,51.749842,21.770093
6a97038579fd4bc6a51f9b447a9570c4.jpg,Iceland,IS,65.653612,-17.858817
0af37925920e4536b083d98694a40b0d.jpg,Italy,IT,45.600994,12.077029
69a40fdece3c462bbe72b95e76688454.jpg,Iceland,IS,63.981125,-16.407766
a885374bcfe74e32b1c4c86c13d68542.jpg,Poland,PL,49.300481,22.602961
6f9fda92251c4d23b7172e9832c103f7.jpg,Norway,NO,70.135219,23.649386
19da798f4f0a4c01a43d361044c345d7.jpg,Poland,PL,51.788596,23.387368
8a4e43bc925b4780a2ecc38a6d3c0599.jpg,Germany,DE,51.192832,14.551046
0530fd077d5a47d48fd26ccc14d6d61e.jpg,Italy,IT,44.581672,10.910893
283f9709b4984877956bad861e0ec733.jpg,Turkey,TR,41.62425,27.171025
1b66fddc1ab74a6b96cc77e01e2bfb72.jpg,Germany,DE,52.167056,13.035331
59990c4dbdf44a4995b4575dcd726a74.jpg,United_Kingdom,GB,50.180973,-5.503108
1d6f897c3b334cedbdc9f4dd9f8cf8fc.jpg,Norway,NO,69.296497,15.993463
b67fd210d8324201a33eb3bd26c58c68.jpg,France,FR,46.097166,3.987008
6279348b4f3646aaa2a920db7c8aa1ec.jpg,Finland,FI,67.554351,27.900815
9bff4c3bddbd4c0c840b65c229000bf6.jpg,Iceland,IS,65.438084,-20.692526
af0acf115e1b4e798fd22dd948a2514d.jpg,Turkey,TR,39.212922,37.36006
20969e6283e5445084dc090ffa71a82e.jpg,Italy,IT,40.304398,18.216747
b52ac53cc63649e881b0d3216037537b.jpg,Iceland,IS,64.27838,-15.034638
877f9c9fede9481487e69f941ab58fa0.jpg,Poland,PL,53.297707,19.960543
d0b5bf7945b54df0915e306ee94ecc99.jpg,Finland,FI,60.493836,26.85648
ef9a1f42b17948dab300832b3af9737e.jpg,Italy,IT,40.433974,17.735723
89d3caad3a12461bb65a93e77c130c66.jpg,Iceland,IS,65.814262,-17.55388
8bf76e38e83547f18d16eacf499dd994.jpg,Belarus,BY,52.944118,29.93437
56bb483eb5c944c08e3c7aaefd32ef10.jpg,Italy,IT,40.934809,9.310649
de85ba0380d14036ab22257acbc254de.jpg,Poland,PL,51.515595,22.057653
527901c8799b4851ae43432e749abdc4.jpg,Norway,NO,70.163125,28.570106
2bd1cb934a9048e68dec773b7725234a.jpg,Norway,NO,62.471209,6.329362
bfac732b79c34fcdb1a9a8b77cb930c3.jpg,Norway,NO,70.296963,24.175423
1abc3ee95a814349bfee54abcdd1fa9d.jpg,Poland,PL,51.531879,17.850895
84a48b337fbd4c7bbcf5afbd6b803fe3.jpg,United_Kingdom,GB,51.306065,-1.856035
33d3c49b0ca04c36991615d0daaefb78.jpg,Sweden,SE,64.324468,15.720818
6c5beb757345435682faeb232570a7eb.jpg,Germany,DE,52.26065,12.049264
b4219c36026f454485a1cea06794baf3.jpg,Italy,IT,42.035768,12.670716
bd60e14b356f45f582def310f9700050.jpg,Spain,ES,28.049492,-14.331906
26ad95a428e14e24842763fcb244b14a.jpg,Germany,DE,50.365148,6.551673
b8fa012607da48bd90cee2b42cfd652a.jpg,Finland,FI,63.243423,22.840747
6fe3e783d8304341bce2580344349bbc.jpg,Germany,DE,52.656507,11.824136
7455497032294f8994518010ae3ac01a.jpg,Spain,ES,40.056453,-3.612864
7b878f076a4649b4a3d4c4546125c00f.jpg,United_Kingdom,GB,57.480178,-4.319265
bb61b916b9fc4add81db514d490420ac.jpg,Turkey,TR,37.898967,39.839328
2c9d8ad1316249d68097da50547b902b.jpg,France,FR,46.262355,-0.092799
da13b852ce5e45b68bededea47586019.jpg,Spain,ES,38.996304,-3.800679
5f2bccba885c4203ae84b284015fe6b4.jpg,France,FR,48.180685,-2.23578
52551b78d33745a0bed88819ea4760c0.jpg,Iceland,IS,66.172354,-18.987759
aae3b10e7921421e870697374f99a41f.jpg,France,FR,42.010395,8.747433
cfed60c501d54eee818d64363c30c06a.jpg,Italy,IT,43.241006,13.498804
9139d83ed12a47f9872c94fb12a1c8a1.jpg,Iceland,IS,65.848367,-17.492047
ebd4b37ffcb445ca8b96109bb7c8729a.jpg,Norway,NO,70.611289,23.653194
8b4ab2bd18e14da2b85bf5415ad8d0c4.jpg,Italy,IT,45.042879,11.54058
5ad43064f50b4b6a88e314be28be7994.jpg,Italy,IT,37.267891,14.939691
18140d75644a47d7bec1dcec88d015e0.jpg,Poland,PL,51.12895,23.3736
28ec88706de34971961fc379170e3fb3.jpg,Norway,NO,61.900714,12.862552
29c0c46bb21d4047aa3d07148f375e54.jpg,Germany,DE,50.521537,7.691759
2607c22d913e40e1a5b3281b3363802e.jpg,United_Kingdom,GB,51.078988,-0.110678
fbd62158f0fe415ca81ff55cf7d5f7e8.jpg,Iceland,IS,64.197732,-21.223245
bc85574657f3421ca73006ab11d3c10b.jpg,Italy,IT,42.150121,11.923778
c2ff368c9297429d99e6f2769082f6a3.jpg,Finland,FI,67.910251,23.918936
c822d7891c534881b3a9106bf4504ea2.jpg,Poland,PL,53.133284,22.897056
1c5edc1d492647f19272d95beb286f9e.jpg,France,FR,50.323721,3.769712
1fb46dbb61654ab99dc6deb75f180721.jpg,Turkey,TR,40.157735,25.818914
6099d13649164ccdaf036733f29b9f67.jpg,Iceland,IS,65.654932,-23.255917
f50a9ae34a3e49cda79286dac33fc09f.jpg,United_Kingdom,GB,57.262022,-3.697377
1a1ce7b5facf4db39f51a052afb86d46.jpg,Spain,ES,42.949435,-5.020833
f473b2c975ac4a948d5ad3b5910750e1.jpg,Finland,FI,62.414786,29.889803
7960ce176849463ba6fed1e701e989f3.jpg,Spain,ES,38.436571,-6.38455
b11d2bf855fd4805948f9ebd840da05f.jpg,Spain,ES,36.77177,-4.109204
30d890459cb549dc83e4018af9ea6b31.jpg,Italy,IT,40.812202,16.948355
aa2e37bd8af744b09440b1f896107a68.jpg,Iceland,IS,64.617261,-22.050875
f2477f12a88148438aba37086747e300.jpg,Sweden,SE,63.44018,19.666109
a52d0a3ff2af4044bca62d8d8db06021.jpg,Poland,PL,53.41582,19.552727
728a19b9f3f04ca29385872a359e36cb.jpg,Belarus,BY,52.278699,31.08658
8be940fac098467d8f0fcad9e80a5836.jpg,Iceland,IS,63.472723,-18.580568
ad8a6dfe2f3e4c2d9401497e28484341.jpg,United_Kingdom,GB,55.68122,-4.30114
7cf4673616904072908f4d4e2cf5a14c.jpg,Germany,DE,47.930142,8.378795
5db52c01edb0470b8e77d4a9de7a6d30.jpg,France,FR,48.498506,-4.538353
01e3915d80cb4799942e0d86839d45b5.jpg,Norway,NO,70.176525,23.895657
42f4d48d87d3490c9ed78c5c863aac64.jpg,Italy,IT,40.97467,9.118454
027ecf3cb22b43458e094200e1e8dfeb.jpg,Spain,ES,42.546068,-6.545819
d188404c308f4fe5a38b475aa0e71731.jpg,Italy,IT,40.66264,18.011801
719d021e420d4118a057627f0a5c8eb0.jpg,Italy,IT,38.18974,13.122771
8e151cdf8c2241fba35419184751b86c.jpg,Turkey,TR,41.546265,32.23254
adbb1d31331446f3a7b36658dc1e4e44.jpg,Spain,ES,42.95604,-7.530611
b607128792d447bdab5d0839e1c4dbb6.jpg,United_Kingdom,GB,56.218678,-5.541628
b006abc20dfb474f8f260a69d6bb91e1.jpg,Turkey,TR,37.571273,41.382193
496b604f6e27476f85854596e76e2feb.jpg,Iceland,IS,65.288631,-21.748123
1b7e2ecdf4ff4b2287b67212daaef6f6.jpg,Poland,PL,51.005699,17.185646
9717df7aa94b4c1c85959223c18d7244.jpg,Poland,PL,54.164718,22.931409
9b9df287044e4640a2ad8ed867fad478.jpg,Finland,FI,61.898763,29.807378
a8379a0f089e4fc691068e8cdba05e06.jpg,Spain,ES,36.713366,-4.327232
b67f7d7396244e81b3711a4fc94cbc50.jpg,Belarus,BY,53.731438,30.457817
b2e55f84df1f4b4f90949eac615e1748.jpg,Sweden,SE,64.211284,18.842825
3bb7fcd162dc431791242c6a2d9736e4.jpg,Poland,PL,52.293588,16.743928
7ad2794fd7294302900ee5b7589c771c.jpg,France,FR,50.796974,2.746503
485df52b84dd4fd690d7ef1c95a74fd7.jpg,United_Kingdom,GB,53.762108,-0.616057
7dbdeac43360449589d44d8268f5cf2c.jpg,Belarus,BY,53.342035,29.578723
5aa4730b9f2c4ab7b908815233f9a173.jpg,Poland,PL,53.541907,23.698013
777bbd9abdec4ade92cc640c985e854d.jpg,Finland,FI,64.70118,24.817844
614038715f414488a5e23ad13a02613b.jpg,United_Kingdom,GB,55.521598,-1.993641
2218e7860f2842e8ae2dda0c0bf6ff49.jpg,Belarus,BY,53.743533,27.689026
6cf2ffd17af240ef9b59f97b2e9f6b98.jpg,Italy,IT,42.451735,14.217065
f64b67f3e502411e97d4bed1b1c35690.jpg,Norway,NO,68.33597,16.741079
ea0e6bd458024e07bc52e4a16d2ee1bc.jpg,Germany,DE,52.632934,13.240766
abbe97b3ece547eeb7a065db66730ed7.jpg,Turkey,TR,37.248504,32.212408
c84c661b4e7043a1a6b23d3f31d58c25.jpg,Germany,DE,49.560805,10.863148
6522adc618a546e88e0a0cb7648cf1d2.jpg,Germany,DE,47.744201,9.66889
50c533fb0fa047cfa65d32bbbaa796dc.jpg,Belarus,BY,51.705636,30.350234
4a90364b7c9c4409b922e3ab4d822d71.jpg,Turkey,TR,37.836392,40.637244
2906ee2314d041d5ac049e3e2a661d6b.jpg,Italy,IT,40.90686,9.381842
f8b6e2a89db2485b925e5cf21b20b949.jpg,Norway,NO,70.028394,29.130995
68ed61642bbc4bbca17551a95cce8dee.jpg,Iceland,IS,65.377373,-14.761636
ef95d45cc0d54169a51bd83951185ff9.jpg,Belarus,BY,55.273471,29.700741
95b15ac04be5461092e545d4b478e969.jpg,Germany,DE,53.439128,12.340412
e4112e3764654322aed5ab05429b6dac.jpg,Poland,PL,52.65959,21.578185
ce68f7e6f21647b392eeab74a5cec2b8.jpg,Turkey,TR,39.175755,27.85073
91361d087e16430fa1b6d2ff1ea37091.jpg,Finland,FI,62.495581,26.879078
ba187f703e0849dba394751cb4b3fd7b.jpg,Poland,PL,53.434827,19.342615
4934342aa7f44b8c92b5ec6eca0374f9.jpg,United_Kingdom,GB,50.199801,-5.534756
2a4db8adbb174f2e88f43b59bc02e2ee.jpg,Finland,FI,67.088727,26.615216
9695936f866c47fba8af03b5fd4bcb47.jpg,Norway,NO,61.105746,9.109536
0dd289bf834a456797b665980a7915f7.jpg,France,FR,47.969257,2.169446
abef441737774d10baf3fa645633dfa8.jpg,France,FR,43.019473,1.963161
57ec9f1f344148ca8e82a47294d5ee3a.jpg,Turkey,TR,38.190585,34.201296
c5391861dd1e4f5aada14fdbf6f3e1c9.jpg,Sweden,SE,59.154464,15.448828
be67d6b28e2c41adb21d8277d81bcb25.jpg,Germany,DE,50.787061,9.022452
c6f1b725e00c42f9b1a79bf8b33b1015.jpg,Sweden,SE,57.552011,11.966775
82ccc41c692146ff922bea2b6668b80c.jpg,Belarus,BY,54.632033,30.506119
f033f10bc9524ac69a1ab80b8242f64d.jpg,France,FR,47.554581,3.411008
7a685cce8af74e9e8ffd406d5193e7c6.jpg,Iceland,IS,65.611402,-22.802872
252b3721e033410587754e85faee1b8d.jpg,Spain,ES,43.343123,-8.304673
e1211d52cc0444029d793bddfe18407c.jpg,France,FR,45.182423,0.181173
c8ead7e09916423a8b07e45c3ded3eae.jpg,Iceland,IS,63.82463,-22.665153
cdb8b0d702654d66a4fd96dc603d2928.jpg,Norway,NO,58.381661,6.110735
b95e9b30711d42a2856820f00f51c1a3.jpg,United_Kingdom,GB,55.211707,-4.847982
4f43068ce2024b6fb2f8700ba72fd3cd.jpg,Germany,DE,48.473161,8.763011
4b7f8baf36334d458a6fbcf6ea749957.jpg,Germany,DE,52.265965,7.500516
12eb4db964fa41d4a8a0091676b39ba3.jpg,United_Kingdom,GB,51.905591,-5.063963
6b878ee4a04c4d8293be246f956cddb7.jpg,Poland,PL,53.489522,14.243927
3598520c6d8f49bf8172785e0fd57e23.jpg,Germany,DE,51.551537,8.737811
3f28858110244577bb814000acc401bc.jpg,Germany,DE,51.849653,6.657076
79fba7c9c88c41859e57cc65b306d111.jpg,Spain,ES,28.107236,-14.387761
c200b4ba9aad44a6abee49ea7058769b.jpg,United_Kingdom,GB,57.305901,-6.220845
e43b4714e4344ee7bdb74cdd0d3fff4d.jpg,Sweden,SE,60.343566,16.891008
e17aaad0d1bb41259ee8d0d6ddacec5b.jpg,Finland,FI,64.324033,28.137822
6e2545effa424bc3b49595928eb9e554.jpg,Finland,FI,62.16148,30.060976
072574beafb3476ca6705a9cf3f2cc7f.jpg,Finland,FI,62.145001,28.526011
8aba23594d7641a0bd28ffe5e2646539.jpg,Italy,IT,42.592251,12.303031
f603c6e0b3644972b1cb7324c467e238.jpg,Finland,FI,66.999972,25.217886
d96066ccdab94cffb263a6fb5662f450.jpg,France,FR,45.037651,-0.739115
85775e1b87e84ef7bfad965306cec7d9.jpg,United_Kingdom,GB,51.926585,-1.162863
684b1e5f97ae4cc392151e78f5fc02ac.jpg,United_Kingdom,GB,54.150958,-0.717171
1e12ae57e3e04008a2afd408b4d28ef6.jpg,Spain,ES,41.188478,-4.449763
e9a8a530831843e08758b8b72ba84e83.jpg,Spain,ES,39.986563,4.004188
ae3f285d33c141f091ebd9e7c7676a9b.jpg,France,FR,48.90494,7.70726
ee34f24a86724ec8a1b9f33b33677237.jpg,Poland,PL,50.195557,19.791221
5e178412320347879435494d64d9fc2b.jpg,Iceland,IS,65.780336,-18.235269
f952a0a69ec9445db5921fe2ae84c252.jpg,Poland,PL,53.109285,20.695099
97237497b3a84fc3854c2e08415e4190.jpg,Spain,ES,42.421361,0.013808
4199f5f7cc1c4a919f5083af9d0894a4.jpg,United_Kingdom,GB,58.494548,-6.233358
8796b176059f45f2b1cd1b042c3fc8b4.jpg,Italy,IT,41.836047,12.798332
69508d0a34d54f53979784abe09ca18f.jpg,Sweden,SE,67.051946,20.112081
0e51f7adc09f4118a7f328ecd0f4dd0e.jpg,Italy,IT,40.977626,14.846478
82740c461bde4e8d9167d795ebb1213b.jpg,Finland,FI,62.450594,26.811532
680af7e03b734a0db2d4b7f5706d7007.jpg,Turkey,TR,40.587531,30.325543
b97db2133d3d42f78d6f74f3a5274cc2.jpg,Sweden,SE,61.658569,13.177434
9e8083f93e34424b8937833d3cd48cf3.jpg,Sweden,SE,66.027988,21.0946
8e2c56d3283b48d5953f490838568ef3.jpg,Belarus,BY,52.149481,27.890113
776a06a1f2bd42eaaf109bf778defec2.jpg,France,FR,47.444971,0.47852
b43785dbbb594c70be4507107aeab151.jpg,Spain,ES,39.396212,2.969453
68f9e19a7e7b4f1d90815ec7266b38c3.jpg,Iceland,IS,64.747057,-23.816201
95cd286154e64122bd8148d2eab28703.jpg,France,FR,48.24428,-1.699972
f6cff2354ecf42e793d3fe3b3390575a.jpg,Germany,DE,49.883692,6.618844
2e053b1119364817803a410fedad8577.jpg,Finland,FI,64.83527,27.790714
e82ea2b937f740ba9a2c9a174705a9aa.jpg,Germany,DE,49.853634,8.577605
20541a7086724b29b73aaa0047d98880.jpg,Sweden,SE,67.335576,22.583154
8783934d122f4199922435df56319ea7.jpg,Iceland,IS,64.815584,-23.955016
69fc8d6663fd474bb9ea6f518a1f3d62.jpg,Turkey,TR,37.753412,27.272156
4694feb77bce421bbb866b3bb6bfb932.jpg,France,FR,44.887437,-0.667241
3ba41cf360b1450b9a27d6d5c4a09c99.jpg,Sweden,SE,58.265134,13.471541
5eef8acc6273406d9f1f7eebd5b22230.jpg,Norway,NO,69.633589,17.995253
cfb4e82153d841aabe4285f27799213c.jpg,Turkey,TR,39.160735,31.809945
48e7cec559e84b6399a60f72e00b995e.jpg,Italy,IT,42.57131,14.099177
67fc95c07ef240f4b73c02bc511b355c.jpg,Spain,ES,38.412792,-0.633893
bb0805cf525c4d58800556573c26b911.jpg,Norway,NO,70.316104,24.220235
bc2b5821c3a2433ab7b7cbf10efee1e9.jpg,Spain,ES,39.612311,2.646076
c1ca5b45adfb467cbd8f9731b698f0a2.jpg,Poland,PL,51.397263,21.517702
15ae0f1a290d4d7295ff57c5f8f20660.jpg,Belarus,BY,52.219565,28.526037
d9ba96a641624561901992c1f22977f1.jpg,Belarus,BY,53.917087,25.845466
9fcc7c33ff8e449b8de5336f149a7784.jpg,Italy,IT,41.72187,13.012273
7774988a36c846acbc6089e4369be4b0.jpg,Belarus,BY,52.845918,29.36257
c442f527b19247fea841a6fdedf7a93a.jpg,Turkey,TR,38.202983,41.098718
52111cd279914947bee675c78501b5bb.jpg,Italy,IT,41.930916,15.075948
72284cfcad2c44c2b914457565ba9d1a.jpg,Sweden,SE,55.713087,14.080967
65743ea4e2584b2bba13e6e570d63268.jpg,United_Kingdom,GB,57.477558,-4.047267
d9e554220cef4d4fa79a33cff2bbc3a1.jpg,Belarus,BY,51.697883,30.346838
e13ccba33ce243f98cf2869ab0856e38.jpg,Italy,IT,43.998848,8.051325
6433b2e0d66747d79a97438bce3edfd3.jpg,Spain,ES,40.765362,0.561859
b3aa3821a15e46709103f2275f09d028.jpg,Sweden,SE,65.356283,19.485203
53a54e7a07ef46e19c0a1a91aa457af9.jpg,United_Kingdom,GB,51.128059,-1.134947
343d287fcc2a44c395fe06816cb27e07.jpg,United_Kingdom,GB,56.859958,-4.707092
7333223877424f71a5bf5d0f2367d95f.jpg,France,FR,43.513348,-1.090258
9fbb966e7e48489a904c01d1ac3e93c6.jpg,Spain,ES,28.723323,-17.785369
47c85fcafe5e43b58e7c594c741c3818.jpg,Norway,NO,69.611702,18.938097
7b1d2f33c98a41f19485719165678dfe.jpg,Turkey,TR,36.915397,31.133254
dc532460533540d586bdd41d8cc981c6.jpg,Finland,FI,67.996322,25.181564
a17c60cbf4cd4cda831d00678eb5e583.jpg,France,FR,45.366231,-1.052541
65e22f9b309b4eb6ba4b780fb5c00f24.jpg,Turkey,TR,39.889285,33.672381
e114b6f98ea54d94aebbb68543340c91.jpg,Spain,ES,36.713784,-4.274085
35bd8a669e244c4796b22d2e467c5363.jpg,Norway,NO,66.314795,14.043827
38dc96fd9d7a4dc98fe106668df1ab95.jpg,Spain,ES,36.469184,-5.861424
36039dba168e49efba1967f328c17411.jpg,Germany,DE,52.535197,12.757741
31dcc9e61f854a949e1edd7c77169387.jpg,Belarus,BY,52.577014,30.504958
bc526d0ac5e84e4094f771b9acedb07d.jpg,United_Kingdom,GB,54.456937,-3.557871
5ff3efdc318746749a095d3ef1c304b6.jpg,Belarus,BY,54.525636,30.160792
7981e3c386e749aa8a2ad5323176f1cc.jpg,United_Kingdom,GB,55.956675,-3.928757
23541eb6cba6443e80d96530c23cdb4f.jpg,United_Kingdom,GB,55.778002,-3.531607
2136ec460b8f4de59abfc082d775e1ad.jpg,Iceland,IS,64.122379,-16.073219
35aac1a9a3294a27b9e5fa915cfada60.jpg,Germany,DE,52.475422,13.828399
c251123b36c248688120cf4d9a16d570.jpg,France,FR,48.577364,-4.510391
6a3a0732f3034a13b3a9a43e65e47a53.jpg,Finland,FI,64.827373,27.802288
32ae689a4c90437b897cc36475034f46.jpg,Iceland,IS,64.620365,-22.051724
56fd4d4be13e489b98f6169fced3821b.jpg,Finland,FI,64.16725,28.545896
e3afab998ec34824b8ab258c3164ee15.jpg,United_Kingdom,GB,54.938986,-3.998698
a5f115899dd641f9a433016f980a3e2b.jpg,Poland,PL,50.024387,18.58598
152dc4ab352f4843a3150001026ef525.jpg,United_Kingdom,GB,52.413651,0.723316
68c2bf605bf241ec9e26678f7405306a.jpg,Poland,PL,50.574659,18.525898
f5562fa3f2ac4fe5b580f8a3a9815c6f.jpg,Spain,ES,37.950606,-3.533241
14e5cab3aad84a89b802472c25af3b93.jpg,Finland,FI,65.515081,26.775105
838bec7a3d8043ee9278d276092e1204.jpg,Finland,FI,65.823742,29.257103
006d6770631844dfb8430961c13f069d.jpg,Finland,FI,63.630349,25.785498
2536e421be06418dab7e4fc6d33dffc0.jpg,Italy,IT,46.029136,13.147041
642f37f17b714353a819956e40fcc93b.jpg,Spain,ES,41.809055,-0.713363
f2ae07e74fdf4975897af3b48bd1f7a3.jpg,Italy,IT,40.33384,16.799942
35b150e312e9463e8280da6e96bb0890.jpg,Finland,FI,60.979188,23.63445
0fdfea930cfb4a079c530c39e6d79b81.jpg,United_Kingdom,GB,55.528783,-3.77206
23032ce3bbb24e62aa15233b988c9a6a.jpg,Spain,ES,41.973599,3.028578
f191ad0259e6438db8bd4e38aff9c67e.jpg,Belarus,BY,53.672121,26.905508
3efcb300ba874863807058d2821fc56c.jpg,United_Kingdom,GB,58.504177,-4.509209
e4d61d5690464df69f3bcd56d48b158d.jpg,Italy,IT,42.188566,13.499189
f4be259322c04f5880d1ec65c12bc5bc.jpg,Turkey,TR,40.230732,36.53245
bb2662e79f46496e8338b68e21033cb0.jpg,Iceland,IS,65.666484,-20.705522
732164230f1440e19bf10b883c5d3e25.jpg,Finland,FI,65.415062,25.385858
10bfedfa5087421d929a6fc21528821c.jpg,Norway,NO,64.403577,14.346337
4b21bc3c8d0c4254ad6a34269f3b12f1.jpg,Sweden,SE,56.755647,13.6788
932c36c4532740c89e8ef9db918fd4ff.jpg,Spain,ES,37.420785,-5.912494
0c924f7cc1bf410c9cdcaef19d508b0d.jpg,United_Kingdom,GB,58.485889,-4.869899
9df1c3de302d4aa19bb86527d565a2ce.jpg,Italy,IT,44.510793,8.30105
fde8c8d39bfa423e85374e84eab8f496.jpg,Turkey,TR,37.831982,40.279989
120682ff1427405d874693dd89e3375f.jpg,Poland,PL,51.386758,21.629585
12e3964343dc4d8b990bc018608051c2.jpg,France,FR,46.388097,3.885522
6138bd75c01a4ccaa62b1207f65ade43.jpg,Poland,PL,51.310961,15.575394
e9baff56708f45f0b5c5c4a941a7ef16.jpg,Sweden,SE,60.185555,17.895909
bf2a33be4ca9496ba721437c94d6a5bf.jpg,Finland,FI,64.149102,28.25491
8a4a8a19ddf647beb2b94d632be8a2ce.jpg,Spain,ES,41.658411,-3.485947
710ff5b811054213a9ed5cd960c24e36.jpg,Poland,PL,50.686864,20.293262
25b172f11f224018b9c9843120c5ddee.jpg,Italy,IT,40.727946,14.48881
ae06448e2401459792af9f59ae4bb2df.jpg,Finland,FI,65.392206,27.197451
d8daf6fee1e84f6c98ffe778aa3aa12a.jpg,Iceland,IS,63.633781,-18.432228
f996d74ed68a4ee0873c49c46fe53342.jpg,Finland,FI,62.620257,29.490619
e7acb65a2c6b4124afb49b333316efa3.jpg,Germany,DE,53.481228,12.38138
ded8c2fc335c4d45888542e0b18a23a0.jpg,Sweden,SE,64.111877,19.328535
486cf662aeea4a679040ff0e467e5c6b.jpg,France,FR,48.387623,-4.761936
0e4c3f605f5847949a5a548530eef768.jpg,Finland,FI,63.017775,29.71258
12a42b086d2a483392ec3a8f103f456f.jpg,Norway,NO,58.895161,9.279777
835ebaa823174d508c33f00d0d29f067.jpg,Poland,PL,52.669271,16.906546
a7132e50c04a42d193bd3972bb06ab85.jpg,United_Kingdom,GB,51.430748,-0.556247
b30816ede53f40eb83aa69d88e1396eb.jpg,Finland,FI,64.887844,27.630516
32d080b4d96e4880912f76d509a59783.jpg,France,FR,48.33665,-4.753852
8866d39d52324b44bdb9ac5ea9acb0c5.jpg,France,FR,44.639475,-1.116209
f4e0a0c92e314c898ad5fd2311452596.jpg,Turkey,TR,41.092541,36.098883
a066f035137b4cc4adc798e4266c46d4.jpg,Turkey,TR,38.005073,27.428243
599c9f4e0ae9445b9b86bad03d3f027d.jpg,France,FR,47.969539,2.282805
f501d96469e247499f6e2b922bbd4eaa.jpg,United_Kingdom,GB,58.565857,-4.740571
97e0eb1ab62541d6aec1141b0cd77723.jpg,Norway,NO,62.54223,6.125243
3100179f3a2e4faf841e5b109a8dc21d.jpg,Sweden,SE,61.642555,14.803993
648651894e0d4f2e94fb0292f60f432b.jpg,Sweden,SE,59.174011,16.574551
72bc43668c2e44b998cd67a993942740.jpg,Norway,NO,61.400907,8.808536
719f15340532489bbb305c7cc3d2e25f.jpg,France,FR,42.552534,9.460755
0394061466c844b88b9a45bad423f525.jpg,Italy,IT,43.579006,13.517528
4e84ada1e5f548998c9fd37cd4ed42f7.jpg,Germany,DE,48.754269,12.987729
a821b52ad7cf45039c1f18941875f2b2.jpg,Finland,FI,60.751928,23.429168
63d5c2a6ef434bc381b84dc6c23b0913.jpg,Italy,IT,45.165376,10.174545
e1c406bb8aad4b9bbba1451772d0835c.jpg,Finland,FI,62.326128,26.948462
