filename,pred_lat,pred_lng
001fae9d954344049b876cebe6722280.jpg,62.13344,19.623112
00222ef1c8184c88beccad680e7191a0.jpg,43.99431,1.836503
0027a46dccf74e929dd3f37758ac103c.jpg,50.948624,12.305534
00389c33503843e0bc58e7968edced1d.jpg,64.38718,24.091284
0054cf7ba4b249c19241861fe458c5ac.jpg,37.969788,41.300545
005a14f39b084283ad0fc2719f2bcbcd.jpg,53.604176,27.983091
005b92002b334208a093c64b72a6f050.jpg,49.243973,8.775681
00600be822c549c8af39f1f5b5ede3f9.jpg,67.80244,20.573118
00a389ef8cdf4a099975c92f5a13422b.jpg,47.351856,3.043886
00c9d136add74973ab3c6404ffa434f0.jpg,52.12022,26.027363
010f3568ddb44b0982a3075b43d9b440.jpg,52.66737,17.652346
011f3eeea027469d89e4f00665769d78.jpg,52.59526,28.203835
0158bcbd60da40c4917aa2420aa634ba.jpg,49.20002,3.815738
015c78502d9947e08fb60e599669f4fa.jpg,51.105038,10.220185
01629cbcd65e44eab22002e5b14b6548.jpg,48.53596,17.704386
01763de348364d1fbc579146df97d37b.jpg,64.13569,-15.930014
017dcb831cfc4a9882940697888d0ced.jpg,52.730675,12.484361
019be938f1a0455391c20b98f6572499.jpg,65.64655,-16.843704
01c4f0fa97f04783a3211a6de2c23e73.jpg,37.506596,-3.820927
01d25cf1ee5e4830aaeb6074205ad62a.jpg,53.48643,0.117329
01ed23a01df94ef0844e8b2fa331c129.jpg,46.770126,3.381338
01f3b2d2ea3b47b9bca965a88d83eac0.jpg,57.18096,6.475506
02084e36bc444ef39c31e5948701b1c4.jpg,63.857853,-17.218023
020abdf2c3e745a5b90bfd47d8b501cd.jpg,39.197113,9.933379
02396ad84a354364a48904bcd95f5892.jpg,41.40597,24.710978
027ac7c887664ffea1f4a1fc3220b291.jpg,51.687183,7.27962
0281d1f979db48e59b67476e0da95e84.jpg,64.30684,15.66052
02b5f7fd8597422da833262fcdf45133.jpg,52.54626,28.203705
02c266dc9ab544118b1dd84a59573848.jpg,41.834892,10.562325
02cfb3b2ae52430e9d6f2509958a8362.jpg,60.03359,18.71072
03037f65db5c40229e4a5e0c73c9a4c9.jpg,45.24732,12.083922
03085b4a390f49b1bbe5fd33a9d54fab.jpg,57.8388,-4.105704
032de27479144290872ebe1c8ecad565.jpg,54.75578,29.137398
0330096bbcf54b5ebcd1de0742b4074c.jpg,59.00919,-4.254364
0334589dd76a41a8bede99449407e309.jpg,58.769527,17.507097
037a3d3307cc48f1aedd3a47ddc879bc.jpg,53.143135,5.380514
039327fb6356427985c851ee92719f18.jpg,62.13199,15.014145
039a4c0b623f4e8185029fb3f9866add.jpg,50.640575,-3.908155
03cc82a39824455db366010f9d112f61.jpg,45.558426,8.25339
03d919f497eb487a9e25a27ca30f2d91.jpg,37.993904,40.245235
03fbaf0fcede4ea9aaacbb50a55a4d42.jpg,38.85353,32.970905
041fe0bb00d44f4b80ef5dd4dfd8b737.jpg,47.397823,8.894652
0449d499f8844256b20b6d0cedf307b5.jpg,64.95404,-14.090203
0477125874354cf485541b2339ca588f.jpg,62.46371,6.140436
04fe9d8d9b504dcab6c55bf76b3db4db.jpg,52.895954,30.07192
05170958f1e54c7fbc02d5ceb9653671.jpg,60.94636,8.04153
05291c9478524b70ac38889b36cd5d11.jpg,48.77728,6.985425
055489f8e5cb4ea9b7e4570c4e22e857.jpg,47.98918,17.777712
0557ca61379d43dd812e5775422c23bb.jpg,36.452274,29.45568
056f44a7c71f4491af64396f932cdf77.jpg,45.427505,22.980627
059d0b5017b948109e94df1fcceb14a3.jpg,62.309628,29.865932
05aefc0ae7904acb93003092f57b9c7d.jpg,53.902786,3.080477
05c853aef97a4e9caeb3266643564968.jpg,65.53927,-23.254465
05d5a304941b416b836917fde606d0fc.jpg,46.520706,-1.270736
061c315f556d4c32b19bb6227161c931.jpg,68.39383,23.499376
062b12213fe745c3805f9c2d44f2e16c.jpg,48.589306,14.860399
06345666b32242269cd3712f2b6965b4.jpg,42.999336,10.604544
06411cf3183b455eae932245371997f1.jpg,52.412025,28.07308
06ada4f3175a473c800ec8c7c4e2558f.jpg,42.264988,19.57652
06cc722a9ca84af889604e2be2603e7b.jpg,47.549774,8.817876
06fc5839af1246da863db06b6fd1f071.jpg,57.61435,7.445015
0717e95cbd394dedba23da6590b5b9ec.jpg,52.206875,11.677424
0729960565b04ff8aecf6acfa3daffb1.jpg,65.98689,24.635654
073e9ca6d23741d7bf270cffb5fb056a.jpg,32.758705,-7.888834
074041e9efe241d3bc9cc049637c126a.jpg,61.75623,14.181438
0759c887f49e4e9d8835da0a5cf296fd.jpg,65.909485,19.690886
0768a5db598c4bc5959872f483d0b7e6.jpg,41.962646,27.16912
076b8a6ef1554a188da9d2e68b0eef57.jpg,53.614986,29.209192
07bdda5d0a414396995078b24aefe1ac.jpg,65.66164,-19.420855
07d372d78fb44e3f82a00d4ae76401d3.jpg,70.321915,2.791791
07ec8c55ce0c44b9958bc1f1f63de81c.jpg,64.347115,-15.443913
07f6957757414b959e2738d4f99f1ca3.jpg,62.34781,22.719719
083cfbd8207e48c49ca113114adf272d.jpg,49.044575,6.91976
08690ead2bb44f99875f736fa2860edd.jpg,62.07778,29.725286
087afc88e7ed4940b546a888fbc3dcfc.jpg,65.471855,-14.592916
08c494f084db41c7967e486f43da3a25.jpg,63.89236,-8.277787
08cbefd210f34870b3ca2ddf920ca651.jpg,40.41199,9.141683
08e0525962e5485ba3c0af0517451fd2.jpg,47.809837,11.249976
08f195bdc639487788d98e6a05315af1.jpg,50.129715,-5.373481
090ba2c8d1fd4a28bed96de0a8b4e0f0.jpg,46.511272,3.218677
090c2f749fcd4de8a6310bd8503b0d72.jpg,59.274788,22.265999
0916812418ad47118dfb3ba5dc35f67f.jpg,55.108795,5.67347
094522cd2a844ff8b502fcef5be678c4.jpg,51.815,6.534014
09581fd6287b4ee79f1e34804177bb30.jpg,42.787422,10.712576
0962b455162a4f43a96b1369a8afe888.jpg,52.695328,19.840021
09a550cf7ad54054964f70fc6d7ad281.jpg,62.18624,17.279144
09d94ac984cb4d23b0d219c8a94dc218.jpg,40.67029,5.645937
0a3d28adb7c04d3992a29215682fa886.jpg,49.64224,25.275526
0a4e979901d24c4aacfdfe4b10376c66.jpg,55.207245,30.270023
0a6c12a1c9384f32bc766060efab0007.jpg,49.941357,13.556313
0a7f526f7a3948b283573a48ceb02ff7.jpg,63.863186,-22.428804
0a812f28cef84df4ac17faf7d766d675.jpg,50.830635,11.382043
0a8f2b68d28643a599f1d30d15c7a7a2.jpg,59.866756,-0.41468
0a9ccd0a79d045d8ab26d16d8612a303.jpg,55.899704,15.413416
0aae83928ec84609bbbee10139286a74.jpg,48.465366,2.958362
0b4e87f260bf4291bb1ab87f679d8d5a.jpg,65.82926,28.868444
0b50961322c54b35817632a635de66b6.jpg,61.96936,25.662813
0b63026ca90d4518825008bf5274e386.jpg,47.139168,-4.48954
0b671b5673804fc1b5c37ba5ad963911.jpg,44.607853,10.088329
0b67709695904832a5b6c83f97c41bb6.jpg,39.432636,3.126364
0bcf972e91264e2bad8d2ab61dbffd46.jpg,38.08122,41.815125
0be7ba2a5c524e19b735949402c0a512.jpg,65.658134,-18.564014
0c1be408c37e41ea840b262046cef492.jpg,55.033882,6.105424
0c1c0d4d5a4748c590775862b5a83f6c.jpg,52.124157,15.282756
0c1db76f89b440edb939866a2596b7dd.jpg,53.22344,18.987673
0c23de7455ad4136bd0f83e2d187ffa2.jpg,50.679985,10.054665
0c3e1b48c7854dbf860b9c5c86c5a098.jpg,47.159554,17.943865
0c5b385403094c7a93c03b840188863c.jpg,57.06759,18.29634
0c5e61431ce34eea9417c54b12022b51.jpg,58.511303,-4.665378
0c741a5c5f13448ca608c5de87dd6aa8.jpg,53.258736,13.652024
0ced55bbce5e45cc9a2afc83116be543.jpg,50.900803,25.072096
0cfbea8ad9d54210800a5cda19199a9d.jpg,58.016518,17.665886
0d298cb27bca44858ef0ed4d4d7faa11.jpg,52.79022,13.031608
0d7b1e5158e443baa5007a61d5708dbb.jpg,52.063847,16.292686
0daa52205550481bbcad2817de2f3a20.jpg,57.13339,17.975163
0dbba1387c0448b389f6a4f06c1e4d99.jpg,47.414646,2.181305
0dbe29871c504729a59d93031bbef69f.jpg,52.553314,27.320139
0dc05fc1b6204fdc99354446b9a27a0c.jpg,47.462753,18.480196
0deaa5ebdaa14c1da37f06c02eeab4c6.jpg,65.696106,-22.090527
0deb5287015c432f9b5c8426febf30ae.jpg,40.13818,15.91962
0e05388acfb245eb9e578f81ca37462f.jpg,30.57582,-13.78584
0e5a18b486d340888ac53fae0cb8ec12.jpg,48.6498,-2.034963
0e993de5391e43d1ae8a18a30c12da4f.jpg,39.466095,30.798025
0ea410759f4241028a09d0405e5021c5.jpg,63.84522,-22.353983
0ec7bb1024074090afa2e13f1ee307c3.jpg,36.358402,33.510086
0ecb284cf7644d598d47eb599d696343.jpg,53.61693,24.679869
0ed5c22b6d66442b99d342e9e6d284da.jpg,65.08243,-20.88205
0eebf290999e40d4b75d59436eebf2c0.jpg,50.3003,10.365699
0ef72e980626451e92ab890ac25c8586.jpg,48.08515,13.968806
0f68180f1be54bcd8fb861f2970ebcfd.jpg,59.890987,16.182014
0f6e8f343131431598b3f3dd85aa3f78.jpg,62.970535,9.552612
0f6fc96a9dbb4a3cad31b4de02f6c69b.jpg,40.701077,8.66218
0f985b710d914f6a8ee79f876c92075c.jpg,65.78181,-18.618624
0f9ae4069b1045c99e3ef9d6669d29a7.jpg,65.01138,15.696344
0fb83e4a8758479f87d2e59b14db5fa7.jpg,60.335182,21.72193
0fd9b0624568477d80c5e3ea3cfb7c81.jpg,63.98443,-18.783895
0ff07427790b4c3eb72ad69586acc55a.jpg,64.35002,20.01069
0ff31ff02f9c489499211477133383fb.jpg,57.875687,15.725499
100044a51e8c4a2e9c24d426d0129723.jpg,57.061226,14.83969
1006be21453240a2a60e2243f056fc2a.jpg,44.469093,27.42685
10078b8f4d724def8483dfcd24f2ca54.jpg,48.59312,15.390954
100fb18966e0471383b4bcebe60a4675.jpg,64.45407,-14.570905
10128a081c924521be3c75d6d82b9594.jpg,52.613144,8.352918
10a77d126c53479e8117fde7b7cca9b2.jpg,65.6878,-20.882687
10ac35d5d7824ccbb24d80e8759c4808.jpg,47.751183,13.204015
10bb8b5b99924f139a30778198a63e32.jpg,65.34162,-16.169737
10c6ed5e1d7b442ea4139baf21f98f4e.jpg,51.207935,10.255939
10d5a007f7ab4f7ab8f478f46f67625d.jpg,64.70838,25.576094
10df78ca701f40909b96accdb639335c.jpg,42.193428,8.994423
10e68aafd0104b43ad63616f630b44f5.jpg,40.447876,43.318485
10ec204f15a04a0ba6b61b5ae22eaea7.jpg,64.80547,-23.889063
116a0ded16464817a6d864b85401519a.jpg,52.35115,13.643171
11932e6f3cae4ac196700d66855c6f4a.jpg,48.133053,12.213172
1199f22696bc4730add048e8f8d17137.jpg,51.754612,20.352295
11a1f6d9d18c4e748c9e88f4208f20f3.jpg,48.627483,2.560378
11b84d06db4a4844a013523f64d089ed.jpg,53.235542,30.47508
11e61e0ba68f4f52a18abf56e5c91670.jpg,40.62583,13.389505
12043e8621b84e94826be6fca8d599c5.jpg,65.53058,-18.693075
1208ef47d28040d995d4201b02340b3f.jpg,50.856556,10.578892
123339235aee408e97a0742ee22847ae.jpg,53.125744,27.651924
1277855e8e7e440fb0526c6d2af4b34b.jpg,56.326355,-4.88071
1279b824da6744199d3e1dc54727b2d7.jpg,55.63708,11.502003
128b3ab720794fbf90462a0d3363b6c8.jpg,42.379513,28.931787
129cc40d356c4c3c8b9f8576fc62c21d.jpg,48.6166,9.017831
12c32366f60d4d86b0556f1be69d88b6.jpg,53.82427,6.264067
12fc0cc0a81640a89d93e2c4993fd21c.jpg,52.260033,8.980726
130bae4862f74afdbb3c39cd077a22fb.jpg,62.909283,-14.139527
1358071ca3c24cb1a63386eb9bf2772e.jpg,48.058067,7.006126
1368f427c46b42e397de45f201b0165b.jpg,51.698517,30.36299
1371e01a1b5e4fef991828df2a362435.jpg,53.426502,18.084146
13a0290d603948c1bc9a41ef600c1c28.jpg,42.443638,11.909822
13b68032ce204b9f8bb4bd9e1c83839e.jpg,39.045174,-4.127862
13c448bab92848cd8b2635491a2341ef.jpg,41.229824,13.938099
13c716a91036452d959ad9ed5ef2731a.jpg,39.240536,16.550877
13c7eeae250a45a780e1a18c8b621bd9.jpg,58.957096,-5.410094
13d2eaade841401d90917003b81c2c71.jpg,63.65486,-20.111374
140e91b41eee41a0b6559972f29ef9e7.jpg,54.38985,11.539147
144d426896044996b64f15bfe7a36834.jpg,54.268856,26.710081
147426e5a29e42afac7b62928e2bed77.jpg,55.86573,28.650112
147df93cccd746fca71be4aa254c6cca.jpg,39.116753,-3.466288
148d24ed00224accbdb9a656bc7e6bfb.jpg,69.31226,23.91665
149090a6125944ce8949d55ab7e075db.jpg,51.576088,7.466202
149f4461cb684be6a2adc5e5738a004e.jpg,68.42771,24.993671
14b44051df1540d9b318a188ad0ac0b9.jpg,55.911682,11.957503
14bf29334d1a4a1d88aa7b2538029f15.jpg,46.48428,11.670427
14f6f0ce9a67423192d0a082f881b24e.jpg,46.755917,10.190193
14fb1f587dff4ed5a1d23236ff84a58d.jpg,61.08585,23.225348
15110e5dd49444cf913a5be16f99c3b4.jpg,43.224987,1.453233
15241fc1cf6f43cb819703d896e59697.jpg,52.475487,9.055091
152aabb3eacd4ea082796a32de2316d3.jpg,52.936005,9.009573
15c2ca62e3744090b18271ead339b526.jpg,49.472298,4.432544
15c56f93f32041c0a795269ebdd7bf84.jpg,40.258453,35.904186
15c5e12a237b4dfb9780aa32fed3468f.jpg,42.500145,16.661413
15ed2649da5641c78ddba43dbe6da0c3.jpg,63.134235,26.378735
15edcd960517495899c84d3554afe819.jpg,59.63832,14.866705
1608c9a475f947f4b4652cadb1d4a61d.jpg,52.828934,15.423905
1635557a63da4874a1b880d53c922e69.jpg,52.645115,19.852707
165826d9416744d4964dcb86d5be2e28.jpg,56.862617,14.497798
165b816865e64decb9530a012e70a63f.jpg,62.265755,29.775505
167eeb94c73a43879f0a4af0d27d5f7a.jpg,45.3431,3.139409
1680cca0e7f843b9b5441d95bfd6a4f2.jpg,52.674286,19.698227
16813cc27bc44030a5c71d75589357b8.jpg,65.4237,27.715899
169074876a394108a2b62122bc69b4e9.jpg,48.696415,20.605099
1691a439f98d4558a1ea243050dfca7b.jpg,65.46415,27.884184
169b4b1104d543809c2a3831e08151c4.jpg,36.09075,-14.069263
16a04019c34743c0a224c23753c25ab1.jpg,52.225983,31.474833
16a2e0df0ca0479db453317e74d6f233.jpg,38.902344,-5.182553
16abeecaa3ce45669d81c935eb7fa8ba.jpg,51.385593,9.982381
16af975c70434700829fc68438f6207a.jpg,66.99703,11.623026
16d3425e60e5494a87cedfbc8eaf5d5b.jpg,39.81643,42.589706
1712cea705a445aa9ed9b5727b2ee1b7.jpg,39.542538,3.176016
171c81cf85e944ceb22943a307532baf.jpg,63.04733,24.911892
17563a4f39a448879a9994de34b5ea35.jpg,64.24678,26.70403
17a806834eb145d79042de66299fbb60.jpg,53.45103,18.594263
181bc529b8044d8c99bcee9433d2a33a.jpg,62.717075,21.78837
182c92e4d9644911ae20f5faa87b5267.jpg,52.510376,10.128249
1880f98d26d04579b1627e80aee42685.jpg,64.83483,-22.979158
18e6e622b9a1431b9f22c8f2c28399cf.jpg,40.756798,9.723689
18fc5e206005438590b1f549e94eaff6.jpg,58.37965,6.124362
1948c5eb4e4c402faeb55ec8e5b81eae.jpg,66.852425,19.29492
195287f0a30c4dc1a4d2a6ba4b4c0945.jpg,52.925472,-3.231794
195ee78eb6f84f4b938a43c9656ff70b.jpg,52.71105,29.38997
1969f062ef0c453c889cb35ee10b2cc2.jpg,44.908184,2.778604
1979ee50f1054b25af055b37a1385173.jpg,65.651596,-22.825464
1982ea930b4848689a0d0edc62b3dd76.jpg,39.926235,-2.678061
19bdcdfb777049b0864450d9a538f693.jpg,53.27731,30.90325
19ca34cf574b44ad8395337299cc7c48.jpg,46.36788,12.748074
1a13abd4f49e4ff4b1baf8e0a7960481.jpg,45.513744,16.935408
1a18f2c228cc415da36c2057cf256662.jpg,52.15529,5.738916
1a21b6b140a74ee3a74024f487c8d533.jpg,54.09072,9.230474
1a31ca862d0a46fbaeffbe2cb74f8584.jpg,51.13138,9.809331
1a341d8199d84ab2a92adc3bf892c8e3.jpg,65.498955,-20.421047
1a404caf55074c47b60ce94bd3610d28.jpg,39.15663,4.252287
1a55091bf3e34fbc88241f9bb6fa2658.jpg,70.27714,24.127953
1a609e320060467b93734f58a89fd623.jpg,45.811085,3.26203
1a6e36118434430fa48f5cc13b168f4d.jpg,50.17541,2.286177
1a9cd4a7c4b34fbba6e1de813fd6eb57.jpg,66.18692,19.861689
1aafe969c7c44d4d96e9ba75590f4078.jpg,51.01975,26.641563
1acc587479fe4743abc6eae02626f7bf.jpg,51.33534,-1.54968
1ad27bb0a8394c68b04a4771b9e80f79.jpg,42.144928,13.944983
1b062113ffbc4e05915290446583690f.jpg,63.314777,16.050741
1b0e686017dc45f3ac52fb89d1795ac1.jpg,59.40108,20.304674
1b4a3954142c44e7a54f3331f9341613.jpg,55.60794,-4.92529
1b74fe810a564cec98abaf936b80c969.jpg,48.928276,21.192057
1b85f86e791d438392859dcc463105ea.jpg,66.12222,20.983055
1b8d7d96f6284e068278ba9da2eefbe0.jpg,65.29893,-17.26046
1ba485d52c114740aa0dde540355f0b6.jpg,42.189663,1.761814
1bea8d320d6a49089aced153beb6fc34.jpg,65.58983,-17.453583
1bec9d25966a4641b29bf3bdfc8c84a5.jpg,52.742752,15.66951
1c4d298f1bdf4634bf6b541e3f4dedfc.jpg,58.386005,12.52196
1c72539987084eba88cc31a487bd676f.jpg,44.231625,-1.113676
1c9163526fcb4020b4ed77eb23213ce5.jpg,40.025143,13.450713
1c92281bf5a24fa696241ff691f46f46.jpg,45.657608,17.173685
1cfc9a46e2fb462896f448be632a1867.jpg,50.80467,2.180878
1d0b6b6d914e45fd93d53a30e147801c.jpg,57.546772,16.072502
1d3d74a6a00e4a5c9687aff0cca703e3.jpg,53.367764,27.283474
1d85ffcf2ad64761a84f854420f4d5f5.jpg,58.76217,10.372894
1d9c7577ca9a40c6adaada876b87f405.jpg,56.695114,6.717901
1db23f4bbe854e30bf25d7f4cc448f6d.jpg,64.15428,-20.473232
1dbaffc85b3347de9c95edf0f4f79b70.jpg,64.08439,15.512826
1de164e9b48745b8875ee5d3bd801521.jpg,41.318935,12.072294
1e00dc35f29446b890f6ee8fef9f454a.jpg,54.633183,12.690594
1e1351ddd7bc4877a5b21ff87dd5f4a8.jpg,61.31225,19.822575
1e54e04ce6a64da6980207baa680bb10.jpg,41.3717,32.07088
1e5f585799f74b3dba2b078d657f190a.jpg,40.180187,15.904888
1e759c116f8347deb56626d5056683e6.jpg,62.796005,29.82559
1e8f0436d424453285206d10fa06e562.jpg,47.871185,13.707212
1eb5d6a8160945309fbd67ad04324340.jpg,44.59111,0.638117
1ecb431d26e64fcea1d32b36cf4190dc.jpg,52.336742,12.062021
1ed8d5ad949247a3b6f31848b9ef602e.jpg,50.58489,15.767866
1f07a9efc036468cb44c0fd3b6de04f2.jpg,65.88544,-17.43055
1f40726187bb4fd08a188e8838e77bf9.jpg,64.71385,29.509605
1f5465fe05d94351ab774a874bdb5afe.jpg,51.83543,-4.884032
1f58a7c9297c4947ab67127fab260469.jpg,42.60031,17.140848
1f7f67019f4b4f02bb7b27b45a474fd4.jpg,52.2188,31.4889
1fab100eeec542179373f478b7b2dfc1.jpg,65.57024,-23.98129
1fb38c2316df47b6aed611e0f466cf07.jpg,40.568512,18.287106
1fb6cc61ab2f4c6880200ebd57006ff4.jpg,40.746376,14.229663
1fd264ca899b400b99e415251de59659.jpg,60.106632,16.460085
1fe6b79e9ecd4f64b39d69bb9d623709.jpg,62.09953,22.728334
1ff211ad04c840b582b5578db344fbf6.jpg,52.580315,25.592817
1ff5004cdc554dfe8635996b26d2eff2.jpg,37.882706,32.551178
200c7552e67f4081af821c1c08a639af.jpg,69.45971,19.269585
2031664e5a0d4a0591b488e9e64a428c.jpg,41.01353,14.28371
2046d411d9054de4af7f0516af79b997.jpg,63.308243,15.236707
20975fed3fc64509b24df68793f40584.jpg,43.844696,0.324799
209e70604a054868ac4d54455667ca42.jpg,44.503017,17.37394
20b86e4f67684aff895ac8ae9dbdc859.jpg,57.31721,12.564736
20c9c6746a4d4248936160fdc36fb82a.jpg,62.397987,-12.649589
20efc761f67944219c409d3f5124cfd0.jpg,59.600063,6.537799
20fc818a0e1149c3adcfcbd6ccbf54b3.jpg,56.297615,-4.412856
2124adb04b7448c392e93752c4bfc99e.jpg,59.8813,13.047646
2136e9ccfa444b59b44acd55029f61a8.jpg,46.898914,24.81225
21575b672d2c408989bedceae438abc1.jpg,63.738815,27.342695
2157f5bd14f0457db7319f1d76e3cef1.jpg,58.11397,14.645892
2163ea4e689e485b871fbf54df0bc127.jpg,52.974274,2.182331
216ce346206b4079aa3af60941481ed3.jpg,69.309814,23.86721
2177e88db6c24098891696ece8ae4421.jpg,37.358482,27.970398
21803127a81f4dd699de2d921b46378f.jpg,65.548164,-19.762089
2195f4bb458542d9b3d12b44ac201b88.jpg,52.48621,8.725585
219e8d5f9e0747748c990d4d981af890.jpg,52.476807,29.326334
21a03d010dd34cc69a2ea4297a2e2822.jpg,61.161842,15.597972
21a4eab84dc844b4961d9e09d9736be6.jpg,36.88791,30.754637
21bbb80e61de4bb092f66b97dead378f.jpg,36.44863,29.463043
21e85764c320456e8033e432e7e31ff2.jpg,64.38756,-15.090239
22167e719f1a4e25aebbdbb5feb7d7d8.jpg,53.675426,15.006082
22175f77b7144a1ca5bb369c8ab3e6d0.jpg,33.81899,-13.285859
22235e7903814fba802fc995d45372e8.jpg,53.046516,13.13093
225604804e6641859beb4dcdab31ff95.jpg,62.46705,6.23768
225809c23a1845498f522b7a5a75b6ce.jpg,49.117603,7.39693
22a7d90cc717411391ed71e638058066.jpg,53.130024,17.171597
22ab90f3bee2441a929353d1c60019ee.jpg,66.42226,20.454056
22ea87bb8fd24a64b8404a20a7ed26a7.jpg,64.41116,-14.823516
2315d5aa814e45af930a0e36abec4bd1.jpg,64.975174,27.713072
232dcd5884b74377a2aa429d8dcc3852.jpg,28.076488,-14.431329
2337c1ef65c641cba0902cd4ef184f6e.jpg,65.57542,-23.990873
2339f229320a46a28a3f0515bcef9284.jpg,48.60742,29.359898
235ac03ebc6f43059330b3c62eb92d20.jpg,54.152523,12.408313
239edf25f2c34439bc3a64e9ea281288.jpg,55.305935,8.07376
23e7ae8664cc4b7f927a7db74d035603.jpg,41.153934,21.200932
23f1312477ba45908c0f6c15039ee76e.jpg,43.85907,3.247892
244bd3d57f074aff93bf88d1c84b3992.jpg,61.892277,23.194878
2452198c81a442119140d88016211665.jpg,58.73704,18.83945
248916781df64d53955ad438bd22acf8.jpg,65.286316,-15.086029
24c0a6492736429db00c6306c26d1a72.jpg,51.044476,10.083801
24d3dd841cd249dfb5c985f59f1f5889.jpg,63.161514,25.347977
24e1409b8e0446618f0aaaa4eba0f227.jpg,58.306324,6.815238
24e54094be6f4b3f90c463ad53660465.jpg,39.57246,40.044468
24efc35f4d5e4552b3af7a874b47113c.jpg,61.768703,23.860739
251188d6e0a64d28ad706404835579a9.jpg,53.837215,1.60487
253b4b3bf2fd4298a8e7b131c4887251.jpg,45.338356,4.791482
2587c6b1e2c14f8fa8b5f994c67f2064.jpg,58.88265,9.346725
2595e955c6674c3f98c9cfd4d9919779.jpg,68.73477,17.52066
25a09d3b58a849ab9c334ddc6a64e0b5.jpg,54.474125,30.195292
25cc16e6d44e4155bd193a0883170475.jpg,50.299377,13.312429
25d315a1d11049aa9afc05fdd3290580.jpg,51.54904,16.411034
25d8d31c3ebc489aa4145a310aff785a.jpg,58.34836,-4.840422
260d7251c9a54f8b8745b77b44860fd4.jpg,64.77217,-22.122513
263737123f8144f494f958454e143064.jpg,50.301,16.321959
2638a8f83aec4678a89e6e47d6e16b3a.jpg,36.915794,28.60366
267f8c94f7914761a5e931db24b26026.jpg,52.268402,27.285143
269ccca0c08f4073b7526cd91f6a9e05.jpg,62.936913,24.447107
26adb07275554b6ea77239d6ec36c5b4.jpg,47.714027,6.580307
2729ed269788452296694468ccd76b6e.jpg,53.130844,28.19572
27443e65a26c4b4ba463dffcdc579f13.jpg,63.608604,-18.433565
277525123d754e12a64e328ee554900b.jpg,28.078674,-14.400234
27810c5f649d4df5adfc36dc79bfcaf4.jpg,50.351814,2.439006
27a45ace757d43b88641440b5961124c.jpg,62.949986,25.741722
27e0a0d63a654e1eaac9013b8b60794e.jpg,67.51324,27.89408
27e6f19057bc4ed3b4ff71ceabef428c.jpg,39.40646,20.278282
2850248701ba430a8542681715b124be.jpg,46.953407,10.555904
285f6de0549f45a8a1f05769c60cb15f.jpg,49.58875,2.600538
286d7fc6d97a45d6b72bb622a3e15a65.jpg,70.79271,25.705051
2877198eaf03445d98ca77857ceaad52.jpg,51.30498,6.10221
2880bebe082a446f9cdd06949c8f3a33.jpg,61.702595,28.536333
2885547bfc074bfabdaed95faceae9ca.jpg,62.46097,6.185772
289d64476976478887ef660363f8b7ac.jpg,44.475494,17.770702
28a03acd8e994a3c9710189b61b002bd.jpg,49.439854,11.220031
28b0552babce4f89b32fa4ea61c1a73b.jpg,64.4184,17.960155
28fb1c07040a44e1bebf48ceead873f5.jpg,48.90784,7.359932
290aecfd1d2c476b9ee1eda10e081cd3.jpg,39.230656,-5.514532
290d1e1218434019b0031f72e2b65f6f.jpg,51.824203,-4.881352
29146aa4d1e34b42ac5ab1128cbf6c31.jpg,43.113976,18.1753
292084a2b08b47a2835e9ebb74d0bb63.jpg,40.16486,15.597375
2932311f72ab4bb285b7557a8677c378.jpg,42.03393,2.922829
29441a6e04484772bcb1ce875a87814e.jpg,52.027084,6.243808
2987ec28f24c4b75999f030df6a95230.jpg,56.495472,22.769814
2990d67b71414121bd54e8ef4e8fe8a7.jpg,41.304188,14.742719
29ba09ef3f0842f7924ba952fa364d54.jpg,70.86218,25.506823
29c21ac0e4e84fedbd6956b251efde88.jpg,55.814266,28.5839
2a043b64799449d7a0845ccca0e1a24d.jpg,57.987396,18.308313
2a068fcd54e4479ebbe25d6e81613e17.jpg,47.8976,14.903163
2a324af22f80415bbf0ed3ca20a7e965.jpg,39.84786,-3.890742
2a32fbb0666c426fa9818aac2b918c87.jpg,39.57514,40.000095
2a3fc9652f5044179b4f11220f6c36e2.jpg,54.54509,11.759632
2a6fdf4e2e3344b88056bfc26e547688.jpg,51.411022,4.972762
2a871c5d0b944d918be271d610e01771.jpg,47.493458,9.806178
2aa0af9c9dec462bb76e055ddd24420d.jpg,44.882656,14.041768
2aae8df62ff24bdb986c8e038e952cdf.jpg,39.425,2.935387
2ab586b193ea47eebeb61c5f56739c43.jpg,54.19535,6.43497
2acaf7cb8f8c4964bd71eb29ce910945.jpg,38.168957,1.575366
2ad3437cacbc4533b1feaa7cca32261f.jpg,52.063946,9.780021
2ae787f1ad9a43b38c7146adbaed4a50.jpg,57.494987,-3.075292
2aec592e61d7461d929c34c5c998b5cd.jpg,69.31464,23.92584
2afca8fd8e4f420eaea3b5c2fedf228f.jpg,62.689262,19.493174
2afccf833ab6433085b5dc6fcf71c56a.jpg,64.60756,19.592148
2afd5355afe54f8fbede6e5ee12a8318.jpg,50.326237,-4.986768
2b2fbf2844c2479bace76066f08b95da.jpg,38.80785,21.949762
2b317e45851d4934a8e58bdbac306669.jpg,65.97771,26.464184
2b87816b3ae14a068a7ec972748a5d32.jpg,40.873985,35.061485
2ba3357dd4b04099a5c487a7b5bc1662.jpg,68.24401,27.26245
2bd4a7a82e544ef1aa4fc87fa2208b65.jpg,40.00709,32.61927
2bee819086c04c35ad18c0e229999df4.jpg,42.081867,8.688719
2c2a9d20711d4d738e088a41d811d5a7.jpg,69.18966,22.0563
2c791b35a4cd43529030ef0896e28193.jpg,61.939472,27.604362
2c884c54af0d41aca461be23a9d6e52d.jpg,39.370937,31.35062
2c978d1496484cd69a196de561a24f21.jpg,47.965637,10.311607
2c9bfa39243d4546aa31d1b1953e1ecf.jpg,47.973923,10.021814
2cb208994887494ebf6e144a5e60db25.jpg,39.804447,19.53903
2cd0f7eadf9443ee94f852445b99a835.jpg,53.15094,14.145544
2d0af4ede54b47909d733b96d89096ad.jpg,40.011395,9.212342
2d1ce3ba851a467cb37ce87096ea1b4a.jpg,48.619705,-0.234975
2d2af55948f14810bed114b93c786518.jpg,63.449825,25.640415
2d6998aa48304015a4e337141c612a98.jpg,58.710323,6.261773
2da122541f9e48d3b7aea66bb4292547.jpg,57.72258,18.149323
2de3dae1776e4cbea09980a6fecff4c0.jpg,44.572575,10.632782
2e0c5d49699449a8bff7ed25538d4554.jpg,61.643185,0.713283
2e26914866984a418552c1ea97193c3e.jpg,52.148857,22.442272
2e3f9e65107740af9d2a48a75caa849c.jpg,64.86296,14.554639
2e5524544dcc450ba2cb31d5f0843331.jpg,42.808533,7.00326
2e63f03aab474b7b838b29dcbbf6a988.jpg,54.246258,-4.629452
2e92725d03b04a7487463d66be564ebd.jpg,39.28602,22.61845
2e96d96f6eeb4181a196aa3d4f6ddbe3.jpg,53.497066,9.040627
2ea07edf3f0b42e6bc0119658283b282.jpg,46.031116,25.58938
2eaf19d5265844b39dda10e55ace92ee.jpg,55.593323,28.661163
2eb8ac2b37c044c6a90c2f71a9060a7f.jpg,44.510475,0.481381
2ed23ed25d534a6897548d6a61a1b2fa.jpg,41.07076,35.96834
2ed6d27e96a647ccb8945009c38d3f11.jpg,42.554893,5.214546
2edb22c2ddbc41b683aa4df5c34f99ea.jpg,54.46289,16.380308
2ee32346f0a941a8ac8a42556854e0ec.jpg,49.802654,0.571388
2f01da10e77241528f9a05bdc8de30d2.jpg,65.57258,-19.085625
2f1589ce03cc437ea048b11c54f26873.jpg,64.34609,-19.287907
2f1c3e30e4dc40a4b03589d8598f045c.jpg,58.367733,6.331678
2f1cb50928ee455c8a1fb8a105bc33f2.jpg,52.5448,27.366198
2f22b4f1aa474a949063e7dff7eba58a.jpg,67.5337,27.90043
2f25f61a67234596a70590c3986df132.jpg,45.389458,2.945295
2f267692df1e4234bc025e8b3bd386d8.jpg,59.931137,16.625572
2f504fa7705141e5a4b86550fca0f698.jpg,69.90675,29.210949
2f5963c4f42348eaa10e22f5d066e18b.jpg,56.013042,7.696256
2f8431a1c1754faeae8e7b606aa90c78.jpg,49.994736,7.04262
2f84da2f2d114f6989b34e5d08a6c865.jpg,43.241947,0.261713
2f9ac6cb2655463c868d2ffd838cbb4a.jpg,53.898846,-2.350332
2fa37abd7f1945cdb48a2810af7b0730.jpg,59.246136,-16.897512
2fb1ab821d5c481bbfc7217ab1f8eb13.jpg,55.424393,6.098111
2fb6521a5e534e47add6001d55da7b95.jpg,52.58679,14.191011
2fd97725470646bbbdc936455393d932.jpg,64.136345,-7.210078
300dc4fced8743d290342cfc562775ec.jpg,65.08921,14.540421
30591fe5c77b4389961129e98210bb67.jpg,65.372246,-14.870839
30928a2cdf52404dbc2674ec315157e2.jpg,56.64527,11.141129
30ab3ceb2f7644adb34f0dcda60dd1ff.jpg,37.803753,34.378304
3102b815995b4facaf370e4eae07f616.jpg,39.53785,2.356353
3104ab976f4a4786a003b45f6e9eb12e.jpg,67.76371,20.606295
310a5cfde2284a03850c4935f4e010b6.jpg,65.81102,19.136658
310d86947b89459c854b167d62ce3e22.jpg,58.242085,19.57387
3118bbf1bf984c1fb9fb9cca9a848ecd.jpg,56.811848,14.242621
311954f2bac04b8589460f0459dda087.jpg,59.06772,-3.288821
313995e480f244898485f1d59bd29d19.jpg,41.359123,32.050854
314ebb1ff381440c82b14513e627f958.jpg,44.20539,13.559424
315c807d0d8d440f9eea57b15718acbe.jpg,62.0056,27.12778
3171c782ced9444f8f8f0cad6bd7b9a4.jpg,70.5471,24.753458
31784d8ea5594e2dbe3850436592cf83.jpg,54.87232,22.35077
31b36e32073745b2a981cc377db2659a.jpg,53.21895,-1.941918
31e371aed9094747803cebbcdcb3445d.jpg,50.130157,16.036476
321a4c216c8a494c85b9a913354411b6.jpg,41.11082,14.109452
321ed577a5384306b87098bca7f8c845.jpg,53.72741,22.38068
325c794e45444fa49e2115ab5fe646fb.jpg,51.738274,12.800279
32746db235a2458f9c5a42c21dcd1d9f.jpg,64.174866,-15.797906
32797526f2fc48dbbd3ed9b9c18f93f6.jpg,64.906136,-15.86924
3284376fb1c745ae85b9110d950acdae.jpg,41.63764,-2.963174
32851bcf40b040e190b38b48a2d5705b.jpg,39.750423,42.84741
328b1c6a3f9f4a1c8dd26545153c463c.jpg,43.355553,11.301579
32979b4ca4e045cba4a8c55e1450eb10.jpg,65.67569,24.785105
32a313b0091e4e28845867e44a4f1b32.jpg,49.10896,9.916767
32af51dd8a77414d8666d4fccffc9c6f.jpg,56.896294,3.836107
32ec658113f241c793044e472309a2b4.jpg,48.904957,11.313807
334e7143f4fe4da7a9d3fe5d108878f9.jpg,39.676277,18.954584
3381a580701d46e481d83e27eaadb2a8.jpg,50.168457,0.56123
3388d95b00e44efabe38003dad60adea.jpg,40.341255,-7.350564
33c55c29ac3642c19e3d13af6fb28fe6.jpg,42.293682,7.40819
33cb74b2224a4f21b0670d5532a9a3e9.jpg,52.561607,7.288324
33d4f66a98214555a32e66ae00a5341d.jpg,52.769344,16.114805
33df7c1f2f014136945177006411f04c.jpg,63.705677,-19.069885
33e611d75f7644c5a5622c8a44979069.jpg,51.36907,9.106953
33e913dffc1d4b8fa2a6e0711865557a.jpg,52.964474,30.59062
34035fc75493492c9ea315c50647e3cd.jpg,39.95685,9.38655
34134d9c97d840d2829b1ed9fca95cdc.jpg,45.15634,28.037489
346225243de14ff983bf40e296cc58ef.jpg,50.9589,2.33488
34964527ec694e08af0273f700fcd44d.jpg,41.28948,20.170614
34a5e2c0c8b34f8ca0370733a0ad0a07.jpg,41.254925,32.45221
34aecc44290d46e093b464a783f271dd.jpg,38.672165,-7.434472
34c545d46b024fbba2f986cabbaad607.jpg,53.035397,2.856603
34cc142ba1f64e16b8bc61ffb848f967.jpg,43.453453,19.153675
34dc59a0007f4e3c96f350512df5c04b.jpg,51.520977,25.519508
34fc3e3c8a3448bb861514538bbc348e.jpg,36.596195,-9.231425
352a454677984ecdadd48c76284b583f.jpg,67.12431,20.69534
354e7739832945aa8ecfaaa98c20cd99.jpg,52.10335,13.115539
3550241b32cf4ddfad9a9d6384fe5db2.jpg,54.206104,-2.414506
355e1e1c141d477d93b9d1d5b606f802.jpg,50.227917,11.387639
3575a113bc4540af80316b78d237975e.jpg,50.310352,8.361158
3578f4b6f25c4fa3bf993e70fed63809.jpg,53.739697,31.393675
3594026be20046ffaa9c763ed9445e67.jpg,68.41629,22.650906
35cc967d772f432994f31bbd7bf490bb.jpg,51.489773,-2.381386
35f311bb1af04cd09310fb41e1a7dfd6.jpg,69.310936,23.869812
36063aa6cb1f41a8bc28b79ab3f8ef2a.jpg,43.696102,12.612421
365a0fc10f054134adab2a036490c1cf.jpg,65.94242,-14.86734
365f4dc6d3dc47768679dd50293ff870.jpg,63.088802,19.34166
36879b954ed444968162268ad64ae009.jpg,61.143337,19.163261
368c6a8855a343a99c433ce261c78df6.jpg,50.709454,6.75245
36a8b9dd5a4242d3b00e4da275027c81.jpg,55.274433,24.76311
36bb109a1044404a9d7f40c7ec97e59f.jpg,51.832523,10.609192
36bfee1df800428a8f62f3d527f44fc1.jpg,58.508694,-6.260602
36cc955aca494856bec40326e43f533d.jpg,45.41636,6.22471
36d28a7718714d7f8f78bf4c0cbf5b58.jpg,46.574852,5.866526
36e695345ea04536b11c2d6409cfebd1.jpg,52.354347,-1.317596
36f013b2c32f4474a340d03a73af2c82.jpg,52.320717,3.54031
36f1af6d0ff74d6885f109e3ca3651df.jpg,52.019867,17.21394
371c7db991e749b2928ffc699ea6c551.jpg,56.53198,17.846518
37448e42dc1d46d3ae102ca61af2896e.jpg,65.72486,-23.027637
37660ce4511b4602a0bec2bcaddcb32b.jpg,67.49309,13.563249
37aa25c0753149dbaa1e0b161f54af5f.jpg,51.677715,29.145252
37be27bfae9b42f9aa21d2db49ff7cf1.jpg,65.02835,-21.64555
37edc91a53324aefb5382f2e6eef2d0e.jpg,43.515152,4.122434
38004884446a4cea8d6c0b273c598ed5.jpg,33.81843,-1.211697
381e9e459d4e4083ad19fe34af681c18.jpg,55.10997,30.402464
38674c660eff4d3699b87f44fa9cc638.jpg,41.884483,14.072405
38872ba0ee4b4e2e8be4c991fd2967a3.jpg,56.87305,19.535246
38be4db78813410e9a24b977768bd86c.jpg,55.127613,4.486912
38ced0809cbf4880b616006d7dcdce3c.jpg,39.38266,30.617476
38d5f01e0d0547a78112f4948659d460.jpg,63.10157,16.226538
392a81de193747c59bdee8185ec6f386.jpg,52.720375,8.734861
392f07a1dc954bccb4ef009b0c8676ac.jpg,53.35471,10.663315
393e5259ecb3436c8d9c7e350b54a914.jpg,54.131935,11.680499
394f5f3609fe4f369943d221c00aa7ba.jpg,56.440235,16.231543
3961b2b157d24665aae22d3862b8fa44.jpg,46.412773,14.217487
396b7a2c276f486f9102adb9c23ef5c6.jpg,53.179832,7.078944
3973c1c83b8a4a1fa026dc5600f3a6af.jpg,50.416294,4.567104
39801628670b4e8b84a0a02d387e09c0.jpg,43.325928,26.28763
3994e905b8c648f0ba30273a46525083.jpg,41.887466,16.542477
39991856e47142969b9b6210b239cef3.jpg,51.136944,5.24228
39a60a6fcaa54f9aa86cfb0012c27789.jpg,37.59027,20.889082
39b1ea2b4e2e4e94a47d66017ccc9760.jpg,43.124275,13.366838
39b3e32ba5ff4e86abaa7afe6cd203df.jpg,47.832706,7.195412
3a1d52256ef64f2d97632bed7459117f.jpg,55.28166,29.647804
3a28ebbd9af24b09b1224aace7a03f4c.jpg,41.016785,28.618677
3a2dbc40a4d0445c95edcfaaf1d68c25.jpg,58.362022,6.185694
3a3c74c0f6744b43ae243ba46bfd81b7.jpg,57.769375,-3.978817
3a486e1f2a93468da40ce760d897b105.jpg,34.67479,-5.452126
3a5676708f004eaca7a0f90aff810d6e.jpg,55.738964,4.157491
3a6b6d61e31948cc9d95cfa1128afb35.jpg,42.367638,12.446834
3a7a398fb3074d72974703ce3365122c.jpg,51.66618,30.360903
3aead48f4bb948faa62afeaf24b575a4.jpg,54.385475,-2.822906
3aed715b6fb0434ea64a13a52303a79e.jpg,58.521236,5.50398
3af25a54421741b6a523aff5ee6d5f86.jpg,65.51909,-21.155539
3b10666bc23c4b2193b7aba423a3a868.jpg,65.99313,16.675661
3b10a76a78ff432caee6781dd83c4d30.jpg,59.773193,9.52176
3b21fad186c84a6282b4c2075060717b.jpg,51.423023,13.632297
3b29b9e6bfcd4c7695d4ef5dca96e98e.jpg,65.557724,-23.19117
3b4493b553f148ff9ef2c374a43b15dc.jpg,65.57564,-22.412296
3b8df2e9f89044feb21b97a1312fdb3e.jpg,51.73795,-3.612268
3bab5ebf68eb4bcaa227eaffd40b27ff.jpg,42.551605,10.461199
3bb406e1d11a41f390e770a63b67a442.jpg,63.446983,16.489288
3bbc281c4b3d469e88f51e1163df99d2.jpg,44.057484,-0.016605
3be155bf0af947ed99799c8c1c9e1ab1.jpg,48.545376,12.046859
3beec5eb5c9547689cf27ac8ccc70aa0.jpg,65.98043,24.63202
3c34487e59ff4d89a2158fefd90d5b9a.jpg,65.14931,-14.55425
3c36ae9d4cd84d48ba5bc91f31bc6933.jpg,45.861504,7.82771
3c5ce502c6554075863ec063607f7962.jpg,63.74661,25.213856
3c5de253445949689fb98ab68cfc9b23.jpg,47.72398,-0.573018
3c6b9b7c0b394a66921a66da900208c7.jpg,53.63464,24.943356
3c73bcc51d0e4e19a8b3d3c8a80adece.jpg,43.378113,3.01255
3c9e78462eda4e9a96327ba6d1ac0ba8.jpg,53.129192,-0.650888
3cee0248dbea47c58b07866dafc82540.jpg,65.249176,-14.46879
3cef19e51af84816b7a825f537b9811d.jpg,38.145138,-3.243769
3cfa30ca513a4816a6f2c1cb22d3786b.jpg,45.847794,8.465873
3d0f39d0912241c6a512d943cc51b21a.jpg,37.696304,-1.81487
3d213e7d0c6d4791a5e9dab7deb50827.jpg,44.159824,3.259203
3d895af1abb44c86963fbdfd33386ea0.jpg,53.941,13.102612
3dadb8e23651404ba0a171f482e300d8.jpg,45.092068,10.100161
3dcdab8ca3a642bea13f6b727798b917.jpg,52.335438,18.632145
3e00030c1e514a659269e0ff71ece70c.jpg,28.32309,-16.48076
3e39905f9ff4466f94b0598088763514.jpg,51.504303,7.346121
3e6b00e17b704b03b248b88dbc702032.jpg,52.160255,11.664584
3e88d9be936c4c36ae429ed5687d5041.jpg,53.645832,30.436363
3e8d7a50e5bb4a6bbc123687909e2199.jpg,44.48752,11.986206
3ebeb485c82f40e2a30ddd2b10e92d57.jpg,51.299522,9.737119
3ee1f8f7ca5d4ae5be6e355db16dad7c.jpg,52.025597,26.78321
3ee7d22323ba48398a564d34c070beba.jpg,65.577705,28.542753
3eff62513ef14e7e8d5c9ff721582bd6.jpg,51.303944,3.685883
3f04f3acdb2c44609021b32b5ea41052.jpg,47.694324,4.290768
3f26d176b1a04cf9937b233a81b21290.jpg,62.7867,-9.137853
3f385e329e3943ffaa364a904406f3f6.jpg,39.449368,2.953984
3f3c50372781473a993be27b7e843c53.jpg,63.674927,9.246196
3f4e06bfa7364cc0b239db7eb6e0b1ec.jpg,46.068573,17.559258
3f55b9b51b7141f584254180fba6719b.jpg,41.5133,27.828281
3f8592d88d8040ba8d01a36dfc22a00b.jpg,52.97725,-0.926599
3fa97c24904c432e854237553ab14c85.jpg,42.18878,9.820339
3feafde4a3394553b48a30dfd1f273ad.jpg,62.205242,17.327541
3ff03d0f5fee48108e07ecd3a9fcb4ec.jpg,37.659245,-1.788116
400c1300f38d47a1b2a45ea55e336124.jpg,51.081146,1.365313
40430f5445084c0d8d9a19991738eaa3.jpg,62.073685,27.689266
40734bf1db144e118df8906f348a366f.jpg,58.36978,6.169114
40875e6e08444091a670d925a4563b7f.jpg,43.695972,-0.934882
40bf40bbd33c46ea81d45b7cb8d4160f.jpg,65.5478,19.938082
40bfb7970065497dbe1a26aaffb90614.jpg,54.970184,-4.900605
40d010d74c504885bba8fd2b86383f18.jpg,50.83265,21.453876
40d2298544fb4b788ede355edc2f2d7a.jpg,46.459167,2.525285
40e4fdf99b7846d09244ec6063428fec.jpg,52.454903,17.187008
4101849c560b4ea6a2f96f5997d71fc2.jpg,40.995228,14.454756
41315894e72e484d951302780e14e6b8.jpg,44.38712,26.113564
41663fabdf9d4162bd87691d41ce99b1.jpg,52.88248,26.40336
418c43ff09c64d648cd7bc7dde5372ac.jpg,69.26766,15.948064
424d4bf3f0c04971a89a1b101d8abd89.jpg,39.875935,30.292406
42647b66082d4c0ba4174b4b24f7244b.jpg,53.62941,14.354086
4264b35af42b47b6bb344f3a235d0b14.jpg,52.460785,27.772161
426807823b2c4a56a3ce4adbfc74c5c5.jpg,42.42768,33.830673
426ce003f51d41d5b696ad5d441d0157.jpg,51.69766,-5.379776
428b6b9d05144a58b0f7e94739ccf22c.jpg,47.21803,-3.607516
4299c0bd3def41e1b1c43eae53ce5bff.jpg,49.561428,4.531519
42cabb73913346aca3ae612cf38eb389.jpg,38.660538,33.778625
42d41309baac414b92ec95bf42742b45.jpg,42.159588,32.365208
42e73fad090f45f5bc768bec775f6b0c.jpg,52.139484,9.386821
42f0fa948f3d4df786bc3a87e16dc6c8.jpg,52.899895,15.418467
42f1686e306a4cd799f08da48ea0365e.jpg,69.35864,17.78318
43133178965d47adab0fd7ba59522142.jpg,58.90788,3.75804
431e6fbd2fe0432286a748c4a9ee62d2.jpg,46.489864,11.713025
434f3f7fb89e479a8c8c5d40139fcac6.jpg,51.385445,-3.622646
435d96de5ea84adb90f89fcdd275327c.jpg,46.56539,4.932442
43687fb7c3054296aa32f07532887e7a.jpg,47.80997,5.765987
438307a4048745c4a91e2f8dc0fbd131.jpg,52.87494,-4.612969
4392284d20824975bd07bb802f1df2f3.jpg,36.353096,33.537563
4398aeb5544148bca8c7b7c3d27e08db.jpg,47.630085,3.585706
43fe1a796fc545f4bb50e9a064a0018c.jpg,52.119083,29.3601
4428f961b3d54cc1a9d4188b8d987b05.jpg,48.231895,4.903752
4474aa4589364236ab81462c8bd5ca6a.jpg,51.848194,9.070746
447624250bd84af9899c45a6d323babc.jpg,41.84533,11.210405
449824ff732b47b1883c839b4d2584e3.jpg,61.4222,21.528015
44e1e6a9b8bd4ee18220a5860786086c.jpg,60.423744,14.73722
459052cfe54d427ba3398a9f06513a53.jpg,48.917515,-2.567659
45dcb8df7aeb4f7d9ee274c91fb938f6.jpg,64.25223,29.290907
45de9fbb3d2a4c99a09324075cab043c.jpg,40.67727,17.224405
45e4ca62f1a34f49a92d1f3f5be7c36f.jpg,56.18908,-5.237287
461adcdfdcf444559b88e9aca1e67489.jpg,52.90815,3.622368
461e9acbe3e34e0cafbe745494144c0f.jpg,38.91661,33.289783
4637984a47704eb98abd05b7ba55084c.jpg,65.99497,-22.97431
4641ea4452b34f63be7ca02114342186.jpg,41.97111,11.089782
464dab35abc64272b788ce814c186c92.jpg,57.918674,16.82988
466380f0cbf5429f9f101c338628b8b4.jpg,56.602505,16.885763
46717acde5ab4fb0921643e05840671b.jpg,66.708374,26.286657
467ad64ffdb64feeaa18ce21afaab8a9.jpg,46.188793,-0.516164
46a40e9f91174e6190ff3a9de63f8117.jpg,36.45046,29.47421
46b696a343dd456aa0b267ff3be68bac.jpg,67.253456,22.917309
46b772e0752a4693b0a33ad6755d476b.jpg,49.961285,4.735311
46df2e1763604900961ff92e5ff7be39.jpg,48.559208,11.579231
46e223b5e5c64a5e804be402d3ef36ec.jpg,65.74006,-23.809513
46e2ebfb48cc4e1294ceefe601d5c900.jpg,49.917645,16.700214
46efc9eb07d940bfae75edfa3cd88d07.jpg,53.684338,30.315027
46fab40df4444c72b89fa9864411f949.jpg,53.753998,14.458152
470f46b43f894386b19de60a88fcc2aa.jpg,31.937525,-6.191624
4719ff19efe44cfca2711f156319efb9.jpg,52.529537,24.529251
471b6b5a9d284a61b22a5274c0f9b8ac.jpg,37.83467,15.096285
471eef23b8c94ac990250515a4a95093.jpg,44.60557,-1.025639
4741da1944c846aab6419a35ee57e1aa.jpg,66.87757,28.7121
47828953bbd142c7ac8d00b0707a7312.jpg,42.80967,8.212266
4785a464d1c34a92b6fc4cd65b24411d.jpg,44.88,-0.044365
47934186e459450b880e11160e8ae18b.jpg,51.52896,5.418224
47a0590f61b940c2b01b6ab670c6119b.jpg,39.61003,44.03107
47a54a3c7fae4aaaa609c790c9f0d3a2.jpg,53.02238,25.656446
47c8fabd5b6f4a14a17b7bf6bed5aea7.jpg,46.639656,11.613164
47e86b0904494b8bb5a383e940d823dc.jpg,58.391735,6.128684
47ec3501c3624669bb9805edf194ce9f.jpg,51.646805,4.28149
480749c6aa2b467b877b181e28c57ee3.jpg,58.375656,6.161303
482ba6a89d184d60bc992b558bda29a8.jpg,44.62594,15.387256
4838fba30f1f413897f3e4b7399c1c04.jpg,50.163715,6.651282
483efaedac404ead9394edddfbe621c6.jpg,42.825405,3.225174
48b50c4cb44d437486d65fbaab13bf76.jpg,62.72778,29.892042
48cc426c9ec5492a88a9e4e1469fc999.jpg,64.37782,-15.316581
48d4e60fc51e4956b0a6580f173567aa.jpg,40.81814,8.85135
48d7648d07d04bb1872e373930069f8f.jpg,58.34412,6.409737
48e72dbc1f6d4b00b7a8eee27b3d87cc.jpg,64.91626,-14.081506
49038d155d124c22b4eec5bfe8ec4270.jpg,55.76268,28.683655
490f0e205c6344c5a53aed56e1885f67.jpg,44.145565,23.387865
49204960fb0948a9a6d06609a3e5d9b5.jpg,46.418568,17.20279
493880a90d5048f5ab15a4e152bca08a.jpg,36.910496,14.526484
494d0f4a7cc242cb8ebb5b61284e5bde.jpg,56.768017,13.561599
494d8785a59749efa38732af2a5165a8.jpg,38.03252,-4.893018
49571bd8f3554fe0aa0ce66f824c67c0.jpg,47.21731,4.088599
495f9e7dcac54734b6cb1a0e4acd7866.jpg,40.311214,4.507352
496a1ee345b44614b336a3433a9840ab.jpg,52.336033,27.55127
49c92e107bab45a68d1de881aac45559.jpg,58.767292,5.67134
49ed97d7c57c485e9a515a4e19f95207.jpg,41.99648,20.068167
4a0698f479bd42c3b5a6fda3eee168fb.jpg,56.592667,-6.076751
4a12e8f011ff4251bec9ab0e8dca37b1.jpg,61.566517,15.036469
4a2ca3c02f614d86bf938cf40ec46190.jpg,49.726524,13.124363
4a597546eff94bf19fd83cbb38bd48f4.jpg,41.65306,17.328604
4a63c0a7d63348428c544bd319517686.jpg,51.44208,29.37298
4a7cefe87c8b47d1b8d6ea9c4b327d6c.jpg,47.034843,13.211262
4a9fcd8d707242d0b493a73462cdd331.jpg,43.456223,6.865767
4ac4907e44a3464c81ecb050eb193844.jpg,53.5071,14.635898
4af199ef0e234b088276783b7be07f2c.jpg,65.388374,-14.760559
4afe1c8b99a24e96b041e6860a97c729.jpg,53.55562,13.359676
4b040d12e13d4c45a5707ba6d47f4285.jpg,60.565052,19.777678
4b251a782f594155af32db2b5b59b3da.jpg,55.03624,6.284801
4b365300602e4198aad80eccea256ea8.jpg,53.44594,20.47787
4b401b51c7784c80843aa8f6207728ef.jpg,38.444275,-3.09295
4b446c83a662444c81fda141695258e0.jpg,53.788944,30.333261
4b46134366884118b98a9c9080388c88.jpg,52.63566,8.621414
4b547f4591bd49e99cffe70ffb8ba4f1.jpg,69.4566,19.262783
4b6af62dcc704972ad376f867aa37979.jpg,47.584682,-1.530237
4b8b0014f6354264ab32540a10c3d8e3.jpg,49.397297,5.7684
4bcaf4b3f8b64d6695f0cec37ace7bf8.jpg,45.12052,16.354826
4bd03c53cfc44fa4998329530f3108c2.jpg,63.533623,-18.586374
4c05685f454f486bb8169de5ae685652.jpg,53.34096,-0.609513
4c06f705a17c4f20acf01e5a31779388.jpg,42.09237,8.674163
4c18fbbbe31f46c68ea573ca6cebb240.jpg,58.943,18.904928
4c1ffccf4c0245438cac1346e051e9a3.jpg,58.385574,6.1151
4c55ff2937e64d8c9fa665e4c7768c83.jpg,53.536842,20.562075
4c6b5d445c2742149cc4f18e96e076db.jpg,54.70396,26.720442
4c737bc1bb524231a7a1c0ddea86b379.jpg,49.813095,21.212044
4c91c2f656b44fe986234efca92ef3af.jpg,56.330513,9.903475
4cbc74ca253a41099bc3c71e77aa4c33.jpg,61.79146,14.174208
4cbe4982014c464ca09a61f6965803f0.jpg,64.82976,16.394262
4ce91b93e6704d00a2a91377b56f8d7d.jpg,51.80961,6.076968
4cebd278f470458ca0405fb6eb9078ad.jpg,55.54514,12.174821
4cf8866dcdcb4eb5afcfa8df1e561a0b.jpg,51.886578,8.412437
4cfc269120f74466a3104dadc3674ade.jpg,67.133675,20.736378
4d01ed0a72ce437abf35e6b38acd2eb2.jpg,49.923763,29.37686
4d18d1ab43b749489155baa290d78318.jpg,55.06297,25.552671
4d21bb8e42e74b0792be0c63a1337e2c.jpg,55.986065,5.307417
4d3656c4db384d04a6d5d10fd984af34.jpg,49.33706,5.871914
4d3e57d34421418c97dcf4c9306b00ae.jpg,65.34607,-20.59097
4d4a388a711d42b29254d8bb9de44619.jpg,62.439976,10.358823
4d55a913a2944764b1ddc54915bdc6ee.jpg,46.06326,8.439342
4d7d0d740b2c41a39b9323d77622a1de.jpg,44.617,-4.666106
4d8d1539b58a4ad2bf34fc4542143559.jpg,55.15782,12.034148
4d973e49af3642278db9d9f5461c853f.jpg,48.983566,4.116918
4d993eece8e74f3bb3d444371f233f7b.jpg,48.844406,2.247083
4e163aa3949b4c119dae3839bf8b262a.jpg,56.05469,-9.913712
4e23ea02049d4e7abba50f6df36b8e00.jpg,51.95696,30.197296
4e59f30092e5473aab391ecbc4b864bf.jpg,41.502964,14.113178
4e5b8e276ddb4c3e9771bdb5ec45ec3d.jpg,39.5777,40.016624
4e79734c7d7b4f8fad01169e51f975ac.jpg,53.170902,22.70079
4e7b2009801641b5b4d461b566ec8c2c.jpg,53.26227,9.483833
4e7c64cc750942c09190f11aadc7f38e.jpg,46.765347,10.573837
4e9acefbb4a1438d9d6befbdb02558cb.jpg,60.183376,15.357982
4eace20174464bec8776706fa10f694d.jpg,54.499268,-5.983064
4ec5977602574c3486d96c2dbe4ecd8c.jpg,64.01541,24.221361
4efbdb5dfa3f4faca312dc14377ad428.jpg,52.45328,26.79424
4f4b1488a514490f9bb4fde0dd41a569.jpg,32.88549,-11.843823
4f55ceb1e04c432aa9dbcbcb78a403dd.jpg,64.62335,25.616564
4f925cc05fd044418d2c3760e04ad34f.jpg,58.599632,14.763955
4f9d7ecae1004e178a363ff7cf148329.jpg,58.36267,-4.490734
4fade7bad7ad495dae2c415b9fc38b2b.jpg,63.11509,18.346115
4ffc082107ff48eebae657fe2a57f50e.jpg,55.649548,18.64994
4ffef0d9a0f748e4b2bfec82a7462941.jpg,39.490604,33.178467
50241e6ff5f2494499c9c28273297523.jpg,67.27949,19.069471
5029620cbe424a0e88c51f263fa97641.jpg,52.116497,12.650455
503c630a9f5d45d786288e53aa47fbaf.jpg,40.59199,35.943916
504c01fbd7f948bab5d036754be081ca.jpg,63.534695,27.694551
504f6815183240e3ad017fe00c6f29cc.jpg,65.75069,-20.215603
5094ca9feb70448ebe7df5dbd662b0be.jpg,52.45459,25.741789
50992286a9cf42d280ba3332f4c093ac.jpg,41.399902,24.959488
50a162a4beee467e89639ea08fed64a2.jpg,51.456997,10.049883
50b3839e172749ee88a791027ba8f520.jpg,58.49423,-4.777228
50ca36cc74db48af974567c4835784d2.jpg,46.465405,5.871536
50d2cfe5179448ecbd601e3f7acea50f.jpg,45.548275,10.713293
50e6065331ad4dde83bd7b1c354a9e9e.jpg,40.320847,3.539727
510133b836944f829e57b184cea115cf.jpg,53.97926,9.268947
5124fddabc2d4731bd68a5aafc5b0ef7.jpg,54.653034,10.076619
512793eea9344579b442fbb5a821bdae.jpg,65.16457,-21.363026
512f9f14668d4260b650bd87b710d413.jpg,59.221622,7.805612
515cc657eb2b493abce630125c32f149.jpg,40.86533,26.103811
51791d443f3443ec82562488cffb207b.jpg,51.95245,16.324104
51969c8fda3a4dfcaf8383444db364ba.jpg,61.219707,22.10748
51c4a5842d084831a6c9a34b8ba8cda4.jpg,45.63849,5.894008
51caabf347744f5e85dd064e6f396bec.jpg,56.049774,-4.160165
51d32f2c273d46db9389b388f2d3e2fa.jpg,65.98029,-22.961256
51f7ec390bde43f59796f6fa039102c1.jpg,51.913597,4.044995
51fe37bb132545b5bccbd4fc60ea2ef3.jpg,55.032585,12.575053
51ff73ca1a1c423f97299899ea8ce848.jpg,37.31908,-1.55785
522c4f5f6eec4e56b1c68e18bd6adeb2.jpg,44.81775,7.80087
523be50dae824254b39b7048252d56bd.jpg,43.902935,26.77753
52432de5025e45389300a4c0c5b138dc.jpg,55.049305,14.029192
524ef20afd9e41298e540bf8b155edca.jpg,53.102795,25.574348
5290900dd6514bb78e6bffd53b69c72b.jpg,48.941387,6.893202
52b6bfdef2e0423ea7722ed5796ea1bf.jpg,52.489117,28.864075
52cc25d4436d49c3b8f4c3de293fba6f.jpg,39.445328,2.904422
52d03a067ba8442d9cb4e4ac294234b2.jpg,62.413925,28.869614
52d59491884846c3986cb387732c38df.jpg,55.77906,8.819573
52e821a14e9549cfa4c34fdebed19753.jpg,49.7589,15.347728
52fee049639146acb99daa70c7464af8.jpg,52.566216,14.408802
53277bf946354df59738b99a7cde3ea6.jpg,43.30855,11.082685
53423efa9b5f44f09d8e179c92584f3f.jpg,38.64188,29.304829
536c56934367455193aff3fc88bb7d98.jpg,38.79491,30.540243
5389c14346cd4a43b8b7d54abe4e0d23.jpg,46.820587,9.14757
53b2e1598f9643fab259313192155544.jpg,66.003174,-15.613241
53ef513c3f3c4d94a71b55d9a40f1afc.jpg,39.595295,40.067
53fea3efce53420ba05f9dbd24c68183.jpg,51.612286,18.38294
5400824d6a7a42f2942cb464134856a4.jpg,54.832466,-2.361558
540e939b33074ab0955e8118909e7617.jpg,68.40773,22.63823
541bed262cfd460aa38c8054c4a5b479.jpg,50.716667,11.542631
542c34ab6ede42c8892df429d9d9b718.jpg,45.04569,11.414877
543b212e8cbd40fd9fd78fd5896bbc5c.jpg,57.86398,23.85307
544c56c84d764004bba389586c926afd.jpg,44.270535,14.300172
545539d570f24516a88fc6ca80bb2fb6.jpg,51.71256,11.076738
5470e186bd2b48238de1ce85e67a6b5c.jpg,50.877644,11.825211
5474bcf406d74205a9dfe3b671745aac.jpg,50.317104,1.335375
54805a669e5d4e5bbd6f172aa49db9d6.jpg,51.803623,30.288927
549aa2de2ce845c0ae008ca26e33f306.jpg,47.107952,16.310984
549c88b6a1a140fb92260a09d87b6c73.jpg,40.68525,35.822098
54a469bf6eff4d0988640ecabc664af9.jpg,66.03631,23.802376
54c2da7a1d8b415f979e0c2485bb34d4.jpg,65.78883,16.26424
54c85c20a49d464c85de9b6d5c3e3781.jpg,52.353382,3.124529
54dc38e977414ba6a9bf537c9b482025.jpg,63.69505,16.039055
550ba3daafa544a4ae18dc77b4a1634e.jpg,42.124203,19.976326
550c39e0db6542c08f6147ff8074fc1d.jpg,66.86607,28.725258
5512db21f1014bcabb4213788ddf7439.jpg,41.57124,13.622051
5524ed281e58448ea145289bc0b5fd92.jpg,63.566628,26.348612
553541dba38042098a824e9189bad4bb.jpg,41.15261,-4.488071
553a3af4973145b88d57cf21aa54b27a.jpg,51.71966,2.062548
554c45972eb94f7289cd6841403dc5bf.jpg,63.377254,13.427316
55516d362cba4e4784b2c8db7428eed8.jpg,47.794807,10.762127
5597e178d2c7411aa44c2e6ef3af3eee.jpg,65.340034,16.55301
55a653ec50be4a209c1cce38e463f3ac.jpg,63.52837,-18.46193
55ad0e0cab7542e88a370e2ec1e14379.jpg,63.724335,-17.633303
55b24a68c5f14c559ffeb5c218ae7499.jpg,58.976303,9.961494
55c1ca2f4db649b693000c26706327b5.jpg,39.51241,2.843079
55e59a78082d4275b03c8414f11d9b8c.jpg,40.75431,-4.402044
55ed8c4566d843c4b7d5933757fefaaf.jpg,65.61175,12.871972
5601fe8177884ec1a666864437421f1b.jpg,60.55215,14.571159
5607fc79dbe24f2aba2009ee568ee8e1.jpg,65.455505,28.04543
5651fc5024124c88ab9694fa5f04f77c.jpg,40.837788,13.994278
567db9038cef4adf99fbc6f356c7c3c2.jpg,46.584137,3.144478
56fbed0a45d64adbb869ddbf35d4acdf.jpg,50.43174,8.24768
570146a5f1bd4627a6bee5f1fd601bf7.jpg,69.95468,29.154993
570cc468093248bd9cc5e5d121427315.jpg,52.049828,-5.360316
57782fcecef3496395f6602592dc0721.jpg,45.100582,6.857472
5786dc3669e34bbd8843f04bb61bcbbd.jpg,64.258446,29.236189
57933ad7c23b48f7bbd073a1d0745433.jpg,37.70956,27.355944
57937042c1624cb9931b9a4e7f66e02f.jpg,62.213036,22.490616
57ee5e757108428f9e339bb10f351f41.jpg,70.96944,25.74587
583af2a4bd6f4b80bf3ab24790a5cc7c.jpg,57.540688,18.442404
5841297a69ca49319d5be116cba1f455.jpg,58.403374,15.484429
5869b14499484b3eb139696543c3472e.jpg,63.47444,26.448906
5879b473866040f89405bfcab395d7b8.jpg,55.394653,29.203545
587cd5f2988d48aa80d326a2f44bda90.jpg,47.90697,10.084702
58c1b4bb7c514d3ab978fcb94b5d23f7.jpg,49.528282,-1.80592
58d03dc33c5c41b3b1a0c1924271d2ff.jpg,52.74451,9.734111
58f1dffab7d4428ba1ffb185369053f0.jpg,41.985596,2.963939
58f6edf518fd400f845cbf6d6ebb961c.jpg,41.5148,26.443867
58ff506a69c34179a4b467f6250e05f2.jpg,52.200756,8.72162
59251dc2118e413384bd2ecd1fc5263d.jpg,66.461075,18.477377
592655ba8cd14d3e91ef9afbe3141b27.jpg,54.707478,13.379361
59281770e1714ef8b8207de19ccb31f6.jpg,28.084131,-14.395443
593b944432964c6a9a5f5113e8521f9f.jpg,64.07561,25.837585
59617ef57ede46198264d463b0414f37.jpg,47.507427,11.668334
59691997fc1b478cab87ba4d1ce495c7.jpg,36.38524,-9.094309
5983ad82e2c04208ba8ccb04d5e4ca98.jpg,38.70587,36.259216
598fc55574794f3ebf97d29153920e77.jpg,64.56542,25.63169
59aaf1d8606348219b554f679701150e.jpg,66.434525,9.897575
59c685817e7c4260892088e3397d1b8a.jpg,41.63094,-1.692066
59ed42226f1543c19bda3b63e680f573.jpg,52.82162,7.858964
5a2b944edba94412b523bd2d44584441.jpg,51.67764,29.127151
5a399b7a42c045e59ff88ca427f48f5d.jpg,64.825714,-23.915623
5a5b8ae7775844aa916be59df59668f7.jpg,61.649845,14.507514
5ab4b133c1284d02a5483a189bf61492.jpg,53.21623,30.41844
5abcf7178ee54c6d917c861ad938d47c.jpg,58.449635,6.689054
5ac7ccb471204e2d973d2e15a10fc7d6.jpg,61.973976,22.889084
5ae1567fc5814ee19eb0c5bf2c8d9e79.jpg,42.759293,-1.182799
5afcd70f5dd4454ba0ecd21aeb1ea182.jpg,65.26436,-15.092453
5b3a807128b94a768fbeeee908dd43ba.jpg,28.065166,-14.424287
5b3de96759064dea9db87f3bf9859933.jpg,53.14982,4.188428
5b459c12ef9a4126b086334f9adc9bd0.jpg,64.6973,-14.416904
5b532f1cf4e243a096d22ca0c2949a23.jpg,66.145485,19.269817
5b77844c60634f6f83a0f1f0dfc3c749.jpg,63.14659,16.916182
5b996cc47f184967b3f24f9f3d76ec69.jpg,53.435875,-0.092187
5bd1c49055cd4cc3929200c0060ba160.jpg,60.22143,13.406327
5bf0bd90e0ec49ac88984987da438988.jpg,55.6602,28.282707
5c0eef96153140a5883c287fe38c81b0.jpg,28.080093,-14.408461
5c185a3a02484c609c5d946b2fff9a40.jpg,39.171017,28.433836
5c1c561425f346c2bf356a1479798edb.jpg,49.433937,8.439061
5c1cd8e6c27148d790372d45d4f082a4.jpg,57.90783,16.02408
5c4a49febd35421e8ecafbe257a7633b.jpg,39.9824,23.408384
5c5a8e498f3047dd90a52ff2ebf5368a.jpg,62.036903,23.684303
5c6204fb55d448f785f5a9ce9e322a9d.jpg,51.830887,1.427218
5c652bba5f7744da912b8ea5f106b30b.jpg,54.110435,17.931072
5c7fd2f1a96c4a94afa17bab55c6a54c.jpg,42.556313,15.109015
5c8a817578c3496abb065b055a1690ae.jpg,64.62409,-16.177475
5c99c69e99e745bbb0067e7d28b0a0d8.jpg,66.2479,26.00483
5cae7961c78b4411ae735f501c260489.jpg,45.292934,0.616595
5ccf2dbd89a244bcb1d7709a22bdef21.jpg,47.231075,20.580845
5cd41cf107b94f01b42a9a194fc6f708.jpg,51.137096,16.389175
5cf72f6baf3745499a9faf25f56235d2.jpg,56.142395,2.816805
5d3c4a6b7d414b728dfcffc2f68063d5.jpg,58.534664,-4.666855
5d437ad7957145528dd225ae326d200e.jpg,46.044434,6.298789
5d63acb2e042462d98d2077ae7c46cc9.jpg,51.748005,29.214739
5d6faf6ac981422c84e31dd537e048b1.jpg,64.86506,20.065794
5d8e77fbb8f9461b88fd6a348ea4c8fc.jpg,63.181145,28.789219
5d912c29bdf94dd7b0f15c73218f420a.jpg,44.40761,7.568838
5db9f57af13845108ec0519e290b7d09.jpg,64.96186,-17.409536
5e04b0bab97f4cbf9f110214b4505bc5.jpg,58.195435,7.825386
5e098be15129418497172751dc4ecff2.jpg,61.852646,24.438566
5e0b17158ac04abe90edaa115f3dc177.jpg,41.977585,4.057498
5e0db34f39f54470b1cde874a4ee39e2.jpg,43.696583,-0.949905
5e5c78ddd4b64e50b8f5d184ada9c4aa.jpg,44.569767,-2.613708
5e8f54354250406688bf9abc2cbf6d9b.jpg,59.666466,5.166554
5e97d6f02ec6435182365c9ed9d82f30.jpg,44.89178,18.759237
5ec9b994eac9424da8ef2de6642ad640.jpg,59.059044,14.810907
5eca51248eee414a9ad696f783b9718b.jpg,59.586388,15.500434
5ee71bdeed15441aa69681f73c7a222d.jpg,46.963657,9.096014
5ef830ede5824d4dbf59485d35894905.jpg,44.007786,7.763387
5f0b17bca7f94fc5a3656283f2fb2ccb.jpg,53.622643,11.034081
5f2bba338ad14ff7b291bf4e5e75e7a9.jpg,53.74809,20.173658
5f4eabe85e594428a299e688f2c96b40.jpg,65.295105,18.394342
5f82513b3ca040d9aabf694ca994f8af.jpg,51.9986,-5.965614
5f89299769a744a695de9a1820f7cf32.jpg,50.73875,22.070724
5f8a7ca6e75f45d3803cf66b2546dcc4.jpg,60.71579,-0.894745
5fde482e6f2e4f40878096aabc9f0ce0.jpg,58.661854,7.028638
5fe4db47381845828cd8d93154960b27.jpg,45.24687,-0.901927
60a56b756e2f48058d138c202a6f2c0a.jpg,67.508865,27.895834
60b499e254644de38ffddb3d3b01950d.jpg,50.3042,8.474704
60d715afd390476ea3be3094a8ca6286.jpg,55.381317,23.130547
61040e27eac14e2cba485576eff510b2.jpg,64.999344,-17.561956
6104eab43fa84243bc973f6263b763bb.jpg,53.310944,8.422733
6126c06620ab4ac1b23f9aa5075915ac.jpg,52.490616,12.473104
612a6b0af5fe40a1bb5f88b0d9cf37cf.jpg,64.16503,15.493332
61788c1e89ad4316877bac90c7a7f96d.jpg,58.288387,6.556714
61aa8bd90f4c47789d83c53b7fe7fb4b.jpg,38.62501,0.241113
61ad1e84db20495ead908091793484de.jpg,62.96043,24.934937
61cf6a76e9e84062aaec25c3be2daf95.jpg,50.657364,11.736583
61dac8b8f87e422c84071248fb32729a.jpg,57.128826,15.460079
61e559ad41bf419d858c780b693c2ede.jpg,57.75918,8.559678
61e74d6313434921a7d1577d6319c7ec.jpg,47.137405,15.405537
61fed3f0d27048d883ced7036ff6a261.jpg,64.79794,14.119135
6219fb5f02034810aea7f46125c0cc4c.jpg,53.40717,-3.623226
6235c1774eb644a3ba7f024e525fb91e.jpg,53.78963,26.839773
6242c3fb041d4486affb641b691dede1.jpg,58.510376,-4.68512
6256efd0043744f7a5c6649b61a9283d.jpg,38.395733,-6.211454
627d3803769440fdafe2d78813f4d593.jpg,39.847313,-3.513836
6298f094484144f8a0278ab0fb9467ab.jpg,53.251446,20.373766
629e43a1d394424db35dcf5be35d5921.jpg,63.42919,24.644558
62bb3811269144caa0de47cc9e247080.jpg,49.47352,1.521675
62bcbf4e160a42c098dee758a22f2aaf.jpg,50.281406,14.269282
62cd2d15a90a4f2bb7fc336c4bb5e8bd.jpg,51.65106,8.33497
62ecac8cd10e41949ea9be8307df6f4d.jpg,66.67776,28.42945
62ee6a59befa482c8022076ed7a8c7ba.jpg,47.57279,5.091904
63041dab3e954dad808fee2ef6b1ef2e.jpg,55.54152,19.714573
6306fee499a2496aa5af729a0613ea7b.jpg,47.517048,3.59766
630eee9593ff42f5be685f22af31a562.jpg,40.136787,-0.766462
6316aca1d55443569132be6a53486f93.jpg,47.584763,2.336731
63532e3ca995405aaa6b2b85cc1c368a.jpg,41.08951,0.764558
635c541e642e4d7e99e7e7fd61fdaa82.jpg,40.3956,19.19536
63602f7b572a4358a6a193f645c6aea1.jpg,64.13402,14.546651
636382e3cbaf4690999f53cfd35b9e0a.jpg,51.71488,11.576427
638343d1ef2d41998dc8d40e154580f0.jpg,53.81491,-3.217782
63b9e87e9e8e4c06826992354a400230.jpg,67.55346,27.895712
6415159af5794137a57d406589349ad0.jpg,38.07665,41.617977
6417cc3a1c6a4eeda3f0f859cdba6744.jpg,49.090633,11.102227
641d2cd7038849d691c10d5757763022.jpg,67.24176,22.874851
643192570b874c2791a890bf5e1dbdc3.jpg,39.292976,0.337388
646df76e5b1040d18273ccf0c7837e5b.jpg,46.552876,9.845881
6471d52022534090beca2e410228090c.jpg,43.057087,25.842155
64875030116c4f178618e0b95331231c.jpg,64.57379,12.49706
64a830d00b834c358c39d797a42b9cc0.jpg,58.24507,-3.582855
64b4b344b6b045ed8767c3f92caaa24d.jpg,37.607178,-3.616483
64cf31d354fc4457983e8c0d7896e303.jpg,39.588036,40.05142
64d89346dd32410da712c2d85bf6e887.jpg,52.281467,11.625185
64dbc8636c48461db26c4f2b67e4ef49.jpg,56.418266,11.955577
654faa7fb18a4a00922218a5b8289d2b.jpg,46.16013,16.542822
6572657348b348b1a300a25f20d50902.jpg,62.58717,11.408321
657f5ac59625427789ee26aaf581909a.jpg,66.74166,21.252924
65a64b967cd74d499dcb53974d6fc77f.jpg,64.720276,29.522194
65c8fa9a2ced4e329f9486383c2a86cf.jpg,59.699116,14.398385
65d48eaf871140ae9c39d63b8327ff74.jpg,40.96866,35.877686
65d80046b65e4ac98858c72ed3f77479.jpg,53.537567,-4.206466
65d82688e857454f96f9d88074e31dd1.jpg,51.345627,19.129147
65e96c0cbe734ce1ab15c99892092f3f.jpg,57.06386,18.267567
660df4b5278b4a18818ae1c0cd68d7d7.jpg,49.385338,11.137453
6664428b579b4e138a426913aaea5f87.jpg,52.765285,23.302439
66653dedbf174c87a54dae0e4358aae9.jpg,44.330284,6.71025
66664f41335b47ec84e18b35a1695391.jpg,62.157642,14.018897
666d081a8eb34e2bb03e1fe16ebac63c.jpg,67.20725,25.570745
6679c29ae74445a4914bcfd18d4bd8b0.jpg,51.31651,-3.74133
6685cc7906ce42a88f107642cce24eab.jpg,54.739117,16.222279
66884511bf84415685de4e57207c0178.jpg,39.127674,10.239004
668de59980634775855ee11caa73dacd.jpg,40.022682,24.549023
66b2290cc51342989ad88a6452a3417f.jpg,66.48369,-12.045215
6713bb5b8745488b9ff070bda1d75057.jpg,56.2899,0.857308
6750676b251b4f109b7677544129eece.jpg,65.98541,-22.934134
6754257a1848401bbb6444e4985159a6.jpg,52.42993,-1.88278
6761499ea1944520a7c5f23330d0a54d.jpg,53.947178,12.933159
67a10abaa1c84e67b13838f880e45a6e.jpg,63.518795,-18.509455
67b7621787f943218fa2caba9c7f9c9f.jpg,64.71568,15.518792
67cd243230cd491ebbe32f94b71d1c8c.jpg,61.74345,24.840218
67dae8e3c22347f0b055bac8ae74afbd.jpg,44.743248,5.825669
67e47ea1bfeb4e908cb128b5a1810ead.jpg,46.190216,4.449376
67f73c14b4e74403afd02abea1ad17df.jpg,58.363033,6.551562
680c3892ffd54439bb5ea7830ac7df5a.jpg,44.636555,5.918112
684e6e2550944ca1b87b11aa16c75071.jpg,52.86119,9.155171
6851aec5939f4be595b870b8447c69c8.jpg,50.415855,-4.072684
686997c7aa9b4c74b0443e37303026f5.jpg,61.46799,12.000028
688d51368fed4069be95c1ce45dd8415.jpg,52.0275,20.626257
689a32c4694d41c6b3241586db89e1cf.jpg,50.506413,23.46359
689c2a02a9ca43fc8f5b4093876f3c6b.jpg,42.71653,23.269493
68a060b2f31e4c9dbb9138970f06d817.jpg,44.261883,10.040676
68a2191053d94b2f9a65534268983f2e.jpg,46.24762,12.037387
68cd344665ca401f9a9c4cd2359cf006.jpg,64.68938,13.14409
68cdd05e4a6e4a0082d94a36d1f11767.jpg,39.595623,40.075172
68db5eb2e46641a3a0257c6cb1f90f1f.jpg,66.23882,18.56676
68e7803432174318bef6fe7f23e1b5c9.jpg,53.167343,10.050308
6901200a89994849a488e00764471c63.jpg,54.236492,17.369205
6915660b46f94ce5a04e9ce93d34f604.jpg,39.77476,42.129017
691dbda585ba44b8bd4a7d23a7cb47de.jpg,65.84786,-19.338116
6934c4589390470d89ca501c6e8b3ba8.jpg,42.211197,9.653746
694ab39dc75d4da7a50d7abea5e1c421.jpg,59.262188,28.131826
6960e43295f844768ba1ec6a7f505372.jpg,53.417416,12.858001
696200b8e9ae4ee5964a0d1d48a05794.jpg,68.89878,17.70488
69787ee85a754aa4a3529fb4d7508b70.jpg,61.336388,-7.112143
69c4328f7c00403a82f67c2c4983dd1c.jpg,51.84352,14.827387
69fb156b725949cfb54515d1d174a371.jpg,50.387295,12.145877
69fe782bff7649188477b0ccd110180e.jpg,58.380295,6.117728
6a0efdf626ee4265b6fb18dc2110bdc4.jpg,38.449535,0.750351
6a11b41db93b4a18b7c4f58b8ffff9e0.jpg,50.3962,23.838692
6a182fb7a73641bba0ad4574f8c46213.jpg,51.247566,9.338964
6a31193fb3bd4e76bde3f610e538718b.jpg,53.053574,30.533464
6a40f2124033443f9d1f1a291f7e7f29.jpg,41.038258,13.135477
6a4ef148a03048bcbf2cf4fe165edaca.jpg,54.053165,25.49638
6a501c79d72048b5ac53c8cd977267ad.jpg,47.790478,4.935496
6a6b3c6caa154c8c9e131ca5b2545122.jpg,63.889656,15.869875
6a7642ea224f49a782b874827bfa93c7.jpg,38.241096,30.383537
6a926898b186406aac45f84f5533c58d.jpg,48.430737,12.138792
6a93c5b423c14bea922398e7364d91e2.jpg,36.338856,-7.760858
6aa84d2f04214b25bb1d4e56ba56b7d5.jpg,48.887333,6.124328
6b0d3ea4f06d408fbb976b2f60b775e4.jpg,56.29485,21.231918
6b26eaa46eb04722b333fcb3c0d8dd61.jpg,49.18937,8.453337
6b2a5062db9e4705993457fc36470aad.jpg,66.200325,21.213545
6b38ecb49b6d4193b54dedae551b19eb.jpg,62.515842,17.14592
6b5735e056bf406f9357ac5fd3abc9e0.jpg,42.818405,7.074485
6b6fefa0ceed494e83c177a8161e27a2.jpg,45.81974,13.133379
6b8f184efe194b538a4be9285751e308.jpg,58.05316,-2.011505
6ba90275c12c417d8716593e657ecbda.jpg,55.762154,-4.141943
6bbd022cf50d4c8f9d3bef912950d365.jpg,47.238747,12.019561
6bbea18792094216bccb2b3f7ef5f778.jpg,57.345936,16.69666
6bcd186b36164603a3bb8db7f5772a52.jpg,51.842808,9.919277
6bfc42cab3044dfb8965ae9a3e506ddb.jpg,54.942734,28.433582
6c160c52036349109b59a7565290f38d.jpg,49.299973,7.006836
6c1a3c7f32604c1789dcce075cddf698.jpg,54.284035,29.735893
6c2a0c39f00a4dc6a259a8940831fc06.jpg,65.506805,-23.312572
6c4b0efc39f24da4ab6019046533bd62.jpg,46.049416,7.433392
6c5dc23af9c74b7bbf21666f105525d9.jpg,50.625526,14.039423
6c773d5e4315426ea3741668dcf93dcf.jpg,53.54463,25.959581
6cb1e6b4df7f4ff896a1bf9121341233.jpg,59.129772,18.294365
6cb25eb3ef974cd39a92330cf2d584e3.jpg,50.55443,5.183937
6cb6eb345bdb48af828dd6309becfc6a.jpg,48.545296,20.046618
6cc135d46ec44172b5c7fee918f10442.jpg,57.520687,18.445955
6cd74053229a4e07beedac8061e42092.jpg,43.32677,13.588662
6ceb858a7c8f4cc2aaac1d022c15af64.jpg,48.33052,-1.422861
6d0fb704770d4e8892a83347eb35c60c.jpg,52.518307,29.798973
6d160e4623a44958bed31dc67a17ab1f.jpg,63.447193,26.652157
6d184561c3304c67bbef9792d3e0be38.jpg,54.514076,27.181486
6d1cd8e4a8e543639d09cfced11b3694.jpg,43.756386,10.579809
6d3c7844a1f44b949210c139d17b94b1.jpg,68.41122,16.731394
6d3e8fbf75f64534aadb5a3125383325.jpg,53.240665,-2.303323
6d5d07664a984ba682c4b7aa5f2fbf9b.jpg,65.70061,-23.873465
6d8bcd27205245b99ddcb3cff32cc329.jpg,52.45396,-2.747245
6db38ee46e734cdfaf6c500fb577a1a2.jpg,51.508232,19.570671
6dc2cac4b67b444fb1f173c3aba3a408.jpg,51.37952,21.494492
6dd09f440dba46d0839a311e81e9fd59.jpg,52.68395,20.749662
6dd67a9058214ae3869d75bd66626e48.jpg,41.067562,21.188326
6e222c7fc23e4b7797095201c2d7d178.jpg,63.344406,29.651476
6e29e3a799c44c27885368e00bf6a361.jpg,45.57384,28.794048
6e334fa9ad5246a6a8ea9edeb8a252d4.jpg,49.655704,14.189264
6e4089391f7e452992d56db81f69240b.jpg,63.845524,12.443894
6e487cb0f02240c28be169e7f4309e5b.jpg,48.51501,-4.539868
6e88092705d54cd79ff3d67da696856c.jpg,50.48598,8.308835
6eade422e8014d20a6bce0b6f91ce50e.jpg,47.807724,13.01513
6ed2a322c24f410a994e3f707c0bec5d.jpg,57.070015,18.30449
6eddf7c042c14a1f8495b8d849460d0d.jpg,69.328926,23.988619
6f6be1caf41d4886b0eca5fcaaf3385c.jpg,62.0223,23.06372
6f85178deafc4c71833692010434cf56.jpg,53.557224,29.225996
6f877400f8994a59bad29546851bb60c.jpg,52.146008,29.121456
6f94b099467d44f2ad8c4f8d1decb38e.jpg,53.798725,9.519918
6fc11c0552ad4964a3323a84e0193be1.jpg,46.385063,1.85386
6fce2c1453c8489d8664253c9fa8db2f.jpg,67.506935,27.845634
701695c9fa764e9e8b87233625542553.jpg,53.330227,20.510086
702cff987d95412989d4a1bfb4a32e62.jpg,61.334766,16.908451
70321190a0d74a75a38a0a65f839752a.jpg,43.63589,11.492882
7056b2b986354ae5a643bfa08141648c.jpg,63.59616,14.473428
70582056dd1c403dabcf647360ff6d7d.jpg,65.25444,-14.449515
707c933691d443ef84a7309909af0b37.jpg,50.027836,5.295798
70d9739c06a44c5caae424155bda4bb2.jpg,40.78122,8.867652
71041f146f9b4a048aa72da61f8fb144.jpg,61.301075,28.534706
7134d66cee8a432882c006ee7c46248a.jpg,52.529057,23.979881
7150aee0f31e43feb3419e0dde2a76a6.jpg,46.710743,12.21948
715d434f7f3c4dca8398a98cc85af0ba.jpg,62.282307,23.575354
71a64feadcb04b778e76ec055c02162c.jpg,38.154957,-9.075137
71cb4e9d258a4dae9ee68756031b9c52.jpg,40.13896,9.237027
71d04dc8abac4ad7998f93673adf7602.jpg,42.55863,20.175797
72005df6f477453292c77add18db35b5.jpg,51.786003,13.66145
7208dceffcab41f6bbd26ba8bd0749cd.jpg,63.144432,9.979938
7213d726585d43b29567f8cdff88f2cb.jpg,53.85274,18.438452
722d321748aa42f1a53b5a35ea8a5295.jpg,48.312057,17.854115
7247ca17c1be49a1a7ec3a3add87db10.jpg,44.680027,13.498876
724804efcd994c6f9a73dab3a09c9f3c.jpg,60.372196,-3.942707
72523190f7c942ddb543214823317310.jpg,51.79681,16.879992
7268e1c875334414a7aea1fd2e59161d.jpg,67.00905,19.823112
726eb85ed58a46f4a3adad84d6169ddf.jpg,69.078735,17.839052
7276aecd7fdf4ab2ac7a2505674c75de.jpg,39.280445,27.225357
7279f04a024645aba6924b43387543dc.jpg,52.47515,26.394924
7299bb79897e48ac844d727535c61b2d.jpg,65.000885,-22.540636
729df97b87b640bf98399e36d2884a93.jpg,62.467133,6.201998
72be825f4e2f454eace328795a9b4612.jpg,68.55595,15.647452
72ec6ecf55124e9197db20ac0bd1ddac.jpg,63.487965,28.364601
7327da65ee3d461bb01c523052cc9c4b.jpg,44.70247,4.413696
736e1890141e495fac14a0a1d7fa1507.jpg,57.13359,18.312426
73793f207a1f4b44bdd4b62bba9b600c.jpg,65.57222,-22.428183
738435874c81444ea0a67ef74506399a.jpg,61.418533,16.150656
738e705bcce7464aa34d274477eb7b08.jpg,42.70206,9.999688
739bbc7f492f4fe789ce15530a3eb06e.jpg,39.70243,-1.10497
73a4e74f790d4d1f827b15561d0f7515.jpg,66.54256,27.140274
73a9a3f395cb427984389d96e5ef2a91.jpg,64.20587,29.37812
73ecb78db3a644fd8fd3539fd4059f43.jpg,40.854355,13.375534
73fecd25da664779a87cda5bb1074f19.jpg,62.77571,24.589422
744fd50fbc21479eac746c87cc68497d.jpg,65.65333,-17.083393
74814f60e7ff4812a6418ce9646e6d49.jpg,43.598946,5.242396
7485a5870ab24cceb7e0b93a531852e0.jpg,39.827072,-2.814815
7489494af599421fab5fd73658d09b9b.jpg,54.70866,1.249329
74af524903324bca97ba662aaffb43f6.jpg,64.760124,-6.466196
74b21ccbe8e64efcb44a03605264dbe1.jpg,53.676086,-0.022137
74dbaab923a54b5b94f0c0108c79338d.jpg,59.895123,18.289762
74dcb4775cbe432ea1eb00392ba72157.jpg,39.970505,4.484657
74ef2d66570441db90c2cd8a91bfb4a1.jpg,59.51467,13.860806
7550264f77684789991cc6c8ddae572e.jpg,42.25319,4.650097
7555425377f447aa8e8b4e0a4a17baab.jpg,54.964775,29.156122
75569dddf496466da48609f4f207187f.jpg,65.93572,-19.115778
7557b65983334e269efc861e0db82408.jpg,50.874012,11.344925
7564e3cf27ae49b899b4efbaa50ac862.jpg,64.72582,29.523846
75695e109cb247eabf716853b6540321.jpg,52.876534,28.303635
7574167c1a384c5cbccec36c6ae34f1f.jpg,53.32335,13.65149
75a67e3bf9d34df29a5a12e3fd3236c8.jpg,51.92135,12.458722
75bced67159b4d4387e33eae372376fb.jpg,53.44852,16.552032
76149ec64d964260bd0f8572aea517a0.jpg,65.18739,-17.178205
7616a3e419054774bc4687ccebf39630.jpg,44.905064,4.376806
76996371b0ae41fba82a7da61ab09e7a.jpg,49.08012,15.079653
76bf045379f34da1bc695e05dc322847.jpg,65.972916,-22.907354
76cdd24d50b04667bfd834e39691b778.jpg,65.58,-17.448954
76e4358dabee4dcb9faf794854d4cce3.jpg,45.763138,4.191275
770e02690fb44339b69f4c3712ec202e.jpg,47.17229,3.77339
77244cd62eb948669d8ce6016e08cc37.jpg,42.708454,-0.781812
77383264c6434848923b7e5b3eecfae6.jpg,64.6436,6.329948
778853553ba94dda86b15667db9a87a2.jpg,43.34164,1.776502
779d2424bc784d18845e269c7f545ac3.jpg,48.658188,8.38775
77c553a1bccf42c68e94a0bc29e7d61c.jpg,63.051796,25.744148
781471b0d966440a9c14de15c2e0a6c5.jpg,51.118687,16.521461
78738576c14f436aa7aaa9cc213c7694.jpg,53.769535,9.250703
7885d58c05814de29ebe2e27b3786677.jpg,56.90429,8.337141
789f5a3718f04c73ab2079897c4b54da.jpg,47.82882,25.176596
78ba2c7c8b90476182f5a47b334bca20.jpg,51.722805,14.509938
78c0b06337c743bdb3f192769cc785ec.jpg,62.1562,23.55208
78d97ee8103b4675b6c07f73908102fb.jpg,51.812916,30.178625
78d9bda9f6fe4798b44b21a30166750a.jpg,65.56862,-20.011293
78ddf6d127b74820824696db12edc87f.jpg,49.13599,6.648884
78e71d4260f4460bbf4105ffd746fc43.jpg,55.502445,27.746437
790afd918d8448ef8185d2e3320520c0.jpg,28.676807,-13.779874
793ebc215fdc4e0090f597a57f905df8.jpg,28.072168,-14.384502
795d0b79592248908e2dbff4f9137e00.jpg,53.971306,20.866264
796dd52314614236b5db8f2b1ac09cef.jpg,40.235207,15.47426
797d7362f7da4cca86b50cfc115dda2f.jpg,40.84942,8.979926
79e7f4ed9d9e4dc5a1530874475beff7.jpg,64.84213,-22.693773
79eb63ca1a73430abcb317716189ef72.jpg,54.264347,29.08613
79f73a962ede4b13ad2c0a3f1e89cdc1.jpg,39.61056,9.997982
7a472fb018184568b2c02d801f4be149.jpg,53.23885,17.947071
7a65dbb94cc84a45ad84871c5917d9ab.jpg,64.82371,-23.924068
7a6a507f0c7a4426ab643ba2cffcb245.jpg,60.520283,10.739462
7a71383c65d84a8c956b8ae174f25ea1.jpg,54.995285,29.57383
7a783da21533478081d1849c335f44ff.jpg,50.126396,11.892465
7a9c9f0374d54acb82a34a68da3eae85.jpg,48.542046,-4.557218
7b33763176954af799b356409bd116c3.jpg,62.22291,20.704613
7b739ec6d373420ba44efcd748fa7faa.jpg,39.846,42.547855
7ba2c33fc1e14747af7866a8c555e371.jpg,64.6713,18.176657
7bf2449ec3fa4d71954a00d81fa0f5cc.jpg,54.505974,-1.845256
7bf5d123477444319dff15a3dda6c9f4.jpg,63.764244,27.161808
7c0641772a554fdfa7357b7a76f19465.jpg,48.544205,1.960092
7c12bf4af8c047a5bdbb1e7da51e1933.jpg,65.97172,24.654882
7c18e45c2b34499da3dd6a736d55f22d.jpg,53.853825,20.514627
7c1e8f9722ba402bae6abdfb03297551.jpg,41.575146,9.36463
7c2e2154d40041058fdac08437e7ff80.jpg,64.42149,12.095134
7c3474f3bd1e415db78c0d78ff92d7a1.jpg,66.90841,28.360859
7c89cc17071c450fadd9a78b86b97a67.jpg,49.624798,4.189811
7ce89d1387e8463aa47eeef21675f8c9.jpg,65.73997,-23.807026
7ceb183a5324496daa43d9d1aa0d5728.jpg,47.758224,20.440338
7cf0a096d4734704905fb6def4145f7f.jpg,59.25563,18.609962
7d20cf24b2534e33878c014e9bde6206.jpg,57.52098,6.606918
7d78d8b1a04d4a24a023cc074a994288.jpg,51.9794,15.347308
7d8e3759cf144d15925842031f7a6d0c.jpg,43.134632,1.904734
7dbf955300ec432e99da41f823e7fef6.jpg,41.08058,14.144851
7dd24f540dec4d0b9262949f9a19fb51.jpg,35.82325,-7.958116
7dd3a011a6754da990e5d82508c60e1b.jpg,62.40783,23.313236
7dd5a76e56b247ed96a935412ba5049b.jpg,52.729378,12.412251
7df55f4f6d514a8b94cd59565af67ca8.jpg,60.612804,16.499905
7dfd7f0421eb4a568b2b0e0f28feeccc.jpg,55.24203,-2.948568
7e2f62d025984888b68ebafc1e40c695.jpg,40.11908,14.823726
7e377fae44e64a4eba2473895839ca00.jpg,53.919346,15.585159
7e4af8d171e847cd8f15d6758bddaadf.jpg,57.278404,15.607905
7e6e0458904149b79f5a00baeaa31363.jpg,66.19417,21.478006
7f1f0640cd934184b4cd0058ecc861d2.jpg,61.60261,23.437353
7f3dd93591c84ab0803c3fc993720c34.jpg,43.707592,4.105806
7f54ed9c754f4bdd86a388b7551976e6.jpg,59.31659,-3.401552
7f5dc95b487c42c3aed15b2b6ff004d8.jpg,53.58251,11.052911
7f6953c27128419db8957d2050bbe6b4.jpg,39.35735,10.408178
7f76c984034043fda1aff53866bfc825.jpg,42.887947,29.542595
7fa2dcef7de74519b6e40fdebdbd2d8f.jpg,58.894463,9.319938
7fa6a6d4c05c433daec58a9aba7e172e.jpg,49.684258,5.789342
7fadc5ed340f4e5a9b57e6657e08ee55.jpg,67.2543,28.129873
7fc17ef308884b618d5c7a9718b8bc49.jpg,59.738792,7.388283
7fd5dcbd1e9d4e7caf3f9c9b35145e4d.jpg,55.081978,19.63839
7fec4e7d021e4502a94722aae03e9b49.jpg,48.441772,7.786644
800009e8a1cc4e01a8540d4fd38d39a7.jpg,52.52461,12.380268
80093a5d23f34eb5b3f23e24f57108a0.jpg,53.772022,8.897538
8016eed9a2714662b329e646d3bd479d.jpg,40.42566,12.118863
80311b5b0f944f1e860d150a95367b8a.jpg,44.346226,11.561266
804ff4c049d14769a47a58d7d3fed7d5.jpg,63.96488,-16.823334
808312962edf4c12aebebdfd4fc41164.jpg,51.708057,30.34169
8096d420ae1546ea911675fd56cf0da8.jpg,65.73699,-21.2522
8098ebcca69f4aa1afb0bff06554d460.jpg,62.45649,6.200536
80a09508cdfa463c9c5c80a00f6a359d.jpg,65.94846,-16.094547
80bfb2f3a0c4417d97f7d0df4f529607.jpg,59.411743,22.35851
80d7376a5dea409aa8d215419b4414e4.jpg,60.040077,2.018239
80e3245bed1d4deaa6b8a4f90e453e17.jpg,64.715195,25.567753
810fd587e75a47c39e8b4c780243957d.jpg,58.484566,-4.513829
811d187fb75c4dfba2a1f3bb4df313bb.jpg,49.79246,5.621022
814689c3c68844edafef6e43e5cb2c10.jpg,36.702534,-6.012842
8182cffca894412cb704d7228fa2067f.jpg,60.605003,15.656311
819f99d5a28f4109bdaf973515d86205.jpg,42.923218,9.765954
8226ef5ae53e4d618f72097facb1a5ad.jpg,67.52523,27.867928
823ce6d64c5d4871a7e000632d9e2a0a.jpg,63.185074,29.779982
82512a947f4e425db33e710ba0a92d0e.jpg,42.869118,-2.650971
8275639d47194a8ea58695bd79a2fe48.jpg,39.582672,40.01683
827e08cb9b084923a730a3d026af9dea.jpg,63.780296,29.657162
82a133fae34b4013b521f9b9397a3b0e.jpg,39.619198,40.37299
82bc6255dcab43319defd1e77f6f943b.jpg,41.64354,8.423967
82d9113b1fcb44fe9f52a65924340b1a.jpg,65.50642,24.95787
82e08f4f497a4a9d8da8ae08fe2cc684.jpg,58.2908,25.918247
831de0b7704d49f19f82fd6bf402637e.jpg,41.868793,30.348448
832a68b256b0495b80349818840ed231.jpg,47.954807,-0.315761
83a4c08c618e43f89ba70d3d117570bb.jpg,50.499256,11.496164
83cef05b8c0740fe905ee32b53422dd8.jpg,64.40696,-14.834798
83d6c2d87c5d42989893995b9c3c8f00.jpg,49.418015,11.142202
83dc47c3c8b64efa959ff0a1ea089b14.jpg,67.50096,27.86188
83df6925534647928d893532435d3c50.jpg,65.13581,-19.898287
83eacfecca2446099f2b23505cdb7fa0.jpg,40.640873,13.056404
83f00994aaea4d8aa8bafb01eb7ff6a5.jpg,61.40832,19.782125
84030db45a65432baff44cb93a7820fa.jpg,57.73935,3.953587
843af13641184c1a978d862d3b4f349b.jpg,39.325024,18.127914
843d6833ab794c938b23fe9ff2461ba8.jpg,38.899673,30.642143
84644c5684314d78919965e823a3ed3c.jpg,37.250614,30.418625
847b277fa67f448d877d5ac01943bc2c.jpg,38.13828,28.005098
84b8b1e150d24ebb82c1f1baf1ae7d1d.jpg,50.852158,11.398415
84d9d77250fb4ceb88bb1e285ddff13a.jpg,65.35362,-14.676044
84e2c872aa0d4a4db605f1640ce94988.jpg,65.38082,-14.773205
84e5144c9fb840dfa4b151ead606dea3.jpg,57.9665,-5.143224
84ec3329cf684f59af55c838b333322a.jpg,65.747116,-19.589577
84eec43f9c19467ab46ac6bea6758de7.jpg,53.006153,0.144467
85174adc26c546468a61edc1b6b18798.jpg,65.67093,-17.869587
853a737ad3c44f60a3f9db6dc3811ba5.jpg,58.37739,6.153391
854f439ccf264ee4912abacf0198306a.jpg,62.358437,22.50319
855dd61def9d41bcb8e38021101a8c3a.jpg,51.681576,-0.035266
856806a9f9e44b28be3f1fd1c401d663.jpg,57.586006,-5.169039
8574aa519d6844ef8acb6a110d91ca03.jpg,51.57232,13.966223
8589fa33775c425bbff6a1886be9660c.jpg,56.314503,5.521822
8592c1f5b11c4e12b56ea646546c0e6e.jpg,46.46118,23.031164
85b786041430491b80050aa6bf9dd290.jpg,41.903305,12.726707
85d9619c946f4955a5f4e55bb260f6c8.jpg,65.649345,-19.427185
85ed12aea8b2413bb91396f624be9fbb.jpg,60.808804,-4.414623
85fd64ae502b4753821d6f8b8c5b0dbe.jpg,43.45347,28.61584
861eeb8cf51f45ff909083c664db4f7e.jpg,57.433212,11.859115
862a525326be42fead0937312e55047a.jpg,50.924774,-4.243385
865df8484b5f4f92a7e09b08bc468768.jpg,65.62666,18.482597
8672b979d3364a3385d4929cc73120b5.jpg,58.11167,-5.52962
8678fbb7c0e442419085e547240ce7fb.jpg,57.05868,10.772738
867d5a36f0864a1ea82f2146ac726a81.jpg,59.002026,9.274602
86a04310864d41268f59e4aef17b022e.jpg,62.46565,6.175359
86b77cee7b274325a20113530c0272b8.jpg,66.21442,28.990887
86bd3d518c6447998b835a9d34bfb7aa.jpg,48.43355,5.679552
86df4270cbb046beb6ed8f305e3cec34.jpg,40.534527,1.378363
86eddfe8e1584ccda08c1c235de90434.jpg,55.25817,29.792103
86f19d755aac4b489db1dd41be26341c.jpg,41.174988,36.737743
872548bb5fed4ce0a567b40ebd9f32ef.jpg,56.270878,-7.937548
8726cc0c6f564971b076432e4279f3a4.jpg,49.952793,10.359554
87271d47742e41cea1c6e21e227ca609.jpg,57.070354,20.169746
8739be29941e408f8ecef84e09211622.jpg,58.3794,6.147532
8741bc3d3aad42349319d7336e43abd2.jpg,50.64521,6.462892
874a2946463645daa68f645fd0a06575.jpg,48.877895,10.236068
874f43346e18464da384d776d67301ee.jpg,54.250004,30.452168
875020ace21d45a98b9346a03e58c868.jpg,51.353954,10.139978
87c496db25ea4c78beb56977606a0069.jpg,31.137978,-8.439147
87df34b1255347b69c3e019b834e8e88.jpg,50.51846,14.789632
87e002cc53454ad19bee60987fa0f459.jpg,58.14671,2.837831
87e5574366d94f13830a0cd8131543c8.jpg,44.43594,5.772073
881ca04a71274f01a62c707f43b55eef.jpg,47.980145,-2.611989
88429ebfb66b4565b991855b129733e8.jpg,65.90381,-19.58498
887b20b1cce749c085dba5314c4d45b5.jpg,52.054127,14.158089
88c4cd19772e423faf5c9d9b8b9e22db.jpg,52.504337,10.211889
89059b89237d445fb0d82acc63f1e78b.jpg,63.714363,7.093373
894929105c3a40748ab297b86a6a561f.jpg,57.807045,12.925551
89537bdfcd9b49e885bfe790ee7a45e0.jpg,40.377483,4.552522
8974b6aa34b44bfb92c5ba730aad6000.jpg,47.300774,-1.733624
8992e36af5064c81921de07c067fd036.jpg,64.7649,-14.295301
89939d6b8b0640b9802e8149d34e6789.jpg,50.685432,21.229864
89aab63f9ec94f229168a7e6f8b95dd7.jpg,65.61213,29.0031
89ac1e180c9443619f45f577c0a929ab.jpg,52.319584,16.523071
89b4e4d691f54f778199a05378125d5e.jpg,66.951126,25.031855
89b8b3fb46224607bcdadf27ead0d64e.jpg,44.188683,10.744532
89ed5f24b2f6413091999411568f65a8.jpg,59.19385,29.76283
8a026c91e1024891b0b9a978878c44b2.jpg,40.483364,37.17952
8a17e1ff9ccb4429ab76660eb53900cd.jpg,52.051586,26.378035
8a254dbcd6974becbee3af6efda06e23.jpg,51.72335,13.971375
8a379a6d7cea4245a06624a14b5ed442.jpg,69.31352,17.548344
8a463ac69ccd42a8a387e3c0657af7ee.jpg,52.25458,8.405897
8aa35244ef0349d28e111a7a4098f51e.jpg,43.692596,-0.734742
8aadaf102c2347fdaed9db4da85f29f7.jpg,53.434258,14.054502
8af0c6aa101f40c4ae1b756872c34fcf.jpg,51.323936,5.531789
8afd9c9d2ffe46c091f3fe981797d7d5.jpg,52.601166,11.438686
8b183b95041f46bc894ad03340089076.jpg,55.139355,8.872125
8b25bd59282a4869a12178df0356cf40.jpg,52.50352,28.120161
8b6300c92f104e4bb9563efc23056082.jpg,67.49539,27.854202
8b847eaee4b34e9c9d06200ea15f4968.jpg,67.089966,25.09021
8b97a7e96c2540e282b176d50217660a.jpg,53.21323,7.752332
8bb926d46ac344e9b79c83087cfaaeb3.jpg,46.024117,-3.899407
8bb9bcd7278e4e3a80629a6f11dba482.jpg,39.14334,18.798067
8bcba0eba25443768f82c4d833d017ce.jpg,52.066433,9.283756
8bcc0a63e0ae4ff0a50e6722930cf888.jpg,65.58455,-19.33801
8bce4dc927724fe8b8f07a4241c65577.jpg,65.34329,-16.956482
8bf33392769346c7b1cf2b3706b11331.jpg,65.54771,-22.426546
8bf7476e7dad4d20808d98d4f07d115e.jpg,69.83309,29.439787
8c0b0281c5ff479687e5f56f6dcc8b6c.jpg,39.293797,35.09572
8c1edb188bc74449a65cee6ac0e37fc7.jpg,48.015842,10.125282
8c573a1f456c41d3b7f5890d54d01449.jpg,43.63209,-7.596224
8ca90150b72745cb9dd91d2b4884bd76.jpg,66.5585,20.165533
8cb3282459ca4d3781dd2309ad5b9112.jpg,62.456707,6.160054
8cb8cf504dd541318155247ccf3021e1.jpg,61.9923,12.954052
8cb8d63c8b0d4245a0abda63d9152c55.jpg,43.787224,10.064798
8cbf3dbed95448f8ae37b4be26d11c89.jpg,53.362007,22.45715
8cca4b445c0d4894b86b7f3642e9b926.jpg,62.77106,29.839178
8cd169cc26804f3ba25d22a58eb8947f.jpg,47.03466,7.172022
8cd9f02535294a928d71860740b997d5.jpg,63.221554,9.262448
8cdb0d7c388f40d6990a78832af4df81.jpg,57.26108,12.777749
8ceace2598fb4d59837e7253d9ac83df.jpg,69.30569,24.7524
8d25f540deea4257aad0b915139ecc97.jpg,66.07774,20.242823
8d30eafc3c0f4b2da0552320d0c6a09e.jpg,54.59681,27.924265
8d34d64c81444574a3983fd34247b4f6.jpg,65.6825,-23.196371
8d382eef0fc541c6a902bcb4753682a3.jpg,52.539963,27.838312
8d4f1d4ea1af4c2499c70b43df6fa840.jpg,65.65618,-17.797512
8d5a7826598c4b54a55d9be6baf1aa0b.jpg,58.362473,6.179633
8d785861e85a41a398172b8e9331dc8d.jpg,65.33484,16.565058
8dbb18a72e7a4a409d3ec973058bfb35.jpg,38.890434,15.098188
8e13b481f92a4dc298376e0a75885eb3.jpg,41.22025,15.968121
8e5ce9804633442db5d24db22f7d8f68.jpg,64.570335,25.668285
8e89e7e4ec9a45e9b7fb38804f086ac1.jpg,65.47672,27.885775
8ecfb21faa30401eb28521f95de2efbc.jpg,65.44616,-20.097557
8ede0322886b40bca11cff6086a044e0.jpg,53.60059,21.44775
8f69428e51c645c3b1a8bc021022dad4.jpg,53.30164,20.40206
8f69b818a5eb43a7b06d7bbe7aa3c34a.jpg,55.718243,28.148798
8f726a0db905417db6da4b70ffbc466a.jpg,47.192417,2.511584
8fc5d5c28d7a498e8f3efffd92793a0d.jpg,41.825787,18.661924
8fd7ce9c7a434ab7a6ea9a9921cdd2ae.jpg,52.856735,9.874423
8fdec2f2c5a0413f852bcd7fb7557edd.jpg,39.653305,43.978493
9019a5a3563e4b468f760e76f2e4fe51.jpg,39.907265,33.525867
901ed662bff24a92a232ac544485edb3.jpg,53.47408,-2.699706
903e827518444a8fb93b07e017fc71a0.jpg,65.554214,28.68515
906f18f52a0046e7bcd5748e54e136c1.jpg,46.28169,1.567324
90c37f3e0e6240d7b224505ebbeb5489.jpg,43.880436,-1.405389
90e10129922945df905bd27c530900cc.jpg,49.815445,10.925247
90f5eabdd69548cd880c66aebb8b707b.jpg,65.88981,26.879568
913c96ea588e4ea59ebd134b71430af1.jpg,53.88721,30.032316
915c0694ebcf45d5a6c29a1a0921e493.jpg,40.665092,8.502843
916807daeebb43bc84cfacda2a1ae709.jpg,38.286953,41.06639
917630084c194bb5b1ea2aa37d772c37.jpg,41.8648,11.058805
917c83ce50ec4686a018d2251ec5b555.jpg,39.48729,2.451038
91989c78bf0c439f88170d7e5737a1f3.jpg,63.019974,16.468964
91a2b0cab16f44f29d8b3f8379c96cd2.jpg,58.0623,6.337326
91bc886d37784e3a9ef3d95cde9dcf7a.jpg,40.827705,7.338022
91e354bc05d04b7f80cdcf7c4d24efde.jpg,51.57926,12.238314
91ece8e2422c4cc4a1478a5555b2a025.jpg,65.261444,-14.438432
9210c9b6321c47198d7a95154e9904c8.jpg,52.698032,2.360302
9215b0c7177f4eb1b7e7503ab7dfd32c.jpg,67.05437,28.12021
921edb1a69124df99d12bc16d8ad7880.jpg,56.16091,16.923428
926011f4d1fd4a12a357e86235e37335.jpg,54.71978,27.41402
92626219c3b34fe5ac9649c77cba5f9f.jpg,48.586994,9.676835
92cb7059de164a4c931b4fd4295fcbed.jpg,37.73172,29.2745
92d2d0ce297443e891b548b389587fa4.jpg,43.04045,14.907237
92f4cdd51bcc40e98f56854bb71e9253.jpg,42.39732,5.807616
9302f9b544cb4cd9b3e5f283d618de06.jpg,40.856052,36.55803
932183b9745a4a0db766fba7d4d83c5a.jpg,60.348347,9.560482
9344966ce7f44c70bce48e26c4fe28c5.jpg,29.012138,-13.629794
93573be04cfc40758cc0d41fcdffad98.jpg,61.048553,22.820232
937bb8c0ad3d4089a011b6b478415480.jpg,52.892277,19.072987
943246d37eda4575b25c863217948fb4.jpg,50.37849,-3.79251
943dd4c51a8a46bda232a36963e427a0.jpg,49.403294,8.457962
945eb864f6244118ba158e07039eac4c.jpg,65.29337,19.129662
946d93381acc4371a2f31e048e8c452f.jpg,61.978745,29.759945
9485b0321fe04e18a09861ab197c8a60.jpg,65.87115,-22.818354
948e528cf8554d2c96bd37f04d459004.jpg,38.283417,41.07198
94ba348c54074d7585234b581c469322.jpg,65.929405,13.919376
9505e43711714abd9754d4fe6b8a5f46.jpg,40.973503,11.361756
952e399812794c3dac8db7e95bb6914c.jpg,52.430916,22.006227
95d156b142684f3ea74f48596f6664f6.jpg,41.795963,10.919751
95e22d8c168b46c7950178149b71d7db.jpg,65.87455,19.292612
95fe6ddafcd048b38f6fb7ac6eed23aa.jpg,43.477634,-2.988433
9623556b768740aa8b7443406b90e7e2.jpg,66.16776,28.836344
965c0a387ea744bb8b9fbc9e39802e46.jpg,60.536755,19.38044
968d47bf5f114d219b7f5b2ca99e2007.jpg,44.187107,-1.072047
96bb92a0e89849f29b8f9ee3c1890aaf.jpg,41.033512,14.27405
96c64e652b754ee1afe5d54e051ab5d5.jpg,58.414055,-4.860818
96d31edcf85847f5854ba0601802a215.jpg,64.6402,14.547402
970220d020e14277b7a5bab957bbf494.jpg,43.088017,14.853533
9727ea8055f7472a9b4fee9305fc7bc4.jpg,40.837334,4.988186
974b5739ce3c4fcaa40480d7da0c5e7a.jpg,62.220493,22.332733
9766975638f3441eb8912779b8d9b96d.jpg,53.32023,-2.43414
97cfcca9bfa2446693c8fd9fe087b7a9.jpg,53.99793,-1.722354
9803183fa4e149fdaacf2c78390494a3.jpg,50.021927,37.048058
981d9e20973744c6b548e31c163124ef.jpg,52.652317,30.781137
9837e706bcf24b48a5ffcd06cc92bd3b.jpg,40.70982,14.424006
984760fc57ff47668d0295f141c3aedf.jpg,52.799126,29.158335
984aa5e990cd413c8bf2a2a3e64d73cd.jpg,37.727737,-3.248452
98527d958c7447a98342243043a3d9e6.jpg,63.841496,-22.363937
985cf2781c0e43ca8844ab762f7dc5df.jpg,51.843094,29.371338
9879f667e9314855ae0831378fc73379.jpg,69.63149,18.417883
988586848a874ad7aa5b14959493c83c.jpg,62.111713,14.261945
988935e9cc2d4ba5be4cf005fd79be2a.jpg,50.766125,-1.198847
988988698cce443b9d191673fef20843.jpg,53.829494,31.493471
988a5f043e134e618fa80db33b050168.jpg,48.882187,11.98736
989a3ed650a94f4c99c7e91f433cba23.jpg,53.91389,22.530607
98d38c21227f457481dd9183cd970b1e.jpg,44.786884,5.723608
98d6d37831a04531a41f3d4a4d8cae0a.jpg,65.601875,-19.370186
98df7ec3ffdc4a989cdfd6efd397b4ef.jpg,65.569786,-23.173622
98ee473b4a3645838e00294938b19afc.jpg,40.510708,33.85415
98ef20190f9f456c82efa0e7bba5cb2b.jpg,39.352898,16.074572
990f6f52844f4b74bffbb814d430689f.jpg,52.94271,17.66013
990fe57f58144d3ba87ea1a9e000fa7f.jpg,51.69644,20.968534
9918c4a5b0e94c79a672ba75b6884767.jpg,50.741787,18.02876
9929dd8714544a05a5a94ae0931d6ebe.jpg,52.4548,-2.119993
992b2c24ee5e4b87a72fdc57d79160e5.jpg,51.979393,19.99905
994706daf88940dfab4e485e0a2ff57b.jpg,28.717525,-17.813805
99494e774c1f4561baf5c2c15337aaa1.jpg,40.210526,5.250344
995bc6e862c34cb2a0feae05bfe9c6e5.jpg,43.697063,15.841747
99c0a092fabb4fbaab4fae321419100b.jpg,64.62822,20.492043
99c585918c284c91ba22623d71f16b22.jpg,49.48297,4.729109
99d0a0869bdc4906a1611e077fa05ee6.jpg,40.704857,19.39889
99db522b2fa24ca9b2e24b28660d890a.jpg,38.81317,33.294865
99e081234d9540a180277c2581c93e0d.jpg,51.553017,21.7506
99ed0e9837c84c998f919d53b933c3d1.jpg,41.05582,23.091427
99fdda905fe44ee6876fc372dd9d566a.jpg,58.57645,15.804741
9a09851f2a6f4296a5aacf8cf7855741.jpg,64.80246,12.902738
9a81cc31432a4acf883382b86c95e658.jpg,47.212894,1.01158
9ab734bab0914457bd8a2771f5e40f37.jpg,42.389786,18.925497
9aee195f5b46463bb8a657d295760bb0.jpg,51.04601,-0.866358
9b1ca65195974477a8ec02c31638eadf.jpg,48.63399,8.780672
9b23cbeebe2749dbaf045f85df5ed1b5.jpg,47.3176,13.634644
9b591ed1f40f4ac4aea92b4d1592086a.jpg,51.69138,9.704618
9b621969783f442299323db769abb967.jpg,66.289024,22.833403
9b93acf997444aee8d9e40b18f29b552.jpg,45.098446,11.484488
9ba8154393944bc4bbdca61f64dabf2c.jpg,65.53835,-20.34772
9bd0e17fe1874656993c826c3df50f83.jpg,65.99925,-18.499397
9bd29002591e4240b003f75e0770e0b0.jpg,53.192444,17.26399
9c1af1af56434455ac9fe5ae4fc825ac.jpg,49.393284,5.06221
9c1c813dae1d4f53b0914418052a35d8.jpg,39.557076,40.029526
9c5e1e18dd364eb3a7422c66828eb0df.jpg,60.219357,10.979298
9c683f3ba06646babee6f189f43fc440.jpg,47.30417,2.837833
9c79bb25b872434385989e9607aa526f.jpg,39.744633,28.04103
9c9c88625da24076b0110c30909a061e.jpg,54.115356,5.612117
9cd51fca41ae44e198317bdb667ff296.jpg,50.715294,12.450303
9d04ddc60143493b99eb228ce1d942cb.jpg,64.453125,18.897854
9d1b1b6e7743449087e81225198733de.jpg,61.197487,15.323578
9d257a46c14145728f7a29a3ae25d637.jpg,46.234913,11.375434
9d773241ce594dab8041fc22fbcd7fc2.jpg,65.68485,-22.871693
9d81ae31d9304d10bb6501e0c5dd31f7.jpg,56.60352,19.072628
9d82807efa014791b79da5e564e1aaea.jpg,65.55629,-19.721968
9d8e49ac30814ccebae3f33a84bf4742.jpg,50.96134,-4.591418
9d934b143a654c9d951e1ef95af003b9.jpg,52.66076,30.806911
9d938564beda4cdb8d56509e2bdbafff.jpg,47.702873,8.859589
9d98e7836fd64f35857beaf78c407422.jpg,38.117783,-1.246224
9d9fbabc1ff44a4ebfb3ddc6250e9caf.jpg,54.121437,20.582466
9da327b596ff4b1393312d1d6346083c.jpg,56.363823,-4.818438
9db75f1b0b0845c8a27c598b554813ef.jpg,63.951626,-16.468191
9dbae72af79746b08ed0a976117b8b87.jpg,40.094223,0.902395
9dc19f580f884ad2801b25fd5c098e9a.jpg,64.04471,12.109415
9dc394fd776340b88db39c0e217ad6d8.jpg,54.753273,12.520323
9dda81748a5540c0907da94abe0f9c08.jpg,63.643105,-17.851013
9ddc7ccc36f74c00bab315680d981794.jpg,53.21422,24.158543
9dde831324e244da83d27fa1c90377e6.jpg,43.31341,11.259908
9e0f2dcc62524e2f9bdb110c16deff2b.jpg,41.853474,19.527327
9e1bc52dcb7c4b398664e6b9afa0548b.jpg,60.890472,18.672476
9e1fa0877d45480caa1e3f7df042ce25.jpg,40.15981,8.799532
9e2afee8124544aeb58d7feb062f4b5b.jpg,55.75537,28.666374
9e44e573ed684456be1da1ee1c28ac8c.jpg,46.169815,13.616823
9e6f8b9d1aff4bf2bdbd265b988dbdfa.jpg,60.710556,18.924335
9e8138f9035447c786a247fcc5425e5b.jpg,52.66286,4.125373
9e8984396c52479bbb9cc4588baa8bfe.jpg,45.192226,-0.851774
9e9b79d8337447e28e441b178bce70fb.jpg,46.19883,10.003501
9ea8e8664ecc415896a409e06cfb195f.jpg,37.96668,9.856523
9ec38fccf3cc46c18068ea0efb75b2b8.jpg,68.80342,24.624441
9eff45e7d3d046178207b91f94f6fcb3.jpg,50.61637,-4.26528
9f05f02d0aee4659b20af6aaad45a120.jpg,51.680008,9.740734
9f6a980527d14ab7854c4adbce93de9f.jpg,69.649086,18.448166
9f952107996644338c4a5256312ce7a2.jpg,65.588745,-19.348385
9fe98f7d674d44b1bb0bbf4e72e4d433.jpg,42.078644,22.409756
a02f27fc6ea8448e830be1b991c6b11f.jpg,50.981846,22.67824
a04498f7f7c043328a179fbb77e6a129.jpg,41.10552,29.538237
a04ef5b1c17a4092b0c2475918b3ed97.jpg,50.145363,21.56543
a052b6d2a4d1461180c1b3c0e7b5951e.jpg,59.7525,19.635914
a0589e637a474c57beffcef89cf6f529.jpg,47.701797,8.123964
a0782c93e92744d699d8b0369d262d2a.jpg,37.35773,39.81706
a096ddf8d3114813ad2b34ce4b0f4ff5.jpg,35.00442,-16.313675
a0b91bde6c7d4fc6a84d1d34a2a47c63.jpg,52.36233,23.82154
a0c13064d1cb435295e43bbae57c3e19.jpg,47.637054,2.29358
a0d6330f48824f4b970e48ab1f0ceda3.jpg,44.510017,9.675021
a0d7d702ab0e41ebb7fff27aced1811f.jpg,46.495075,14.574354
a0efd73d58f44fb19ba2e6eb0e21e4e6.jpg,59.37314,14.470168
a11020c1461a47de9448521fa94f8712.jpg,52.290512,-4.105495
a11bcb992b4047e792b0cfed1b9b06b5.jpg,64.05552,23.562902
a136f16dd10243818fe60f8d86bf4003.jpg,53.316895,9.461728
a138e951783d48598df1c973f4a18ffd.jpg,62.23216,22.923262
a1a6ff39c90b43c091a37cc56636fa97.jpg,48.939693,6.649166
a1a736e36d6e40ad90dd72b1e6813fee.jpg,52.53378,13.748501
a1ad707f334045fda13815534f93c49d.jpg,41.369446,6.747761
a1c7b4c2e48e44c18a205bad866fdcd5.jpg,38.274925,41.0979
a1c7f60d38ab44399df3d329fb4c11ca.jpg,52.35035,14.339931
a1eb55ae45cb4b96a53719a4f5424593.jpg,50.394512,-3.982996
a2061f8c69ee48a7b49fe9450498bb92.jpg,52.09891,5.204254
a22e3af53ff347d6a0a863d7f67e2108.jpg,58.556076,2.984009
a23d96df881744728cc3ce9c6b505f45.jpg,53.024822,30.129356
a23df2f4464e44bfa3a07c4f5fbc11c1.jpg,40.57323,1.733426
a29ad5ff427f4a9ba96375af296ade63.jpg,36.898567,28.611176
a2e4e0088e3a4dabb39f01164c77fb6e.jpg,50.561485,23.98849
a312dc0c97c04de0b7c87ebbea29a2d3.jpg,52.8408,29.41151
a322930e30324ef390de92e7d24902e5.jpg,49.24126,4.179673
a358b9c02e3549b780bfea967d20cbde.jpg,48.192776,12.416461
a3751c44fce1418cab410e62904a9152.jpg,52.489307,9.273747
a3d170e27e2f48f091ba9488de5bf8f6.jpg,59.152714,6.14982
a3dfcca2e05e4ad79485e6341065a326.jpg,50.114586,13.833205
a3f4c15095fd4abeb17ef0861f451b61.jpg,42.131626,16.504349
a416a52cee704a2cae732e3e5d01a280.jpg,59.911934,8.510352
a41e9e97ea814bed84fdace880dc53d5.jpg,40.66956,8.549505
a44d615e5bae4ab4b35ecc77c9ca30c3.jpg,65.44554,-16.724325
a4585f9b459340239bfff82788b245e3.jpg,50.022957,0.389637
a4646a88c17c47cba255a10add12c7e3.jpg,53.910362,13.284014
a473ca9b58f94e95925049235c560a58.jpg,54.067955,16.696386
a4a948f3b5da4145924aa6b857bf4e25.jpg,63.22635,30.51097
a4bdc5c72680440a9eb0c322cb48073d.jpg,39.493057,3.212865
a4d55649d85d402a84d7b0f76f05f504.jpg,52.60474,21.37924
a4e3d52cc5ef4f4892fcf487970ba682.jpg,65.98099,-22.964125
a4f220ed07a64970b62634c6ecb12afb.jpg,42.89852,13.638396
a519612f80124172ad79c8ef32874ae4.jpg,65.41971,27.738419
a55099acd4664fe2bd63dcd9390d2b37.jpg,64.93756,16.229338
a5514fdc43ad409ea98286a8298043e9.jpg,47.14334,17.510307
a55ecfa857104d29ad83fa5dd7e86be0.jpg,43.451073,22.465567
a568214595294ec0832e8e54f521db31.jpg,64.50037,14.18918
a57ed004485e4941bb77f522b776c6b3.jpg,51.716106,14.987932
a599146b14954eb58f680f6c5926fa61.jpg,41.08841,33.500378
a5ecc4f0682642fd97358926905fa535.jpg,34.3204,-10.580394
a5efa4c604fc4a32a35860e1f6dd7d14.jpg,53.130466,-3.352018
a600c9b09a9e489dbcee98a8d2f94984.jpg,58.37615,6.222461
a6146d1651504143a307f351a21e0973.jpg,62.48596,7.371623
a61d08700aa94349ac5427285fb40eea.jpg,43.52017,8.07577
a6558bd825d44b80918cff73a4de9729.jpg,39.92236,5.853095
a667ceb2e0a647af85f95101562d5e3c.jpg,42.181576,12.576468
a670304ab3984ba8b861c1175d7706bd.jpg,65.30755,16.716043
a71952c0cf014329ad29555692940974.jpg,36.650364,-6.52983
a730c1c78e4942088a52bc067d2df57f.jpg,62.637695,11.367918
a75cfc3df9d946c2be2c817a58f9e4b4.jpg,53.637096,25.9038
a76cd6483fbb4a239d102a19ecc1c9ba.jpg,56.662415,-4.182159
a7d006996ffe4c1e8fc0516a2637243e.jpg,54.243637,-4.518135
a7e237794d0c432eb93989a03544d867.jpg,40.95411,-0.172375
a7e602e57e7d410384c485cdc98a218c.jpg,66.26175,14.334352
a7ea3350993943c0b7b8c46c814f9514.jpg,39.65774,13.856389
a7fc6f9a62b24593b81ea27d2b981968.jpg,48.067303,-4.146999
a87e8b583de448f4bdf874e1748f4b8d.jpg,64.28119,29.354446
a881d966d1184852ae8052c810891970.jpg,66.121216,19.71706
a8d5a528a20a416aba58aa85ac2863d3.jpg,50.144688,8.497176
a8ee2a43bc3341feae1fd0714a700979.jpg,52.446594,-1.65749
a8f3631ae33945ca8867384c91eeed72.jpg,53.093567,27.698698
a8f6cab1031c47fc8da0bf969f634165.jpg,40.717213,8.61723
a9187fb4a19d45fbbb56737a6914646a.jpg,53.022976,13.466429
a92c2c32e68c4d8798edc0f5b192bcfd.jpg,50.3057,16.026217
a95a0892b52242999ce41acc3467d719.jpg,65.39918,-20.667524
a988367946204e50bad3d426ba175381.jpg,54.337406,29.79658
a993ad713dc64ea2aedd474fe9ac8d48.jpg,52.965885,10.531493
a99519852dab4de58f6338437962ede9.jpg,61.80846,29.685284
a99942dc16ea4599bf9e4cc30029ecc9.jpg,53.02108,17.409063
a99ebb402b3f4b229f3ae57be3e7d00a.jpg,49.10789,7.597842
a9a0175df8774143a095b6445139b6e2.jpg,63.732273,26.789808
a9d2e1abf5814be589d3d71ccaa00ccf.jpg,54.579502,-3.248096
a9d41c9697624b95b11ac707c6bac06f.jpg,50.41041,-2.594422
a9d62e7a66c24366872bada967ff2657.jpg,51.977997,13.915058
aa2f639a7ee24734b3f2601823557f8b.jpg,48.465736,20.199451
aa3e599f5b5c40358b7c509f5c3e6f9a.jpg,54.989124,28.743862
aa61b7bfbe224572befc5afbaef25b86.jpg,43.040028,-0.40271
aa738f4d529343ff8c9fdc0d41dc80d9.jpg,53.040924,25.651966
aa77ed9d1f384d27843105bf3c76e0c0.jpg,50.41667,10.994922
aaad496b70a94ad1929df0a99b0d920f.jpg,52.69592,28.259483
aabfebc834c74c33914eefb33f720f28.jpg,64.58822,-20.050837
aadf42f1fff34667bde273cc9ba33195.jpg,58.52421,-4.676512
ab17ed58e3eb438c8b336ebfee674869.jpg,69.4592,19.24108
ab1a02bfba9944c5ae0a797e22356aa0.jpg,41.54436,10.705962
ab2336269d294c02ace4ffe5195dbd08.jpg,58.716167,5.647572
ab2584fd46b34b40b346cb3cd5337881.jpg,47.912895,12.088612
ab4d377d71cf4229a0a03765b270b77e.jpg,43.076027,5.147034
ab5e6e5e78544decb1a60dacf98db347.jpg,51.683964,3.63544
ab789cd264a04141bf70ea2f7437f39e.jpg,48.327732,8.830357
abbcbe01958b46fa887f5dacf6d61629.jpg,55.379307,10.826822
ac18fde09ec34b118de1ab9f3feeb480.jpg,47.716263,8.118947
ac23c659dddf4756b2153899f73ff3b3.jpg,63.149426,29.763935
ac4c72fc81614951974505aa0576815b.jpg,49.5576,9.960324
ac5dcc0ae11347d08ae2df403cc34458.jpg,63.199177,28.598503
acb23230ceb64ed2b909b34378b68a34.jpg,62.43137,22.526821
acbf367a027e4041a8ea34afaa88b714.jpg,64.66728,29.160667
ad6c21668eea4c8f97d709c61385f0dc.jpg,63.331196,28.413979
ad7d0e037cec46d78006219c328c958e.jpg,40.56138,23.09651
ad892da0b50a4519a3553cd3171a1391.jpg,46.009937,11.398301
adca7afab5c84fe49ad7e88c488c9004.jpg,41.428207,-0.075692
ae12e0107aea41689029dd4838ee0119.jpg,58.520706,-4.697237
ae46b5e9e3224f82b237807a54289382.jpg,40.133705,13.355206
aee183f0b3664ea1aac45560714d3fa2.jpg,38.842827,-3.510493
aef64841636045b4a0be4f138b2b2604.jpg,51.647083,8.593031
af2150f4e48145fb8224303e3df3484e.jpg,41.722343,2.594008
af3694501d4842bea6f14602c2d1a2ac.jpg,48.47571,0.673675
af5cf2f4ca2447409f8e56a40480c8d2.jpg,43.489765,2.354706
af6ee45db85a464b81b9610d7a8cc500.jpg,38.891666,-2.253601
af745e63fd9b4c3dbd6d2e6064a32cc8.jpg,40.591713,17.54331
af9683a2570d43fbb0f764ae3a668541.jpg,42.757557,-7.712946
afbd9939aa9f480d8f0d449cb000509a.jpg,38.787773,-1.806368
afd7f7cc0eea411994dda4f6855728c5.jpg,67.95462,20.08113
aff26a3252664bd3ad49b7b5edb73c26.jpg,54.303165,30.446123
aff795b6ac374cd7b946b382d9da083a.jpg,66.01273,-18.882915
b02dff4df4534a67bb821c44fa35499b.jpg,41.000404,14.398139
b02fc57619974d5a8e8fcc7953efe779.jpg,52.63228,13.800167
b0ca58f89aa04629ac5f6c0d6958d4dd.jpg,49.92945,17.87459
b0e0ed8e510f4fa8a1d15a9dd9220b36.jpg,42.05502,6.833343
b0ecb965806347be8b06252ec1271d1c.jpg,58.674995,6.235782
b100b662fe9f404689be7865306a464d.jpg,64.96938,-21.487476
b10fc3b638b74153ac7225fcc346082f.jpg,39.052845,2.272626
b115bd13c1e94801bc92d4a1418877f1.jpg,63.341873,28.516985
b1290c4a21f747b482cf966880910841.jpg,53.523304,8.563779
b13c8e59e9af445ba0161e1b14e45214.jpg,49.52126,10.348055
b146582776524f6da0b50006ee44ae9b.jpg,45.724358,3.942806
b17886a7150540ff8f8e80282e28c43b.jpg,52.952946,15.134735
b194f6a991874d57b287fd349bcb1c04.jpg,46.679935,24.34958
b1bdb71446b54afdb7ebacea761723d7.jpg,51.651512,19.560408
b1ea2a4b7458423a969c5758d1c15ff7.jpg,40.688847,43.222507
b1f8a08b27fc4b90be8df0ca2b91d832.jpg,65.899635,-18.232058
b1ffdbfc2ea845d8a198aa9c6b3768c1.jpg,53.290314,18.502964
b20d279ba2f24436a7077d604c2cc6be.jpg,57.154068,-4.091608
b213293b795644458fd3d00b50f6c80d.jpg,52.15795,10.815173
b24767353b124fde865fbc668e6d77c5.jpg,43.748867,23.044142
b25c2accfefb4b4cacc707f8d2eb6df5.jpg,50.60582,14.516129
b264260b88d9477987e1d62632de8d06.jpg,44.87364,10.629449
b276ccc6ef4043b7a1ffe9207c51acc8.jpg,51.63175,-4.117374
b2ce3ce73f42443b813b9cf285d7ab0f.jpg,44.44706,8.913522
b2d4a8e411814eb1ace396b5bc56a958.jpg,49.109898,3.191182
b2d9f07d98314033a5640469473674b0.jpg,64.36852,-14.850227
b2de8763e29d46ff94d3717032cc8cf2.jpg,69.33611,23.976349
b2f9678a090a408e816d278730b7f006.jpg,39.975567,-0.865654
b338d7f77fe549d98d13a3b35c527d37.jpg,69.327934,23.944057
b342d78fc75f4e5a9d2a800280bd9b3f.jpg,53.66649,13.191964
b366a48d227d4671b3f10711d5968dee.jpg,60.338005,8.93499
b3e814a81c494ca6aa12225e0dc3fd9a.jpg,61.404053,16.458378
b3f56fb9cf7a429c8f48683ff88d8a12.jpg,56.68432,13.302863
b428f9a1d60f4ffc8c960dffe7234e0e.jpg,53.36446,22.44583
b44d3d4363e941cc8e499b858bc08ab6.jpg,40.319378,30.927961
b458a9478c974e9ab5ccee3e2427eef1.jpg,47.587215,5.974007
b46ff1ae7f46485fa5c8ecfd4246eb9b.jpg,49.558384,7.490703
b4736407bf324b54a7d9b83c732a12e4.jpg,66.068954,-19.228249
b4ad04741ae04873a81e0a35d9edd883.jpg,53.331554,18.247072
b4ce46c1623048d9873c5be6a8caa67a.jpg,44.124706,4.936871
b4d25507067c4aaeac4b1a4ff66bff3f.jpg,41.74399,22.325369
b4d852c0143a4da38f6c049abdfa3982.jpg,45.234325,12.008326
b4e4b00a34964e999c459cc2da64f27a.jpg,40.408524,39.051964
b4f34efcc94b46c991884ecfab9f078b.jpg,48.108322,4.05736
b4f41eea868942cda484ae046753fb44.jpg,52.806538,27.345888
b4f62ec1913e41fba8ec4c297ee1d09d.jpg,38.39233,30.37605
b51cf6bac21141c28f9367084de358b3.jpg,45.8109,36.60378
b558e7b29de74c6cb9954adf26b8d733.jpg,39.417416,33.622486
b55f9e6a59da4f2799218603245266fb.jpg,65.83885,-22.407755
b57d45d29d2246b7b844a1fc5e912ff5.jpg,46.38594,5.656144
b5ae095af0fb4abd8a746f623d880e70.jpg,50.455063,12.145476
b5d0722de57d4e249d4cc3c2fa8f47da.jpg,53.109688,13.390434
b5f260800cd64d489b88c1da506b38e0.jpg,64.853806,28.515135
b5f7295901b644689cdf7b3508c1570d.jpg,69.90932,29.239471
b6031f75e9f74c0db49f28519b1e825f.jpg,53.08845,-0.506522
b63e09eb8cbf4937ae152ec84a76dbe5.jpg,66.3299,19.111238
b64b41d80671413199033bed6742bae3.jpg,40.314854,9.024
b64e72a673ac4e45965b4f4218a715af.jpg,52.96757,19.306711
b6fbc5f6f7d74af889be50f9528bc98d.jpg,52.596653,3.98048
b712134b9df54701abb25eb4508808b1.jpg,59.171837,15.72208
b72fd9e0ebc64078b7e33c3d3819c40e.jpg,42.525913,-3.957734
b739be3b43524fe999dbeb2560eb4672.jpg,57.52607,18.502275
b7568db344fb402e95c31c6210cafc14.jpg,44.48731,17.764664
b76abbdb334847728087e77f47e5a7e7.jpg,58.54645,-4.719242
b794e55425fb47238cbc5114840e794a.jpg,62.975555,17.309135
b7e081da8cc74b19bfea8e6494eaef84.jpg,45.193245,7.620878
b805cb4fcf3847e481655624bf256e10.jpg,50.464462,26.964048
b805cfd0515a4636a0be5394c327a41a.jpg,47.296684,3.90829
b818ae74a0ee4c53860723e8ec677f82.jpg,55.13468,-1.251152
b856ec4b3b384fb0b67960ff77c9c12b.jpg,63.333576,27.719479
b8643631309a445785e7085e09d3a9c7.jpg,54.303417,-5.309901
b872f2c358ca49ceaeb0d7637d6cf002.jpg,70.96616,25.758442
b879c471b4bd495bb82a2f7892d02e29.jpg,40.31156,-3.292042
b87e3f3fa4d544d6bd25895490582adf.jpg,51.286705,6.655144
b8ab9051d63e4022b2b16868a10ceb55.jpg,54.557606,-5.74718
b8ca7be7e17a4cebb8eaf8cd20e5c705.jpg,52.63978,8.411321
b8d4f52c58594966a87f6b56f82b5758.jpg,53.296955,30.460674
b8d67fc106b844bbb64b464ff0cbbf20.jpg,44.098457,26.717026
b8e51fe0ce3541a09d5b4b81a4753b7d.jpg,48.244923,17.983477
b90f66ea31c843b3872acaefd04ec24d.jpg,41.27332,29.769901
b920d58b06ac4612a4a99ca503850587.jpg,57.79991,16.103008
b9251259679244eb8e9088949f757852.jpg,65.66646,-19.448812
b9268655fdd3491caa0f47cc78c11c38.jpg,48.801727,12.781255
b92b29bb845648e4a7b21d5710259dcd.jpg,37.854183,1.085346
b97b6ab35d8a48059671713269fbf8cb.jpg,58.10111,-6.368396
b97da68a64f74a419073a1381fb7dadd.jpg,40.573605,5.248456
b9887c5233044d8aa0b1fad65bc4708f.jpg,65.671394,-19.460955
b9b927fbadd64006a6ef2760778ab8cc.jpg,39.09054,22.12185
b9dbcd2997ad441d964daa9cb432369f.jpg,62.64186,21.698442
b9effefcce0546a69916e0d0a164b803.jpg,61.091892,20.42384
ba130678b64543ca9d58b6dee8171be2.jpg,49.329597,5.430286
ba1f66159cf0442c87d34ef5b009594c.jpg,53.895195,15.670415
ba244444cbb94f6a872b61de7627256d.jpg,40.762337,34.384007
ba4f72cde60f4c22854b8633ff23d07f.jpg,65.62431,-15.07066
ba54961e9d1b4710a4c0b63f5eb350e5.jpg,36.656082,29.55797
ba5fd2c0001a47debbf5da43b9e4a6b4.jpg,41.27316,-0.947433
ba6d39503f634087a55b9f6723af8b48.jpg,37.832584,-0.77737
ba98708ed80f4188b0efaeea9d70b7a9.jpg,64.383675,-14.882068
bac4d9cdd96240e79a6104cdd4beccd6.jpg,48.458603,8.132026
badd95e4bd494a6e9c5259dd52aa4d13.jpg,51.78615,30.193304
bb08ddf87a5444388f07bf908c01512b.jpg,58.464317,-4.044223
bb584c782ed04d6f99800732838b0ea3.jpg,53.59117,10.038307
bb5c2084528d45efb3e4418363ba7f44.jpg,67.33165,14.611601
bb697597fe884d328b76f1a0b66131b0.jpg,42.588,5.1536
bb70e8f36e3b4b128790c2b1525de2bb.jpg,50.21353,3.016372
bbae1c411f20475ea631df28a2f98366.jpg,52.27384,27.541853
bbb9a970518f42d38a4798ac9cf6ee64.jpg,58.52483,-4.641289
bbee3449040b41ac836d20ab89480462.jpg,59.927723,16.538378
bbfdbc4e64cf41ff8e10103b9f03af96.jpg,65.02555,-15.256195
bc5e7040176342e092fd9f3a68143deb.jpg,50.05236,2.129431
bc7aa93e5dde4793aeb4480036765349.jpg,52.11113,19.776506
bc8729bd9c77416791c4b50bf1449516.jpg,65.73463,17.491604
bd622086d79f4ea9914e809045b7dce8.jpg,65.69527,-22.765575
bd72d55f183e46c48532279fa944db05.jpg,49.72849,-1.706513
bd808793081d4d9e83ead7091eb044ef.jpg,69.30174,23.884272
bd8bdc7e2c1f4780bbf1dad35b571e47.jpg,54.532265,13.331302
bd8f2a127a974a0d96b0456c3489c73a.jpg,47.322773,3.669949
bdb26d0e4272403bb2c5bc2cb73d4c36.jpg,65.847115,-22.58496
bdc142f9377b4fea8a40591b754f9b5d.jpg,51.824154,-2.825514
bdea84f72a5143d9b51f6292c515f2d9.jpg,65.57195,-23.00619
bded5e8fe0ad4058a72de1cd5b7d849b.jpg,41.23731,11.730788
bdf9dc8b89684928888deb834fa1ce28.jpg,43.128506,15.821791
be1be448897847baaf1dff7e9dfad65b.jpg,48.362846,9.518525
be22d4609ec24b0e857fa101e678de63.jpg,52.979122,15.02951
be604337ce8040e9b784774798efb88b.jpg,39.1489,30.806572
be62c15df4d34d28ab3196363d248866.jpg,38.850628,-3.339896
be6c887dfb7b448283297ec51e0b644c.jpg,42.22971,12.844294
be7a8386592b411aaef552bf587c651c.jpg,50.49244,22.423443
be850fd5dc2743f3838eed8fa90a5797.jpg,59.122498,6.55141
be870c8b66d5491d9fc476aaab7d5d82.jpg,62.024734,13.586819
be9ec0560c34492ea4eb8d51aa319990.jpg,38.444744,8.33765
bec50e38fe5b4304b48d9a4e98af12c7.jpg,49.025696,11.719088
becd939f8964479ba6e143131e624605.jpg,46.656563,21.832264
bf060920253a401a8f521aabf31ebd1a.jpg,42.887054,7.571463
bf3be6e309284860a96f683ffdb71a69.jpg,43.36057,-0.313078
bf560ddd6e674d7c9f7b947aab3b54da.jpg,34.078224,-4.939627
bf78f50fb4a64f6fa3b560e3abed7f33.jpg,47.67773,21.598082
bf7df99ce6e04bf0871115b98694a9f2.jpg,61.18486,15.252872
bf848983faec413fa51192aac004003e.jpg,52.777176,12.125288
bf89b99bff044ccfacfca33fb9fa3487.jpg,67.76437,20.613974
bf99007a862046eaad9f5a4cd1869c8d.jpg,56.731136,21.569296
bffac6a720974790b052aa3a8e807283.jpg,66.57131,22.135166
c02dc43f82e349db87102f904e6cd411.jpg,56.58537,15.267762
c05be9b884994fbda69b94cde6b758a2.jpg,64.53185,18.940092
c05ef733bf014c1289b781b68d435035.jpg,62.881138,21.945019
c0928075c386492dac2a2f9f6a58ce93.jpg,38.092655,14.414664
c09ef0b47f934d8b86acc954e484184b.jpg,39.38072,31.364914
c0dd1f2f9c5d42e0ba1845a0f1b39536.jpg,65.37864,-14.77835
c0deda643fcf4187810a79b5ed969bc6.jpg,52.20184,20.527542
c0e1ccf199444c73a6e47abf924a5efd.jpg,63.660927,-20.090635
c0e3afc0f329472aba27d8940d3af9ba.jpg,64.16247,-21.933079
c0e798c4405e4f6da17b322ceaa1197f.jpg,48.196754,8.28057
c0ecd84e37bd45ec93184a6313bab6c9.jpg,51.14334,-1.29426
c0f378bd79124a1a92ef83e8b16c2408.jpg,51.182835,-0.818586
c11921bf78444085a6ef18a4172c0952.jpg,49.787434,2.415899
c126eeddeffc4795a07448bbce943588.jpg,51.615734,17.781677
c1456e327e374a78991f3292e75d12d7.jpg,54.964027,13.85589
c1584feb0d6f42bdba9fdd6107bae011.jpg,51.690044,30.357084
c16a7828c50344f9af06e767b755eeef.jpg,53.42257,9.527197
c18a6c5a8a594ead98bce3be8eb06873.jpg,52.273125,12.324697
c1958ed9d9854b548ab7fcb7e05d5c79.jpg,55.760193,10.501047
c1a785be197047bca8af82a54c6b12b8.jpg,39.21198,13.993205
c1b3b5955a534fe080327c7bd8879032.jpg,53.52834,7.203752
c1bdde92d294403e8405757569ebdf55.jpg,55.155487,-2.850114
c1db58834f944dcd8376fd37b4595ec2.jpg,39.052345,8.395308
c1ec190eee5443bc8c94de772d160a58.jpg,48.92219,10.710149
c20cd81802614c6da8cd444c822a47dc.jpg,40.13582,15.695012
c20f4189bb3d4bb0960c8a060cef0118.jpg,63.501408,26.11492
c218913eccef4d93bf1f17c5b7fde013.jpg,53.66651,12.762705
c24dbb5233fc42648e2770d573b2d3c6.jpg,54.872387,2.092133
c25619dc215b4f2d94376ad737e98233.jpg,52.75653,25.310846
c26ff90cc537439786da5892cad8b029.jpg,51.858704,-1.310046
c2a84c9c9d2541d39a1d5bddbf40aa48.jpg,52.215004,31.488342
c2b5aef45893493399205f2f69a02074.jpg,48.343796,8.296352
c2cb89ac4aec44409d316db1140c9b93.jpg,70.99985,14.177968
c2e01d72333f458585ec0b7f6e67a73a.jpg,56.91775,25.1252
c2e5473c12364d828ec4e8dde7251e4e.jpg,39.46545,2.872474
c2e7f46f3eb845daadd8dbeb631a12d7.jpg,52.60529,11.249601
c30ae75531454a84b726dae65be59877.jpg,50.167046,-5.453758
c31f75d5de214183b6d6915bcbccb039.jpg,69.465996,19.24115
c321fd6b91214eb0a70a0a88d1d0223e.jpg,62.35461,-10.807736
c3749894984c473f8a46927ed409102a.jpg,61.665894,14.072562
c3aefa539e07469497c425e2d86d4c37.jpg,66.994316,25.209341
c3f3dd807fc742348bebd135c09b52ae.jpg,65.44565,-15.386988
c3f7458339b346e28adf084e8bf1135c.jpg,55.552757,31.183292
c40330efe204462da3896a72e49d59ce.jpg,40.976494,9.05051
c4445ff1f9d243b98adbfcc724a10bd3.jpg,53.02761,18.257378
c44e522387b843989e6f84088f2cb263.jpg,54.945423,-6.830972
c45390cb5f0b42c1a7dcfaa2aa34d2bc.jpg,57.34243,7.617572
c459a3eaaa904a07b26403b32bc53f90.jpg,42.430756,14.705253
c45ac30e9c61464d8ffeb81e65fa7b70.jpg,48.448456,5.404028
c4805a924bac4358b35e1fe7061f29f1.jpg,64.886284,16.783651
c51577bad4d34d41838c937f11b35650.jpg,59.315437,14.972565
c5268285a95a41acb7bf134ba68322a3.jpg,69.47611,19.268387
c5362a6e8870468bb8ac743bea2a783e.jpg,53.327366,21.249022
c5399edadeed460398fe2579e7ea8d23.jpg,36.67399,-4.357795
c562ff84a6ce49a5b3ee20acae6aef1c.jpg,52.73452,10.492388
c56d4d958a6246f9a085f75ed9f90b73.jpg,40.889145,9.095354
c59f724b43f1407ab54bc1e0d161fe24.jpg,62.745598,-12.291934
c5db59d04ffb4eb4a53d560f46442777.jpg,39.898937,29.657776
c5e0a5d022544b069fd3aaa7ebc3318a.jpg,54.564003,9.580382
c5f22384aba5407a8c5481531bd1ac17.jpg,53.09267,11.169204
c5f52f3790e14e389105b331f50653f2.jpg,44.582607,10.887989
c6210641f2f24eb6869d16125872f6b1.jpg,60.55909,16.456984
c62bc5c0f36b49408ab8e7a127aafe82.jpg,51.95312,12.305156
c63874e5363a4b73a9f9d0244cb61874.jpg,49.481533,16.243649
c646e8f46b78423589363f7c86a2e425.jpg,53.59032,25.144379
c65757b1cd1e41cd919992bd64c326ce.jpg,52.702408,15.285074
c66f342eba9648c0af0dbcc33caba14c.jpg,53.017185,-0.873018
c684ae27ff3e4a218ca403fb513c3f0a.jpg,57.462383,14.198909
c68e77681d244075a195ecba338138e8.jpg,59.07273,-3.331542
c693dc7271f349b98b56cb1ec229530b.jpg,50.66919,21.551754
c6a62c08abe64ca3bf809f4a177c33c2.jpg,49.540737,5.573331
c6b03dcc37344d43abbc95df43d59eaa.jpg,51.510567,12.981373
c6d93f5be3a943c1bd4a0bc4fc26e150.jpg,47.92574,5.14945
c6e26335ccaf415eb35e585dca5257ed.jpg,50.80842,5.817402
c7023c598f6d49f2bffe28e1d5182bd1.jpg,53.166267,10.986722
c722999c3b9646e68e387c26a41e7783.jpg,52.557568,13.647884
c7364dcf1f92448f849ff6f96cb3c3be.jpg,52.827095,10.595413
c7607f340ee2478bbde22aa58819cfc6.jpg,38.719032,17.8111
c7c03c01c3ae4fae9afc8d7ee6513575.jpg,64.014656,-16.487448
c7ee8da33d3e47da990106b3636a7979.jpg,56.83989,5.409351
c7fb4752a51b409da76e6d571be5daad.jpg,56.065212,9.496611
c7fb7f496039466db1a0c6bed66e6dfd.jpg,64.544106,28.416805
c81953942c814f25944da805d0001e37.jpg,56.59761,-4.255034
c83b95ccd7da4303a8a0b960304d1176.jpg,53.015804,9.858294
c85abc33b90840e08d17a6283ff7b657.jpg,40.715454,35.54807
c86f50b6b3d14d1791d937a574d8cde6.jpg,51.79166,14.116035
c886d1d0d0f241a6b601d50f1e951e06.jpg,39.290962,-0.408787
c8951fc0415b420aa2678d3cab59c87f.jpg,41.385345,31.603394
c8a6a342c82b465c9759f4752661346c.jpg,65.66885,20.613707
c8be011a49d040d8ab4c57e16d2d9cd5.jpg,52.17471,1.327765
c8c15231f04a4a1bad6fc99c98fe0479.jpg,65.37062,-16.810766
c8ceeee2790a487695baf42d90be4be8.jpg,66.885895,28.761656
c8eb7bae9d8e4aa48c2138b7f3bda076.jpg,55.830368,2.307188
c94656d771c444158dd7842b405790f5.jpg,53.57151,30.094334
c96876f0d2154d7688097aa2b1eb93b0.jpg,53.100334,11.623714
c97d9383b48d4c3a823f431eb665e661.jpg,47.542027,2.996404
c9b030b59541402a8cf1e5c4f8cd6038.jpg,69.30932,23.889774
c9b14c2492cb46ada14cd3ea6f84a498.jpg,59.32624,17.036486
c9cc9ea5a8834347b7d006c882132377.jpg,69.31557,23.88004
ca1eab62bfdb446e8213f8ba7cd38fee.jpg,53.41856,4.713135
ca2319c67ad94b269e3affd46374ee9b.jpg,53.61026,9.277897
ca2c9239edc34eae8e9225b26c3feffb.jpg,56.427113,-4.752585
ca38314146714b2bbc2303f35f01327a.jpg,52.550983,24.583893
ca406fd3807a4b7b957d92a365dba73c.jpg,65.25121,-14.438795
ca40edf8c8aa426195524b65562001db.jpg,60.461994,18.352716
ca4424283363427b9edbaec6211c541d.jpg,47.167767,10.157838
ca85d8e35fb649889aec6c79b906b878.jpg,38.514023,33.81484
cadd3d7a221e41a8a9d5ab3d58c93ae4.jpg,42.26541,6.714134
cae3b96d6c5d4b3c91cc21133e576417.jpg,63.854637,-22.41744
caf0dd0feb07444496e3b88f5dbd3ab2.jpg,53.522083,4.990181
cb34f6f93db8452aa433aa5d1bfdfac6.jpg,48.940876,12.052849
cb7740e013dd47f1b7b31f1705d2556b.jpg,49.54492,11.339993
cb7c8198fcce49219cb7819eff665866.jpg,44.788475,19.965134
cb82289426714d008d8170bdcec73f9f.jpg,65.07942,21.153984
cb9969637bf347c5a3b75a95fe273b96.jpg,63.133244,27.521915
cba0a4a660f6498393ba0c2dcc9ba6de.jpg,67.54382,15.015836
cbdf5c74100845f38bed5256268eb4d0.jpg,69.45563,19.251238
cbf6695ac3e1453fa7a63516539129f6.jpg,69.06223,17.934801
cbffced5a76c4b0299039c4ce87cee7e.jpg,58.37828,6.142652
cc5c0005761f4c64b4a549e76174f5ca.jpg,55.698666,10.445255
cc644ee7b5104261968bcbd4106914b2.jpg,47.26011,1.666906
cc67af16b9964b3383b374460dc0bf39.jpg,36.460667,-9.555166
cc96282f0de34d149057049763bad088.jpg,55.397766,25.426432
ccca4ee84c4e4f279a83cefd06d5e15b.jpg,42.918655,5.365806
ccca7cabce9b4ede931a76ab180fefa8.jpg,42.63697,11.777133
ccdf3e72437f42cf8f5b750ee09c33be.jpg,52.72607,13.235644
cd1318b7f7dc4bba9d4895161a950dba.jpg,51.36605,4.361542
cd2d7f4a70214855b2d7831143dbb65f.jpg,52.75434,10.538608
cd49c9c772494f2a8fd3f3c04490ac4e.jpg,37.18412,34.26842
cd4f69d6d06548218bc7d5f501ffd6a2.jpg,59.266476,9.590981
cd52c60e97604e479e5b0eb8d4f55459.jpg,48.59761,-3.222193
cd686ef388d24563a83b72e1cbb79e1b.jpg,65.26174,17.964935
cd747c17e7ac443283fce19880db5d8a.jpg,55.047665,1.960931
cd7ce9fd3e8f4dc788dd1265ad272525.jpg,54.167637,11.396682
cd88ff8ddf73486290f1789966ab96fb.jpg,61.304222,26.711546
cd8ab7b7460f460ab9666f4202cacbb7.jpg,44.74424,28.270666
cdafdb52393e4a56a200aa113f2e6f10.jpg,52.94465,-4.331248
cdf61c3ab975412ca58663fdc9444425.jpg,42.670986,21.910582
ce8624a8a00a4699a1891a21f4cb8019.jpg,50.956856,6.753787
ce9d3412fbc9496eab5120920ce0b306.jpg,51.671326,29.125729
ced131e6a3ca41e9b3e7976f2ddc6b15.jpg,57.37797,15.617043
cee5ad2b55604372a61ecaf26759e187.jpg,46.408016,1.750951
cf0a07e61f4d4bad80e45a36f83be7ac.jpg,57.245472,18.338049
cf1f33b48e5542f0ab590dadafcf6121.jpg,46.490593,8.186593
cf6d9d1b801048779558f1afff5f6b18.jpg,43.841232,14.224437
cf702599a88843a6a523747ea1a2501d.jpg,47.591755,18.807549
cf92259142bc46f8a73cf905d63d868d.jpg,47.189617,1.23896
cf9b0829461a4749aebe60ba1670a7d0.jpg,50.50913,-4.695572
cff54e7ec4254a3480331fc73678cefd.jpg,65.53767,-23.2648
d018267b1f504e979ce9d2afd5b30e98.jpg,37.991676,-1.765504
d01a989ad619479a9295c77ecd2b258c.jpg,54.017784,18.69126
d03ed9db1f0f4681b995180a4376d642.jpg,54.21308,12.232537
d07c936c6bb14c798b6c45bc0b45fdc4.jpg,52.24325,26.572935
d08459f74736458284d1c47f67f190dd.jpg,40.574814,15.407226
d0892a1f80b54b7fa3baca242f1d2894.jpg,65.526596,-23.296766
d093248b09294b1a80d162af5eaf9df7.jpg,59.21383,10.188517
d0a6c5b2d05a4ec09fbf0f6cde0f8c4c.jpg,51.646717,21.620209
d0a8edb20fb04c6b8c2af5d810af3a6d.jpg,52.939014,29.790924
d0c358444dc34d7aa37784c58f7d6999.jpg,49.585045,4.169414
d0d341627ca847f7b9214f6798d206f6.jpg,45.65154,5.574842
d11bfa826eb94e9ca4513fe8312cf249.jpg,40.07686,13.000949
d12513e26eba4dd6a0be69cf1b5e18eb.jpg,50.51227,15.666734
d1431bce51f046d6b7b7192a5ff46148.jpg,49.469814,20.017836
d15758c267584d82a198f0009d52aa6c.jpg,63.68348,-18.796143
d16b4d771d2d44c3a3ff9a005d4464cb.jpg,41.390034,15.392353
d1945d1bb8774f7faf60ff4c375189d6.jpg,64.55283,-21.613853
d1accd26722941b99cca3047078ad6e1.jpg,69.61983,18.482222
d1af02d0007d41cea0bc7f444592a050.jpg,51.121082,8.60536
d1fcadb6c9af464092f87f39c18aa3c5.jpg,51.51995,12.061993
d20b3dcca64240bbbc208f541f7c07b0.jpg,44.702812,3.631034
d27d8404a0b143beaea33dc57a876e90.jpg,50.50952,-4.68969
d2a93dc2e5304bf1a5e3c140d0ac344f.jpg,39.512863,2.828251
d2e082e5b0a047bab7920aa943ed5e4d.jpg,55.595993,29.245062
d2e0fc48777f46b5946b1bff3977d854.jpg,51.361755,18.598965
d306826a432d4877ae443a89877079db.jpg,43.68802,1.565933
d33d287c838e4ebdbe50da4b87e24378.jpg,41.05639,35.511883
d3511915822647d3abb630f4e809b7cc.jpg,58.74752,9.515042
d358467ae11c4e18a176c9fc81923ff2.jpg,45.607788,7.672143
d35d902b9d94454085ad28bd646d9d61.jpg,59.082047,4.122674
d38906e8987a49e0bae493f36791eba7.jpg,49.84335,4.074959
d38be92a66ed46ae8d51df15ca3b9d6e.jpg,52.130634,13.661938
d39a67446b5347c5a37e6160126dda01.jpg,41.04143,35.939228
d3a83ee03bcb40dcbb20e4562067539e.jpg,53.391205,24.05045
d3b9bcdf463b4371aa02a152312d2ac9.jpg,37.89436,28.850544
d3ee085ae3c34626ab6980803dd0e101.jpg,51.328873,9.678768
d3f380c5945c4060bd806e3ff52f63b1.jpg,53.65379,26.443857
d3fa1ab061994e26ad730f5b90b70a9d.jpg,54.64716,28.09076
d4074f3708454d73b8eafbb6365ad6c8.jpg,39.91968,20.603964
d40ae9fcfdf04538a03f6024fd34de0a.jpg,55.99161,17.008398
d41c87b51f194aecbcd9ecd2a16d163a.jpg,49.870956,-0.367614
d420098589ec4cbba3c383f033bec51b.jpg,39.619053,14.09223
d433c7a9cbb144b782acffcb0df4b396.jpg,51.563927,19.54384
d435b88bc1d84d989a8cff36e6eeccce.jpg,48.41707,6.888117
d44bd281a0804bb1b043cd3f81c75e11.jpg,67.77938,20.56261
d44ebd126f284964a20da6b1ba377530.jpg,47.114292,5.864923
d47258ba0ab44fb6ad3bf0f4cd58a086.jpg,65.57906,-19.335976
d478d92dc0da42e9bae007e8f4354eef.jpg,60.96239,7.928617
d4c09cf5b2be46f28c5f56d557aa455f.jpg,62.338047,22.618248
d4fcad54cf734387b77c12dd936c3b4e.jpg,40.610386,34.538094
d5166d57a1db451c9a841940d7a17623.jpg,48.37381,15.114648
d548ff4d98124beeacacb79eaefa86fc.jpg,55.005814,6.45901
d5586a5e4805465081f874e819703f99.jpg,39.904392,29.900654
d57dc31068e54de4a613b59073433a5e.jpg,50.02398,15.540659
d5839cc22ba447dea1fd28b5ff12908e.jpg,53.13483,-0.656007
d58de3af9da249b8b2933763ccfed48d.jpg,51.43915,23.257078
d5c80bc986b54ecb99a901c08ed50662.jpg,65.9069,-22.61232
d605d54f5d924c7ea9370fd3fccbd344.jpg,50.18041,10.061897
d6a898c1ce3045479c51bee618e600b8.jpg,62.292,-1.771277
d6bbf93400164c8991173d4b0735d56c.jpg,39.495365,33.194794
d6cffba82a3d45cea69be4f6cd9d02d8.jpg,53.31184,8.24038
d6d7a61d88064e25b2b05363daa5fff5.jpg,50.53658,4.232116
d6f87287c6f34291bbfc42c40f979824.jpg,42.35106,1.62643
d70c2c8d92534ef6990352fc8a3f1150.jpg,40.91559,11.131903
d71006de5a5849288d06565eefac2622.jpg,45.343143,17.007738
d76453be7a73474d8e145c6f5a3954db.jpg,40.969196,15.096295
d76bf286bd9340458cb11929b5643bb4.jpg,50.000076,11.302869
d78af259b3c1414b90b911cd38940be4.jpg,59.094833,6.543922
d79fba6525b64e9f8b1ad724af057232.jpg,53.65627,8.966733
d7d12570746f4db29c59f2e441000822.jpg,56.87502,3.593478
d7e31ebc8aa74898ad093471cafa6661.jpg,60.411716,8.195128
d7f36c9085d940c4b1f5f9cf7eb331cb.jpg,55.839256,28.631292
d8102566b0d14b5e95b3b2687152aa97.jpg,65.8659,-18.722782
d83597cb5de5461dbc9807d3b1b09bee.jpg,63.58888,26.11819
d8488fd3668441d8a8cf4604957156a1.jpg,52.523567,12.23105
d852df00d3b64d1c87a721a471c14fd0.jpg,51.03851,10.33829
d85e768be9af44dca063c5b7c40f93df.jpg,54.4675,-3.40182
d88e23f5ec04484185483b240edbd8a4.jpg,56.26533,16.411047
d8b7339ee2914f4cb704ade7b55fd1f5.jpg,65.791306,-22.955317
d8b9260c9e6d47aaa45c9c4db373d542.jpg,47.916134,10.921315
d8d57bff16b84fb09294b9ff82138900.jpg,40.41016,27.889954
d8e7141a0b58414689d67c3192e066a1.jpg,62.926735,-16.924429
d91e0b6468414e24957ef50c244d4c77.jpg,43.331318,9.861847
d9339ef33cf04a5083105cec7b1ec776.jpg,38.304592,41.063023
d94aca8b07fd4c3f9638330ed7007bed.jpg,67.207,19.994555
d96cdc232c2d4e2da2575276b96fd11b.jpg,54.70095,15.117785
d97dccc7d2c441dab388ed3769def050.jpg,47.543556,5.750618
d9871ad406d04000a074afe6a8cbaadc.jpg,68.49342,15.759562
d9c3e2ad0ccc49c4a70030b67daaba13.jpg,63.86512,-22.250118
d9c7ffdf980c4a4083366b55d8133ee3.jpg,50.739883,9.240781
d9d8d162595d4d30bf25d673fede28ab.jpg,66.4376,-13.368391
d9eb490127d842099f65a6101c14d2a9.jpg,45.056805,38.636917
da11a69e9832479cb285af2879c866e6.jpg,52.19629,1.461728
da132e580e434d40997ea221a7523a2b.jpg,56.06514,15.971192
da14d8a6a50b406e9ba27a6b8bd486f9.jpg,52.18374,26.309866
da39330ed34e48029668fb187d1a54dc.jpg,57.31856,26.03383
da8da950e250484ab8086a6a8a2fbd48.jpg,46.40727,0.490417
da910ee43f644f2a9c6be55a65a7a72e.jpg,42.83075,-5.100987
dac2cf7e64ee46c2b6daad5d6171285d.jpg,48.815987,24.125492
daf33107b977415ab0446dabea844873.jpg,40.13342,6.06644
daf8feeb327e45b7b979d41cff8b9b4b.jpg,65.97915,-22.961906
db0bf2bf19b34aada4982a713479548d.jpg,51.968376,11.589033
db74132e0f7142839e0033347c281b7d.jpg,65.04623,27.731577
db8d5c29f5024649815f18c92b0c3bab.jpg,48.571316,4.24553
dbd30ed95c21455d8f6b65d2078d95a9.jpg,47.0258,20.103542
dbd90907ccfe422895338ff8480d6585.jpg,56.006527,-3.901177
dc2b43447152485f85420435eaa6f2ec.jpg,50.131245,5.977846
dc6f451dece04046bdd27ec8582105f0.jpg,49.5026,13.758204
dc7431a3f76a47dfa391c87515cbc57d.jpg,52.334797,-2.790974
dc8b912eba634509859a894eca1d67f6.jpg,41.56889,8.888724
dc908d592091446389e1a8bfe9fa298e.jpg,41.751072,35.36281
dc9c9ce4375a4b26b2ce6bf1959614a1.jpg,55.698334,-3.403591
dca5f8b0d6ca48c5bf7db7ef9f1d27ff.jpg,59.102943,15.30637
dca6545a5c45408798383b78884a3da5.jpg,42.019234,2.944439
dca8ee5a9b0a4aa1be755195d1aae999.jpg,40.176964,22.084394
dcc4cc59e69d44058c610ce68a9781b9.jpg,64.96823,-14.0302
dcc673ee2bde42889e6a892f2dbb55da.jpg,48.910408,16.373877
dcddb9257f684d5a94d349d8aa189e9f.jpg,52.931232,14.680858
dcef4a460deb4dcbbafa999babb108ee.jpg,52.995163,11.534839
dcf13657de12456f9ac7cd2d1ce6c863.jpg,52.559734,23.863567
dcffcd6088104875ad7913f6c18d278f.jpg,67.766235,20.6001
dd08f6f66cf048f98edf7a82ddb3883a.jpg,52.15567,21.11095
dd2b191da63f4bf88940906b14a408e4.jpg,69.2768,15.964158
dd432115499e4502b7cc7fcfc0e5e7d3.jpg,46.41524,2.560138
dd45aea8f861401c8471a23ab9475465.jpg,44.412235,8.090222
dd566f9717e74b6a96fc72e59bb51989.jpg,42.69481,13.448796
dd6ae6933acd4875aa32519132b30838.jpg,65.85,25.39065
dd6ae920993d42448c228ad90508fe8d.jpg,61.64438,28.971066
dd6b2e82e3fb42e2bc1a5a81a96c4da6.jpg,49.151695,15.635226
dd7e8846420f42fa94b5dff9d7cec49d.jpg,54.861343,11.313827
dd8047f533d549f8bc5e2dce8500bf97.jpg,64.14961,23.135695
dd8a51a56fd649acb8ab271912702f5d.jpg,42.957455,19.182676
dd96d46a78804ae5872e9d451bfc3c8f.jpg,50.686348,6.853968
ddd5ea930b3c496b81e12fa4ab1892e8.jpg,64.145966,8.935957
dde0c97aeae04ee6a6e33021e245bd00.jpg,55.10217,0.994587
de0f9e8c7daf48338c1da7b4c764eea5.jpg,36.8219,-2.614028
de10b87eb82f4ad7bccaa6e50a85bd83.jpg,55.91106,28.621828
de38b80ff7c44b1cae726aa7c27b3946.jpg,62.37252,24.556507
de42a69a75974dd498da85fae5fbcce6.jpg,59.40642,12.72679
de55312706054321a1f7d36d7375823f.jpg,43.062313,-8.946939
de64fea3de6f447d978f87cba997d7b9.jpg,40.826298,8.876244
de935932883e4295b8692e70377ab997.jpg,49.85228,2.78575
deb6704e5d3749b3a3a86fcaf03bd857.jpg,65.294655,19.241867
debc13b4c7f0459c91a1ef734517592a.jpg,52.15588,9.587009
dee415bf35ed451d877530c8bf11baaf.jpg,39.823265,5.423198
def79cd3adcb4045917a0415edfcb2fc.jpg,56.104176,6.288399
df0d3d822fe0475fb944620c8cc0e3ee.jpg,40.770157,1.000229
df1224fad3b7437a9c2684270be920e1.jpg,56.460793,15.460137
df42435cf9db4edfa091794ed427aea3.jpg,58.85583,9.313426
df577a7d7f284d43a4cf09383fc35d73.jpg,60.627666,8.937287
df6842b117254fa886d594929f8489a5.jpg,50.06335,6.970092
df686989fd374e2983915912a2d50d1e.jpg,58.498894,-6.267298
df7ec06bb312494a9e7f2dc8ba4c42ee.jpg,67.99783,19.870363
df9265591dbf455bb5e3db6bd6d3e4e0.jpg,54.020123,15.02758
df97d0d68d7e41e7812d261408a4f8be.jpg,60.636395,17.004313
df9de67cb9ef41ebbc40c32f242bc831.jpg,53.19902,0.195264
dfe4392d6de34b8790f3d5c9ec879114.jpg,62.33634,29.846292
dfeef046ff594296b7d68bdd8dfaf929.jpg,51.09139,9.735616
dfefa31c0cc14bedb614ee374e164e1c.jpg,40.373367,4.208052
e009711e0917448da1a89f0ab9e8f836.jpg,53.57906,0.428203
e03bab35e2384cbd8cb24428c7146cbb.jpg,53.993187,9.588546
e0443e9288564393b3b672fe9adbc543.jpg,53.576073,16.597595
e04bb2ecb21b4d339fbd046bb9076d05.jpg,64.7864,24.75376
e07915f3c0e747cd9b2786a94a0ecc6d.jpg,52.52899,26.937723
e07ba152e18d4a949f3296e864e57217.jpg,59.335033,20.275017
e0854d9d936f4b0784b0cabeea04ff1e.jpg,50.705734,9.318999
e0aaaddbddd343eb8fe52adfd49d84a5.jpg,53.74721,-4.917384
e0b84be8c28e4ad983811990ea1bd8a7.jpg,56.900784,14.775667
e0c8cee69ac944cdac3eb18dd5431d5b.jpg,50.14664,-1.601237
e0d66bcfaa2041108f8cd6c964281b69.jpg,64.39432,-14.918346
e1100b8dcc3140e4bc5df93836e04c28.jpg,42.432526,-3.933044
e112a581b4664059a5058ac26ac98671.jpg,55.338745,14.109566
e11cdb5dfc1c4a898322e3f5f991570d.jpg,61.01827,-3.175864
e1491e69949143b8856962c061afaac6.jpg,49.28281,0.253045
e14decedb48047d0955c24fa6f5d8f24.jpg,48.36035,3.441422
e14e0556a1484e2ea754e3f3ded9c061.jpg,40.28972,-2.113053
e1561f7c90c74669a5b8f87632510c86.jpg,43.525955,6.86256
e1697ec357084c1593835709a6c743cc.jpg,58.16407,-1.357994
e17c8dd31a234d5a97abbb5e091afe94.jpg,47.99835,4.545604
e19e2f3043344155965a448e10a276af.jpg,51.926666,26.743473
e1c8684a4db44ac58d45db4744f6c513.jpg,46.148056,0.89404
e1fb9879340741f084d5759f7714aefa.jpg,36.717632,-5.621573
e1fe27c2f9cc49e898472840b2c108b7.jpg,39.835064,42.56101
e20b6f74a27747f3b8afdd3b5fca6268.jpg,47.201336,9.768669
e214c8971b544765a088ade4845befa7.jpg,63.845383,-22.343056
e21fab23b1864c85bf424a0f05ffa1d7.jpg,52.750202,30.748482
e23e1eee4aa543e4a89e9f50a2652298.jpg,52.518627,13.775047
e27536b241134fb29cabf487c5fe1ed9.jpg,69.47177,19.235966
e28c15dc65324c32b70c9c888b442686.jpg,43.406113,8.157956
e28d9d429973417a9952a07dd81c5d3e.jpg,63.829536,-22.463345
e2f40e393c054badb2b707fb6fcdc08d.jpg,54.5474,15.900414
e333dfab1fc843bbbfc9159696427795.jpg,51.897842,12.621461
e35f51423b0c48648b9d2096637c4cc5.jpg,66.1347,28.956205
e3659b0c9b2141d0b274afc0d26c6fd3.jpg,45.11473,6.63269
e37c247c452949c9b0c5b74102c12895.jpg,41.61162,9.903288
e393ee1c684c4ca9a47591fb31961a4a.jpg,53.610184,24.513968
e3a5fc37db984a30b6f93981bc6ff3ac.jpg,68.016464,25.238272
e3bea4a17b1445e995262fcbf20468e4.jpg,61.644024,23.510485
e3ef875ca7ec426c98bfd47f87091420.jpg,39.28193,16.054493
e41395a79db74f7887c86c99db23f6fa.jpg,51.07036,-3.753157
e4350423000346bdaffc4de474653011.jpg,63.75573,12.591184
e449be2d211d4ae68970453533da90b1.jpg,51.90315,1.480006
e46059b87ada4329bccf1de33b977f1c.jpg,38.280247,41.070324
e464f6c0b1f14e648229b1f7c76afc78.jpg,50.49622,12.856338
e49889d1d25d47179937fa64f443534f.jpg,55.193638,11.742148
e4a61243d0cd417b9d2b9fdc44d1fd9f.jpg,43.686283,16.76462
e4b8a846ce234063a9757f815e108189.jpg,51.34716,10.176088
e4e81ca4e832434a863821cd7bbe02f1.jpg,67.218414,14.838423
e50ee7676a0a45338bbb6fc42ceb4f72.jpg,49.945667,8.330905
e5200a0b7df14643a1f6009a839e1045.jpg,68.52402,18.365711
e538de9761fb41b4836c4d79249f9d5f.jpg,42.482807,19.05548
e53dcbfe218b410e9806695d4ec10b7c.jpg,48.88513,8.922762
e556d8738e1a4627ad719a338ebe8a34.jpg,69.311935,23.87914
e55cc266fd224e688254485d92b2c1df.jpg,48.39954,-1.744211
e56359ee6efe40aeba48ce0f47a6003b.jpg,64.374664,-19.603825
e570f09753624aa085fdc748cd191712.jpg,49.365944,2.379148
e59a1214beaf42d2bb475029249462b3.jpg,50.979286,18.601097
e5abf1df312e40bca3416a4695ac01e8.jpg,41.152863,14.518215
e5b8b1293777445fa132187e21bed7a4.jpg,54.05985,16.32544
e5e014d689834de8926fa2c4fc0ad274.jpg,64.33862,25.788485
e5fc917c11d045d99aa1f3670dbe29c9.jpg,47.183956,8.906734
e602c978d1c546a28f24a847da31f1a5.jpg,46.59008,16.023712
e62896f64ace4c71a6f030b80b2cebae.jpg,67.79686,24.632835
e63e4eec98fa412386c12b46be0aea87.jpg,50.83349,26.001478
e64a541747024ee1993af88f2f88014d.jpg,56.837006,14.458999
e6544c378baa49939f427d2b48007371.jpg,40.108047,13.546559
e694f0dd4f1f46288f86724bea07bf8e.jpg,41.59838,20.240723
e6c9dd4d70264d57be1529a0fe20b09e.jpg,52.335873,21.591503
e6d7a4af79d14142965454aa22fc0fd1.jpg,53.976177,16.407194
e6e45b71bb1f4200ae08309f5f5fd55c.jpg,51.568447,3.544932
e7028dc14663484d8e13a19b103bebe3.jpg,41.806377,15.83693
e70501a681d147b386709283172e1fac.jpg,64.719444,25.555641
e7206dd6162b4d8e83cb52ea7ea554b9.jpg,49.40809,37.77309
e737e3afa32144b5a6b56e0ffcf6e748.jpg,51.19307,10.98871
e792758750be4ec4b6ec70f6faf4197d.jpg,63.581806,26.997173
e7a77ce0e93d4a55a41a75a932f22df1.jpg,50.778053,-4.07648
e7a87f7850ca41f6a11244022f88fe96.jpg,53.132484,14.678494
e7aa24555ff543b293ea38bac551036c.jpg,46.3423,8.960029
e7aaa7e025b349beaf3e2a81e8c5d60a.jpg,54.384235,30.470938
e7c3051adca649769eeea91a518ca7fd.jpg,58.36287,6.175088
e7db2ae5789e4102852ca5868983bf28.jpg,64.01558,-22.52115
e7fa18e37a4940afb5d00135b7040576.jpg,65.122025,-19.49309
e80d5c4211b84cf887371bbe9e2263bf.jpg,55.22134,30.233189
e82599c5aebd47009f519654934c64e8.jpg,54.19813,17.598455
e84ba70a1fb644aaabe4245b53167931.jpg,48.576508,19.875925
e85e220bb701492ba455ef2efe133b7c.jpg,67.62638,16.06626
e87d21d878ad46e4ba5cd19cf2fb9dbd.jpg,41.1363,0.989168
e881572540ef4ab18c2f9a8a9c34f236.jpg,61.85042,24.995022
e8cab478408747cbbba4a727844ad790.jpg,64.27193,15.707238
e8cce57fd2a84ec9b428b4e4d46475eb.jpg,47.375843,16.991018
e8e647d626a84a5fbe4ee86f854df51c.jpg,40.14314,9.295773
e9152bf50a594bdda5b1f1e89562630c.jpg,43.13319,2.43728
e93d01ea512d44f28d3fcaa29c16ed2f.jpg,52.0608,29.566204
e94d0ceff5e542e581bdf7e07a7d151b.jpg,54.43171,-1.107172
e96dc1c37f1e4819836791e722a17200.jpg,45.51109,2.931632
e99af8a0789846f39aae6714e00d8fd6.jpg,50.455425,19.070257
e9c4f87ed38447dca446e7dafad95efb.jpg,51.110283,10.372301
ea062cf8052d4dbc8609cd0164d3046e.jpg,48.547455,-3.023877
ea2140c42a03422fb83899e96ee3a86a.jpg,48.876953,16.995611
ea2639ff4a214864aaaa97358d743c05.jpg,65.67688,-17.876902
ea68985dd2f64e569b9321698c63805e.jpg,41.11976,9.957944
ea8124a975c3403c88d46e61231d6ae5.jpg,42.498886,12.417903
ea8901f314964a80ab94d94edd9580dd.jpg,52.828556,27.754469
eace9feff32244c892a34d58b2c50139.jpg,48.63882,-0.171967
ead9a400aa33401bbd7f52fa4537ba1d.jpg,57.538494,22.042374
eb2fb33c6c45471b993b5449a0aa4363.jpg,43.833435,2.281285
eb300ad8e9964cd69c2c0c04e9a23220.jpg,52.12417,26.862825
eb513e25cc064e4aa3f645c6e31a0b67.jpg,40.90835,14.230822
eb8624a5ea7341278533c6f9b0ec9622.jpg,51.23156,9.812307
eb8f0964817b4ec6a5dab162e28cfdc3.jpg,66.86651,28.71947
eb9784eec767489d84cd352718b91f07.jpg,54.840168,0.909858
eb9b4d363385451fa6ce539daebb24b8.jpg,42.20709,24.632906
eba935d1e9d945b09e6ea259ffe0e87b.jpg,53.838737,18.18226
ebcd658dd5bb42b5b30a1f607f1ec9f1.jpg,54.002506,4.919919
ebd0daa72e254466a682fae21ee13cdb.jpg,57.737553,6.686429
ebf4938ce9994a32989e4036f8ad403b.jpg,43.259876,2.566924
ec22b3e5bee8474ba44c8799d0283c8c.jpg,50.48055,7.159899
ec4d1535e0c8404683246a7196fced60.jpg,60.72074,-0.888301
ec76993e503144febe72ad8a9760559b.jpg,53.204376,11.014837
ecb47049ea934d19aeba50e34174eb15.jpg,41.38602,9.940465
ecc8d3d32aff4cfabc9f6f28492fb3d9.jpg,63.970497,-21.709597
ecdf46f7e2174e48b6bda9ee026e2206.jpg,50.059875,25.0816
ecedc995a7e549c3a5b3e6c2e7dc4a23.jpg,45.028248,17.178843
ed38cfb8b1744167916f69cec378c0f8.jpg,55.74673,0.145376
ed3c75b3cb5747d88220c7a15d379c64.jpg,36.4775,29.466541
ed44c647ff9c43e4a0b1fbe566f7db80.jpg,54.11826,5.960015
ed67e352347b4bffa7525c702e161882.jpg,53.19743,-0.745946
ed96de46df5041089a403d24b05437cf.jpg,41.738873,9.383184
edc613cd3fc34e16b0770de3d6e56cdd.jpg,40.44451,16.717789
edfa71e80b1a416aa9bdf068b938b330.jpg,66.89583,20.492207
ee70ec59bcd64a29bc82777178af7f17.jpg,66.44513,24.930017
ee75839a135443cb8c4ddffa928cca4d.jpg,55.60627,28.87394
ee8088fd82f74af797259c333b396f74.jpg,44.807564,26.147049
ee82a746dab846398097b55e5346d5fc.jpg,50.404697,-4.738401
eea6ed9ff10c451db25694de7780f496.jpg,53.641518,22.53091
eeb33bc2d5af497d867b326051076602.jpg,54.01878,18.42073
eec46c22639c405da2416ad80ed1e512.jpg,59.23639,20.29952
eed3e3bab6ff4d338dff1ca7950f4d08.jpg,64.22869,22.886156
eede108b7ce5474ca3abd2ce7401c23e.jpg,55.587177,22.792776
eee739a4d0dc4e608375c35b4520fafe.jpg,39.720276,21.481817
ef41ae60882343078664cd13007d8170.jpg,41.618046,11.974026
ef50cbcf25f24f818c668562ae2c3232.jpg,48.770763,0.438294
ef65eeb6d88f4bb393b6d27de98e4b94.jpg,59.552914,29.586306
ef8e91970a7942d993a6f294d2fa2ecb.jpg,62.057545,-13.613111
efdaecd7bca546d4a5d02a63e338390c.jpg,39.45673,0.459233
f003577fa17843d49ddd16dd3dc69063.jpg,51.645664,7.876932
f010a8ae2ef04b61bb9ce9bd536aff64.jpg,64.31995,19.569712
f0116dc14c14478a880eeeb42e3c6c8e.jpg,65.73483,-22.521902
f0228996d1d14d90a634003e77d545d3.jpg,40.739445,37.567196
f0568f2c048143a2897e684a390373e6.jpg,43.72956,6.380584
f08049c547cd43889d7bf795066afeff.jpg,65.56753,-22.428804
f0b4299daf3344a8a0dfcc379ee20916.jpg,52.026306,22.62929
f0d5a87dcf0a4fcebcef54e307de0b6a.jpg,42.72742,-3.637643
f0de4ddca05e487db2996a9da7b71668.jpg,47.911606,-0.192528
f0eb31c6dea34869978f32616ae2eb07.jpg,53.580654,27.660131
f1088e9d6a484ae3a5c5921f881bda31.jpg,53.769253,9.236834
f1121ef37289426b9e6cba39b94dcba5.jpg,39.52134,3.214594
f121bedfc08445de91cbccbb415cffc6.jpg,54.75072,29.191051
f148d5c953f54b35b5ddbb23f75a85ab.jpg,64.817604,-14.299421
f14922474d4445bf9cf80178e01c054d.jpg,59.8839,16.167204
f17867d6ac404d23ad1849356f8a13b4.jpg,50.221462,23.662481
f17a9863e16349e7ac682d56b4c3e687.jpg,53.109646,12.007655
f194839b0d314ee4b842f0c1a16d9c17.jpg,62.148064,22.667643
f19929230d8e4b7d8eae9fb9879417e8.jpg,40.59468,15.685358
f19f2a201f2c4c3ba9e914f5d375c983.jpg,65.473114,27.726023
f1d8d81e0ff54bbeb1d6ccc5819daa31.jpg,40.734943,20.505413
f1f0124c73454334b9463597b2bb667c.jpg,37.399994,30.331987
f2084112adf4419abbb910a50c414684.jpg,51.210884,25.733746
f210b3ae9473491e903e68843a76cae0.jpg,52.615322,11.697136
f2172f52c5a04bef888038134328ad54.jpg,49.682793,5.28222
f21aec60419045d89c733debf13b51d6.jpg,40.586124,8.378264
f23e76983f664b2780df0c5c54f9736e.jpg,55.57393,-3.215162
f2433d84824e4da6a44b2552391a4462.jpg,51.677143,30.359806
f2436bbe56cf48fc987fa77f801ae4dc.jpg,63.41243,13.673924
f2703d45195244db80f8a76ef8224f04.jpg,65.579216,-19.773611
f280b927aec249f880d680ff65a3b07f.jpg,62.33569,29.832619
f28fe5d995694a37adb931787f9155c3.jpg,37.288986,34.097015
f293d6dcbb994b40a741b62dfdeaf9ca.jpg,56.309677,16.520063
f2b4edbe9f354718a3c00311e6aa22c7.jpg,54.048473,28.421896
f2b8f737985d47c6929b2d3efd73ef93.jpg,45.02152,-1.394573
f2be799b90cf4c8f9dfd643e317d9e38.jpg,54.91847,28.742859
f2ced4f826434ce18d313b817f27c69d.jpg,51.939476,7.674783
f30aa619318d4bc48fa0445b4809ef8e.jpg,40.01424,26.65201
f314519607f54f57839d431a5f1837bc.jpg,65.96429,24.628101
f31739438b5042c9902510d9f27eb833.jpg,38.72041,15.958348
f32ac1b6d1094975b5e8b1421117d467.jpg,38.24279,30.157537
f32e474f0a864fd59ea4df88c0e4a395.jpg,51.53593,18.522911
f33ea7a793964795b1b1bedb2fbafe6c.jpg,54.436066,1.0935
f34f9ab9809f45a0ae443e3dbb336cbb.jpg,53.61011,24.216473
f35215be291e4e349a8a8ea1c94bbab2.jpg,59.18377,4.705031
f3558ba3dba44011aba80ad157368a59.jpg,65.75995,-19.461561
f36226ee870f4858891aeb6c04b5f74c.jpg,29.90718,-12.219481
f37a139ca88040a69bc7ba8ab4362a3d.jpg,63.852375,-22.433989
f395ec39d1cc4034a2a26d0dbbf52593.jpg,49.381016,11.344086
f3a4e14b5e944cdbb9db9febe5a31bbd.jpg,67.1173,26.512539
f3c4ba430bdb4f59aa48156acc7d2695.jpg,49.25042,8.398991
f3c763a7f6764c09bda3c9cbbdc23084.jpg,53.952343,26.658176
f3d69006b4e34d6198184b2332bf16a7.jpg,52.866047,17.362036
f3dd018b24c54fec8512c34bc3732bf2.jpg,65.694626,-16.565134
f409042ef073416cb1a8b641dc93d163.jpg,59.093166,20.721228
f4103fb6cc3344c6959b95b177ccd844.jpg,46.315132,5.116792
f423d2ec837744df9dfd69a1d2928653.jpg,64.665375,17.34632
f434c67c707445cf9b05df9f89d783b2.jpg,68.4486,16.047916
f43b1d53851741a78a4bd5e83f1653f1.jpg,43.16553,2.226956
f45bd984b7da4d968144fbf4b5c06abc.jpg,63.73079,-8.546641
f4676c0107114f41969a7b878d5a8d54.jpg,37.881966,32.54852
f46d26c50fc145659fc66111f794461e.jpg,50.934093,8.934806
f475b24095d94a2ab33abb8d9f8e1f1b.jpg,47.616177,20.133894
f4bf1b17caa44ae8b87abe016069dc62.jpg,59.996857,3.503977
f4dd19a7a9be4474af451f16159801be.jpg,56.99759,-3.602928
f4e9e05355e84ea5b35199a04df0cf1e.jpg,49.23201,2.476793
f4eeb86d1b3d4e95b144eec0efca22bb.jpg,69.31176,23.935059
f4f21aaf96ce4bba8157c16259dfcda0.jpg,62.545574,27.572681
f51383e540024d4aa2085727d29114e3.jpg,66.946526,25.304
f51ec94288264bf288349142c1de3380.jpg,63.8423,26.852655
f52c701ca3944b8399c8dfc20eb01832.jpg,65.97914,24.64093
f55c4ef95bee4d6c8a146fbc0f40e11c.jpg,51.920162,6.899114
f56bf132ae384b51bf3467de83993984.jpg,68.21671,17.38258
f5818f2bf0c643dca0a834109458a7a1.jpg,43.04591,14.951742
f5b71d21441c4c94b1af7e5a721165e6.jpg,53.202187,12.276259
f5e010f6247344d98615f695f15454c9.jpg,62.242474,1.462084
f617d679d06d48619470822005357b98.jpg,51.60558,17.31574
f618a17181304b968c57398772092c60.jpg,45.796745,7.623522
f61f7f9b7906454e8229c14be9fffbe1.jpg,62.419468,22.085318
f62cc3e917db48318dbac4e59d652dbe.jpg,61.622776,6.242676
f6348d1bc57c4209b9a9ede1f2f37239.jpg,41.014378,15.582806
f63be0497f5d4b31ad834c00c62e6cc9.jpg,40.46824,15.745197
f6412f0dacdb44ec801057faad9ef316.jpg,47.356487,2.96362
f6822d86305442ad88a9d7cf5ada0b0e.jpg,63.5363,-18.439705
f6835a578b6c4203abd67dc9e07c1f9a.jpg,38.93997,28.582844
f6d9bbcc5b434fd7a53d0c97f809a105.jpg,58.37033,6.1453
f6e9843a4304405795498c251dd91d1f.jpg,45.967224,12.725574
f710e4246d484dbd8267cb3815bf1f1a.jpg,53.3612,30.093357
f713525184ac42e4a5ce36e5950ae05f.jpg,68.597855,22.538742
f714953ecdde4a4e8b20c363a6f339cb.jpg,48.533897,11.617738
f7195dd0cace42f7abdee37361ecbb55.jpg,52.30125,15.245788
f7270047212a49ddbf8e448d6a1ee1a6.jpg,50.879955,-2.109746
f76e221939594a4f8a4fbccc70b5255c.jpg,52.67345,-4.23551
f77ec067e00c4f01af8cf94bf7697e03.jpg,52.21488,31.504337
f7bda72392b74a33972d111eb46d8604.jpg,64.21308,28.14275
f7ded185eaf04e8284841e9be8d333d5.jpg,47.899868,11.103726
f7e2fe3f89ca4b908442358892c320aa.jpg,46.0934,12.297271
f7e6bca292374bc4874079daa52b126a.jpg,54.16791,28.037987
f7f15af0360f44488fca8b40e5e3f19e.jpg,53.81155,20.5805
f803924d540746e6aaac40938c42ccaf.jpg,51.688255,29.132988
f81b64d7d2c6453695ca8dbe4b4cae15.jpg,54.455418,13.713702
f84d2ea58e174522a83b11809b685d23.jpg,65.92237,-14.890949
f84f848441fd4664a63bddb73c47db81.jpg,54.92665,27.02892
f85fed3613564d788faea437ab853917.jpg,42.48721,14.184898
f865d4e7fbb64fe4946622f35155844c.jpg,39.356007,31.362953
f894af6331894d47af9ed00e7c59c24d.jpg,46.551807,12.71374
f8ced23f611d4f3dbfb52a4afb32fc51.jpg,46.431442,-1.784694
f8f5fec8c41a4e1593571cc8691b8e8b.jpg,43.49623,-4.40829
f8fe5264279346fd93a2b20add0d1ef3.jpg,51.48241,3.848844
f93d7ee6aa164b2baffb6879f7532c00.jpg,49.06075,8.626233
f968393185a144858be6a8efeab21459.jpg,64.1587,10.359122
f974de33588144d8a2e370fb556e0097.jpg,64.767975,-15.038081
f97f13ad7a0d4ffabd058d56b82f383f.jpg,44.649094,0.776917
f9cfcb595d264cde871e2b0a4e12e8fe.jpg,50.614834,6.833954
f9dace03ec8142d5a028698f7c99c3c8.jpg,64.85371,12.91361
fa00a8a174124b3ba631cdce35f89493.jpg,28.95855,-13.659204
fa06a5c8c6f0402f96495ae7dd3da5a7.jpg,38.862274,-3.333266
fa2e430992084c10b28cb6ffac5e04f2.jpg,53.761948,31.648968
fa4c868b169f42b98879ecc15ad6a381.jpg,49.890354,14.332835
fa5366292f7e4baca4566c18145fc265.jpg,40.77527,8.775262
fa6e8a00075c486eb54c99e00af18520.jpg,53.077232,9.359432
fa80683cbd544fb581dd8ac8d9916f5a.jpg,65.38338,-14.750355
fa881f67840948958570fb14192c6e12.jpg,48.044292,14.1279
faac20ae3b664edb89bf5b576a36b8e8.jpg,42.85558,12.920935
fab5eba7d3284ca497b8de9af4c03cf4.jpg,49.50617,24.053135
fb1749b5ace14d6098c172198effc8ec.jpg,60.025528,8.922318
fb2c5ca27eaf4f14a790413ebc7f049d.jpg,62.82577,29.970066
fb5c16eceb694877ae2ac6c2dc600857.jpg,54.125965,26.525448
fb8d78c9db36441aaa1ad119f1804fc9.jpg,54.607235,12.235547
fb9bafd284c7473f9718b8ada34a1452.jpg,28.080341,-14.382971
fbdc81e3689245649081aa0c4048a718.jpg,51.768375,12.198383
fbf4d042f8a14081a8413e39688a1307.jpg,59.367565,-2.729367
fbf501b0518540b382dd5cec3473fd46.jpg,62.676914,11.902569
fc6326c9193a454b9b4159ec087fe249.jpg,63.84103,-22.440622
fc720ec32cdb43aa978c80000c97f2b2.jpg,42.16725,12.148897
fc776a1636fc402e87fe6fbf5c71bb0b.jpg,52.23567,12.614822
fc8a8cf3b6ec4063a9e5bcd4d8cf50d7.jpg,64.785835,-14.151022
fc9ca24679be4b84a61b2498f8f56583.jpg,41.02968,1.825837
fc9feca739cd4b308f53a3dff812ae99.jpg,61.337772,6.683743
fcd1fd8d961d487597884d83ea127c40.jpg,64.78773,25.966179
fce06cf9cfc9408eb4ed12c3c09be181.jpg,49.193886,7.364021
fce95fb84e434ec68d82abd2ba14289c.jpg,54.130154,29.894873
fd18e276ed8c4dde971154efca970175.jpg,44.613205,25.68666
fd29241f33494d559091faf6d50d3220.jpg,55.51599,0.508343
fd2c969b829648a3812e63b7a16d7088.jpg,66.520294,28.844563
fd49c0bab92c4127b3c7a459a4006cd7.jpg,50.887367,14.438702
fd827d4636fb474da0aedd391f3430c4.jpg,55.65383,6.266807
fd98c2e745434c79a0826911ef2e372d.jpg,39.554295,-2.829974
fdb29aad535b4c989e6f13eba0daab7f.jpg,38.706802,12.767036
fdbc621f765746be85d49974ed7daa05.jpg,53.136528,12.035452
fdc39b19628f4f29b850dd89cf3f9792.jpg,39.399567,3.074881
fdc3fed4a51a4c71a0327d1dc02fea7b.jpg,42.11295,26.33047
fde57d3ea707484d80d5a18227572764.jpg,54.670307,26.662476
fdf158c76dc04e35ae7bdc3ffff816c7.jpg,38.364056,23.52033
fe084782bc074c6887f16414be4b5ec2.jpg,39.460007,22.709623
fe0d5de283304da5abaea230e8c5ed09.jpg,51.909344,13.164809
fe280020fac143e29d177ad14ea5c8cb.jpg,52.893883,12.575988
fe39cde4a30b40b2907d6da7ec5477d9.jpg,60.346943,9.581943
fe464af3f2db461abc4d94640851528b.jpg,42.671696,25.419458
fe5cfdea893b4dca824dedd7b0ed0f04.jpg,46.934986,3.15556
fe5e576c926345348cb8b94fddb69391.jpg,52.851753,10.771638
fe6cee4f4c2c4be4a7232a412c5c5f1c.jpg,48.465454,11.019464
fe72447580cf49208b57e3fe23d82da4.jpg,39.439625,3.152529
fe9b3b925dc749acb8aaf609a6b92716.jpg,48.815556,-5.446496
feb9397f3ce94a4fb8b12e1e6a28e57b.jpg,48.507774,11.739203
fec1b72aee0f46748f04414571cf9503.jpg,43.858303,-2.758022
fef99e3b8a8e4cdcb33c22d524f2222f.jpg,64.3646,-14.888254
ff035241b6f14e9a96bcb9fc8a50ed9d.jpg,51.736546,29.697876
ff06494e156545f49573b2ded130db82.jpg,55.162384,15.748272
ff1e316cb3824bf9ab5ba7262d827988.jpg,47.787624,2.130659
ff3ec71405d94db5ac36b35f8ef8b294.jpg,47.774925,3.636214
ff408e4797a2471385567159ba0ed49d.jpg,51.71186,6.010464
ff4e6f20230147c58aafe1297ce2d0e9.jpg,54.37382,8.128437
ff52740b03684601ac43cbc50d644f3e.jpg,51.598953,17.827814
ff5a7641bb0241289d35047e2259a90b.jpg,43.575233,10.591285
ff802272e16441f297271e7e49480ec0.jpg,49.986435,0.949654
ff8bde56c2e147f084aa4733fdd88a4e.jpg,47.35401,6.005876
ffa4d0d8587f499e9b402c4865ed7c3c.jpg,65.5968,-16.586523
ffa7ea6d3e314820889b796b09e5b022.jpg,52.066128,14.398565
fffa99466fa5408aaf87a6142acce635.jpg,54.536324,15.498233
